-4.064961671829223633e-01,-2.990189313888549805e+00,8.352413773536682129e-01,-5.659712478518486023e-04,2.838770858943462372e-02,6.838591694831848145e-01,7.290613651275634766e-01,-7.689574360847473145e-02,-1.199101358652114868e-01,2.138596028089523315e-01,9.114809334278106689e-03,-1.557505875825881958e-01,7.509908825159072876e-02,-1.276220381259918213e-01,1.331735309213399887e-02,-3.659017384052276611e-02,3.326403722167015076e-02,-6.305495649576187134e-02,2.720813825726509094e-02,1.847599074244499207e-02,0.000000000000000000e+00,0.000000000000000000e+00,-7.892543449997901917e-03,-5.793178826570510864e-02,-3.334315717220306396e-01,-3.534361422061920166e-01,-1.083224043250083923e-01,-2.243625819683074951e-01,-9.736824035644531250e-02,4.973227623850107193e-03,2.748327329754829407e-02,3.440666496753692627e-01,-3.388358354568481445e-01,6.505255121737718582e-03,-2.035595923662185669e-01,7.317780703306198120e-02
-4.084532856941223145e-01,-2.987665653228759766e+00,8.362152576446533203e-01,-3.047583391889929771e-03,3.615521639585494995e-02,7.048446536064147949e-01,7.084331512451171875e-01,-1.098800897598266602e-01,-1.297871917486190796e-01,1.525821089744567871e-01,4.568660631775856018e-02,-1.775995641946792603e-01,9.728160500526428223e-02,-1.363305002450942993e-01,-3.817653981968760490e-03,-9.448995441198348999e-02,4.674131423234939575e-02,-9.121120721101760864e-02,1.665027067065238953e-02,-4.198211058974266052e-02,0.000000000000000000e+00,0.000000000000000000e+00,2.042615413665771484e-02,-4.725378379225730896e-02,-3.216648697853088379e-01,-4.116145372390747070e-01,-9.767168015241622925e-02,-2.347357720136642456e-01,-8.593330532312393188e-02,7.115834206342697144e-02,3.088231757283210754e-02,2.453034073114395142e-01,-4.398083984851837158e-01,-1.051159054040908813e-01,-2.351077347993850708e-01,1.352122612297534943e-02
-4.084537029266357422e-01,-2.981929302215576172e+00,8.376989960670471191e-01,-2.733689267188310623e-03,3.430482745170593262e-02,7.105927467346191406e-01,7.027614116668701172e-01,-1.098014488816261292e-01,-1.280482411384582520e-01,1.375070661306381226e-01,6.175789982080459595e-02,-1.957456320524215698e-01,1.075441464781761169e-01,-1.233053356409072876e-01,-3.587119048461318016e-03,-1.075937449932098389e-01,4.319958388805389404e-02,-1.045378074049949646e-01,5.615995265543460846e-03,-5.462302267551422119e-02,0.000000000000000000e+00,0.000000000000000000e+00,2.393723651766777039e-02,-4.894113540649414062e-02,-3.082680702209472656e-01,-4.090304672718048096e-01,-1.251683086156845093e-01,-2.408964186906814575e-01,-1.095853224396705627e-01,7.517009228467941284e-02,1.046354230493307114e-02,2.626863420009613037e-01,-4.388947486877441406e-01,-6.408051587641239166e-03,-2.295528799295425415e-01,4.545948654413223267e-02
-4.104094803333282471e-01,-2.979140043258666992e+00,8.385590314865112305e-01,-3.576033981516957283e-03,3.435930982232093811e-02,7.095944285392761230e-01,7.037630677223205566e-01,-1.136751547455787659e-01,-1.269380450248718262e-01,1.405938118696212769e-01,7.393178343772888184e-02,-2.047286033630371094e-01,1.120557337999343872e-01,-1.281489282846450806e-01,-4.716130904853343964e-03,-1.044095456600189209e-01,5.533925443887710571e-02,-1.116073578596115112e-01,2.819927642121911049e-03,-4.893385618925094604e-02,0.000000000000000000e+00,0.000000000000000000e+00,2.356129512190818787e-02,-4.954187572002410889e-02,-3.034259974956512451e-01,-4.071676135063171387e-01,-1.264024227857589722e-01,-2.418998330831527710e-01,-1.166132166981697083e-01,7.863159477710723877e-02,9.376306086778640747e-03,2.599147260189056396e-01,-4.424819946289062500e-01,-2.180460607632994652e-03,-2.251606583595275879e-01,5.762347579002380371e-02
-4.124918878078460693e-01,-2.974827051162719727e+00,8.392040133476257324e-01,-4.557772073894739151e-03,3.432672470808029175e-02,7.095683813095092773e-01,7.037852406501770020e-01,-1.162411347031593323e-01,-1.284487843513488770e-01,1.377522796392440796e-01,8.587669581174850464e-02,-2.160359323024749756e-01,1.156824156641960144e-01,-1.316715031862258911e-01,-6.456361617892980576e-03,-1.015743911266326904e-01,6.923674792051315308e-02,-1.233012974262237549e-01,-3.048853017389774323e-03,-4.868993163108825684e-02,0.000000000000000000e+00,0.000000000000000000e+00,2.711539342999458313e-02,-4.978531226515769958e-02,-2.986519634723663330e-01,-4.116303920745849609e-01,-1.333546489477157593e-01,-2.435373812913894653e-01,-1.239471808075904846e-01,8.240498602390289307e-02,1.016001775860786438e-02,2.568755447864532471e-01,-4.476352930068969727e-01,6.198402494192123413e-03,-2.306206375360488892e-01,5.522650480270385742e-02
-4.142748415470123291e-01,-2.969618320465087891e+00,8.394013047218322754e-01,-6.208660081028938293e-03,3.350367024540901184e-02,7.111435532569885254e-01,7.022206783294677734e-01,-1.196620762348175049e-01,-1.279575377702713013e-01,1.251087039709091187e-01,1.004539355635643005e-01,-2.253608256578445435e-01,1.225726678967475891e-01,-1.404304802417755127e-01,-6.881964858621358871e-03,-1.052209511399269104e-01,9.570303559303283691e-02,-1.404336392879486084e-01,-8.892997168004512787e-03,-4.955561086535453796e-02,0.000000000000000000e+00,0.000000000000000000e+00,3.068342991173267365e-02,-4.871598258614540100e-02,-3.008216321468353271e-01,-4.145356714725494385e-01,-1.306374967098236084e-01,-2.402353137731552124e-01,-1.232576221227645874e-01,8.508774638175964355e-02,1.138429623097181320e-02,2.551246285438537598e-01,-4.481936395168304443e-01,1.262336620129644871e-03,-2.331628948450088501e-01,5.554893240332603455e-02
-4.157168567180633545e-01,-2.963318586349487305e+00,8.394473791122436523e-01,-7.231310941278934479e-03,3.206657245755195618e-02,7.142819166183471680e-01,6.990857124328613281e-01,-1.214723363518714905e-01,-1.281310021877288818e-01,1.068063005805015564e-01,1.176537722349166870e-01,-2.378018647432327271e-01,1.247238516807556152e-01,-1.554090529680252075e-01,-9.450527839362621307e-03,-1.141274347901344299e-01,1.382880359888076782e-01,-1.619803160429000854e-01,-1.474229805171489716e-02,-5.694380402565002441e-02,0.000000000000000000e+00,0.000000000000000000e+00,3.903916850686073303e-02,-4.357468336820602417e-02,-3.085504770278930664e-01,-4.258254170417785645e-01,-1.411338895559310913e-01,-2.272292673587799072e-01,-1.148981228470802307e-01,9.109602123498916626e-02,1.365057844668626785e-02,2.552213072776794434e-01,-4.548228681087493896e-01,5.683952476829290390e-03,-2.305766493082046509e-01,5.446213111281394958e-02
-4.182309508323669434e-01,-2.956947565078735352e+00,8.389353752136230469e-01,-8.050256408751010895e-03,3.230895847082138062e-02,7.162590026855468750e-01,6.970397233963012695e-01,-1.220885887742042542e-01,-1.305746287107467651e-01,9.811993688344955444e-02,1.294576227664947510e-01,-2.496035099029541016e-01,1.310921311378479004e-01,-1.857007443904876709e-01,-2.103887684643268585e-02,-1.425886005163192749e-01,2.101707160472869873e-01,-1.781557351350784302e-01,-1.808290742337703705e-02,-6.455145031213760376e-02,0.000000000000000000e+00,0.000000000000000000e+00,4.850352182984352112e-02,-4.187175258994102478e-02,-3.050855398178100586e-01,-4.418044984340667725e-01,-1.303254514932632446e-01,-2.360589057207107544e-01,-1.263329535722732544e-01,9.777509421110153198e-02,1.074621360749006271e-02,2.538463771343231201e-01,-4.596067070960998535e-01,-2.815679414197802544e-03,-2.374392002820968628e-01,5.553957819938659668e-02
-4.209257960319519043e-01,-2.949631214141845703e+00,8.372588157653808594e-01,-9.001315571367740631e-03,3.234148770570755005e-02,7.195573449134826660e-01,6.936210989952087402e-01,-1.192662641406059265e-01,-1.337351053953170776e-01,8.232849836349487305e-02,1.341694742441177368e-01,-2.564266324043273926e-01,1.422480940818786621e-01,-2.231973409652709961e-01,-3.840855509042739868e-02,-1.706135272979736328e-01,2.993350327014923096e-01,-1.819236278533935547e-01,-8.753786794841289520e-03,-7.822632789611816406e-02,0.000000000000000000e+00,0.000000000000000000e+00,6.124733015894889832e-02,-3.550985828042030334e-02,-3.166156113147735596e-01,-4.671296775341033936e-01,-1.367584764957427979e-01,-2.344940155744552612e-01,-1.254415661096572876e-01,1.037732437252998352e-01,8.065257221460342407e-03,2.494580894708633423e-01,-4.687197208404541016e-01,4.303973168134689331e-03,-2.389522045850753784e-01,5.792783573269844055e-02
-4.233142137527465820e-01,-2.943106174468994141e+00,8.359383344650268555e-01,-1.327548176050186157e-02,3.431383892893791199e-02,7.211432456970214844e-01,6.918082833290100098e-01,-1.274927258491516113e-01,-1.357447504997253418e-01,6.412959098815917969e-02,1.459346562623977661e-01,-2.591127753257751465e-01,1.514763832092285156e-01,-2.759936451911926270e-01,-4.899944737553596497e-02,-1.782100200653076172e-01,3.906883299350738525e-01,-1.828912049531936646e-01,-1.217219512909650803e-02,-8.896477520465850830e-02,0.000000000000000000e+00,0.000000000000000000e+00,5.656677111983299255e-02,-3.833385556936264038e-02,-3.186209797859191895e-01,-4.766119122505187988e-01,-1.427696347236633301e-01,-2.304660677909851074e-01,-1.190806552767753601e-01,1.033816933631896973e-01,1.011833176016807556e-02,2.432919442653656006e-01,-4.755820631980895996e-01,2.207591570913791656e-02,-2.471308112144470215e-01,1.112293265759944916e-02
-4.249022006988525391e-01,-2.932772636413574219e+00,8.359491229057312012e-01,-1.519030518829822540e-02,3.317124024033546448e-02,7.297446131706237793e-01,6.827456951141357422e-01,-1.187705248594284058e-01,-1.354697048664093018e-01,4.148340970277786255e-02,1.456519961357116699e-01,-2.630090713500976562e-01,1.476747691631317139e-01,-3.168820142745971680e-01,-5.714071542024612427e-02,-1.897853463888168335e-01,4.584826231002807617e-01,-1.973888427019119263e-01,-1.893209107220172882e-02,-1.240603178739547729e-01,0.000000000000000000e+00,0.000000000000000000e+00,6.718643009662628174e-02,-2.865009941160678864e-02,-3.293157517910003662e-01,-4.983028173446655273e-01,-1.434802860021591187e-01,-2.371382713317871094e-01,-1.256672441959381104e-01,1.128942444920539856e-01,1.462630741298198700e-02,2.436804622411727905e-01,-4.775865375995635986e-01,1.217661704868078232e-02,-2.454604208469390869e-01,2.358173020184040070e-02
-4.271938800811767578e-01,-2.921228885650634766e+00,8.364651203155517578e-01,-1.492730155587196350e-02,3.549074009060859680e-02,7.357838749885559082e-01,6.761209964752197266e-01,-1.063093766570091248e-01,-1.428665965795516968e-01,1.941996067762374878e-02,1.432035714387893677e-01,-2.734173238277435303e-01,1.474729329347610474e-01,-3.562603294849395752e-01,-7.275623083114624023e-02,-2.020535767078399658e-01,4.880176484584808350e-01,-1.890042275190353394e-01,-1.442951709032058716e-02,-1.517395824193954468e-01,0.000000000000000000e+00,0.000000000000000000e+00,6.471262872219085693e-02,-3.346114605665206909e-02,-3.332597017288208008e-01,-5.079613924026489258e-01,-1.354920417070388794e-01,-2.485715001821517944e-01,-1.421883404254913330e-01,1.278518587350845337e-01,1.579577103257179260e-02,2.307183146476745605e-01,-4.812794923782348633e-01,-3.527343738824129105e-03,-2.511237859725952148e-01,3.311094269156455994e-02
-4.298460483551025391e-01,-2.909258842468261719e+00,8.364498615264892578e-01,-1.469843927770853043e-02,3.707313910126686096e-02,7.373216748237609863e-01,6.743636131286621094e-01,-8.323751389980316162e-02,-1.487538665533065796e-01,1.133226137608289719e-02,1.217000931501388550e-01,-2.746923565864562988e-01,1.435051262378692627e-01,-4.000628888607025146e-01,-8.732212334871292114e-02,-2.112794667482376099e-01,4.883316457271575928e-01,-1.817682385444641113e-01,-1.119183842092752457e-02,-1.626064628362655640e-01,0.000000000000000000e+00,0.000000000000000000e+00,6.274288147687911987e-02,-2.899744547903537750e-02,-3.573086559772491455e-01,-5.302010178565979004e-01,-1.256099492311477661e-01,-2.399917095899581909e-01,-1.334894448518753052e-01,1.449942290782928467e-01,1.208510436117649078e-02,2.360889315605163574e-01,-4.794623851776123047e-01,-3.750708326697349548e-02,-2.413085699081420898e-01,4.335133358836174011e-02
-4.299345612525939941e-01,-2.896917343139648438e+00,8.367761969566345215e-01,-1.580066233873367310e-02,3.987881913781166077e-02,7.419407963752746582e-01,6.690918207168579102e-01,-6.700356304645538330e-02,-1.513399183750152588e-01,-4.762412514537572861e-03,1.074586734175682068e-01,-2.806351184844970703e-01,1.381054818630218506e-01,-4.444812834262847900e-01,-1.039679273962974548e-01,-2.356927096843719482e-01,4.669141471385955811e-01,-1.806593984365463257e-01,-8.705036714673042297e-03,-1.831734925508499146e-01,0.000000000000000000e+00,0.000000000000000000e+00,5.223301798105239868e-02,-2.733899466693401337e-02,-3.682465851306915283e-01,-5.472999811172485352e-01,-1.147631928324699402e-01,-2.477086484432220459e-01,-1.355650722980499268e-01,1.558272838592529297e-01,1.145147439092397690e-02,2.376407235860824585e-01,-4.737115800380706787e-01,-3.294054046273231506e-02,-2.357854098081588745e-01,4.615081101655960083e-02
-4.288767278194427490e-01,-2.882193803787231445e+00,8.366126418113708496e-01,-1.852479390799999237e-02,4.276230186223983765e-02,7.494528889656066895e-01,6.604154706001281738e-01,-5.161093547940254211e-02,-1.523556113243103027e-01,-3.546141460537910461e-02,9.517712891101837158e-02,-2.824073731899261475e-01,1.347087025642395020e-01,-4.881565272808074951e-01,-1.163128912448883057e-01,-2.589171230792999268e-01,4.345927834510803223e-01,-1.794782429933547974e-01,-4.895888734608888626e-03,-2.139038294553756714e-01,0.000000000000000000e+00,0.000000000000000000e+00,3.886899352073669434e-02,-2.494562789797782898e-02,-3.763862550258636475e-01,-5.645707845687866211e-01,-1.287140548229217529e-01,-2.519317865371704102e-01,-1.255763471126556396e-01,1.670170724391937256e-01,1.217169873416423798e-02,2.394831925630569458e-01,-4.663194119930267334e-01,-7.339801639318466187e-03,-2.292161434888839722e-01,4.923192039132118225e-02
-4.290064573287963867e-01,-2.867309093475341797e+00,8.354069590568542480e-01,-1.824675872921943665e-02,4.783354327082633972e-02,7.534673213958740234e-01,6.554891467094421387e-01,-3.632229566574096680e-02,-1.563675254583358765e-01,-4.099181294441223145e-02,8.506854623556137085e-02,-3.003919720649719238e-01,1.300742626190185547e-01,-5.314344763755798340e-01,-1.268226504325866699e-01,-2.627174854278564453e-01,3.892197012901306152e-01,-1.640217006206512451e-01,1.452905125916004181e-02,-2.365135997533798218e-01,0.000000000000000000e+00,0.000000000000000000e+00,2.372423373162746429e-02,-2.331473678350448608e-02,-3.908302485942840576e-01,-5.799223184585571289e-01,-1.255484819412231445e-01,-2.573887109756469727e-01,-1.102691516280174255e-01,1.815910190343856812e-01,1.301100663840770721e-02,2.309405356645584106e-01,-4.573790729045867920e-01,-1.849717088043689728e-02,-2.283289283514022827e-01,4.650144279003143311e-02
-4.298561513423919678e-01,-2.849228858947753906e+00,8.332108259201049805e-01,-1.853954978287220001e-02,5.301383137702941895e-02,7.555482983589172363e-01,6.526810526847839355e-01,-1.597775891423225403e-02,-1.610320359468460083e-01,-5.254370346665382385e-02,7.154221832752227783e-02,-3.115235269069671631e-01,1.250036954879760742e-01,-5.753598213195800781e-01,-1.354247331619262695e-01,-2.597073316574096680e-01,3.458138704299926758e-01,-1.578405350446701050e-01,2.878877148032188416e-02,-2.490153163671493530e-01,0.000000000000000000e+00,0.000000000000000000e+00,-8.938748505897819996e-04,-1.878305524587631226e-02,-4.164696633815765381e-01,-5.853536725044250488e-01,-1.214911341667175293e-01,-2.660184204578399658e-01,-1.102693751454353333e-01,1.912650763988494873e-01,1.445545442402362823e-02,2.262040823698043823e-01,-4.466801285743713379e-01,-2.780727855861186981e-02,-2.246990948915481567e-01,5.411516129970550537e-02
-4.292707741260528564e-01,-2.830366849899291992e+00,8.305788636207580566e-01,-1.934777200222015381e-02,5.653572082519531250e-02,7.573409676551818848e-01,6.502799987792968750e-01,1.313079963438212872e-03,-1.604395657777786255e-01,-5.912857130169868469e-02,6.714773178100585938e-02,-3.259055316448211670e-01,1.201625466346740723e-01,-6.164972186088562012e-01,-1.419424861669540405e-01,-2.610930800437927246e-01,3.088603019714355469e-01,-1.586432158946990967e-01,3.580378741025924683e-02,-2.596584260463714600e-01,0.000000000000000000e+00,0.000000000000000000e+00,-1.784368418157100677e-02,-1.578234508633613586e-02,-4.257691204547882080e-01,-5.919619202613830566e-01,-1.225726827979087830e-01,-2.701456546783447266e-01,-9.009204804897308350e-02,2.004453241825103760e-01,1.721827685832977295e-02,2.209295332431793213e-01,-4.334225952625274658e-01,-2.152376063168048859e-02,-2.188596427440643311e-01,5.334612354636192322e-02
-4.286302030086517334e-01,-2.808673143386840820e+00,8.256770372390747070e-01,-2.039302699267864227e-02,5.818992108106613159e-02,7.559183239936828613e-01,6.517557501792907715e-01,2.364636398851871490e-02,-1.576970070600509644e-01,-6.447251141071319580e-02,6.375069916248321533e-02,-3.301252722740173340e-01,1.149634197354316711e-01,-6.467959880828857422e-01,-1.407928168773651123e-01,-2.671280205249786377e-01,2.701202630996704102e-01,-1.529244184494018555e-01,4.184290394186973572e-02,-2.619979977607727051e-01,0.000000000000000000e+00,0.000000000000000000e+00,-2.798166312277317047e-02,-1.305855065584182739e-02,-4.267940521240234375e-01,-5.960788130760192871e-01,-1.261933147907257080e-01,-2.755644321441650391e-01,-8.903563767671585083e-02,2.114762812852859497e-01,2.024270966649055481e-02,2.229735702276229858e-01,-4.215547740459442139e-01,-1.307574659585952759e-02,-2.182574719190597534e-01,5.915537476539611816e-02
-4.277279973030090332e-01,-2.785584449768066406e+00,8.213155865669250488e-01,-2.049413137137889862e-02,6.066748872399330139e-02,7.572678923606872559e-01,6.499574780464172363e-01,4.018362239003181458e-02,-1.556486785411834717e-01,-7.229766249656677246e-02,7.473200559616088867e-02,-3.437919914722442627e-01,1.103304699063301086e-01,-6.714880466461181641e-01,-1.464337557554244995e-01,-2.774837315082550049e-01,2.457209974527359009e-01,-1.568612605333328247e-01,4.634375497698783875e-02,-2.717504203319549561e-01,0.000000000000000000e+00,0.000000000000000000e+00,-4.300332814455032349e-02,-1.031329575926065445e-02,-4.338513314723968506e-01,-5.878105163574218750e-01,-1.346466541290283203e-01,-2.766508162021636963e-01,-8.070910722017288208e-02,2.199718058109283447e-01,2.144397050142288208e-02,2.155110985040664673e-01,-4.113515317440032959e-01,-9.266760200262069702e-03,-2.164355367422103882e-01,5.770497769117355347e-02
-4.260835349559783936e-01,-2.759006738662719727e+00,8.160405158996582031e-01,-2.032741159200668335e-02,6.165532395243644714e-02,7.566255927085876465e-01,6.506174802780151367e-01,6.226604804396629333e-02,-1.525613516569137573e-01,-8.978690207004547119e-02,8.747881650924682617e-02,-3.444953858852386475e-01,1.034496948122978210e-01,-6.891450285911560059e-01,-1.459174305200576782e-01,-2.795874178409576416e-01,2.415512204170227051e-01,-1.637736856937408447e-01,4.829559475183486938e-02,-2.727110087871551514e-01,0.000000000000000000e+00,0.000000000000000000e+00,-5.277682095766067505e-02,-5.670223850756883621e-03,-4.441475570201873779e-01,-5.822166204452514648e-01,-1.349010914564132690e-01,-2.698160111904144287e-01,-7.739258557558059692e-02,2.232323288917541504e-01,2.181811258196830750e-02,2.137899845838546753e-01,-3.937768936157226562e-01,-8.232218679040670395e-04,-2.089865356683731079e-01,6.513698399066925049e-02
-4.232117831707000732e-01,-2.729082345962524414e+00,8.104256987571716309e-01,-2.065720781683921814e-02,6.222025305032730103e-02,7.565183639526367188e-01,6.506780385971069336e-01,8.575958758592605591e-02,-1.458591371774673462e-01,-1.099361926317214966e-01,1.036415770649909973e-01,-3.380813300609588623e-01,8.564794808626174927e-02,-7.016032338142395020e-01,-1.417579948902130127e-01,-2.727069854736328125e-01,2.639024555683135986e-01,-1.751013696193695068e-01,3.634851798415184021e-02,-2.770709693431854248e-01,0.000000000000000000e+00,0.000000000000000000e+00,-5.256978422403335571e-02,-2.122896490618586540e-03,-4.428246021270751953e-01,-5.746940970420837402e-01,-1.385969668626785278e-01,-2.600683271884918213e-01,-6.347285211086273193e-02,2.350257635116577148e-01,1.993742026388645172e-02,2.265626937150955200e-01,-3.939679265022277832e-01,-2.722432138398289680e-03,-1.985114961862564087e-01,6.199402362108230591e-02
-4.199934899806976318e-01,-2.696487426757812500e+00,8.057637214660644531e-01,-1.865012757480144501e-02,6.371166557073593140e-02,7.598459124565124512e-01,6.467049121856689453e-01,1.095371395349502563e-01,-1.406543105840682983e-01,-1.299865841865539551e-01,1.288641393184661865e-01,-3.293074369430541992e-01,7.081986218690872192e-02,-6.997236013412475586e-01,-1.442036479711532593e-01,-2.614431381225585938e-01,3.050973117351531982e-01,-1.767043620347976685e-01,3.011409379541873932e-02,-2.935660779476165771e-01,0.000000000000000000e+00,0.000000000000000000e+00,-5.077305063605308533e-02,-1.568322628736495972e-02,-4.136900305747985840e-01,-5.427946448326110840e-01,-1.527839452028274536e-01,-2.462271898984909058e-01,-6.054463237524032593e-02,2.310663759708404541e-01,1.764400117099285126e-02,2.283689081668853760e-01,-3.719903826713562012e-01,3.444022731855511665e-03,-1.965741515159606934e-01,6.996946781873703003e-02
-4.157484769821166992e-01,-2.661295175552368164e+00,8.003253340721130371e-01,-1.515014283359050751e-02,6.668843328952789307e-02,7.654531598091125488e-01,6.398472785949707031e-01,1.281801462173461914e-01,-1.377065926790237427e-01,-1.528438776731491089e-01,1.662092953920364380e-01,-3.007320761680603027e-01,5.173306167125701904e-02,-6.804716587066650391e-01,-1.626269370317459106e-01,-2.777164876461029053e-01,3.514190614223480225e-01,-1.287855505943298340e-01,6.681134109385311604e-04,-3.173293173313140869e-01,0.000000000000000000e+00,0.000000000000000000e+00,-5.198352783918380737e-02,-1.537819486111402512e-02,-4.471043050289154053e-01,-4.992573261260986328e-01,-1.402302384376525879e-01,-2.427866607904434204e-01,-5.796122923493385315e-02,2.225065380334854126e-01,1.289534755051136017e-02,2.318088561296463013e-01,-3.522216379642486572e-01,-2.072553616017103195e-03,-1.986092925071716309e-01,6.177972257137298584e-02
-4.110544025897979736e-01,-2.623965263366699219e+00,8.000829815864562988e-01,-1.554529182612895966e-02,6.138130277395248413e-02,7.676696777343750000e-01,6.377099156379699707e-01,1.442691087722778320e-01,-1.188118383288383484e-01,-1.572105139493942261e-01,2.157388776540756226e-01,-2.519312500953674316e-01,2.358891256153583527e-02,-6.563577651977539062e-01,-1.594757139682769775e-01,-2.939709722995758057e-01,4.008646905422210693e-01,-1.241245642304420471e-01,-1.341916155070066452e-02,-3.303831815719604492e-01,0.000000000000000000e+00,0.000000000000000000e+00,-3.118847124278545380e-02,-8.562033995985984802e-03,-4.458911716938018799e-01,-4.701788723468780518e-01,-1.407272815704345703e-01,-2.287668883800506592e-01,-4.754808172583580017e-02,2.126976847648620605e-01,2.055889368057250977e-02,2.323333919048309326e-01,-3.290348649024963379e-01,-3.412765217944979668e-04,-1.970419585704803467e-01,5.184462293982505798e-02
-4.051756560802459717e-01,-2.585087060928344727e+00,8.016954660415649414e-01,-1.532249804586172104e-02,5.017363280057907104e-02,7.684088349342346191e-01,6.378054022789001465e-01,1.651582866907119751e-01,-9.148404002189636230e-02,-1.506725251674652100e-01,2.718651294708251953e-01,-1.448844820261001587e-01,-1.365449279546737671e-02,-6.104052662849426270e-01,-1.329642236232757568e-01,-3.027511537075042725e-01,4.236221015453338623e-01,-1.217183396220207214e-01,-3.284782171249389648e-02,-3.374252021312713623e-01,0.000000000000000000e+00,0.000000000000000000e+00,4.119448363780975342e-03,3.811407135799527168e-03,-4.454673230648040771e-01,-4.463237226009368896e-01,-1.329297572374343872e-01,-2.182759642601013184e-01,-5.468847230076789856e-02,2.072904855012893677e-01,3.044658526778221130e-02,2.451985329389572144e-01,-3.110489845275878906e-01,9.384403238072991371e-04,-1.909600049257278442e-01,5.877855047583580017e-02
-3.991752266883850098e-01,-2.545123815536499023e+00,8.026256561279296875e-01,-1.620872691273689270e-02,3.888936340808868408e-02,7.633464932441711426e-01,6.446138620376586914e-01,1.820200830698013306e-01,-6.617224961519241333e-02,-1.283102035522460938e-01,3.250141739845275879e-01,1.621341519057750702e-02,-4.653187096118927002e-02,-5.656477808952331543e-01,-9.700170159339904785e-02,-3.030327856540679932e-01,4.423679411411285400e-01,-1.438358426094055176e-01,-8.301848918199539185e-02,-3.186405897140502930e-01,0.000000000000000000e+00,0.000000000000000000e+00,3.407802060246467590e-02,1.020931918174028397e-02,-4.329138696193695068e-01,-4.257577955722808838e-01,-1.254804134368896484e-01,-1.902945637702941895e-01,-7.285120338201522827e-02,2.094402760267257690e-01,4.146849364042282104e-02,2.457948923110961914e-01,-3.220078349113464355e-01,9.564371779561042786e-03,-1.763306558132171631e-01,6.874983757734298706e-02
-3.923161327838897705e-01,-2.508449316024780273e+00,8.052483201026916504e-01,-1.702985726296901703e-02,3.154795989394187927e-02,7.599886059761047363e-01,6.489468812942504883e-01,1.617473959922790527e-01,-4.558479413390159607e-02,-1.060788109898567200e-01,4.093022644519805908e-01,1.828727424144744873e-01,-5.899576097726821899e-02,-5.249586701393127441e-01,-6.631166487932205200e-02,-2.978455722332000732e-01,4.480851888656616211e-01,-1.681359261274337769e-01,-1.170004531741142273e-01,-2.960983514785766602e-01,0.000000000000000000e+00,0.000000000000000000e+00,5.474168434739112854e-02,2.277481928467750549e-02,-4.344426989555358887e-01,-4.182471930980682373e-01,-1.378570199012756348e-01,-1.916198283433914185e-01,-1.036156862974166870e-01,2.006052136421203613e-01,5.095110088586807251e-02,2.300331592559814453e-01,-3.335260450839996338e-01,1.639461703598499298e-02,-1.888851672410964966e-01,8.081142604351043701e-02
-3.867474198341369629e-01,-2.469744682312011719e+00,8.104506134986877441e-01,-1.476462557911872864e-02,3.552865609526634216e-02,7.502706050872802734e-01,6.600103974342346191e-01,7.973714917898178101e-02,-1.998735219240188599e-02,2.439969219267368317e-03,5.593429803848266602e-01,2.144182771444320679e-01,-1.506798714399337769e-02,-4.871171712875366211e-01,-4.576659575104713440e-02,-2.654322087764739990e-01,4.402741491794586182e-01,-1.891903579235076904e-01,-1.405397057533264160e-01,-2.502067685127258301e-01,0.000000000000000000e+00,0.000000000000000000e+00,8.147241175174713135e-02,2.087588608264923096e-02,-4.045217335224151611e-01,-4.405872821807861328e-01,-1.381918191909790039e-01,-2.057087272405624390e-01,-1.218125075101852417e-01,1.924865841865539551e-01,4.247050359845161438e-02,2.276426553726196289e-01,-3.743604123592376709e-01,2.589475922286510468e-02,-2.017821222543716431e-01,7.000135630369186401e-02
-3.827004134654998779e-01,-2.435001850128173828e+00,8.172803521156311035e-01,-1.304579898715019226e-02,4.246469587087631226e-02,7.366949319839477539e-01,6.747645139694213867e-01,-3.937264531850814819e-02,1.779931783676147461e-02,1.270055174827575684e-01,7.039420008659362793e-01,1.427388042211532593e-01,4.627375304698944092e-02,-4.501799941062927246e-01,-2.746904827654361725e-02,-2.258508652448654175e-01,4.188721776008605957e-01,-2.043772041797637939e-01,-1.441836059093475342e-01,-1.921979933977127075e-01,0.000000000000000000e+00,0.000000000000000000e+00,9.302250295877456665e-02,8.853866718709468842e-03,-3.876674771308898926e-01,-4.433913528919219971e-01,-1.504087001085281372e-01,-2.191979587078094482e-01,-1.223545521497726440e-01,1.677290797233581543e-01,2.384053729474544525e-02,2.465499192476272583e-01,-4.183588325977325439e-01,4.501602798700332642e-02,-2.207322418689727783e-01,5.855661630630493164e-02
-3.784061074256896973e-01,-2.399775505065917969e+00,8.245317339897155762e-01,-1.178116351366043091e-02,4.547519981861114502e-02,7.249786257743835449e-01,6.871674656867980957e-01,-1.431894898414611816e-01,4.086274281144142151e-02,1.909187585115432739e-01,7.729942798614501953e-01,7.309366017580032349e-02,7.783202081918716431e-02,-3.988123536109924316e-01,-8.651010692119598389e-03,-1.958122104406356812e-01,3.823670744895935059e-01,-2.207261621952056885e-01,-1.469154953956604004e-01,-1.331831067800521851e-01,0.000000000000000000e+00,0.000000000000000000e+00,1.137800365686416626e-01,2.104909392073750496e-03,-3.566786944866180420e-01,-4.696816504001617432e-01,-1.484427899122238159e-01,-2.170395106077194214e-01,-1.138275489211082458e-01,1.392560601234436035e-01,1.132503990083932877e-02,2.638469338417053223e-01,-4.511508345603942871e-01,4.254780337214469910e-02,-2.234414517879486084e-01,6.872843205928802490e-02
-3.745800852775573730e-01,-2.363910913467407227e+00,8.316479921340942383e-01,-9.867903776466846466e-03,4.760779067873954773e-02,7.097698450088500977e-01,7.027537822723388672e-01,-2.324142009019851685e-01,3.310429304838180542e-02,2.067267447710037231e-01,7.784312367439270020e-01,2.450641710311174393e-03,8.913125097751617432e-02,-3.361194133758544922e-01,1.168638281524181366e-02,-1.557153165340423584e-01,3.292877078056335449e-01,-2.242490947246551514e-01,-1.413628906011581421e-01,-6.685004383325576782e-02,0.000000000000000000e+00,0.000000000000000000e+00,1.369109749794006348e-01,-1.050063595175743103e-02,-3.463941812515258789e-01,-4.892547130584716797e-01,-1.450650244951248169e-01,-2.110323905944824219e-01,-1.096440330147743225e-01,1.236648261547088623e-01,3.386386903002858162e-03,2.518695294857025146e-01,-5.058394670486450195e-01,4.687882214784622192e-02,-2.431251704692840576e-01,4.036011546850204468e-02
-3.714137673377990723e-01,-2.328498601913452148e+00,8.370211720466613770e-01,-6.525685545057058334e-03,4.906193166971206665e-02,6.957764625549316406e-01,7.165510654449462891e-01,-2.961145937442779541e-01,1.249640993773937225e-02,2.151472419500350952e-01,7.049916386604309082e-01,-3.978633880615234375e-02,7.226952165365219116e-02,-2.602543830871582031e-01,2.136277593672275543e-02,-1.219481155276298523e-01,2.519535720348358154e-01,-2.055699676275253296e-01,-1.191837638616561890e-01,-5.802243482321500778e-03,0.000000000000000000e+00,0.000000000000000000e+00,1.413644552230834961e-01,-3.842728957533836365e-02,-3.047543764114379883e-01,-4.657034575939178467e-01,-1.405333876609802246e-01,-2.253869473934173584e-01,-1.227031722664833069e-01,1.026732996106147766e-01,-1.591294258832931519e-02,2.646431326866149902e-01,-5.436825156211853027e-01,4.540984705090522766e-02,-2.530492842197418213e-01,2.113765850663185120e-02
-3.685176074504852295e-01,-2.294779777526855469e+00,8.401871919631958008e-01,-5.668670404702425003e-03,5.110887810587882996e-02,6.815304160118103027e-01,7.299808263778686523e-01,-3.606608510017395020e-01,1.501317881047725677e-02,2.470276057720184326e-01,6.173844933509826660e-01,-9.718061238527297974e-02,6.837499141693115234e-02,-2.019111067056655884e-01,2.855596318840980530e-02,-8.936183154582977295e-02,1.965176910161972046e-01,-1.960135698318481445e-01,-8.995884656906127930e-02,4.882082715630531311e-02,0.000000000000000000e+00,0.000000000000000000e+00,1.540621966123580933e-01,-4.831275343894958496e-02,-3.034771978855133057e-01,-4.627758860588073730e-01,-1.243655085563659668e-01,-2.431867867708206177e-01,-1.343708038330078125e-01,7.509344816207885742e-02,-3.847062215209007263e-02,2.877844870090484619e-01,-5.860000848770141602e-01,3.282371163368225098e-02,-2.643465101718902588e-01,1.417110301554203033e-02
-3.670137226581573486e-01,-2.261952638626098633e+00,8.410498499870300293e-01,-7.484163623303174973e-03,5.225780606269836426e-02,6.695074439048767090e-01,7.409270405769348145e-01,-4.173414111137390137e-01,9.181926958262920380e-03,2.598145604133605957e-01,5.024910569190979004e-01,-1.268954128026962280e-01,6.112484633922576904e-02,-1.497694700956344604e-01,3.526635095477104187e-02,-6.010482832789421082e-02,1.516120433807373047e-01,-1.925558000802993774e-01,-5.518273264169692993e-02,9.588883072137832642e-02,0.000000000000000000e+00,0.000000000000000000e+00,1.706747859716415405e-01,-5.582965910434722900e-02,-2.971572577953338623e-01,-4.756964445114135742e-01,-1.163826435804367065e-01,-2.467758953571319580e-01,-1.440177261829376221e-01,4.816495999693870544e-02,-5.852513015270233154e-02,3.104539513587951660e-01,-6.316385865211486816e-01,3.263358026742935181e-02,-2.763864099979400635e-01,7.739370223134756088e-03
-3.655438125133514404e-01,-2.229567050933837891e+00,8.393691778182983398e-01,-1.171926502138376236e-02,5.364004895091056824e-02,6.603710055351257324e-01,7.489296197891235352e-01,-4.734382927417755127e-01,1.488156057894229889e-02,2.788294851779937744e-01,3.874619901180267334e-01,-1.583735346794128418e-01,5.548889189958572388e-02,-1.064124330878257751e-01,4.094839468598365784e-02,-2.903956174850463867e-02,1.207885220646858215e-01,-1.940263062715530396e-01,-4.099377989768981934e-02,1.271723508834838867e-01,0.000000000000000000e+00,0.000000000000000000e+00,1.879996210336685181e-01,-6.093921512365341187e-02,-2.955084443092346191e-01,-4.963341653347015381e-01,-1.185022071003913879e-01,-2.434364259243011475e-01,-1.272929906845092773e-01,1.107741054147481918e-02,-7.978792488574981689e-02,3.370831012725830078e-01,-6.726811528205871582e-01,3.846726566553115845e-02,-2.795119285583496094e-01,7.877736934460699558e-04
-3.650197088718414307e-01,-2.197410345077514648e+00,8.351818323135375977e-01,-1.597026735544204712e-02,5.590760335326194763e-02,6.529186964035034180e-01,7.551929950714111328e-01,-5.222172141075134277e-01,9.321071207523345947e-03,2.798370718955993652e-01,2.626320421695709229e-01,-1.666447222232818604e-01,5.108962580561637878e-02,-6.469320505857467651e-02,4.081899672746658325e-02,-1.189274899661540985e-02,9.160108864307403564e-02,-1.965617239475250244e-01,-1.770324818789958954e-02,1.491272151470184326e-01,0.000000000000000000e+00,0.000000000000000000e+00,1.970766186714172363e-01,-7.087402790784835815e-02,-2.939512729644775391e-01,-4.985190033912658691e-01,-1.145247295498847961e-01,-2.602918744087219238e-01,-1.420089155435562134e-01,-3.194550797343254089e-02,-1.026289314031600952e-01,3.707112669944763184e-01,-7.028936743736267090e-01,4.373276978731155396e-02,-2.903835177421569824e-01,4.197732079774141312e-03
-3.635947704315185547e-01,-2.163054227828979492e+00,8.298959732055664062e-01,-1.570710912346839905e-02,5.938351899385452271e-02,6.511039137840270996e-01,7.564988732337951660e-01,-5.574885606765747070e-01,-9.582032449543476105e-03,2.759315371513366699e-01,1.455123126506805420e-01,-1.853915899991989136e-01,4.374277219176292419e-02,-1.985355094075202942e-02,3.176165744662284851e-02,-5.744207184761762619e-03,7.124426960945129395e-02,-2.040292322635650635e-01,7.699053268879652023e-03,1.539419442415237427e-01,0.000000000000000000e+00,0.000000000000000000e+00,2.009040564298629761e-01,-8.867274224758148193e-02,-3.008728921413421631e-01,-4.869205355644226074e-01,-1.079483702778816223e-01,-2.518369555473327637e-01,-1.392998695373535156e-01,-7.190820574760437012e-02,-1.291349679231643677e-01,4.027853310108184814e-01,-7.250515818595886230e-01,5.143724009394645691e-02,-2.909387350082397461e-01,9.841689607128500938e-04
-3.625341951847076416e-01,-2.127010345458984375e+00,8.243431448936462402e-01,-1.334589440375566483e-02,6.268973648548126221e-02,6.520137190818786621e-01,7.554932236671447754e-01,-5.669512748718261719e-01,-3.780398890376091003e-02,2.582654654979705811e-01,3.151193261146545410e-02,-1.948303580284118652e-01,4.558246582746505737e-02,1.822021044790744781e-02,1.956894062459468842e-02,-3.779895836487412453e-03,7.274992018938064575e-02,-2.135650664567947388e-01,2.666123770177364349e-02,1.503067612648010254e-01,0.000000000000000000e+00,0.000000000000000000e+00,2.068248540163040161e-01,-9.918246418237686157e-02,-3.233444690704345703e-01,-4.786838889122009277e-01,-1.270390599966049194e-01,-2.546477317810058594e-01,-1.375938802957534790e-01,-1.046537533402442932e-01,-1.500349640846252441e-01,4.291175603866577148e-01,-7.346094250679016113e-01,5.071340873837471008e-02,-2.958310246467590332e-01,-6.158301141113042831e-03
-3.627401888370513916e-01,-2.088919639587402344e+00,8.177391290664672852e-01,-1.147147826850414276e-02,6.320200115442276001e-02,6.501141786575317383e-01,7.571165561676025391e-01,-5.739479660987854004e-01,-4.785129427909851074e-02,2.870796024799346924e-01,1.050531165674328804e-03,-2.069215476512908936e-01,5.525165423750877380e-02,4.787825793027877808e-02,1.089435070753097534e-02,7.668090518563985825e-03,9.495589137077331543e-02,-2.158363163471221924e-01,4.496279358863830566e-02,1.570289283990859985e-01,0.000000000000000000e+00,0.000000000000000000e+00,2.076805531978607178e-01,-1.129012480378150940e-01,-3.243845403194427490e-01,-4.612450599670410156e-01,-1.343126296997070312e-01,-2.482524961233139038e-01,-1.368151307106018066e-01,-1.241092309355735779e-01,-1.609396040439605713e-01,4.418008923530578613e-01,-7.315996289253234863e-01,5.497547239065170288e-02,-2.942958176136016846e-01,-2.029711566865444183e-02
-3.645513355731964111e-01,-2.045982599258422852e+00,8.120604753494262695e-01,-1.000879984349012375e-02,6.310966610908508301e-02,6.420749425888061523e-01,7.639743685722351074e-01,-5.979058146476745605e-01,-3.719981387257575989e-02,3.361367881298065186e-01,9.652342647314071655e-02,-2.541344165802001953e-01,6.346022337675094604e-02,7.623250782489776611e-02,3.969593963120132685e-04,3.496189042925834656e-02,1.308228224515914917e-01,-2.082283198833465576e-01,8.100415021181106567e-02,1.789005249738693237e-01,0.000000000000000000e+00,0.000000000000000000e+00,1.940280199050903320e-01,-1.321547627449035645e-01,-3.382884263992309570e-01,-4.207156598567962646e-01,-1.606913655996322632e-01,-2.693446278572082520e-01,-1.300939023494720459e-01,-1.261239349842071533e-01,-1.660989075899124146e-01,4.383617937564849854e-01,-7.204232811927795410e-01,5.231111124157905579e-02,-3.029539883136749268e-01,-4.855180531740188599e-02
-3.662791252136230469e-01,-1.999742031097412109e+00,8.057019710540771484e-01,-1.365657337009906769e-02,6.072525307536125183e-02,6.289678215980529785e-01,7.749357819557189941e-01,-6.237739920616149902e-01,-2.362320432439446449e-03,3.643578290939331055e-01,2.304996848106384277e-01,-2.289155274629592896e-01,1.046362444758415222e-01,1.025641039013862610e-01,-3.772673662751913071e-03,8.440051227807998657e-02,1.684695780277252197e-01,-1.547485142946243286e-01,1.092267110943794250e-01,2.122147679328918457e-01,0.000000000000000000e+00,0.000000000000000000e+00,1.891206651926040649e-01,-1.335408538579940796e-01,-3.626685440540313721e-01,-3.987873196601867676e-01,-1.565905660390853882e-01,-2.831377685070037842e-01,-1.345180869102478027e-01,-1.119278669357299805e-01,-1.577180325984954834e-01,4.292251467704772949e-01,-7.073360085487365723e-01,4.101230949163436890e-02,-2.994126379489898682e-01,-7.228005677461624146e-02
-3.690253496170043945e-01,-1.952788233757019043e+00,8.034844398498535156e-01,-1.164447143673896790e-02,6.183105707168579102e-02,6.221974492073059082e-01,7.803279161453247070e-01,-6.169061660766601562e-01,1.104391738772392273e-02,3.811043798923492432e-01,3.132838308811187744e-01,-1.846534907817840576e-01,1.270748674869537354e-01,1.250213831663131714e-01,-2.170580439269542694e-02,1.224078163504600525e-01,2.169065326452255249e-01,-4.896058514714241028e-02,1.207171976566314697e-01,2.248485535383224487e-01,0.000000000000000000e+00,0.000000000000000000e+00,1.829592138528823853e-01,-1.411032229661941528e-01,-3.729944825172424316e-01,-3.772459030151367188e-01,-9.311916679143905640e-02,-2.933638989925384521e-01,-1.518285423517227173e-01,-8.849856257438659668e-02,-1.555103957653045654e-01,4.177181422710418701e-01,-6.801104545593261719e-01,3.395502641797065735e-02,-2.882234156131744385e-01,-9.268781542778015137e-02
-3.724509775638580322e-01,-1.904094219207763672e+00,8.043739199638366699e-01,3.730301978066563606e-03,6.537438929080963135e-02,6.205967068672180176e-01,7.813910841941833496e-01,-5.782392024993896484e-01,-2.127316594123840332e-02,3.917138278484344482e-01,3.566619455814361572e-01,-1.704062968492507935e-01,1.433491706848144531e-01,1.696045547723770142e-01,-5.912547558546066284e-02,1.283610910177230835e-01,2.468582391738891602e-01,1.697856485843658447e-01,1.490987837314605713e-01,2.252532392740249634e-01,0.000000000000000000e+00,0.000000000000000000e+00,1.787662506103515625e-01,-1.646238416433334351e-01,-3.909229934215545654e-01,-3.436795473098754883e-01,-7.075968384742736816e-02,-2.978544831275939941e-01,-1.625607609748840332e-01,-3.814334422349929810e-02,-1.613011956214904785e-01,3.884760141372680664e-01,-6.449615359306335449e-01,3.587899357080459595e-02,-2.743029594421386719e-01,-8.134262263774871826e-02
-3.743194937705993652e-01,-1.855249524116516113e+00,8.079791665077209473e-01,9.416081011295318604e-03,6.330101191997528076e-02,6.303695440292358398e-01,7.736527323722839355e-01,-5.393897294998168945e-01,-5.385988950729370117e-02,3.611108958721160889e-01,3.847470879554748535e-01,-1.902428716421127319e-01,1.846402436494827271e-01,1.886624544858932495e-01,-6.757143884897232056e-02,1.131643950939178467e-01,3.069056868553161621e-01,3.629623651504516602e-01,1.420392692089080811e-01,1.945776045322418213e-01,0.000000000000000000e+00,0.000000000000000000e+00,1.688093394041061401e-01,-1.712758988142013550e-01,-3.806577324867248535e-01,-3.313217759132385254e-01,-1.493135392665863037e-01,-2.678633034229278564e-01,-1.395122110843658447e-01,1.188850868493318558e-02,-1.493167430162429810e-01,3.476210236549377441e-01,-6.156668663024902344e-01,3.054079413414001465e-02,-2.454670071601867676e-01,-5.892272293567657471e-02
-3.779727220535278320e-01,-1.807379364967346191e+00,8.142861723899841309e-01,6.197415757924318314e-03,5.958439782261848450e-02,6.394923329353332520e-01,7.664599418640136719e-01,-4.916574060916900635e-01,-7.455770671367645264e-02,3.301315903663635254e-01,3.822017312049865723e-01,-2.141648530960083008e-01,2.192710041999816895e-01,1.534954607486724854e-01,-8.892928808927536011e-02,2.029020898044109344e-02,4.098935723304748535e-01,4.989260137081146240e-01,1.164159476757049561e-01,1.574919670820236206e-01,0.000000000000000000e+00,0.000000000000000000e+00,1.537556648254394531e-01,-1.544868648052215576e-01,-3.831893205642700195e-01,-3.456629514694213867e-01,-1.285323351621627808e-01,-2.745222747325897217e-01,-1.535715907812118530e-01,4.752869904041290283e-02,-1.272060573101043701e-01,3.164693117141723633e-01,-5.907502770423889160e-01,4.289636854082345963e-03,-2.336031943559646606e-01,9.944653138518333435e-03
-3.807522654533386230e-01,-1.757772445678710938e+00,8.220787644386291504e-01,-2.162990393117070198e-03,5.126122385263442993e-02,6.575403809547424316e-01,7.516703605651855469e-01,-4.156357645988464355e-01,-9.343313425779342651e-02,2.818061113357543945e-01,3.284972608089447021e-01,-2.152912914752960205e-01,2.174212336540222168e-01,5.644851922988891602e-02,-9.783393889665603638e-02,-7.836217433214187622e-02,5.395177006721496582e-01,4.316432178020477295e-01,4.175331816077232361e-02,9.783513098955154419e-02,0.000000000000000000e+00,0.000000000000000000e+00,1.256199628114700317e-01,-1.281419992446899414e-01,-3.785400390625000000e-01,-3.638006150722503662e-01,-1.530818492174148560e-01,-2.594366371631622314e-01,-1.101993918418884277e-01,8.036608994007110596e-02,-1.023640483617782593e-01,3.014920949935913086e-01,-5.674425363540649414e-01,1.875827834010124207e-02,-2.347853481769561768e-01,9.862792678177356720e-03
-3.824809193611145020e-01,-1.710112333297729492e+00,8.291836977005004883e-01,-8.283930830657482147e-03,4.363868013024330139e-02,6.771914958953857422e-01,7.344648838043212891e-01,-3.419164419174194336e-01,-1.116128787398338318e-01,2.203174233436584473e-01,2.820016443729400635e-01,-2.182291597127914429e-01,2.098995000123977661e-01,-5.458677932620048523e-02,-1.142497658729553223e-01,-1.628373265266418457e-01,6.363509893417358398e-01,3.064129054546356201e-01,-2.407196350395679474e-02,3.024931252002716064e-02,0.000000000000000000e+00,0.000000000000000000e+00,8.870641142129898071e-02,-9.777269512414932251e-02,-3.746855556964874268e-01,-3.751550912857055664e-01,-1.605272144079208374e-01,-2.676938176155090332e-01,-9.054663032293319702e-02,1.143720448017120361e-01,-7.630917429924011230e-02,3.032017946243286133e-01,-5.358338356018066406e-01,1.156554836779832840e-02,-2.454380244016647339e-01,6.597685627639293671e-03
-3.835866153240203857e-01,-1.665536165237426758e+00,8.367127180099487305e-01,-1.131715532392263412e-02,3.918993473052978516e-02,6.936705112457275391e-01,7.191364765167236328e-01,-2.674129903316497803e-01,-1.247721239924430847e-01,1.750615388154983521e-01,2.353329956531524658e-01,-2.271343916654586792e-01,1.949876248836517334e-01,-1.656984239816665649e-01,-1.180313974618911743e-01,-1.931432187557220459e-01,6.778959035873413086e-01,1.877139806747436523e-01,-5.445190146565437317e-02,-2.916694059967994690e-02,0.000000000000000000e+00,0.000000000000000000e+00,4.721604287624359131e-02,-6.765411794185638428e-02,-3.694110214710235596e-01,-3.938763141632080078e-01,-1.605051606893539429e-01,-2.883165478706359863e-01,-8.361716568470001221e-02,1.434978097677230835e-01,-5.817931890487670898e-02,2.983347773551940918e-01,-4.991328716278076172e-01,1.297672092914581299e-02,-2.449273169040679932e-01,3.468349203467369080e-02
-3.826655447483062744e-01,-1.621711254119873047e+00,8.419666886329650879e-01,-1.504590734839439392e-02,3.238745033740997314e-02,7.123318910598754883e-01,7.009336352348327637e-01,-1.854274123907089233e-01,-1.271376013755798340e-01,1.188001483678817749e-01,1.734590530395507812e-01,-2.062450200319290161e-01,1.710525453090667725e-01,-2.528743743896484375e-01,-1.050355210900306702e-01,-2.282072305679321289e-01,6.460852622985839844e-01,8.204682916402816772e-02,-5.576502159237861633e-02,-9.909852594137191772e-02,0.000000000000000000e+00,0.000000000000000000e+00,4.265175014734268188e-02,-2.378809079527854919e-02,-3.441192805767059326e-01,-4.700715541839599609e-01,-1.504692882299423218e-01,-2.696156203746795654e-01,-9.172675013542175293e-02,1.814263612031936646e-01,-3.856205940246582031e-02,3.058148026466369629e-01,-4.694650769233703613e-01,3.331632912158966064e-02,-2.498304992914199829e-01,6.408251821994781494e-02
-3.821162283420562744e-01,-1.578957438468933105e+00,8.428536653518676758e-01,-1.617165841162204742e-02,3.172192350029945374e-02,7.287599444389343262e-01,6.838429570198059082e-01,-1.200745850801467896e-01,-1.300921440124511719e-01,8.061706274747848511e-02,1.316699087619781494e-01,-2.035728096961975098e-01,1.409287303686141968e-01,-3.342438936233520508e-01,-1.164982169866561890e-01,-2.780933380126953125e-01,5.853360891342163086e-01,-1.843584934249520302e-03,-4.601941257715225220e-02,-1.612153053283691406e-01,0.000000000000000000e+00,0.000000000000000000e+00,2.881969884037971497e-02,1.318971812725067139e-02,-3.456000089645385742e-01,-5.473981499671936035e-01,-1.236773505806922913e-01,-2.561819851398468018e-01,-6.913471221923828125e-02,2.109565287828445435e-01,-2.400973252952098846e-02,2.926862835884094238e-01,-4.457301199436187744e-01,1.159287523478269577e-03,-2.395306527614593506e-01,7.532932609319686890e-02
-3.810942769050598145e-01,-1.537252545356750488e+00,8.410265445709228516e-01,-1.580654084682464600e-02,3.398817405104637146e-02,7.422003746032714844e-01,6.691289544105529785e-01,-5.893460288643836975e-02,-1.340280622243881226e-01,2.962931990623474121e-02,9.266333281993865967e-02,-2.017619460821151733e-01,1.164152696728706360e-01,-4.048475921154022217e-01,-1.268619447946548462e-01,-3.177148401737213135e-01,4.867309927940368652e-01,-4.971587657928466797e-02,-1.854332722723484039e-02,-2.127776890993118286e-01,0.000000000000000000e+00,0.000000000000000000e+00,1.363736577332019806e-03,3.857293725013732910e-02,-3.350020349025726318e-01,-6.023017168045043945e-01,-1.120884343981742859e-01,-2.745983600616455078e-01,-6.581003218889236450e-02,2.382918149232864380e-01,-2.081041224300861359e-02,2.878840565681457520e-01,-4.278764724731445312e-01,1.226060092449188232e-02,-2.274084538221359253e-01,9.850685298442840576e-02
-3.803207278251647949e-01,-1.495921134948730469e+00,8.367747664451599121e-01,-1.431129314005374908e-02,4.010802879929542542e-02,7.538532018661499023e-01,6.556614041328430176e-01,-2.880071522668004036e-03,-1.390692293643951416e-01,1.306889578700065613e-03,5.904239788651466370e-02,-2.131426781415939331e-01,9.164571017026901245e-02,-4.758683443069458008e-01,-1.446771919727325439e-01,-3.439149558544158936e-01,3.801535069942474365e-01,-8.564232289791107178e-02,8.275713771581649780e-03,-2.564941048622131348e-01,0.000000000000000000e+00,0.000000000000000000e+00,-3.144844621419906616e-02,6.112030148506164551e-02,-3.427535891532897949e-01,-6.565959453582763672e-01,-1.025124341249465942e-01,-2.945734858512878418e-01,-5.895056575536727905e-02,2.636148035526275635e-01,-1.666908152401447296e-02,2.707272768020629883e-01,-4.206059575080871582e-01,1.214677281677722931e-02,-2.221553623676300049e-01,9.794615954160690308e-02
-3.782351613044738770e-01,-1.454198002815246582e+00,8.307336568832397461e-01,-1.499991491436958313e-02,4.419490694999694824e-02,7.626720666885375977e-01,6.450993418693542480e-01,4.509773477911949158e-02,-1.329571604728698730e-01,-2.210016921162605286e-02,4.120508581399917603e-02,-2.283836007118225098e-01,7.350983470678329468e-02,-5.375142693519592285e-01,-1.447893083095550537e-01,-3.449738323688507080e-01,2.504392564296722412e-01,-1.160633340477943420e-01,3.873864933848381042e-02,-2.882119119167327881e-01,0.000000000000000000e+00,0.000000000000000000e+00,-6.729806214570999146e-02,8.171006292104721069e-02,-3.433835208415985107e-01,-6.963461041450500488e-01,-9.661159664392471313e-02,-3.141624927520751953e-01,-3.882130980491638184e-02,2.841908335685729980e-01,-6.172844208776950836e-03,2.526801228523254395e-01,-4.099057316780090332e-01,1.389870233833789825e-02,-2.196366339921951294e-01,9.861411154270172119e-02
-3.772586584091186523e-01,-1.411450266838073730e+00,8.247934579849243164e-01,-1.782232709228992462e-02,4.069044440984725952e-02,7.640796899795532227e-01,6.435906291007995605e-01,9.750302135944366455e-02,-1.137080267071723938e-01,-1.306036207824945450e-02,2.991453744471073151e-02,-2.429265081882476807e-01,5.690250545740127563e-02,-5.783320069313049316e-01,-1.242248341441154480e-01,-3.363392055034637451e-01,1.149049773812294006e-01,-1.443782001733779907e-01,6.994578987360000610e-02,-2.940444946289062500e-01,0.000000000000000000e+00,0.000000000000000000e+00,-8.934855461120605469e-02,1.043854132294654846e-01,-3.461836874485015869e-01,-7.317246198654174805e-01,-9.718338400125503540e-02,-3.264804780483245850e-01,-2.465728111565113068e-02,3.064666688442230225e-01,6.813480053097009659e-03,2.435378581285476685e-01,-3.991112112998962402e-01,4.639421775937080383e-02,-2.141084671020507812e-01,9.132140874862670898e-02
-3.751500248908996582e-01,-1.367278099060058594e+00,8.174648880958557129e-01,-1.967835612595081329e-02,3.667949512600898743e-02,7.605710029602050781e-01,6.479190587997436523e-01,1.476542204618453979e-01,-9.730237722396850586e-02,-5.030297674238681793e-03,3.218723088502883911e-02,-2.498332113027572632e-01,3.875944390892982483e-02,-5.944917798042297363e-01,-9.746038913726806641e-02,-3.305773437023162842e-01,1.097063161432743073e-02,-1.560483574867248535e-01,9.595670551061630249e-02,-2.849653363227844238e-01,0.000000000000000000e+00,0.000000000000000000e+00,-1.022233888506889343e-01,1.247924193739891052e-01,-3.521974682807922363e-01,-7.614065408706665039e-01,-9.256804734468460083e-02,-3.291004300117492676e-01,-2.000954234972596169e-03,3.229122459888458252e-01,1.904637552797794342e-02,2.329125404357910156e-01,-3.906378448009490967e-01,4.294692352414131165e-02,-2.052855789661407471e-01,1.045364290475845337e-01
-3.732767999172210693e-01,-1.319944143295288086e+00,8.085781931877136230e-01,-1.727942377328872681e-02,3.705694898962974548e-02,7.677299976348876953e-01,6.394675970077514648e-01,1.796468049287796021e-01,-8.439703285694122314e-02,-4.410144314169883728e-02,6.939242780208587646e-02,-2.407916039228439331e-01,2.122484892606735229e-02,-6.087735295295715332e-01,-1.148207932710647583e-01,-3.470344543457031250e-01,4.116103798151016235e-02,-1.657239645719528198e-01,8.929916471242904663e-02,-3.050234317779541016e-01,0.000000000000000000e+00,0.000000000000000000e+00,-1.080741509795188904e-01,1.302943825721740723e-01,-3.526229262351989746e-01,-7.774831652641296387e-01,-8.003419637680053711e-02,-3.297889232635498047e-01,2.234687330201268196e-03,3.323621153831481934e-01,2.252552472054958344e-02,2.249787002801895142e-01,-3.784873783588409424e-01,2.777844667434692383e-02,-1.956949532032012939e-01,1.108950749039649963e-01
-3.691122531890869141e-01,-1.267148017883300781e+00,8.016768693923950195e-01,-1.042683515697717667e-02,3.820914030075073242e-02,7.779641151428222656e-01,6.270591616630554199e-01,2.083478122949600220e-01,-7.370889931917190552e-02,-9.650262445211410522e-02,1.330853700637817383e-01,-2.133207619190216064e-01,-5.923099815845489502e-04,-6.172812581062316895e-01,-1.468615829944610596e-01,-3.579121530055999756e-01,1.699384003877639771e-01,-1.794220656156539917e-01,6.138009950518608093e-02,-3.375768661499023438e-01,0.000000000000000000e+00,0.000000000000000000e+00,-9.229229390621185303e-02,1.279824674129486084e-01,-3.518176078796386719e-01,-7.931022047996520996e-01,-6.538219749927520752e-02,-3.059256374835968018e-01,2.551916427910327911e-02,3.299540877342224121e-01,1.987104117870330811e-02,2.163851112127304077e-01,-3.553895056247711182e-01,1.922950893640518188e-02,-1.802113205194473267e-01,1.052322313189506531e-01
-3.640506565570831299e-01,-1.211145043373107910e+00,7.939111590385437012e-01,-1.581331714987754822e-03,4.368033260107040405e-02,7.856466174125671387e-01,6.171295642852783203e-01,2.262790948152542114e-01,-7.549094408750534058e-02,-1.469725519418716431e-01,2.178414613008499146e-01,-1.423543393611907959e-01,-1.940601505339145660e-02,-5.884921550750732422e-01,-1.722803562879562378e-01,-3.574878871440887451e-01,2.401435524225234985e-01,-7.161354273557662964e-02,1.068255305290222168e-02,-3.623747229576110840e-01,0.000000000000000000e+00,0.000000000000000000e+00,-8.046886324882507324e-02,9.682728350162506104e-02,-3.331046700477600098e-01,-7.658134698867797852e-01,-7.162893563508987427e-02,-2.977393567562103271e-01,2.796472795307636261e-02,3.211623728275299072e-01,9.003540500998497009e-03,2.152133733034133911e-01,-3.288218975067138672e-01,3.993139043450355530e-02,-1.864448934793472290e-01,9.979685395956039429e-02
-3.577341139316558838e-01,-1.156727552413940430e+00,7.928793430328369141e-01,-8.993386873044073582e-04,3.070791251957416534e-02,7.890363931655883789e-01,6.135778427124023438e-01,2.417983710765838623e-01,-4.017098620533943176e-02,-1.394262611865997314e-01,3.103190660476684570e-01,2.355709299445152283e-02,-3.880744799971580505e-02,-5.487064123153686523e-01,-1.473981589078903198e-01,-3.462625741958618164e-01,3.058762550354003906e-01,-2.969236858189105988e-02,-3.026364929974079132e-02,-3.709560632705688477e-01,0.000000000000000000e+00,0.000000000000000000e+00,-5.289705842733383179e-02,8.670176565647125244e-02,-3.207722604274749756e-01,-7.058364748954772949e-01,-7.920838147401809692e-02,-2.878194153308868408e-01,4.000147804617881775e-03,3.097319900989532471e-01,2.457619458436965942e-02,2.206247895956039429e-01,-3.010013699531555176e-01,4.601314291357994080e-02,-1.765249222517013550e-01,1.007996201515197754e-01
-3.518007993698120117e-01,-1.102899909019470215e+00,7.963194251060485840e-01,9.117763256654143333e-04,1.733754761517047882e-02,7.838644385337829590e-01,6.206892132759094238e-01,2.508551776409149170e-01,-1.365240663290023804e-02,-9.813888370990753174e-02,3.934929966926574707e-01,2.279814481735229492e-01,-5.806250497698783875e-02,-4.943963587284088135e-01,-1.013561934232711792e-01,-3.294823467731475830e-01,3.365695476531982422e-01,-4.027684777975082397e-02,-9.091603755950927734e-02,-3.535754978656768799e-01,0.000000000000000000e+00,0.000000000000000000e+00,-1.151792053133249283e-02,7.435674965381622314e-02,-3.101075291633605957e-01,-6.401211023330688477e-01,-7.767838984727859497e-02,-2.701790332794189453e-01,-1.686581224203109741e-02,2.963342964649200439e-01,3.489829227328300476e-02,2.347848415374755859e-01,-2.906282246112823486e-01,4.668152704834938049e-02,-1.731943935155868530e-01,9.868910163640975952e-02
-3.459979891777038574e-01,-1.052410840988159180e+00,8.023412823677062988e-01,3.734701080247759819e-03,2.142970263957977295e-02,7.721379995346069336e-01,6.350824236869812012e-01,1.686179637908935547e-01,2.855131868273019791e-03,1.544458139687776566e-02,5.489915013313293457e-01,2.810844480991363525e-01,5.254380448604933918e-05,-4.537730216979980469e-01,-7.682264596223831177e-02,-2.968847155570983887e-01,3.472032248973846436e-01,-6.661996990442276001e-02,-1.321977227926254272e-01,-3.069298267364501953e-01,0.000000000000000000e+00,0.000000000000000000e+00,1.887041376903653145e-03,4.479942098259925842e-02,-3.125802278518676758e-01,-5.731426477432250977e-01,-8.279772847890853882e-02,-2.545405328273773193e-01,-5.030826851725578308e-02,2.654380500316619873e-01,2.661735378205776215e-02,2.434052377939224243e-01,-3.071403801441192627e-01,8.213438838720321655e-02,-1.835603564977645874e-01,9.644231200218200684e-02
-3.416876494884490967e-01,-1.003843188285827637e+00,8.113960623741149902e-01,7.176468148827552795e-03,2.742626704275608063e-02,7.571446299552917480e-01,6.526318192481994629e-01,4.978672787547111511e-02,3.261973382905125618e-03,9.451912343502044678e-02,6.845005750656127930e-01,2.030199170112609863e-01,4.227881506085395813e-02,-3.918072879314422607e-01,-5.469715595245361328e-02,-2.614360749721527100e-01,3.097209036350250244e-01,-7.954265177249908447e-02,-1.448290646076202393e-01,-2.421565353870391846e-01,0.000000000000000000e+00,0.000000000000000000e+00,9.292733855545520782e-03,1.794395409524440765e-02,-3.348307013511657715e-01,-5.099815130233764648e-01,-9.526848047971725464e-02,-2.408269643783569336e-01,-9.266176074743270874e-02,2.362968921661376953e-01,1.840445213019847870e-02,2.245465368032455444e-01,-3.523137271404266357e-01,2.814892679452896118e-02,-2.008645683526992798e-01,8.666091412305831909e-02
-3.391032218933105469e-01,-9.567462801933288574e-01,8.198156356811523438e-01,1.032661926001310349e-02,3.122528642416000366e-02,7.397192120552062988e-01,6.721114516258239746e-01,-5.628605559468269348e-02,-5.021287593990564346e-03,1.537304669618606567e-01,7.371998429298400879e-01,1.376605331897735596e-01,6.020797044038772583e-02,-3.286498188972473145e-01,-3.254094719886779785e-02,-2.147788554430007935e-01,2.686637938022613525e-01,-9.044156223535537720e-02,-1.357184201478958130e-01,-1.758395731449127197e-01,0.000000000000000000e+00,0.000000000000000000e+00,2.707024477422237396e-02,-9.696573019027709961e-03,-3.466466367244720459e-01,-4.555724561214447021e-01,-1.190855652093887329e-01,-2.357891649007797241e-01,-1.105618476867675781e-01,2.028528600931167603e-01,3.821351332589983940e-03,2.349931746721267700e-01,-4.048908948898315430e-01,2.429806441068649292e-02,-2.212399393320083618e-01,7.378780096769332886e-02
-3.369498252868652344e-01,-9.102796912193298340e-01,8.283413052558898926e-01,1.347794663161039352e-02,3.233530744910240173e-02,7.193345427513122559e-01,6.937799453735351562e-01,-1.514851450920104980e-01,-7.781311403959989548e-03,2.146302163600921631e-01,7.340514659881591797e-01,5.995901674032211304e-02,7.451468706130981445e-02,-2.606977820396423340e-01,-1.030357647687196732e-02,-1.628550142049789429e-01,2.268912643194198608e-01,-9.992099553346633911e-02,-1.235856041312217712e-01,-1.047677546739578247e-01,0.000000000000000000e+00,0.000000000000000000e+00,7.039688527584075928e-02,-3.319641947746276855e-02,-3.220111727714538574e-01,-4.446432590484619141e-01,-1.419706791639328003e-01,-2.258350253105163574e-01,-1.209845021367073059e-01,1.729511320590972900e-01,-9.010339155793190002e-03,2.455555051565170288e-01,-4.704206287860870361e-01,2.667384222149848938e-02,-2.337578386068344116e-01,4.602370783686637878e-02
-3.345667719841003418e-01,-8.661424517631530762e-01,8.352518081665039062e-01,1.549317687749862671e-02,3.155305236577987671e-02,6.994233727455139160e-01,7.138426303863525391e-01,-2.295612990856170654e-01,-5.116694606840610504e-03,2.670718729496002197e-01,6.705797314643859863e-01,-1.031442172825336456e-02,7.783356308937072754e-02,-1.957079321146011353e-01,6.017324980348348618e-03,-1.173809170722961426e-01,1.882440447807312012e-01,-1.092106997966766357e-01,-1.034697592258453369e-01,-3.760937973856925964e-02,0.000000000000000000e+00,0.000000000000000000e+00,1.200423687696456909e-01,-4.691576212644577026e-02,-2.992169260978698730e-01,-4.406013488769531250e-01,-1.614828258752822876e-01,-2.174102962017059326e-01,-1.486691534519195557e-01,1.459161043167114258e-01,-2.862388268113136292e-02,2.680121362209320068e-01,-5.490623712539672852e-01,1.640007458627223969e-02,-2.515973746776580811e-01,3.847324103116989136e-02
-3.331137597560882568e-01,-8.238371014595031738e-01,8.392550945281982422e-01,1.633229851722717285e-02,2.982450276613235474e-02,6.811248064041137695e-01,7.313773036003112793e-01,-2.942557632923126221e-01,8.722187951207160950e-03,3.259290158748626709e-01,5.648277997970581055e-01,-8.073572069406509399e-02,7.398037612438201904e-02,-1.407700479030609131e-01,1.715968549251556396e-02,-7.345466315746307373e-02,1.642245054244995117e-01,-1.150517463684082031e-01,-8.721163123846054077e-02,2.135801315307617188e-02,0.000000000000000000e+00,0.000000000000000000e+00,1.471836566925048828e-01,-6.096637621521949768e-02,-3.062680065631866455e-01,-3.969289064407348633e-01,-1.472730040550231934e-01,-2.281471639871597290e-01,-1.774176061153411865e-01,1.151097714900970459e-01,-4.579137638211250305e-02,2.865193486213684082e-01,-6.160076260566711426e-01,5.463603418320417404e-03,-2.745000720024108887e-01,2.623358741402626038e-02
-3.329098820686340332e-01,-7.825931906700134277e-01,8.401010632514953613e-01,1.518095470964908600e-02,2.993546798825263977e-02,6.638867855072021484e-01,7.470794916152954102e-01,-3.609962463378906250e-01,1.953383162617683411e-02,3.715974986553192139e-01,4.478849172592163086e-01,-1.431461572647094727e-01,7.184801250696182251e-02,-8.519072830677032471e-02,2.168694138526916504e-02,-3.802197799086570740e-02,1.351282745599746704e-01,-1.186764314770698547e-01,-5.129187554121017456e-02,7.591230422258377075e-02,0.000000000000000000e+00,0.000000000000000000e+00,1.842600852251052856e-01,-6.735586374998092651e-02,-3.010920584201812744e-01,-3.974868655204772949e-01,-1.430004239082336426e-01,-2.340552657842636108e-01,-1.826056391000747681e-01,7.963562756776809692e-02,-7.049533724784851074e-02,3.055521845817565918e-01,-6.901254653930664062e-01,6.195195950567722321e-03,-2.867631316184997559e-01,1.240609679371118546e-02
-3.324731588363647461e-01,-7.418195605278015137e-01,8.383319377899169922e-01,1.189275458455085754e-02,2.874532900750637054e-02,6.483081579208374023e-01,7.607422471046447754e-01,-4.198386669158935547e-01,2.586815319955348969e-02,3.735786974430084229e-01,3.140346705913543701e-01,-1.904997527599334717e-01,5.285955965518951416e-02,-3.622486814856529236e-02,2.230797708034515381e-02,-1.795091107487678528e-02,1.169912517070770264e-01,-1.375845670700073242e-01,-2.795996330678462982e-02,1.197893768548965454e-01,0.000000000000000000e+00,0.000000000000000000e+00,2.209535241127014160e-01,-7.501347362995147705e-02,-2.934999763965606689e-01,-4.026911258697509766e-01,-1.407969295978546143e-01,-2.332643419504165649e-01,-1.794683784246444702e-01,3.782764822244644165e-02,-9.148310124874114990e-02,3.263157010078430176e-01,-7.513705492019653320e-01,5.595130380243062973e-03,-2.867974042892456055e-01,1.046632509678602219e-02
-3.311738073825836182e-01,-7.011048793792724609e-01,8.337897062301635742e-01,1.158981584012508392e-02,2.907261252403259277e-02,6.413236260414123535e-01,7.666319012641906738e-01,-4.673220217227935791e-01,2.035500481724739075e-02,3.566925525665283203e-01,1.720566004514694214e-01,-2.166728377342224121e-01,4.183616489171981812e-02,1.348674762994050980e-02,1.543062645941972733e-02,-1.670416630804538727e-02,1.038498282432556152e-01,-1.602139621973037720e-01,-3.446781076490879059e-03,1.392778456211090088e-01,0.000000000000000000e+00,0.000000000000000000e+00,2.564769387245178223e-01,-8.328912407159805298e-02,-2.964532077312469482e-01,-4.148023724555969238e-01,-1.473987251520156860e-01,-2.267436534166336060e-01,-1.656816750764846802e-01,-7.363558281213045120e-03,-1.123977079987525940e-01,3.466157615184783936e-01,-7.977634668350219727e-01,4.874827340245246887e-03,-2.910210192203521729e-01,6.826823810115456581e-04
-3.332289159297943115e-01,-6.593780517578125000e-01,8.292626142501831055e-01,1.762556843459606171e-02,3.439684212207794189e-02,6.404552459716796875e-01,7.670223116874694824e-01,-4.855581223964691162e-01,-7.585507351905107498e-03,3.628477454185485840e-01,2.388670481741428375e-02,-2.583903372287750244e-01,4.405542835593223572e-02,4.920436814427375793e-02,-1.213549450039863586e-02,-2.488088235259056091e-02,1.261654347181320190e-01,-1.995799541473388672e-01,3.900420293211936951e-02,1.466858237981796265e-01,0.000000000000000000e+00,0.000000000000000000e+00,2.650058865547180176e-01,-1.214211285114288330e-01,-3.011361360549926758e-01,-3.822287321090698242e-01,-1.494949162006378174e-01,-2.596758306026458740e-01,-1.511367559432983398e-01,-3.348033130168914795e-02,-1.430315077304840088e-01,3.536616265773773193e-01,-8.521637320518493652e-01,-1.786860823631286621e-02,-3.030509054660797119e-01,-2.389755658805370331e-02
-3.338582515716552734e-01,-6.142344474792480469e-01,8.205875754356384277e-01,2.039787359535694122e-02,3.381457924842834473e-02,6.395306587219238281e-01,7.677506208419799805e-01,-5.176014304161071777e-01,-5.669117439538240433e-03,4.084990620613098145e-01,2.985838136737584136e-06,-2.857477962970733643e-01,1.924109458923339844e-02,9.156271070241928101e-02,-2.618148364126682281e-02,-2.035219594836235046e-02,1.475966870784759521e-01,-2.118144184350967407e-01,6.928395479917526245e-02,1.540247499942779541e-01,0.000000000000000000e+00,0.000000000000000000e+00,2.857002615928649902e-01,-1.373240053653717041e-01,-2.838416695594787598e-01,-3.746232092380523682e-01,-1.575920432806015015e-01,-2.643038332462310791e-01,-1.552307605743408203e-01,-5.135398730635643005e-02,-1.616499722003936768e-01,3.581317365169525146e-01,-8.814443945884704590e-01,-2.151870401576161385e-03,-3.221772313117980957e-01,-3.784042224287986755e-02
-3.367012143135070801e-01,-5.651339292526245117e-01,8.115797638893127441e-01,1.910918392241001129e-02,3.157371655106544495e-02,6.291265487670898438e-01,7.764262557029724121e-01,-5.110943317413330078e-01,1.040128991007804871e-02,4.698781669139862061e-01,5.624243640340864658e-04,-2.750772833824157715e-01,3.612228482961654663e-02,1.216900646686553955e-01,-3.622215241193771362e-02,1.687020808458328247e-02,1.883311420679092407e-01,-1.979484707117080688e-01,9.521789103746414185e-02,1.852296590805053711e-01,0.000000000000000000e+00,0.000000000000000000e+00,2.966898381710052490e-01,-1.427052021026611328e-01,-2.762402296066284180e-01,-3.659486174583435059e-01,-1.671670675277709961e-01,-2.661620080471038818e-01,-1.611285656690597534e-01,-5.776064097881317139e-02,-1.623335331678390503e-01,3.531941175460815430e-01,-9.003722071647644043e-01,3.760962979868054390e-03,-3.196549713611602783e-01,-6.054485961794853210e-02
-3.396714329719543457e-01,-5.123377442359924316e-01,8.044822812080383301e-01,2.211028710007667542e-02,2.693085744976997375e-02,6.174230575561523438e-01,7.858591675758361816e-01,-5.427802205085754395e-01,5.365618690848350525e-02,5.023322701454162598e-01,1.795360594987869263e-01,-3.214909434318542480e-01,5.970554053783416748e-02,1.594694405794143677e-01,-5.272945016622543335e-02,5.229953303933143616e-02,2.378714382648468018e-01,-1.504078805446624756e-01,1.250459551811218262e-01,2.255534231662750244e-01,0.000000000000000000e+00,0.000000000000000000e+00,3.065793514251708984e-01,-1.485686451196670532e-01,-2.728270590305328369e-01,-3.520211279392242432e-01,-1.716101318597793579e-01,-2.678688466548919678e-01,-1.579621583223342896e-01,-3.493106365203857422e-02,-1.594614684581756592e-01,3.342159688472747803e-01,-8.946623206138610840e-01,2.237253449857234955e-02,-3.239928483963012695e-01,-8.831998705863952637e-02
-3.429493904113769531e-01,-4.579521119594573975e-01,7.935760617256164551e-01,1.716382987797260284e-02,1.873686909675598145e-02,6.009497046470642090e-01,7.988828420639038086e-01,-5.367376804351806641e-01,8.902728557586669922e-02,4.935270845890045166e-01,2.653180062770843506e-01,-2.023858278989791870e-01,1.085052266716957092e-01,1.885019838809967041e-01,-5.939025804400444031e-02,9.580019861459732056e-02,2.902431488037109375e-01,-2.343950420618057251e-02,1.430881619453430176e-01,2.742936909198760986e-01,0.000000000000000000e+00,0.000000000000000000e+00,3.170025050640106201e-01,-1.346098780632019043e-01,-2.814677059650421143e-01,-3.495686054229736328e-01,-1.521623432636260986e-01,-2.657312154769897461e-01,-1.517363637685775757e-01,-1.056926511228084564e-02,-1.347217112779617310e-01,3.103380501270294189e-01,-8.773917555809020996e-01,4.819292202591896057e-02,-3.031439781188964844e-01,-1.060323193669319153e-01
-3.506129980087280273e-01,-4.035259187221527100e-01,7.904016971588134766e-01,2.379836700856685638e-02,1.644842140376567841e-02,5.947837829589843750e-01,8.033649921417236328e-01,-5.089176893234252930e-01,6.856187433004379272e-02,4.648902118206024170e-01,3.231820762157440186e-01,-1.226274073123931885e-01,1.381606459617614746e-01,2.075902670621871948e-01,-9.564878791570663452e-02,9.094551205635070801e-02,3.602251410484313965e-01,1.802417039871215820e-01,1.244043931365013123e-01,2.909786999225616455e-01,0.000000000000000000e+00,0.000000000000000000e+00,3.242943882942199707e-01,-1.428340077400207520e-01,-2.915326058864593506e-01,-3.452794849872589111e-01,-1.364838331937789917e-01,-2.553849816322326660e-01,-1.431615054607391357e-01,1.250635739415884018e-02,-1.178041622042655945e-01,2.832062840461730957e-01,-8.213938474655151367e-01,5.503595247864723206e-02,-2.840566337108612061e-01,-9.759204089641571045e-02
-3.565481901168823242e-01,-3.526123464107513428e-01,7.941137552261352539e-01,3.416793420910835266e-02,1.456652488559484482e-02,5.991494655609130859e-01,7.997751235961914062e-01,-4.821499288082122803e-01,3.130367025732994080e-02,4.301903843879699707e-01,3.849310576915740967e-01,-1.308777928352355957e-01,1.901517361402511597e-01,2.191736102104187012e-01,-1.218371540307998657e-01,5.368734523653984070e-02,4.420878291130065918e-01,4.016400575637817383e-01,1.460760384798049927e-01,2.855662107467651367e-01,0.000000000000000000e+00,0.000000000000000000e+00,3.185059726238250732e-01,-1.509889066219329834e-01,-3.160996139049530029e-01,-3.285531699657440186e-01,-1.016217693686485291e-01,-2.527866363525390625e-01,-1.440669298171997070e-01,5.830305442214012146e-02,-1.036891713738441467e-01,2.618485391139984131e-01,-7.621631622314453125e-01,3.991851955652236938e-02,-2.712846994400024414e-01,-9.740098565816879272e-02
-3.614606559276580811e-01,-3.041094243526458740e-01,8.007661104202270508e-01,2.769206278026103973e-02,8.997861295938491821e-03,6.151773929595947266e-01,7.878508567810058594e-01,-4.496224820613861084e-01,8.482425473630428314e-03,3.881318271160125732e-01,3.983738422393798828e-01,-1.491861492395401001e-01,2.228674441576004028e-01,1.625065058469772339e-01,-1.589175611734390259e-01,-8.876623213291168213e-02,5.620738267898559570e-01,4.707532227039337158e-01,4.500176012516021729e-02,2.476409226655960083e-01,0.000000000000000000e+00,0.000000000000000000e+00,2.848322987556457520e-01,-1.393346488475799561e-01,-3.169804811477661133e-01,-3.209297955036163330e-01,-1.006908193230628967e-01,-2.466209679841995239e-01,-1.462988555431365967e-01,8.189799636602401733e-02,-7.451529055833816528e-02,2.572106420993804932e-01,-7.016307115554809570e-01,3.441978245973587036e-02,-2.658223807811737061e-01,-8.848030865192413330e-02
-3.668923079967498779e-01,-2.561261951923370361e-01,8.086678981781005859e-01,2.067512087523937225e-02,3.151914803311228752e-03,6.355139613151550293e-01,7.718060612678527832e-01,-3.906416893005371094e-01,-2.289631403982639313e-02,3.357326090335845947e-01,3.610009551048278809e-01,-1.550941020250320435e-01,2.255206555128097534e-01,5.221623182296752930e-02,-1.916509419679641724e-01,-1.957067102193832397e-01,6.867132782936096191e-01,3.495165705680847168e-01,-5.425826832652091980e-02,1.930224895477294922e-01,0.000000000000000000e+00,0.000000000000000000e+00,2.454068511724472046e-01,-1.201403513550758362e-01,-3.137319684028625488e-01,-3.330955803394317627e-01,-1.137702465057373047e-01,-2.522806823253631592e-01,-1.399754285812377930e-01,9.196482598781585693e-02,-5.067596212029457092e-02,2.662205100059509277e-01,-6.318531632423400879e-01,4.354419931769371033e-02,-2.691667079925537109e-01,-6.994478404521942139e-02
-3.704156279563903809e-01,-2.124064713716506958e-01,8.173776268959045410e-01,1.652857102453708649e-02,-8.187074563466012478e-04,6.645035147666931152e-01,7.471018433570861816e-01,-3.318426012992858887e-01,-5.842676013708114624e-02,2.724668085575103760e-01,3.221880495548248291e-01,-1.636627465486526489e-01,2.126528620719909668e-01,-4.884928464889526367e-02,-1.925140917301177979e-01,-2.490699738264083862e-01,7.425253391265869141e-01,2.150215804576873779e-01,-9.222404658794403076e-02,1.143389791250228882e-01,0.000000000000000000e+00,0.000000000000000000e+00,2.061341404914855957e-01,-9.905374795198440552e-02,-3.069055676460266113e-01,-3.618150055408477783e-01,-1.231855228543281555e-01,-2.735850811004638672e-01,-1.176225766539573669e-01,9.995020180940628052e-02,-3.374229744076728821e-02,2.910851538181304932e-01,-5.535629987716674805e-01,4.304737970232963562e-02,-2.761903703212738037e-01,-5.318222194910049438e-02
-3.726290762424468994e-01,-1.712799668312072754e-01,8.251046538352966309e-01,1.442612428218126297e-02,-2.308089518919587135e-03,6.924653649330139160e-01,7.213031649589538574e-01,-2.770624160766601562e-01,-8.941961079835891724e-02,2.023628056049346924e-01,2.884264886379241943e-01,-1.717927604913711548e-01,1.957395821809768677e-01,-1.434181481599807739e-01,-1.737800687551498413e-01,-2.592921257019042969e-01,7.328770756721496582e-01,1.000898256897926331e-01,-9.517087787389755249e-02,4.091220721602439880e-02,0.000000000000000000e+00,0.000000000000000000e+00,1.703858226537704468e-01,-8.198916167020797729e-02,-2.885381579399108887e-01,-4.090007543563842773e-01,-1.204239502549171448e-01,-2.890790104866027832e-01,-1.006141006946563721e-01,1.176952496170997620e-01,-2.422280423343181610e-02,2.968914806842803955e-01,-4.966571331024169922e-01,7.265751808881759644e-02,-2.633520960807800293e-01,-2.512159571051597595e-02
-3.739976882934570312e-01,-1.315044164657592773e-01,8.309864997863769531e-01,1.239745412021875381e-02,-3.795574419200420380e-03,7.201966047286987305e-01,6.936488747596740723e-01,-2.259169369935989380e-01,-1.094849705696105957e-01,1.377283185720443726e-01,2.628015279769897461e-01,-1.734788119792938232e-01,1.774372458457946777e-01,-2.205429971218109131e-01,-1.633641868829727173e-01,-2.906483709812164307e-01,6.670761704444885254e-01,-8.620444685220718384e-03,-8.395008742809295654e-02,-3.218752890825271606e-02,0.000000000000000000e+00,0.000000000000000000e+00,1.510634422302246094e-01,-5.506270751357078552e-02,-2.854197919368743896e-01,-4.936783611774444580e-01,-9.626363962888717651e-02,-2.917426526546478271e-01,-6.830181926488876343e-02,1.434720009565353394e-01,-8.796094916760921478e-03,2.894108891487121582e-01,-4.591229259967803955e-01,6.703865528106689453e-02,-2.532556653022766113e-01,3.963246010243892670e-03
-3.754067420959472656e-01,-9.220724552869796753e-02,8.341307640075683594e-01,1.318051200360059738e-02,-4.809151403605937958e-03,7.421762943267822266e-01,6.700577735900878906e-01,-1.731208264827728271e-01,-1.264214813709259033e-01,6.278070807456970215e-02,2.449116557836532593e-01,-1.804614663124084473e-01,1.507270634174346924e-01,-2.775038182735443115e-01,-1.612917929887771606e-01,-3.198041915893554688e-01,5.551154613494873047e-01,-8.063826709985733032e-02,-7.006527483463287354e-02,-8.245319873094558716e-02,0.000000000000000000e+00,0.000000000000000000e+00,1.224470287561416626e-01,-3.351039811968803406e-02,-2.721520066261291504e-01,-5.607371330261230469e-01,-1.042194142937660217e-01,-3.112686872482299805e-01,-4.194172471761703491e-02,1.777516454458236694e-01,3.572036512196063995e-03,2.679418027400970459e-01,-4.337238669395446777e-01,6.305409222841262817e-02,-2.457057088613510132e-01,9.584406390786170959e-03
-3.757248222827911377e-01,-5.495779216289520264e-02,8.346608281135559082e-01,1.363369543105363846e-02,-3.461279673501849174e-03,7.655137181282043457e-01,6.432657837867736816e-01,-1.367985755205154419e-01,-1.373426318168640137e-01,-6.812311243265867233e-03,2.454429715871810913e-01,-1.943783164024353027e-01,1.334018409252166748e-01,-3.335559070110321045e-01,-1.489464491605758667e-01,-3.055962026119232178e-01,4.323416352272033691e-01,-1.269769221544265747e-01,-2.072332426905632019e-02,-1.354521960020065308e-01,0.000000000000000000e+00,0.000000000000000000e+00,9.831064939498901367e-02,-1.093296334147453308e-02,-2.673646509647369385e-01,-6.411246657371520996e-01,-9.457518160343170166e-02,-3.264055550098419189e-01,-2.474793232977390289e-02,2.095775604248046875e-01,1.087937597185373306e-02,2.511131763458251953e-01,-4.184382259845733643e-01,6.500532478094100952e-02,-2.326995730400085449e-01,2.428413368761539459e-02
-3.764830231666564941e-01,-1.774460449814796448e-02,8.330512642860412598e-01,1.395338121801614761e-02,-2.257609041407704353e-03,7.828214764595031738e-01,6.220858097076416016e-01,-1.033066511154174805e-01,-1.431933194398880005e-01,-7.239486277103424072e-02,2.513654530048370361e-01,-1.954108923673629761e-01,1.210903301835060120e-01,-3.873130083084106445e-01,-1.321447193622589111e-01,-2.404492348432540894e-01,3.046598434448242188e-01,-1.495936214923858643e-01,2.444609766826033592e-03,-1.664845794439315796e-01,0.000000000000000000e+00,0.000000000000000000e+00,7.604474574327468872e-02,1.056012697517871857e-02,-2.736469209194183350e-01,-7.187392711639404297e-01,-6.747289001941680908e-02,-3.445089757442474365e-01,-4.641443956643342972e-03,2.431279271841049194e-01,2.046851813793182373e-02,2.395493239164352417e-01,-4.130733311176300049e-01,4.931550472974777222e-02,-2.305424809455871582e-01,2.822243236005306244e-02
-3.773856163024902344e-01,1.807427965104579926e-02,8.315391540527343750e-01,1.358873490244150162e-02,-1.802852377295494080e-03,7.966018319129943848e-01,6.043488979339599609e-01,-8.142606168985366821e-02,-1.402342170476913452e-01,-1.154334321618080139e-01,2.731857001781463623e-01,-2.181972563266754150e-01,1.097736209630966187e-01,-4.382426142692565918e-01,-1.174045652151107788e-01,-1.462473571300506592e-01,1.980444192886352539e-01,-1.651921570301055908e-01,1.836504787206649780e-02,-1.844314634799957275e-01,0.000000000000000000e+00,0.000000000000000000e+00,5.726653710007667542e-02,1.660433411598205566e-02,-2.605128586292266846e-01,-7.842777371406555176e-01,-5.495361238718032837e-02,-3.553243577480316162e-01,1.354871038347482681e-02,2.750759720802307129e-01,3.350541740655899048e-02,2.219284325838088989e-01,-4.144528210163116455e-01,4.770930856466293335e-02,-2.290645837783813477e-01,2.882788330316543579e-02
-3.779301643371582031e-01,5.498898029327392578e-02,8.305055499076843262e-01,1.115017477422952652e-02,-7.951209321618080139e-03,8.076465129852294922e-01,5.895079374313354492e-01,-5.272274464368820190e-02,-1.207949891686439514e-01,-1.478257775306701660e-01,2.947384119033813477e-01,-2.368165999650955200e-01,9.082202613353729248e-02,-4.695198535919189453e-01,-9.253963828086853027e-02,-4.854546859860420227e-02,1.037967652082443237e-01,-1.935280114412307739e-01,2.968384884297847748e-02,-1.882931590080261230e-01,0.000000000000000000e+00,0.000000000000000000e+00,4.286633804440498352e-02,3.312735259532928467e-02,-2.600865066051483154e-01,-8.379361629486083984e-01,-6.209315732121467590e-02,-3.660406470298767090e-01,3.199857845902442932e-02,3.148580491542816162e-01,5.631981417536735535e-02,2.028000503778457642e-01,-4.244468808174133301e-01,5.158996954560279846e-02,-2.291047722101211548e-01,3.072449564933776855e-02
-3.790358304977416992e-01,9.201968461275100708e-02,8.282779455184936523e-01,1.076987106353044510e-02,-1.499473582953214645e-02,8.186705708503723145e-01,5.739666223526000977e-01,-2.271826192736625671e-02,-9.965027123689651489e-02,-1.723786890506744385e-01,3.204407095909118652e-01,-2.521108984947204590e-01,6.478224694728851318e-02,-4.753170311450958252e-01,-7.872927933931350708e-02,5.455117672681808472e-03,3.457101061940193176e-02,-2.078030109405517578e-01,5.193638056516647339e-02,-1.913678199052810669e-01,0.000000000000000000e+00,0.000000000000000000e+00,3.585654869675636292e-02,4.703009873628616333e-02,-2.683544158935546875e-01,-8.786522150039672852e-01,-6.038188934326171875e-02,-3.701418042182922363e-01,4.598339274525642395e-02,3.519870042800903320e-01,7.431495189666748047e-02,1.930383592844009399e-01,-4.362109005451202393e-01,4.025010392069816589e-02,-2.277822196483612061e-01,4.691998660564422607e-02
-3.803205192089080811e-01,1.311968564987182617e-01,8.248592019081115723e-01,1.501644682139158249e-02,-1.883749105036258698e-02,8.337576389312744141e-01,5.516048073768615723e-01,7.845091633498668671e-03,-8.633913844823837280e-02,-2.046153098344802856e-01,3.541505336761474609e-01,-2.654437124729156494e-01,4.669634252786636353e-02,-4.678820073604583740e-01,-8.926792442798614502e-02,2.889268286526203156e-02,3.374074399471282959e-02,-2.187054157257080078e-01,6.509935110807418823e-02,-2.102271467447280884e-01,0.000000000000000000e+00,0.000000000000000000e+00,2.927156351506710052e-02,4.378479719161987305e-02,-2.619680166244506836e-01,-8.901666998863220215e-01,-6.179605051875114441e-02,-3.662529587745666504e-01,3.383797407150268555e-02,3.824633657932281494e-01,7.723780721426010132e-02,1.929208487272262573e-01,-4.443474709987640381e-01,5.400442332029342651e-02,-2.227437943220138550e-01,6.338194757699966431e-02
-3.796546161174774170e-01,1.714959293603897095e-01,8.197609186172485352e-01,1.921435818076133728e-02,-1.933410763740539551e-02,8.512362837791442871e-01,5.240742564201354980e-01,2.768197283148765564e-02,-6.998561322689056396e-02,-2.345337122678756714e-01,3.973421156406402588e-01,-2.681637704372406006e-01,2.082560211420059204e-02,-4.686922132968902588e-01,-1.009443253278732300e-01,7.633335888385772705e-02,1.013977527618408203e-01,-2.335184961557388306e-01,5.533284321427345276e-02,-2.430659532546997070e-01,0.000000000000000000e+00,0.000000000000000000e+00,3.542790561914443970e-02,3.075542300939559937e-02,-2.346153855323791504e-01,-8.972553610801696777e-01,-8.535116165876388550e-02,-3.734222054481506348e-01,4.642117023468017578e-02,3.952158987522125244e-01,7.241827249526977539e-02,2.003821432590484619e-01,-4.429950118064880371e-01,6.205719336867332458e-02,-2.264741063117980957e-01,9.161442518234252930e-02
-3.796831667423248291e-01,2.146117985248565674e-01,8.100510239601135254e-01,2.763049677014350891e-02,-5.889660213142633438e-03,8.670963048934936523e-01,4.973387420177459717e-01,4.581252112984657288e-02,-7.118346542119979858e-02,-2.510434687137603760e-01,4.327437579631805420e-01,-2.648112177848815918e-01,-1.335666020167991519e-04,-4.666084647178649902e-01,-1.378462165594100952e-01,5.681112408638000488e-02,1.798017174005508423e-01,-1.627921909093856812e-01,6.653549522161483765e-02,-2.768815159797668457e-01,0.000000000000000000e+00,0.000000000000000000e+00,5.082907527685165405e-02,-9.705926291644573212e-03,-2.079582065343856812e-01,-8.953825831413269043e-01,-5.940071120858192444e-02,-3.785949051380157471e-01,6.261634081602096558e-02,3.975944519042968750e-01,4.854235053062438965e-02,2.070659250020980835e-01,-4.438261389732360840e-01,6.024396792054176331e-02,-2.289403378963470459e-01,8.815950155258178711e-02
-3.781448006629943848e-01,2.537760734558105469e-01,8.021752834320068359e-01,3.252464532852172852e-02,7.300115656107664108e-03,8.783397078514099121e-01,4.768733978271484375e-01,5.276077985763549805e-02,-6.766001880168914795e-02,-2.539032101631164551e-01,4.677616953849792480e-01,-2.443381249904632568e-01,-1.098140422254800797e-02,-4.562398791313171387e-01,-1.659434139728546143e-01,2.811426296830177307e-02,2.327827215194702148e-01,-5.808914080262184143e-02,6.817628443241119385e-02,-2.951301634311676025e-01,0.000000000000000000e+00,0.000000000000000000e+00,6.565827131271362305e-02,-4.754961282014846802e-02,-1.862870752811431885e-01,-8.709529042243957520e-01,-6.487965583801269531e-02,-3.689329922199249268e-01,7.067631185054779053e-02,3.788999617099761963e-01,2.989874966442584991e-02,2.067396342754364014e-01,-4.261015355587005615e-01,6.030707061290740967e-02,-2.270310372114181519e-01,9.858601540327072144e-02
-3.767719566822052002e-01,2.885586917400360107e-01,8.030534982681274414e-01,3.666126355528831482e-02,1.068337354809045792e-02,8.864675760269165039e-01,4.612125456333160400e-01,5.472393333911895752e-02,-4.996094107627868652e-02,-2.313300520181655884e-01,5.223067998886108398e-01,-2.141839116811752319e-01,-7.413194049149751663e-03,-4.209335148334503174e-01,-1.751970648765563965e-01,-2.454396896064281464e-02,2.585952579975128174e-01,-9.000158170238137245e-04,5.113157257437705994e-02,-2.995062172412872314e-01,0.000000000000000000e+00,0.000000000000000000e+00,9.091173857450485229e-02,-6.677609682083129883e-02,-1.739979684352874756e-01,-8.204898834228515625e-01,-8.957860618829727173e-02,-3.456303775310516357e-01,5.713270604610443115e-02,3.625019788742065430e-01,1.817444898188114166e-02,2.163666188716888428e-01,-3.999591171741485596e-01,6.453571468591690063e-02,-2.186270803213119507e-01,9.029588848352432251e-02
-3.747234344482421875e-01,3.175125718116760254e-01,8.037290573120117188e-01,3.505577147006988525e-02,1.482860371470451355e-02,8.929892778396606445e-01,4.484655261039733887e-01,4.967183619737625122e-02,-2.458359859883785248e-02,-1.869476437568664551e-01,5.454630255699157715e-01,-1.476050168275833130e-01,-1.651225052773952484e-02,-4.112598001956939697e-01,-1.762444525957107544e-01,-7.104838639497756958e-02,2.909587621688842773e-01,3.126728534698486328e-02,-6.831645965576171875e-03,-2.896336317062377930e-01,0.000000000000000000e+00,0.000000000000000000e+00,9.030611068010330200e-02,-9.068350493907928467e-02,-1.587196439504623413e-01,-7.261740565299987793e-01,-1.194866597652435303e-01,-3.112563192844390869e-01,3.806966170668601990e-02,3.329688012599945068e-01,1.671986654400825500e-02,2.003537267446517944e-01,-3.855787813663482666e-01,6.257054209709167480e-02,-2.027647644281387329e-01,8.137006312608718872e-02
-3.725926280021667480e-01,3.428615331649780273e-01,8.070298433303833008e-01,2.969547733664512634e-02,1.926619932055473328e-02,9.020915031433105469e-01,4.300905466079711914e-01,2.021776884794235229e-02,2.667116373777389526e-02,-8.664768189191818237e-02,5.749577283859252930e-01,-1.047037392854690552e-01,-2.306102775037288666e-03,-4.111758470535278320e-01,-1.801688373088836670e-01,-1.144206821918487549e-01,3.268855214118957520e-01,1.595919369719922543e-03,-5.324773117899894714e-02,-2.836722433567047119e-01,0.000000000000000000e+00,0.000000000000000000e+00,6.858640164136886597e-02,-7.353699952363967896e-02,-2.248948216438293457e-01,-5.991943478584289551e-01,-6.542702764272689819e-02,-3.012248873710632324e-01,3.813672810792922974e-02,2.911628782749176025e-01,1.277269702404737473e-02,2.151950001716613770e-01,-3.805485665798187256e-01,3.174503147602081299e-02,-1.978358626365661621e-01,4.007790982723236084e-02
-3.709056973457336426e-01,3.663306236267089844e-01,8.120554089546203613e-01,2.481679432094097137e-02,2.445686794817447662e-02,9.139389395713806152e-01,4.043532609939575195e-01,-2.092675492167472839e-02,9.175426512956619263e-02,4.480824247002601624e-02,6.038064360618591309e-01,-1.052056327462196350e-01,4.232517629861831665e-02,-3.917658329010009766e-01,-1.951538920402526855e-01,-1.714044064283370972e-01,3.417355120182037354e-01,-2.782290801405906677e-02,-5.383270978927612305e-02,-2.822458744049072266e-01,0.000000000000000000e+00,0.000000000000000000e+00,7.696536183357238770e-02,-6.858572363853454590e-02,-2.508341073989868164e-01,-5.325447320938110352e-01,-8.432740718126296997e-02,-2.730592787265777588e-01,-1.303248107433319092e-03,2.763409912586212158e-01,1.545481849461793900e-03,2.253770530223846436e-01,-4.245802164077758789e-01,1.652551442384719849e-02,-2.032669186592102051e-01,1.134060416370630264e-02
-3.703851997852325439e-01,3.852550983428955078e-01,8.174212574958801270e-01,1.892477646470069885e-02,3.075542859733104706e-02,9.222754240036010742e-01,3.848427534103393555e-01,-4.840059205889701843e-02,1.247568726539611816e-01,1.663847714662551880e-01,5.931122899055480957e-01,-1.138729453086853027e-01,5.846126750111579895e-02,-3.740632832050323486e-01,-2.044778317213058472e-01,-2.143488079309463501e-01,3.359017968177795410e-01,-4.953716322779655457e-02,-4.573293775320053101e-02,-2.672894001007080078e-01,0.000000000000000000e+00,0.000000000000000000e+00,8.561047166585922241e-02,-6.615912169218063354e-02,-2.701401412487030029e-01,-4.733246862888336182e-01,-9.005254507064819336e-02,-2.532665431499481201e-01,-2.871897816658020020e-02,2.577511668205261230e-01,-1.527042314410209656e-02,2.342426478862762451e-01,-4.714698195457458496e-01,-5.164191592484712601e-03,-2.064605057239532471e-01,1.393956970423460007e-02
-3.702027499675750732e-01,4.019329249858856201e-01,8.217821717262268066e-01,1.292305532842874527e-02,3.448939695954322815e-02,9.293649196624755859e-01,3.673204183578491211e-01,-6.133802235126495361e-02,1.235990971326828003e-01,2.466628253459930420e-01,5.482588410377502441e-01,-9.810706973075866699e-02,3.978868946433067322e-02,-3.538221418857574463e-01,-2.072753906250000000e-01,-2.566080391407012939e-01,3.212962150573730469e-01,-5.923511832952499390e-02,-4.020731523633003235e-02,-2.442059516906738281e-01,0.000000000000000000e+00,0.000000000000000000e+00,1.073992922902107239e-01,-5.835584923624992371e-02,-2.744045853614807129e-01,-4.399120509624481201e-01,-1.018525809049606323e-01,-2.423076033592224121e-01,-2.079977281391620636e-02,2.433342784643173218e-01,-3.515785932540893555e-02,2.335035651922225952e-01,-5.292661786079406738e-01,-5.462060682475566864e-03,-2.232289612293243408e-01,-3.507469082251191139e-03
-3.686078786849975586e-01,4.167503416538238525e-01,8.256857991218566895e-01,7.550788577646017075e-03,3.787321224808692932e-02,9.370625615119934082e-01,3.470193147659301758e-01,-7.397001236677169800e-02,1.502524912357330322e-01,3.828343152999877930e-01,5.289976596832275391e-01,-9.153795242309570312e-02,4.980024322867393494e-02,-3.410321474075317383e-01,-2.123464345932006836e-01,-3.026740252971649170e-01,3.200263082981109619e-01,-7.769688963890075684e-02,-4.092254862189292908e-02,-2.281643003225326538e-01,0.000000000000000000e+00,0.000000000000000000e+00,1.378224790096282959e-01,-5.228589475154876709e-02,-2.453282475471496582e-01,-4.317464828491210938e-01,-6.648935377597808838e-02,-2.389719933271408081e-01,-1.128999888896942139e-02,2.265747636556625366e-01,-5.727349594235420227e-02,2.209040820598602295e-01,-5.850540995597839355e-01,-2.518127858638763428e-02,-2.363834679126739502e-01,-1.499424874782562256e-02
-3.673098087310791016e-01,4.299839437007904053e-01,8.288615942001342773e-01,2.235705265775322914e-03,4.088156670331954956e-02,9.465407729148864746e-01,3.199754357337951660e-01,-7.916834950447082520e-02,1.907936781644821167e-01,5.332570075988769531e-01,5.232329368591308594e-01,-7.834791392087936401e-02,8.257656544446945190e-02,-3.234912455081939697e-01,-2.209994792938232422e-01,-3.550072610378265381e-01,3.174786567687988281e-01,-9.045831114053726196e-02,-3.708837553858757019e-02,-2.276901602745056152e-01,0.000000000000000000e+00,0.000000000000000000e+00,1.642134189605712891e-01,-3.768186271190643311e-02,-2.121261060237884521e-01,-4.406166374683380127e-01,-4.632748663425445557e-02,-2.465222775936126709e-01,-1.138877216726541519e-02,2.086268514394760132e-01,-8.108444511890411377e-02,2.024753689765930176e-01,-6.349665522575378418e-01,-2.843357250094413757e-02,-2.473825514316558838e-01,-2.809279784560203552e-02
-3.664111196994781494e-01,4.421713650226593018e-01,8.313695788383483887e-01,-1.541552133858203888e-03,4.235943406820297241e-02,9.560256004333496094e-01,2.902040779590606689e-01,-8.010379225015640259e-02,2.157216221094131470e-01,6.303222179412841797e-01,5.120168924331665039e-01,-7.090728729963302612e-02,1.112716123461723328e-01,-3.021812736988067627e-01,-2.262598276138305664e-01,-4.012641310691833496e-01,3.122448623180389404e-01,-1.027675792574882507e-01,-3.371933847665786743e-02,-2.317330390214920044e-01,0.000000000000000000e+00,0.000000000000000000e+00,1.859042346477508545e-01,-1.533244643360376358e-02,-1.974456459283828735e-01,-4.543614089488983154e-01,-6.278700381517410278e-02,-2.436031401157379150e-01,-4.099232330918312073e-02,1.952526867389678955e-01,-9.728270024061203003e-02,1.685833036899566650e-01,-6.754854321479797363e-01,-3.796328231692314148e-02,-2.519368827342987061e-01,-2.510715648531913757e-02
-3.660748600959777832e-01,4.532055556774139404e-01,8.333025574684143066e-01,-3.949829842895269394e-03,4.332861304283142090e-02,9.646183848381042480e-01,2.600353658199310303e-01,-7.603544741868972778e-02,2.325447946786880493e-01,7.056427597999572754e-01,4.897992312908172607e-01,-7.040079683065414429e-02,1.358381658792495728e-01,-2.809781730175018311e-01,-2.305241972208023071e-01,-4.401700794696807861e-01,3.098830282688140869e-01,-1.145785674452781677e-01,-2.792130224406719208e-02,-2.325918823480606079e-01,0.000000000000000000e+00,0.000000000000000000e+00,2.010869681835174561e-01,5.670094396919012070e-03,-1.914231479167938232e-01,-4.655451476573944092e-01,-7.517650723457336426e-02,-2.388358116149902344e-01,-5.735328420996665955e-02,1.880028843879699707e-01,-1.124283671379089355e-01,1.278153508901596069e-01,-7.034069299697875977e-01,-4.306980967521667480e-02,-2.534672319889068604e-01,-4.694846272468566895e-02
-3.666479587554931641e-01,4.630772471427917480e-01,8.346159458160400391e-01,-4.671212285757064819e-03,4.325447231531143188e-02,9.714608192443847656e-01,2.331760376691818237e-01,-6.745187193155288696e-02,2.367431372404098511e-01,7.509720921516418457e-01,4.590313136577606201e-01,-7.428470253944396973e-02,1.263868808746337891e-01,-2.614929676055908203e-01,-2.325726300477981567e-01,-4.699466824531555176e-01,3.116300404071807861e-01,-1.241807639598846436e-01,-2.195508405566215515e-02,-2.261805981397628784e-01,0.000000000000000000e+00,0.000000000000000000e+00,2.119662612676620483e-01,2.436773851513862610e-02,-1.784526407718658447e-01,-4.755448400974273682e-01,-8.095543831586837769e-02,-2.410201281309127808e-01,-6.852342933416366577e-02,1.863880157470703125e-01,-1.230363473296165466e-01,8.753375709056854248e-02,-7.245641350746154785e-01,-6.771743297576904297e-02,-2.612661719322204590e-01,-7.121285796165466309e-02
-3.670250177383422852e-01,4.713970124721527100e-01,8.356006741523742676e-01,-6.331255659461021423e-03,4.279416054487228394e-02,9.766759276390075684e-01,2.103157937526702881e-01,-6.690303981304168701e-02,2.363095730543136597e-01,7.484003901481628418e-01,4.300841987133026123e-01,-7.161710411310195923e-02,1.195918768644332886e-01,-2.531582415103912354e-01,-2.304975092411041260e-01,-4.757491350173950195e-01,3.180453777313232422e-01,-1.333225667476654053e-01,-1.925219222903251648e-02,-2.106392979621887207e-01,0.000000000000000000e+00,0.000000000000000000e+00,2.094292342662811279e-01,3.540464863181114197e-02,-1.525150984525680542e-01,-4.709404408931732178e-01,-8.600649982690811157e-02,-2.413928210735321045e-01,-8.364659547805786133e-02,1.858260631561279297e-01,-1.282468885183334351e-01,4.873993247747421265e-02,-7.367156147956848145e-01,-8.236209303140640259e-02,-2.649030089378356934e-01,-9.335920959711074829e-02
-3.662856221199035645e-01,4.779981672763824463e-01,8.356044888496398926e-01,-8.355436846613883972e-03,4.151996225118637085e-02,9.817396998405456543e-01,1.854545325040817261e-01,-8.220896124839782715e-02,2.369800359010696411e-01,6.993394494056701660e-01,4.161924719810485840e-01,-7.530775666236877441e-02,1.149617284536361694e-01,-2.451387643814086914e-01,-2.290219217538833618e-01,-4.767658114433288574e-01,3.247081339359283447e-01,-1.464872956275939941e-01,-1.684880256652832031e-02,-2.002183198928833008e-01,0.000000000000000000e+00,0.000000000000000000e+00,2.248989790678024292e-01,7.222352176904678345e-02,-1.932261139154434204e-01,-5.033532977104187012e-01,-5.282108113169670105e-02,-2.512772083282470703e-01,-8.297083526849746704e-02,1.826201230287551880e-01,-1.427495032548904419e-01,3.610148653388023376e-02,-7.369394302368164062e-01,-5.908530950546264648e-02,-2.627291679382324219e-01,-1.195104122161865234e-01
-3.664529323577880859e-01,4.838107824325561523e-01,8.356277346611022949e-01,-1.007058937102556229e-02,3.949716314673423767e-02,9.857664108276367188e-01,1.631046533584594727e-01,-1.003640964627265930e-01,2.389291971921920776e-01,6.398327946662902832e-01,4.101074934005737305e-01,-7.399237155914306641e-02,1.058415099978446960e-01,-2.391833961009979248e-01,-2.219596952199935913e-01,-4.609187543392181396e-01,3.300817608833312988e-01,-1.635906249284744263e-01,-1.837478950619697571e-02,-1.852824389934539795e-01,0.000000000000000000e+00,0.000000000000000000e+00,2.188429534435272217e-01,8.357419818639755249e-02,-1.768920421600341797e-01,-5.010455250740051270e-01,-1.287582982331514359e-02,-2.582873106002807617e-01,-6.545452773571014404e-02,1.703752130270004272e-01,-1.459740698337554932e-01,2.107049711048603058e-02,-7.220166325569152832e-01,-8.490730077028274536e-02,-2.659010589122772217e-01,-1.325470507144927979e-01
-3.659533858299255371e-01,4.883471131324768066e-01,8.347399830818176270e-01,-1.246293261647224426e-02,3.986512497067451477e-02,9.889846444129943848e-01,1.420028954744338989e-01,-1.219602525234222412e-01,2.371053993701934814e-01,5.835238695144653320e-01,4.097991585731506348e-01,-7.584786415100097656e-02,9.829917550086975098e-02,-2.345908582210540771e-01,-2.224222868680953979e-01,-4.588286280632019043e-01,3.347586989402770996e-01,-1.666016429662704468e-01,-1.665899530053138733e-02,-1.691514104604721069e-01,0.000000000000000000e+00,0.000000000000000000e+00,2.161404788494110107e-01,9.872165322303771973e-02,-1.722174882888793945e-01,-5.123195052146911621e-01,-1.104455324821174145e-03,-2.736794948577880859e-01,-4.949994385242462158e-02,1.626949906349182129e-01,-1.543086767196655273e-01,1.872515678405761719e-02,-7.071228623390197754e-01,-8.751892298460006714e-02,-2.721731662750244141e-01,-1.386483758687973022e-01
-3.655658662319183350e-01,4.916007816791534424e-01,8.345757722854614258e-01,-1.530428882688283920e-02,3.886142745614051819e-02,9.916192293167114258e-01,1.222574114799499512e-01,-1.398665904998779297e-01,2.358051389455795288e-01,5.368658304214477539e-01,4.033030569553375244e-01,-7.593628764152526855e-02,9.081036597490310669e-02,-2.341121286153793335e-01,-2.217139452695846558e-01,-4.594050645828247070e-01,3.396807014942169189e-01,-1.799612939357757568e-01,-3.077038377523422241e-02,-1.510440111160278320e-01,0.000000000000000000e+00,0.000000000000000000e+00,2.053663581609725952e-01,1.022716760635375977e-01,-1.447651237249374390e-01,-5.182982683181762695e-01,-8.123501203954219818e-03,-2.754478156566619873e-01,-4.407364502549171448e-02,1.598937362432479858e-01,-1.599132120609283447e-01,2.661502920091152191e-02,-6.939314007759094238e-01,-8.195061236619949341e-02,-2.802217602729797363e-01,-1.318525373935699463e-01
-3.637219071388244629e-01,4.935397803783416748e-01,8.345310688018798828e-01,-1.882317475974559784e-02,3.992752730846405029e-02,9.934375882148742676e-01,1.055142879486083984e-01,-1.575352400541305542e-01,2.287618368864059448e-01,5.019918084144592285e-01,3.945779800415039062e-01,-7.590570300817489624e-02,8.110312372446060181e-02,-2.334061115980148315e-01,-2.287508249282836914e-01,-4.857120513916015625e-01,3.455533087253570557e-01,-1.797064691781997681e-01,-2.549682185053825378e-02,-1.293529570102691650e-01,0.000000000000000000e+00,0.000000000000000000e+00,1.924744546413421631e-01,1.038690209388732910e-01,-1.354184895753860474e-01,-5.203117728233337402e-01,-1.602128148078918457e-02,-2.802839577198028564e-01,-3.679310157895088196e-02,1.532382965087890625e-01,-1.699126213788986206e-01,3.639338538050651550e-02,-6.795750260353088379e-01,-6.240583583712577820e-02,-2.823661565780639648e-01,-1.139774546027183533e-01
-3.620478808879852295e-01,4.948159456253051758e-01,8.347948193550109863e-01,-2.130877785384654999e-02,3.960451483726501465e-02,9.948859810829162598e-01,9.043942391872406006e-02,-1.652564257383346558e-01,2.226856350898742676e-01,4.815836250782012939e-01,3.764886558055877686e-01,-7.065183669328689575e-02,7.055187225341796875e-02,-2.358608990907669067e-01,-2.339606881141662598e-01,-5.129886269569396973e-01,3.508633375167846680e-01,-1.912885159254074097e-01,-3.240659460425376892e-02,-1.036303117871284485e-01,0.000000000000000000e+00,0.000000000000000000e+00,1.893851757049560547e-01,1.141061335802078247e-01,-1.504049301147460938e-01,-5.401216745376586914e-01,2.009544707834720612e-02,-2.860961258411407471e-01,-2.654892019927501678e-02,1.527002453804016113e-01,-1.723251640796661377e-01,4.136566445231437683e-02,-6.718580722808837891e-01,-6.232518702745437622e-02,-2.792957127094268799e-01,-9.977342933416366577e-02
-3.615995943546295166e-01,4.952677190303802490e-01,8.350580334663391113e-01,-2.387631498277187347e-02,4.054263234138488770e-02,9.961399435997009277e-01,7.410411536693572998e-02,-1.736388653516769409e-01,2.119707614183425903e-01,4.575611948966979980e-01,3.586412072181701660e-01,-7.131095975637435913e-02,6.560881435871124268e-02,-2.338336557149887085e-01,-2.404823750257492065e-01,-5.347173810005187988e-01,3.519081771373748779e-01,-1.929893642663955688e-01,-3.327227011322975159e-02,-8.045856654644012451e-02,0.000000000000000000e+00,0.000000000000000000e+00,1.776029020547866821e-01,1.139521449804306030e-01,-1.508975923061370850e-01,-5.438587665557861328e-01,1.656273379921913147e-02,-2.875392735004425049e-01,-1.736595295369625092e-02,1.539826393127441406e-01,-1.766811162233352661e-01,4.886902123689651489e-02,-6.681951880455017090e-01,-1.154994685202836990e-02,-2.787704169750213623e-01,-9.238496422767639160e-02
-3.597204983234405518e-01,4.957966506481170654e-01,8.356450796127319336e-01,-2.752276882529258728e-02,4.059723019599914551e-02,9.971094727516174316e-01,5.802646279335021973e-02,-1.836675405502319336e-01,2.048777192831039429e-01,4.374865293502807617e-01,3.382960855960845947e-01,-6.850606203079223633e-02,5.586506053805351257e-02,-2.401571571826934814e-01,-2.416232377290725708e-01,-5.280055403709411621e-01,3.577263951301574707e-01,-1.921733319759368896e-01,-2.648698538541793823e-02,-6.150170788168907166e-02,0.000000000000000000e+00,0.000000000000000000e+00,1.721430718898773193e-01,1.126488074660301208e-01,-1.476547867059707642e-01,-5.519718527793884277e-01,1.956915296614170074e-02,-2.844760715961456299e-01,-2.465413324534893036e-02,1.539916694164276123e-01,-1.746873408555984497e-01,6.402661651372909546e-02,-6.675724387168884277e-01,3.541749203577637672e-03,-2.756287157535552979e-01,-8.788372576236724854e-02
-3.574563562870025635e-01,4.960682690143585205e-01,8.348003029823303223e-01,-3.251399472355842590e-02,3.857450559735298157e-02,9.979507923126220703e-01,3.935861587524414062e-02,-1.996400356292724609e-01,1.961859315633773804e-01,3.906234204769134521e-01,3.216728270053863525e-01,-4.204012081027030945e-02,5.779745057225227356e-02,-2.499101012945175171e-01,-2.360039055347442627e-01,-4.937174022197723389e-01,3.626694381237030029e-01,-1.908979713916778564e-01,-2.811948768794536591e-02,-5.045683309435844421e-02,0.000000000000000000e+00,0.000000000000000000e+00,1.753861606121063232e-01,1.159008294343948364e-01,-1.479996144771575928e-01,-5.671350359916687012e-01,2.177588455379009247e-02,-2.935827076435089111e-01,-1.443850155919790268e-02,1.532486975193023682e-01,-1.613877415657043457e-01,6.745234876871109009e-02,-6.792361140251159668e-01,-4.820109345018863678e-03,-2.756389975547790527e-01,-8.107101172208786011e-02
-3.552886545658111572e-01,4.961701333522796631e-01,8.353932499885559082e-01,-3.671121224761009216e-02,3.994745016098022461e-02,9.983900189399719238e-01,1.654762960970401764e-02,-2.248925864696502686e-01,1.832636445760726929e-01,3.421444892883300781e-01,3.160282969474792480e-01,-6.267312914133071899e-02,4.882370680570602417e-02,-2.518242597579956055e-01,-2.327617704868316650e-01,-4.464069306850433350e-01,3.558263182640075684e-01,-1.893523186445236206e-01,-1.771037094295024872e-02,-4.448149353265762329e-02,0.000000000000000000e+00,0.000000000000000000e+00,1.715962588787078857e-01,1.131846681237220764e-01,-1.594305187463760376e-01,-5.719849467277526855e-01,3.369040042161941528e-02,-3.014671802520751953e-01,-9.140478447079658508e-03,1.566600203514099121e-01,-1.560146808624267578e-01,6.806682795286178589e-02,-6.877364516258239746e-01,1.453353092074394226e-02,-2.799963057041168213e-01,-7.801581174135208130e-02
-3.518964946269989014e-01,4.961609244346618652e-01,8.355839252471923828e-01,-4.197886958718299866e-02,3.824120014905929565e-02,9.983701109886169434e-01,-5.704715847969055176e-03,-2.507613897323608398e-01,1.761359274387359619e-01,3.005893230438232422e-01,3.117847442626953125e-01,-6.268648058176040649e-02,5.148861184716224670e-02,-2.610336244106292725e-01,-2.211480885744094849e-01,-3.847595751285552979e-01,3.542946577072143555e-01,-2.010285705327987671e-01,-7.929456420242786407e-03,-3.797254338860511780e-02,0.000000000000000000e+00,0.000000000000000000e+00,1.717987656593322754e-01,1.111403927206993103e-01,-1.640739142894744873e-01,-5.755594968795776367e-01,3.824233263731002808e-02,-3.124440610408782959e-01,-3.001539036631584167e-03,1.604720205068588257e-01,-1.486478000879287720e-01,7.739356160163879395e-02,-6.976698637008666992e-01,8.584329858422279358e-03,-2.861556708812713623e-01,-6.701476871967315674e-02
-3.487589657306671143e-01,4.960426986217498779e-01,8.352335691452026367e-01,-4.613328352570533752e-02,3.667495399713516235e-02,9.978904128074645996e-01,-2.722819335758686066e-02,-2.730320990085601807e-01,1.677891463041305542e-01,2.687670886516571045e-01,3.060397505760192871e-01,-5.887560918927192688e-02,4.797441512346267700e-02,-2.602395117282867432e-01,-2.123362571001052856e-01,-3.442824780941009521e-01,3.445261716842651367e-01,-2.032103240489959717e-01,-4.232186824083328247e-03,-3.177125751972198486e-02,0.000000000000000000e+00,0.000000000000000000e+00,1.754406541585922241e-01,1.083486676216125488e-01,-1.694743782281875610e-01,-5.787893533706665039e-01,3.703938052058219910e-02,-3.080627918243408203e-01,-9.339189156889915466e-03,1.625734120607376099e-01,-1.396691948175430298e-01,8.288189023733139038e-02,-7.045428156852722168e-01,1.363802235573530197e-02,-2.902077734470367432e-01,-6.056085601449012756e-02
-3.438233733177185059e-01,4.964773654937744141e-01,8.358496427536010742e-01,-5.254124477505683899e-02,3.539624437689781189e-02,9.969606399536132812e-01,-4.534380137920379639e-02,-3.019491434097290039e-01,1.633460223674774170e-01,2.553365826606750488e-01,3.083497583866119385e-01,-5.929843336343765259e-02,5.177666991949081421e-02,-2.674240171909332275e-01,-2.049758434295654297e-01,-3.178016543388366699e-01,3.390038311481475830e-01,-2.103079408407211304e-01,-1.501115737482905388e-03,-1.996681280434131622e-02,0.000000000000000000e+00,0.000000000000000000e+00,1.732311993837356567e-01,1.003309860825538635e-01,-1.700950860977172852e-01,-5.738486647605895996e-01,2.619114518165588379e-02,-3.074182868003845215e-01,4.723966412711888552e-04,1.579432487487792969e-01,-1.280647069215774536e-01,8.429988473653793335e-02,-7.099853754043579102e-01,1.545341499149799347e-02,-2.970537245273590088e-01,-4.658424109220504761e-02
-3.393456041812896729e-01,4.958914518356323242e-01,8.357135653495788574e-01,-5.919528380036354065e-02,3.263049572706222534e-02,9.961026906967163086e-01,-5.666218325495719910e-02,-3.244658708572387695e-01,1.605165153741836548e-01,2.513650357723236084e-01,3.050017952919006348e-01,-5.440814420580863953e-02,4.674774780869483948e-02,-2.745501995086669922e-01,-2.019462287425994873e-01,-3.223616778850555420e-01,3.310817778110504150e-01,-2.141993045806884766e-01,2.486492274329066277e-03,1.203097985126078129e-03,0.000000000000000000e+00,0.000000000000000000e+00,1.768603920936584473e-01,9.076309204101562500e-02,-1.637278348207473755e-01,-5.710694789886474609e-01,2.682515420019626617e-02,-3.053894937038421631e-01,-4.187788814306259155e-03,1.512290686368942261e-01,-1.220698282122612000e-01,1.001819446682929993e-01,-7.163423299789428711e-01,3.353850916028022766e-02,-3.011261224746704102e-01,-3.472797572612762451e-02
-3.352056741714477539e-01,4.945350289344787598e-01,8.357333540916442871e-01,-6.475825607776641846e-02,3.021451085805892944e-02,9.954575896263122559e-01,-6.290945410728454590e-02,-3.407188653945922852e-01,1.596824079751968384e-01,2.504534125328063965e-01,3.019316494464874268e-01,-5.569496005773544312e-02,4.481867328286170959e-02,-2.772107422351837158e-01,-2.032842487096786499e-01,-3.491562604904174805e-01,3.171940147876739502e-01,-2.134425938129425049e-01,-3.307929029688239098e-03,2.433187700808048248e-02,0.000000000000000000e+00,0.000000000000000000e+00,1.850432008504867554e-01,8.035086840391159058e-02,-1.679088771343231201e-01,-5.656525492668151855e-01,3.780053928494453430e-02,-3.049309253692626953e-01,6.616228725761175156e-03,1.386299133300781250e-01,-1.212780252099037170e-01,1.292493045330047607e-01,-7.181130051612854004e-01,3.130852058529853821e-02,-3.012808859348297119e-01,-4.659087955951690674e-02
-3.299121558666229248e-01,4.931656420230865479e-01,8.356513381004333496e-01,-7.128565013408660889e-02,2.869930863380432129e-02,9.947798848152160645e-01,-6.713914871215820312e-02,-3.598373830318450928e-01,1.558773517608642578e-01,2.466583102941513062e-01,3.012276291847229004e-01,-6.426328420639038086e-02,4.541475698351860046e-02,-2.846741974353790283e-01,-2.046586126089096069e-01,-3.648689687252044678e-01,3.037927746772766113e-01,-2.105921059846878052e-01,-1.079657953232526779e-02,4.385096952319145203e-02,0.000000000000000000e+00,0.000000000000000000e+00,1.977516710758209229e-01,7.037713378667831421e-02,-1.703720092773437500e-01,-5.635275244712829590e-01,2.989163994789123535e-02,-3.014130592346191406e-01,1.146264187991619110e-02,1.179138645529747009e-01,-1.202381402254104614e-01,1.475738734006881714e-01,-7.222386598587036133e-01,3.778180480003356934e-02,-3.088513016700744629e-01,-4.628002271056175232e-02
-3.247939646244049072e-01,4.908334910869598389e-01,8.356292247772216797e-01,-7.789477705955505371e-02,2.642437629401683807e-02,9.939462542533874512e-01,-7.283560186624526978e-02,-3.794537484645843506e-01,1.525624543428421021e-01,2.384067624807357788e-01,3.001567423343658447e-01,-7.316554337739944458e-02,4.501434788107872009e-02,-2.932017445564270020e-01,-2.062833011150360107e-01,-3.810761868953704834e-01,2.934345901012420654e-01,-2.115454226732254028e-01,-1.269846037030220032e-02,5.573614686727523804e-02,0.000000000000000000e+00,0.000000000000000000e+00,2.056569606065750122e-01,6.473641842603683472e-02,-1.835488379001617432e-01,-5.462774634361267090e-01,4.635759443044662476e-02,-3.110518753528594971e-01,-8.144785650074481964e-03,9.606335312128067017e-02,-1.254551857709884644e-01,1.775563657283782959e-01,-7.342409491539001465e-01,5.164887383580207825e-02,-3.131814599037170410e-01,-3.216657042503356934e-02
-3.200363218784332275e-01,4.873287379741668701e-01,8.348749876022338867e-01,-8.446533977985382080e-02,2.534950152039527893e-02,9.929653406143188477e-01,-7.901185750961303711e-02,-4.001417160034179688e-01,1.431815475225448608e-01,2.253544628620147705e-01,3.025007247924804688e-01,-9.047546237707138062e-02,4.746936634182929993e-02,-3.017856180667877197e-01,-2.143987417221069336e-01,-4.026059508323669434e-01,2.892288267612457275e-01,-2.109134644269943237e-01,2.428897423669695854e-03,6.282820552587509155e-02,0.000000000000000000e+00,0.000000000000000000e+00,2.295857816934585571e-01,4.831491038203239441e-02,-1.787284910678863525e-01,-5.483585000038146973e-01,2.247573249042034149e-02,-3.132769465446472168e-01,-1.671032980084419250e-02,7.730760425329208374e-02,-1.383348405361175537e-01,2.135631293058395386e-01,-7.613208889961242676e-01,7.939561456441879272e-02,-3.224919736385345459e-01,-4.209153726696968079e-02
-3.147276341915130615e-01,4.831714928150177002e-01,8.339514136314392090e-01,-9.066233038902282715e-02,2.304850518703460693e-02,9.915623664855957031e-01,-8.973980695009231567e-02,-4.226384162902832031e-01,1.345072537660598755e-01,2.122971713542938232e-01,3.020901978015899658e-01,-1.023488044738769531e-01,3.549990430474281311e-02,-3.136815726757049561e-01,-2.254009395837783813e-01,-4.250147342681884766e-01,2.946485877037048340e-01,-2.117254585027694702e-01,6.107999943196773529e-03,6.103646382689476013e-02,0.000000000000000000e+00,0.000000000000000000e+00,2.464815825223922729e-01,3.119719214737415314e-02,-1.775089204311370850e-01,-5.404542684555053711e-01,3.017934784293174744e-02,-3.192938864231109619e-01,-2.038791403174400330e-02,6.081224232912063599e-02,-1.445637643337249756e-01,2.363933920860290527e-01,-7.921694517135620117e-01,1.087891831994056702e-01,-3.325310349464416504e-01,-3.623348101973533630e-02
-3.116444945335388184e-01,4.772495031356811523e-01,8.336564898490905762e-01,-9.450682252645492554e-02,2.074860595166683197e-02,9.899371266365051270e-01,-1.032592579722404480e-01,-4.381127953529357910e-01,1.283560693264007568e-01,2.120638638734817505e-01,2.993612885475158691e-01,-1.182695701718330383e-01,1.752637885510921478e-02,-3.178949654102325439e-01,-2.389411330223083496e-01,-4.532116353511810303e-01,3.023671209812164307e-01,-2.146201282739639282e-01,1.178489346057176590e-02,5.953508988022804260e-02,0.000000000000000000e+00,0.000000000000000000e+00,2.576777338981628418e-01,1.408687885850667953e-02,-1.840218901634216309e-01,-5.258719325065612793e-01,9.781750850379467010e-03,-3.199101388454437256e-01,-2.027464099228382111e-02,4.926553741097450256e-02,-1.511972695589065552e-01,2.547599077224731445e-01,-8.178945183753967285e-01,1.409895420074462891e-01,-3.458963334560394287e-01,-3.383599966764450073e-02
-3.093124032020568848e-01,4.696080088615417480e-01,8.340473771095275879e-01,-9.714428335428237915e-02,1.927923597395420074e-02,9.877008795738220215e-01,-1.209885999560356140e-01,-4.605502486228942871e-01,1.329222619533538818e-01,2.538527548313140869e-01,3.196445703506469727e-01,-1.577821671962738037e-01,-9.904385078698396683e-04,-3.164960741996765137e-01,-2.586196959018707275e-01,-4.895099401473999023e-01,3.125489056110382080e-01,-2.213821560144424438e-01,1.323393080383539200e-02,5.680758133530616760e-02,0.000000000000000000e+00,0.000000000000000000e+00,2.613727748394012451e-01,-2.519531873986124992e-03,-1.970431506633758545e-01,-5.069137811660766602e-01,8.854800835251808167e-03,-3.217475414276123047e-01,-2.738680131733417511e-02,4.192921146750450134e-02,-1.561945974826812744e-01,2.698573768138885498e-01,-8.453531265258789062e-01,1.498050987720489502e-01,-3.535602986812591553e-01,-3.463305905461311340e-02
-3.077602684497833252e-01,4.606648683547973633e-01,8.345732092857360840e-01,-9.886848181486129761e-02,1.896441169083118439e-02,9.847105145454406738e-01,-1.421637386083602905e-01,-4.908846914768218994e-01,1.467449069023132324e-01,3.236804306507110596e-01,3.580041825771331787e-01,-2.161107808351516724e-01,-1.132420822978019714e-02,-3.031260371208190918e-01,-2.833944559097290039e-01,-5.363744497299194336e-01,3.157160282135009766e-01,-2.233027815818786621e-01,1.088763028383255005e-02,5.460013449192047119e-02,0.000000000000000000e+00,0.000000000000000000e+00,2.627004384994506836e-01,-2.306984364986419678e-02,-2.096894979476928711e-01,-4.937085211277008057e-01,9.478413267061114311e-04,-3.095300197601318359e-01,-2.790108323097229004e-02,4.437535256147384644e-02,-1.626898646354675293e-01,2.813339531421661377e-01,-8.717337846755981445e-01,1.385115087032318115e-01,-3.410077989101409912e-01,-4.019188880920410156e-02
-3.068415522575378418e-01,4.501660764217376709e-01,8.332411050796508789e-01,-9.984607249498367310e-02,1.538894139230251312e-02,9.807825088500976562e-01,-1.669120341539382935e-01,-5.184430480003356934e-01,1.858784854412078857e-01,4.354230761528015137e-01,4.028979241847991943e-01,-2.508696615695953369e-01,-8.958060294389724731e-03,-2.774532735347747803e-01,-2.980597019195556641e-01,-5.904745459556579590e-01,3.064703047275543213e-01,-2.169203311204910278e-01,1.574306935071945190e-02,4.985500872135162354e-02,0.000000000000000000e+00,0.000000000000000000e+00,2.626056075096130371e-01,-4.233804717659950256e-02,-2.061047703027725220e-01,-4.824346601963043213e-01,-3.934310283511877060e-03,-3.106307387351989746e-01,-3.023236617445945740e-02,4.805259406566619873e-02,-1.645362824201583862e-01,2.795602381229400635e-01,-8.946138024330139160e-01,1.474107801914215088e-01,-3.533547520637512207e-01,-6.213422119617462158e-02
-3.080229461193084717e-01,4.376764297485351562e-01,8.317207098007202148e-01,-9.900791943073272705e-02,9.245003573596477509e-03,9.766303896903991699e-01,-1.905389279127120972e-01,-5.312264561653137207e-01,2.431301921606063843e-01,5.765992403030395508e-01,4.516261816024780273e-01,-2.692280411720275879e-01,5.450731609016656876e-03,-2.395854592323303223e-01,-3.010745644569396973e-01,-6.433192491531372070e-01,2.834196984767913818e-01,-2.033801674842834473e-01,2.591561898589134216e-02,5.413020029664039612e-02,0.000000000000000000e+00,0.000000000000000000e+00,2.641906142234802246e-01,-5.730635300278663635e-02,-2.019414156675338745e-01,-4.753720760345458984e-01,-1.474892813712358475e-02,-3.043370842933654785e-01,-3.156589716672897339e-02,6.344833225011825562e-02,-1.576971560716629028e-01,2.788736820220947266e-01,-9.092991352081298828e-01,1.672291010618209839e-01,-3.559063076972961426e-01,-8.438160270452499390e-02
-3.091212809085845947e-01,4.228475093841552734e-01,8.290041089057922363e-01,-9.765152633190155029e-02,1.361131086014211178e-03,9.715341925621032715e-01,-2.158324420452117920e-01,-5.330446362495422363e-01,3.020499944686889648e-01,7.111075520515441895e-01,5.021091103553771973e-01,-2.820222675800323486e-01,3.236130625009536743e-02,-1.971052139997482300e-01,-2.982079982757568359e-01,-6.991801857948303223e-01,2.543647587299346924e-01,-1.888660341501235962e-01,3.498965501785278320e-02,5.664096027612686157e-02,0.000000000000000000e+00,0.000000000000000000e+00,2.657060921192169189e-01,-6.997220218181610107e-02,-1.878875195980072021e-01,-4.732244312763214111e-01,-3.363720327615737915e-02,-2.962444424629211426e-01,-4.394253715872764587e-02,7.513193041086196899e-02,-1.552496552467346191e-01,2.736073732376098633e-01,-9.172300100326538086e-01,1.563374400138854980e-01,-3.460415601730346680e-01,-6.335505843162536621e-02
-3.130510747432708740e-01,4.054788053035736084e-01,8.247832655906677246e-01,-9.434004873037338257e-02,-6.890095770359039307e-03,9.676739573478698730e-01,-2.337939739227294922e-01,-5.264146327972412109e-01,3.438666760921478271e-01,7.979897856712341309e-01,5.498027801513671875e-01,-2.907114028930664062e-01,5.306059122085571289e-02,-1.510699987411499023e-01,-2.916119694709777832e-01,-7.528380155563354492e-01,2.265007495880126953e-01,-1.718968600034713745e-01,5.660312995314598083e-02,7.760800421237945557e-02,0.000000000000000000e+00,0.000000000000000000e+00,2.691436409950256348e-01,-8.127968013286590576e-02,-1.874187588691711426e-01,-4.732641875743865967e-01,-7.155109941959381104e-02,-2.781839370727539062e-01,-4.776803776621818542e-02,9.151336550712585449e-02,-1.494460850954055786e-01,2.623059153556823730e-01,-9.211243391036987305e-01,1.544203907251358032e-01,-3.303830325603485107e-01,-5.298075079917907715e-02
-3.170313239097595215e-01,3.848231136798858643e-01,8.190827369689941406e-01,-8.954191207885742188e-02,-1.669976674020290375e-02,9.647024273872375488e-01,-2.470881342887878418e-01,-5.208572149276733398e-01,3.674838840961456299e-01,8.324369192123413086e-01,5.876125693321228027e-01,-2.926570475101470947e-01,6.808295100927352905e-02,-1.116630584001541138e-01,-2.859574556350708008e-01,-7.791467308998107910e-01,2.086312621831893921e-01,-1.569940447807312012e-01,6.471552699804306030e-02,1.084545254707336426e-01,0.000000000000000000e+00,0.000000000000000000e+00,2.733618617057800293e-01,-8.639314770698547363e-02,-1.824512034654617310e-01,-4.705582857131958008e-01,-5.496904253959655762e-02,-2.898316979408264160e-01,-5.853429064154624939e-02,1.071327477693557739e-01,-1.469734460115432739e-01,2.537797689437866211e-01,-9.097556471824645996e-01,1.474485844373703003e-01,-3.254834115505218506e-01,-4.778478667140007019e-02
-3.205251991748809814e-01,3.607352674007415771e-01,8.122602105140686035e-01,-8.487496525049209595e-02,-2.473488263785839081e-02,9.622539281845092773e-01,-2.573941946029663086e-01,-5.259696841239929199e-01,3.633631765842437744e-01,8.070428967475891113e-01,6.227459311485290527e-01,-3.157860040664672852e-01,8.628764748573303223e-02,-7.839746028184890747e-02,-2.913510799407958984e-01,-7.850853204727172852e-01,2.067073881626129150e-01,-1.350801736116409302e-01,7.545895874500274658e-02,1.408867686986923218e-01,0.000000000000000000e+00,0.000000000000000000e+00,2.764464318752288818e-01,-9.497251361608505249e-02,-1.713845431804656982e-01,-4.670769274234771729e-01,-2.616123482584953308e-02,-3.029855489730834961e-01,-6.102218106389045715e-02,1.232765838503837585e-01,-1.513471305370330811e-01,2.541361153125762939e-01,-8.912756443023681641e-01,1.332793831825256348e-01,-3.294003605842590332e-01,-5.619946494698524475e-02
-3.227592408657073975e-01,3.333921134471893311e-01,8.051801323890686035e-01,-8.156629651784896851e-02,-3.123048320412635803e-02,9.597796201705932617e-01,-2.668233811855316162e-01,-5.599265098571777344e-01,3.558170497417449951e-01,7.405686378479003906e-01,7.010592818260192871e-01,-3.737351596355438232e-01,1.119217649102210999e-01,-5.919219553470611572e-02,-3.140659034252166748e-01,-7.732384800910949707e-01,2.292121052742004395e-01,-1.078542098402976990e-01,7.379212230443954468e-02,1.671556234359741211e-01,0.000000000000000000e+00,0.000000000000000000e+00,2.773895561695098877e-01,-1.048214584589004517e-01,-1.668391823768615723e-01,-4.631695747375488281e-01,-1.257059536874294281e-02,-2.984376847743988037e-01,-6.635934859514236450e-02,1.319298893213272095e-01,-1.555464118719100952e-01,2.496584951877593994e-01,-8.629220724105834961e-01,1.257854253053665161e-01,-3.288003206253051758e-01,-4.934441670775413513e-02
-3.245438039302825928e-01,3.008306920528411865e-01,7.998133897781372070e-01,-7.928575575351715088e-02,-3.278746455907821655e-02,9.560365676879882812e-01,-2.804155051708221436e-01,-5.754836201667785645e-01,3.238201439380645752e-01,6.960551142692565918e-01,7.468354105949401855e-01,-4.143187999725341797e-01,1.283686161041259766e-01,-4.490130394697189331e-02,-3.565851747989654541e-01,-7.626576423645019531e-01,2.773974239826202393e-01,-5.627862736582756042e-02,5.865831673145294189e-02,1.839536875486373901e-01,0.000000000000000000e+00,0.000000000000000000e+00,2.752978801727294922e-01,-1.130563318729400635e-01,-1.842497587203979492e-01,-4.617413580417633057e-01,-1.465650927275419235e-02,-2.913969457149505615e-01,-6.599602848291397095e-02,1.489687711000442505e-01,-1.580385714769363403e-01,2.316585481166839600e-01,-8.340683579444885254e-01,1.167082116007804871e-01,-3.160012364387512207e-01,-5.353597924113273621e-02
-3.261356949806213379e-01,2.673487961292266846e-01,7.960206866264343262e-01,-7.561382651329040527e-02,-3.657081350684165955e-02,9.493928551673889160e-01,-3.026521801948547363e-01,-5.774818062782287598e-01,2.860517799854278564e-01,6.597284674644470215e-01,7.716544866561889648e-01,-4.601221084594726562e-01,1.472192406654357910e-01,-2.879132516682147980e-02,-3.968413770198822021e-01,-7.494626045227050781e-01,3.367442488670349121e-01,1.297802664339542389e-02,-5.012393929064273834e-03,1.850495487451553345e-01,0.000000000000000000e+00,0.000000000000000000e+00,2.543247938156127930e-01,-1.049152240157127380e-01,-2.082954943180084229e-01,-4.449207484722137451e-01,-8.515233173966407776e-03,-2.881155312061309814e-01,-7.831420749425888062e-02,1.650751978158950806e-01,-1.539639234542846680e-01,2.168088406324386597e-01,-7.919633388519287109e-01,8.422304689884185791e-02,-2.989544272422790527e-01,-5.083671584725379944e-02
-3.273321390151977539e-01,2.352596521377563477e-01,7.943930625915527344e-01,-7.432060688734054565e-02,-4.285924509167671204e-02,9.369133114814758301e-01,-3.388701975345611572e-01,-5.815765857696533203e-01,2.298867255449295044e-01,5.999301075935363770e-01,7.696336507797241211e-01,-4.892454445362091064e-01,1.639772504568099976e-01,-4.563808441162109375e-02,-4.156698286533355713e-01,-6.929829716682434082e-01,4.268174767494201660e-01,6.564797461032867432e-02,-7.542625069618225098e-02,1.581532061100006104e-01,0.000000000000000000e+00,0.000000000000000000e+00,2.274524569511413574e-01,-8.837211877107620239e-02,-2.188289761543273926e-01,-4.479473829269409180e-01,-8.406536653637886047e-03,-2.776448130607604980e-01,-8.110047876834869385e-02,1.770604997873306274e-01,-1.456380486488342285e-01,1.955941617488861084e-01,-7.444837689399719238e-01,6.881819665431976318e-02,-2.779166400432586670e-01,-4.151096940040588379e-02
-3.305563330650329590e-01,2.028458118438720703e-01,7.961272597312927246e-01,-7.530679553747177124e-02,-4.684454202651977539e-02,9.133594632148742676e-01,-3.973776400089263916e-01,-5.754752159118652344e-01,1.420252025127410889e-01,5.100787281990051270e-01,7.344247102737426758e-01,-5.023935437202453613e-01,1.740481704473495483e-01,-1.023350954055786133e-01,-3.602727949619293213e-01,-5.180463790893554688e-01,5.156441926956176758e-01,4.321306198835372925e-02,-4.923642426729202271e-02,8.297419548034667969e-02,0.000000000000000000e+00,0.000000000000000000e+00,1.995532959699630737e-01,-7.277904450893402100e-02,-2.029910981655120850e-01,-4.574441909790039062e-01,-1.203425228595733643e-02,-2.908924818038940430e-01,-9.197717159986495972e-02,1.941623836755752563e-01,-1.359940469264984131e-01,1.751571744680404663e-01,-6.993447542190551758e-01,6.305182725191116333e-02,-2.667020559310913086e-01,-2.036000974476337433e-02
-3.326300978660583496e-01,1.714688390493392944e-01,8.004879355430603027e-01,-8.013834804296493530e-02,-4.952477291226387024e-02,8.875427246093750000e-01,-4.509912133216857910e-01,-5.541031360626220703e-01,5.391596257686614990e-02,4.262211322784423828e-01,6.802508831024169922e-01,-4.998475313186645508e-01,1.825822144746780396e-01,-1.692829430103302002e-01,-2.994347512722015381e-01,-4.095400273799896240e-01,5.796174407005310059e-01,3.309518098831176758e-02,-2.795169316232204437e-02,1.133512146770954132e-02,0.000000000000000000e+00,0.000000000000000000e+00,1.637668311595916748e-01,-5.496890470385551453e-02,-1.985390782356262207e-01,-4.841025769710540771e-01,-4.453784495126456022e-04,-3.067532479763031006e-01,-9.828742593526840210e-02,2.124812901020050049e-01,-1.308495104312896729e-01,1.658412814140319824e-01,-6.595556139945983887e-01,4.942081123590469360e-02,-2.573570013046264648e-01,1.044869143515825272e-02
-3.335434496402740479e-01,1.387829780578613281e-01,8.072707056999206543e-01,-8.378461748361587524e-02,-5.191740766167640686e-02,8.596853613853454590e-01,-5.012242794036865234e-01,-5.078016519546508789e-01,-2.320885099470615387e-02,3.504481613636016846e-01,6.044438481330871582e-01,-4.942691624164581299e-01,1.884611845016479492e-01,-2.433609962463378906e-01,-2.458462864160537720e-01,-3.354852497577667236e-01,6.248701810836791992e-01,8.409050293266773224e-03,-1.085832156240940094e-02,-5.296038091182708740e-02,0.000000000000000000e+00,0.000000000000000000e+00,1.174236088991165161e-01,-3.396441042423248291e-02,-1.991349011659622192e-01,-5.116022825241088867e-01,-4.564231261610984802e-02,-3.098494708538055420e-01,-8.520007878541946411e-02,2.385026812553405762e-01,-1.203829497098922729e-01,1.564969271421432495e-01,-6.269202828407287598e-01,5.930655822157859802e-02,-2.515154480934143066e-01,3.053236193954944611e-02
-3.338372111320495605e-01,1.053513884544372559e-01,8.153595328330993652e-01,-8.694560080766677856e-02,-5.431415885686874390e-02,8.337484598159790039e-01,-5.425438880920410156e-01,-4.342683851718902588e-01,-9.595114737749099731e-02,2.640846073627471924e-01,4.902306199073791504e-01,-4.635827243328094482e-01,1.827159225940704346e-01,-3.255466520786285400e-01,-2.018014192581176758e-01,-2.783221602439880371e-01,6.371853351593017578e-01,-2.919918112456798553e-02,-5.786910653114318848e-03,-1.059329062700271606e-01,0.000000000000000000e+00,0.000000000000000000e+00,7.790562510490417480e-02,-1.236756425350904465e-02,-2.162576764822006226e-01,-5.586537718772888184e-01,-5.676531046628952026e-02,-3.039441406726837158e-01,-6.348267197608947754e-02,2.595334649085998535e-01,-1.122583225369453430e-01,1.635089218616485596e-01,-5.959694385528564453e-01,4.596092924475669861e-02,-2.418814450502395630e-01,5.418183282017707825e-02
-3.346169292926788330e-01,7.040566951036453247e-02,8.243101239204406738e-01,-8.632794767618179321e-02,-5.575719848275184631e-02,8.096426129341125488e-01,-5.778559446334838867e-01,-3.299498260021209717e-01,-1.433975845575332642e-01,1.935392916202545166e-01,3.544359803199768066e-01,-4.250316917896270752e-01,1.668293923139572144e-01,-4.073667824268341064e-01,-1.721363365650177002e-01,-2.412646412849426270e-01,6.297941207885742188e-01,-7.199230790138244629e-02,-6.485491991043090820e-03,-1.463349014520645142e-01,0.000000000000000000e+00,0.000000000000000000e+00,3.047541156411170959e-02,3.955421037971973419e-03,-2.197008579969406128e-01,-5.837357640266418457e-01,-6.301845610141754150e-02,-3.158157169818878174e-01,-4.530172049999237061e-02,2.840805351734161377e-01,-1.043771132826805115e-01,1.696047186851501465e-01,-5.685222744941711426e-01,5.458376556634902954e-02,-2.397211492061614990e-01,7.380412518978118896e-02
-3.371250033378601074e-01,3.398444131016731262e-02,8.287374973297119141e-01,-8.292833715677261353e-02,-6.107565760612487793e-02,7.854982018470764160e-01,-6.102337241172790527e-01,-2.275906205177307129e-01,-1.591165661811828613e-01,1.347239762544631958e-01,2.286002039909362793e-01,-3.796582221984863281e-01,1.167664676904678345e-01,-4.813194870948791504e-01,-1.426049619913101196e-01,-2.360478639602661133e-01,5.884875655174255371e-01,-9.872553497552871704e-02,-1.871363259851932526e-02,-1.913353502750396729e-01,0.000000000000000000e+00,0.000000000000000000e+00,1.930189435370266438e-03,3.690009936690330505e-02,-2.383381873369216919e-01,-6.381556391716003418e-01,-6.165434792637825012e-02,-3.030703067779541016e-01,-2.492382191121578217e-02,3.032938539981842041e-01,-8.536202460527420044e-02,1.715908348560333252e-01,-5.495517849922180176e-01,5.261785164475440979e-02,-2.262075245380401611e-01,9.379404783248901367e-02
-3.400080800056457520e-01,-9.480034350417554379e-04,8.307898044586181641e-01,-8.084418624639511108e-02,-6.422265619039535522e-02,7.584952712059020996e-01,-6.434473991394042969e-01,-1.460614055395126343e-01,-1.672410964965820312e-01,5.681241303682327271e-02,1.467791795730590820e-01,-3.432987034320831299e-01,9.084136039018630981e-02,-5.540364384651184082e-01,-1.324772536754608154e-01,-2.508576512336730957e-01,5.389900207519531250e-01,-1.274729222059249878e-01,-8.157042786478996277e-03,-2.466678321361541748e-01,0.000000000000000000e+00,0.000000000000000000e+00,-3.368572890758514404e-02,6.517369300127029419e-02,-2.552889883518218994e-01,-6.762713789939880371e-01,-5.180362239480018616e-02,-3.057646453380584717e-01,-2.046457678079605103e-02,3.197910189628601074e-01,-7.310897856950759888e-02,1.808629184961318970e-01,-5.306557416915893555e-01,5.026694387197494507e-02,-2.220549136400222778e-01,1.014290079474449158e-01
-3.426358103752136230e-01,-3.629269078373908997e-02,8.292583227157592773e-01,-8.153446018695831299e-02,-6.440839171409606934e-02,7.325005531311035156e-01,-6.727902293205261230e-01,-7.555231451988220215e-02,-1.733046025037765503e-01,-1.735749840736389160e-02,8.555172383785247803e-02,-3.222243189811706543e-01,7.223897427320480347e-02,-6.294931769371032715e-01,-1.333635747432708740e-01,-2.665796577930450439e-01,4.800702929496765137e-01,-1.329845786094665527e-01,6.549616344273090363e-03,-2.972960770130157471e-01,0.000000000000000000e+00,0.000000000000000000e+00,-7.030543684959411621e-02,8.210001885890960693e-02,-2.650530636310577393e-01,-7.087808847427368164e-01,-6.293850392103195190e-02,-3.281937241554260254e-01,-3.204473480582237244e-02,3.378355801105499268e-01,-6.725685298442840576e-02,1.720770299434661865e-01,-5.174995660781860352e-01,7.879700511693954468e-02,-2.234998345375061035e-01,1.197513192892074585e-01
-3.454656600952148438e-01,-7.434204220771789551e-02,8.242551088333129883e-01,-7.896627485752105713e-02,-6.509198993444442749e-02,7.092296481132507324e-01,-6.975103020668029785e-01,-1.025924552232027054e-02,-1.663506776094436646e-01,-5.785666778683662415e-02,4.119891300797462463e-02,-3.114514946937561035e-01,6.659076362848281860e-02,-7.068079113960266113e-01,-1.314320415258407593e-01,-2.856594622135162354e-01,4.230630099773406982e-01,-1.606864631175994873e-01,3.609817475080490112e-02,-3.416191637516021729e-01,0.000000000000000000e+00,0.000000000000000000e+00,-8.935618400573730469e-02,1.198030114173889160e-01,-3.190072476863861084e-01,-7.663791775703430176e-01,-4.832805320620536804e-02,-3.268741667270660400e-01,-8.102399297058582306e-03,3.523322343826293945e-01,-5.258116498589515686e-02,1.615796089172363281e-01,-4.949872791767120361e-01,6.019644066691398621e-02,-2.223323434591293335e-01,1.037344858050346375e-01
-3.488660156726837158e-01,-1.142200902104377747e-01,8.145139813423156738e-01,-7.451684027910232544e-02,-6.610022485256195068e-02,6.946549415588378906e-01,-7.124131917953491211e-01,5.843736603856086731e-02,-1.539049744606018066e-01,-8.182731270790100098e-02,2.492828352842479944e-04,-2.917593717575073242e-01,5.387897789478302002e-02,-7.696763873100280762e-01,-1.225844845175743103e-01,-3.011023700237274170e-01,3.475800156593322754e-01,-1.779929697513580322e-01,6.947576254606246948e-02,-3.632341623306274414e-01,0.000000000000000000e+00,0.000000000000000000e+00,-1.173724979162216187e-01,1.419680863618850708e-01,-3.532104492187500000e-01,-7.916439771652221680e-01,-4.523878544569015503e-02,-3.369662761688232422e-01,7.956075482070446014e-03,3.645723760128021240e-01,-4.191431030631065369e-02,1.535754203796386719e-01,-4.732542335987091064e-01,4.511413723230361938e-02,-2.250439226627349854e-01,9.383334964513778687e-02
-3.524092435836791992e-01,-1.546420603990554810e-01,8.040097355842590332e-01,-7.205870002508163452e-02,-6.500016152858734131e-02,6.860018372535705566e-01,-7.210991382598876953e-01,1.091440916061401367e-01,-1.449599415063858032e-01,-1.181528121232986450e-01,2.817216000039479695e-06,-2.974368333816528320e-01,3.604448959231376648e-02,-8.151425123214721680e-01,-1.198934018611907959e-01,-3.239307701587677002e-01,2.727605998516082764e-01,-1.886606961488723755e-01,7.938412576913833618e-02,-3.750591576099395752e-01,0.000000000000000000e+00,0.000000000000000000e+00,-1.381104439496994019e-01,1.598658859729766846e-01,-3.855175971984863281e-01,-8.071876764297485352e-01,-4.344492033123970032e-02,-3.401215374469757080e-01,1.942095905542373657e-02,3.721349537372589111e-01,-4.175865650177001953e-02,1.509858071804046631e-01,-4.566329717636108398e-01,4.211943224072456360e-02,-2.239051610231399536e-01,7.936091721057891846e-02
-3.563925623893737793e-01,-1.977161467075347900e-01,7.946781516075134277e-01,-6.842019408941268921e-02,-6.315370649099349976e-02,6.796465516090393066e-01,-7.276062369346618652e-01,1.648609936237335205e-01,-1.324376463890075684e-01,-1.577313840389251709e-01,3.517161239869892597e-04,-2.814060747623443604e-01,7.105859462171792984e-03,-8.443192243576049805e-01,-1.066675558686256409e-01,-3.207126855850219727e-01,2.363212704658508301e-01,-2.131768018007278442e-01,7.581104338169097900e-02,-3.829919695854187012e-01,0.000000000000000000e+00,0.000000000000000000e+00,-1.497539728879928589e-01,1.700665205717086792e-01,-4.147516787052154541e-01,-8.045195937156677246e-01,-4.199564084410667419e-02,-3.401617109775543213e-01,2.305693738162517548e-02,3.805280029773712158e-01,-4.501890763640403748e-02,1.504505872726440430e-01,-4.489974379539489746e-01,5.001316592097282410e-02,-2.207064330577850342e-01,6.845964491367340088e-02
-3.615145683288574219e-01,-2.474296391010284424e-01,7.870492935180664062e-01,-6.331495195627212524e-02,-5.987014994025230408e-02,6.659588217735290527e-01,-7.408816218376159668e-01,2.085594385862350464e-01,-1.126985102891921997e-01,-2.056302428245544434e-01,3.820112720131874084e-02,-2.398368716239929199e-01,-2.926767431199550629e-02,-8.514364957809448242e-01,-1.106918752193450928e-01,-3.362858891487121582e-01,2.714137732982635498e-01,-2.422747761011123657e-01,6.359972059726715088e-02,-4.092605710029602051e-01,0.000000000000000000e+00,0.000000000000000000e+00,-1.498627960681915283e-01,1.757734268903732300e-01,-4.384444057941436768e-01,-7.807134389877319336e-01,-5.485711991786956787e-02,-3.386878669261932373e-01,1.829173602163791656e-02,3.827712535858154297e-01,-4.484518989920616150e-02,1.472701728343963623e-01,-4.323482215404510498e-01,4.872170090675354004e-02,-2.214666903018951416e-01,5.536394938826560974e-02
-3.654649555683135986e-01,-3.035054504871368408e-01,7.805075049400329590e-01,-5.750382319092750549e-02,-5.574400722980499268e-02,6.472679376602172852e-01,-7.580436468124389648e-01,2.413844615221023560e-01,-9.133410453796386719e-02,-2.652054727077484131e-01,1.064004898071289062e-01,-1.673452407121658325e-01,-7.469532638788223267e-02,-8.384502530097961426e-01,-1.269694268703460693e-01,-3.468951284885406494e-01,3.663830757141113281e-01,-2.682035565376281738e-01,3.198480233550071716e-02,-4.517602920532226562e-01,0.000000000000000000e+00,0.000000000000000000e+00,-1.312744617462158203e-01,1.768278181552886963e-01,-4.481567740440368652e-01,-7.383420467376708984e-01,-5.428677052259445190e-02,-3.405450284481048584e-01,1.134101673960685730e-02,3.781874775886535645e-01,-3.929257765412330627e-02,1.498081237077713013e-01,-4.089562296867370605e-01,4.167800769209861755e-02,-2.230736762285232544e-01,4.297209531068801880e-02
-3.687650561332702637e-01,-3.632198572158813477e-01,7.727326750755310059e-01,-5.772684141993522644e-02,-4.848945513367652893e-02,6.290905475616455078e-01,-7.736675143241882324e-01,2.714253365993499756e-01,-7.999176532030105591e-02,-3.302977681159973145e-01,1.729135811328887939e-01,-2.871825732290744781e-02,-1.123451292514801025e-01,-7.845137715339660645e-01,-1.681327521800994873e-01,-3.769108653068542480e-01,4.207817614078521729e-01,-1.542037874460220337e-01,-4.513546824455261230e-02,-4.857968091964721680e-01,0.000000000000000000e+00,0.000000000000000000e+00,-1.032675579190254211e-01,1.575436592102050781e-01,-4.523139894008636475e-01,-6.910601854324340820e-01,-4.576116055250167847e-02,-3.302288651466369629e-01,-4.160700365900993347e-03,3.757524788379669189e-01,-4.063285514712333679e-02,1.388852447271347046e-01,-3.989297151565551758e-01,3.681548684835433960e-02,-2.180618345737457275e-01,4.381737485527992249e-02
-3.739035725593566895e-01,-4.229350090026855469e-01,7.721770405769348145e-01,-4.332519695162773132e-02,-4.483836889266967773e-02,6.194146871566772461e-01,-7.825841307640075684e-01,3.024329841136932373e-01,-5.284665524959564209e-02,-3.704332113265991211e-01,2.435055375099182129e-01,1.800949275493621826e-01,-1.549315154552459717e-01,-7.387642264366149902e-01,-1.616752296686172485e-01,-3.783483505249023438e-01,5.009424090385437012e-01,-1.231573596596717834e-01,-9.169452637434005737e-02,-4.931481778621673584e-01,0.000000000000000000e+00,0.000000000000000000e+00,-5.661524459719657898e-02,1.485887914896011353e-01,-4.573038518428802490e-01,-6.278213262557983398e-01,-3.397136181592941284e-02,-3.140271604061126709e-01,8.847325108945369720e-03,3.736924529075622559e-01,-1.860483735799789429e-02,1.349162906408309937e-01,-3.807244896888732910e-01,-5.063462536782026291e-03,-2.119866311550140381e-01,2.092952653765678406e-02
-3.794910013675689697e-01,-4.793748259544372559e-01,7.753243446350097656e-01,-3.328523039817810059e-02,-4.208667948842048645e-02,6.197258830070495605e-01,-7.829818725585937500e-01,2.988052666187286377e-01,-3.177409619092941284e-02,-3.232432901859283447e-01,3.375082910060882568e-01,4.193411767482757568e-01,-2.135131359100341797e-01,-6.800733804702758789e-01,-1.419135034084320068e-01,-4.005880951881408691e-01,5.439652800559997559e-01,-1.695043742656707764e-01,-6.757715344429016113e-02,-4.813129007816314697e-01,0.000000000000000000e+00,0.000000000000000000e+00,-4.916662815958261490e-03,1.664630472660064697e-01,-4.592649936676025391e-01,-6.067075729370117188e-01,3.677404671907424927e-02,-2.855858206748962402e-01,-4.345231130719184875e-02,3.492264151573181152e-01,-9.713145904242992401e-03,1.932690441608428955e-01,-3.693598806858062744e-01,-2.673369087278842926e-02,-1.577448844909667969e-01,3.343585133552551270e-02
-3.847516477108001709e-01,-5.335720777511596680e-01,7.837653756141662598e-01,-4.418293014168739319e-02,-3.795211762189865112e-02,6.372240781784057617e-01,-7.684744596481323242e-01,1.825245320796966553e-01,-5.885040853172540665e-03,-9.932662546634674072e-02,5.074945688247680664e-01,4.157881438732147217e-01,-1.297693252563476562e-01,-6.380171775817871094e-01,-1.181140393018722534e-01,-3.641758561134338379e-01,5.527427196502685547e-01,-2.112994343042373657e-01,-1.055982634425163269e-01,-4.026152789592742920e-01,0.000000000000000000e+00,0.000000000000000000e+00,1.414563786238431931e-02,1.416557282209396362e-01,-4.561750292778015137e-01,-5.770099759101867676e-01,1.820307224988937378e-02,-2.777155041694641113e-01,-6.534246355295181274e-02,3.001092076301574707e-01,-1.172887254506349564e-02,2.249931097030639648e-01,-3.804476857185363770e-01,-6.001392751932144165e-02,-1.572898924350738525e-01,5.374626815319061279e-02
-3.883110582828521729e-01,-5.863016843795776367e-01,7.964070439338684082e-01,-5.295509845018386841e-02,-3.298920392990112305e-02,6.652627587318420410e-01,-7.439979314804077148e-01,3.035899996757507324e-02,3.012301865965127945e-03,4.474556073546409607e-02,6.751540303230285645e-01,2.493833005428314209e-01,-1.421570777893066406e-02,-5.670796036720275879e-01,-7.320582121610641479e-02,-3.052235543727874756e-01,4.943486750125885010e-01,-2.103809416294097900e-01,-1.145845800638198853e-01,-2.968646287918090820e-01,0.000000000000000000e+00,0.000000000000000000e+00,4.573177546262741089e-02,9.637498855590820312e-02,-4.159770011901855469e-01,-5.544075369834899902e-01,6.134359631687402725e-03,-2.519752681255340576e-01,-6.013869121670722961e-02,2.487514317035675049e-01,-1.948082260787487030e-02,2.455544620752334595e-01,-4.158652424812316895e-01,-6.154159083962440491e-02,-1.564229875802993774e-01,5.640527233481407166e-02
-3.911180794239044189e-01,-6.379323005676269531e-01,8.095943927764892578e-01,-5.755999684333801270e-02,-2.867112681269645691e-02,6.848750114440917969e-01,-7.258175015449523926e-01,-1.031538322567939758e-01,2.289100177586078644e-02,1.391277313232421875e-01,7.635062336921691895e-01,1.235970482230186462e-01,3.997495397925376892e-02,-4.866062104701995850e-01,-4.044374078512191772e-02,-2.564609348773956299e-01,4.330452084541320801e-01,-2.144081890583038330e-01,-1.095598861575126648e-01,-2.105795443058013916e-01,0.000000000000000000e+00,0.000000000000000000e+00,8.310535550117492676e-02,5.254620313644409180e-02,-3.760119080543518066e-01,-5.217486619949340820e-01,2.647664863616228104e-03,-2.334450781345367432e-01,-3.492879122495651245e-02,1.996122598648071289e-01,-3.487740829586982727e-02,2.709859311580657959e-01,-4.685310423374176025e-01,-5.228877067565917969e-02,-1.665278226137161255e-01,3.688337653875350952e-02
-3.943600356578826904e-01,-6.860294342041015625e-01,8.225387930870056152e-01,-6.057088449597358704e-02,-2.546657621860504150e-02,7.022083401679992676e-01,-7.089330554008483887e-01,-2.254263609647750854e-01,2.682490088045597076e-02,1.890725344419479370e-01,7.784751057624816895e-01,1.801610179245471954e-02,6.996013224124908447e-02,-3.959150910377502441e-01,-1.562618836760520935e-02,-2.161537855863571167e-01,3.494792580604553223e-01,-2.054803669452667236e-01,-9.150363504886627197e-02,-1.261148899793624878e-01,0.000000000000000000e+00,0.000000000000000000e+00,1.316371858119964600e-01,3.010031953454017639e-02,-3.658687472343444824e-01,-5.168653726577758789e-01,9.403771720826625824e-03,-2.177941352128982544e-01,-3.528425097465515137e-02,1.624423712491989136e-01,-5.165490508079528809e-02,2.796988785266876221e-01,-5.483811497688293457e-01,-6.160195171833038330e-02,-1.890037357807159424e-01,9.697056375443935394e-03
-3.956415057182312012e-01,-7.370824813842773438e-01,8.335775732994079590e-01,-6.149772182106971741e-02,-1.985905691981315613e-02,7.213110327720642090e-01,-6.895897984504699707e-01,-3.133891820907592773e-01,1.994090899825096130e-02,2.325260490179061890e-01,7.153354287147521973e-01,-6.391855329275131226e-02,7.744843512773513794e-02,-2.936105728149414062e-01,2.388938562944531441e-03,-1.665381193161010742e-01,2.561267614364624023e-01,-1.847692579030990601e-01,-6.254486739635467529e-02,-4.134576395153999329e-02,0.000000000000000000e+00,0.000000000000000000e+00,1.882891505956649780e-01,-5.709787830710411072e-03,-3.263917565345764160e-01,-5.037003159523010254e-01,-8.590724319219589233e-03,-2.313225120306015015e-01,-3.987896814942359924e-02,1.354739665985107422e-01,-7.347353547811508179e-02,2.788119614124298096e-01,-6.330868005752563477e-01,-5.265607312321662903e-02,-2.130297422409057617e-01,-9.113207459449768066e-03
-3.975600302219390869e-01,-7.879184484481811523e-01,8.415587544441223145e-01,-5.973516777157783508e-02,-1.493238378316164017e-02,7.386996746063232422e-01,-6.712164282798767090e-01,-3.782344162464141846e-01,2.020237781107425690e-02,2.762289643287658691e-01,6.001636385917663574e-01,-1.335363835096359253e-01,6.715678423643112183e-02,-2.031953781843185425e-01,1.271041389554738998e-02,-1.193547472357749939e-01,1.848583221435546875e-01,-1.746345907449722290e-01,-2.639209106564521790e-02,3.229519724845886230e-02,0.000000000000000000e+00,0.000000000000000000e+00,2.278828173875808716e-01,-2.717663533985614777e-02,-3.232767581939697266e-01,-4.573611617088317871e-01,-3.037287620827555656e-03,-2.359958440065383911e-01,-8.573219925165176392e-02,9.866061806678771973e-02,-1.007821038365364075e-01,2.972128689289093018e-01,-7.041563987731933594e-01,-5.229867994785308838e-02,-2.337774336338043213e-01,-1.486747805029153824e-02
-3.978059291839599609e-01,-8.356157541275024414e-01,8.441359400749206543e-01,-5.959089100360870361e-02,-1.347848027944564819e-02,7.547703981399536133e-01,-6.531376838684082031e-01,-4.454973340034484863e-01,2.904089540243148804e-02,3.285815119743347168e-01,4.745717942714691162e-01,-1.896833181381225586e-01,5.732453614473342896e-02,-1.331598758697509766e-01,1.231987960636615753e-02,-8.119305968284606934e-02,1.389905959367752075e-01,-1.668825298547744751e-01,5.691665690392255783e-03,9.986607730388641357e-02,0.000000000000000000e+00,0.000000000000000000e+00,2.711391448974609375e-01,-3.723021969199180603e-02,-3.254157900810241699e-01,-4.432651698589324951e-01,-3.469514474272727966e-02,-2.438201755285263062e-01,-1.085859909653663635e-01,4.997163265943527222e-02,-1.278065592050552368e-01,3.142232596874237061e-01,-7.694103717803955078e-01,-3.423628583550453186e-02,-2.558677792549133301e-01,-3.178219124674797058e-02
-3.979561328887939453e-01,-8.837614059448242188e-01,8.431950807571411133e-01,-5.850173905491828918e-02,-1.386421825736761093e-02,7.695182561874389648e-01,-6.357885003089904785e-01,-5.049708485603332520e-01,3.171385079622268677e-02,3.471626937389373779e-01,3.342942893505096436e-01,-2.289541959762573242e-01,3.369498997926712036e-02,-6.596345454454421997e-02,1.101450342684984207e-02,-3.448943048715591431e-02,9.852946549654006958e-02,-1.780569255352020264e-01,9.987437166273593903e-03,1.600015461444854736e-01,0.000000000000000000e+00,0.000000000000000000e+00,3.150894939899444580e-01,-4.309626296162605286e-02,-3.194914460182189941e-01,-4.369945824146270752e-01,-5.333001539111137390e-02,-2.443395704030990601e-01,-1.410712003707885742e-01,7.575974450446665287e-04,-1.540185362100601196e-01,3.266585469245910645e-01,-8.309124112129211426e-01,-3.636176884174346924e-02,-2.579534649848937988e-01,-1.267417892813682556e-02
-3.976504504680633545e-01,-9.324118494987487793e-01,8.379400372505187988e-01,-5.911197140812873840e-02,-1.016452070325613022e-02,7.771975994110107422e-01,-6.263915896415710449e-01,-5.551701784133911133e-01,2.159941941499710083e-02,3.514437675476074219e-01,1.939093917608261108e-01,-2.556677460670471191e-01,2.190844900906085968e-02,1.690212171524763107e-03,-6.130301393568515778e-03,-2.635983191430568695e-02,6.922425329685211182e-02,-1.916023194789886475e-01,1.790548115968704224e-02,1.969991475343704224e-01,0.000000000000000000e+00,0.000000000000000000e+00,3.576715886592864990e-01,-4.883724078536033630e-02,-3.230437636375427246e-01,-4.378938376903533936e-01,-7.599356025457382202e-02,-2.414805293083190918e-01,-1.647538840770721436e-01,-5.172751843929290771e-02,-1.886401325464248657e-01,3.482192158699035645e-01,-8.769729137420654297e-01,-1.815352402627468109e-02,-2.634615302085876465e-01,-2.014182321727275848e-02
-3.961343467235565186e-01,-9.795567393302917480e-01,8.305445313453674316e-01,-6.203366816043853760e-02,-1.997844548895955086e-03,7.776734828948974609e-01,-6.255971193313598633e-01,-5.923807621002197266e-01,-1.032505091279745102e-02,3.353341519832611084e-01,7.529138028621673584e-02,-2.847046256065368652e-01,1.330058835446834564e-02,6.370446085929870605e-02,-3.398275002837181091e-02,-4.233805462718009949e-02,6.076933443546295166e-02,-2.044963687658309937e-01,3.598175570368766785e-02,2.084859013557434082e-01,0.000000000000000000e+00,0.000000000000000000e+00,3.993176221847534180e-01,-6.025932356715202332e-02,-3.254411816596984863e-01,-4.410862624645233154e-01,-8.648763597011566162e-02,-2.439135164022445679e-01,-1.603700667619705200e-01,-9.266794472932815552e-02,-2.175517380237579346e-01,3.556248247623443604e-01,-9.127355813980102539e-01,-3.679065778851509094e-02,-2.692963182926177979e-01,-2.714142389595508575e-02
-3.952238857746124268e-01,-1.030696034431457520e+00,8.205538392066955566e-01,-6.083361059427261353e-02,2.614546101540327072e-03,7.842813134193420410e-01,-6.174101233482360840e-01,-6.028293371200561523e-01,-1.579530350863933563e-02,3.438029885292053223e-01,1.956536062061786652e-02,-2.919919788837432861e-01,1.132585573941469193e-02,1.107069700956344604e-01,-5.552161484956741333e-02,-8.846776559948921204e-03,8.765433728694915771e-02,-2.088219225406646729e-01,5.210133641958236694e-02,2.408927828073501587e-01,0.000000000000000000e+00,0.000000000000000000e+00,4.241088926792144775e-01,-6.787127256393432617e-02,-3.158347308635711670e-01,-4.244473576545715332e-01,-9.969756752252578735e-02,-2.376328110694885254e-01,-1.891968399286270142e-01,-1.225266680121421814e-01,-2.514330148696899414e-01,3.622761070728302002e-01,-9.304646849632263184e-01,1.474693650379776955e-03,-2.570346593856811523e-01,9.016104042530059814e-03
-3.935528397560119629e-01,-1.086066961288452148e+00,8.108701109886169434e-01,-5.633439496159553528e-02,2.968369284644722939e-03,7.984296679496765137e-01,-5.994395017623901367e-01,-6.404459476470947266e-01,2.111841924488544464e-02,3.606731295585632324e-01,1.382187604904174805e-01,-3.165742754936218262e-01,2.093550562858581543e-02,1.396066844463348389e-01,-7.356442511081695557e-02,5.555874109268188477e-02,1.430126726627349854e-01,-1.856601834297180176e-01,8.019042015075683594e-02,2.934505045413970947e-01,0.000000000000000000e+00,0.000000000000000000e+00,4.380448758602142334e-01,-7.402899861335754395e-02,-2.911245822906494141e-01,-4.015406668186187744e-01,-1.109224259853363037e-01,-2.244437932968139648e-01,-1.783793270587921143e-01,-1.280553191900253296e-01,-2.640133500099182129e-01,3.591869175434112549e-01,-9.335947632789611816e-01,2.782619325444102287e-03,-2.519699931144714355e-01,-1.059767138212919235e-02
-3.920755982398986816e-01,-1.149260640144348145e+00,7.985962033271789551e-01,-4.937196150422096252e-02,-2.203684300184249878e-03,8.169521689414978027e-01,-5.745840072631835938e-01,-6.829578280448913574e-01,8.113705366849899292e-02,3.788441419601440430e-01,3.427590727806091309e-01,-3.170971870422363281e-01,3.457199037075042725e-02,1.620262116193771362e-01,-8.536809682846069336e-02,1.340377777814865112e-01,2.073742598295211792e-01,-1.030488088726997375e-01,1.080327928066253662e-01,3.542774021625518799e-01,0.000000000000000000e+00,0.000000000000000000e+00,4.423064291477203369e-01,-7.574617862701416016e-02,-2.771147191524505615e-01,-3.788062334060668945e-01,-1.068418398499488831e-01,-2.097437679767608643e-01,-1.412694752216339111e-01,-1.183019950985908508e-01,-2.517720460891723633e-01,3.540519177913665771e-01,-9.118227958679199219e-01,-3.599349036812782288e-02,-2.512459456920623779e-01,-2.725326456129550934e-02
-3.903783559799194336e-01,-1.213736057281494141e+00,7.879966497421264648e-01,-4.617909342050552368e-02,-6.932367105036973953e-04,8.236849308013916016e-01,-5.651637911796569824e-01,-6.473767757415771484e-01,8.556397259235382080e-02,4.026875495910644531e-01,3.941045999526977539e-01,-1.947906613349914551e-01,7.424669712781906128e-02,1.948952823877334595e-01,-1.089404672384262085e-01,1.636985093355178833e-01,2.605891227722167969e-01,9.133069217205047607e-02,1.306924670934677124e-01,3.672913014888763428e-01,0.000000000000000000e+00,0.000000000000000000e+00,4.393679201602935791e-01,-8.783710747957229614e-02,-2.699857056140899658e-01,-3.589585721492767334e-01,-8.550018817186355591e-02,-2.052552103996276855e-01,-1.363770812749862671e-01,-9.942281246185302734e-02,-2.427186518907546997e-01,3.429864645004272461e-01,-8.710552453994750977e-01,-3.359167650341987610e-02,-2.480668574571609497e-01,-2.100514806807041168e-02
-3.878887891769409180e-01,-1.276117205619812012e+00,7.891487479209899902e-01,-4.337063804268836975e-02,1.077748462557792664e-02,8.205389380455017090e-01,-5.698409080505371094e-01,-6.095837354660034180e-01,4.367554932832717896e-02,3.894245624542236328e-01,4.618011415004730225e-01,-1.807851791381835938e-01,1.139729022979736328e-01,2.345943152904510498e-01,-1.389578431844711304e-01,1.432918757200241089e-01,3.164388239383697510e-01,3.443093299865722656e-01,1.425909698009490967e-01,3.471155762672424316e-01,0.000000000000000000e+00,0.000000000000000000e+00,4.280073046684265137e-01,-9.821196645498275757e-02,-2.984557151794433594e-01,-3.391722440719604492e-01,-7.363649457693099976e-02,-2.084972113370895386e-01,-1.496126651763916016e-01,-4.716413840651512146e-02,-2.324147224426269531e-01,3.288050293922424316e-01,-8.107817173004150391e-01,-4.322268813848495483e-02,-2.423439025878906250e-01,-6.239564158022403717e-03
-3.855521976947784424e-01,-1.331415295600891113e+00,7.939857244491577148e-01,-4.171691834926605225e-02,1.301600411534309387e-02,8.093171119689941406e-01,-5.857440829277038574e-01,-5.663908720016479492e-01,-3.382587805390357971e-03,3.552741706371307373e-01,4.799668192863464355e-01,-2.072640359401702881e-01,1.752215623855590820e-01,1.843426078557968140e-01,-1.741475611925125122e-01,2.467707172036170959e-02,4.890469312667846680e-01,5.053839683532714844e-01,7.888633012771606445e-02,2.928521931171417236e-01,0.000000000000000000e+00,0.000000000000000000e+00,3.838037252426147461e-01,-9.949170798063278198e-02,-3.104580342769622803e-01,-3.337535858154296875e-01,-4.188784956932067871e-02,-2.118349820375442505e-01,-1.411001682281494141e-01,-7.997472770512104034e-03,-2.027265429496765137e-01,3.189978003501892090e-01,-7.422314882278442383e-01,-4.453722387552261353e-02,-2.363421469926834106e-01,-5.440998822450637817e-03
-3.843428492546081543e-01,-1.387703299522399902e+00,8.086273074150085449e-01,-3.457390889525413513e-02,-3.098493674769997597e-03,7.896073460578918457e-01,-6.126298308372497559e-01,-4.939644038677215576e-01,-3.798217698931694031e-02,2.867227792739868164e-01,4.193847179412841797e-01,-2.066201120615005493e-01,1.876337379217147827e-01,9.350612759590148926e-02,-1.575309783220291138e-01,-7.607567310333251953e-02,5.870202183723449707e-01,4.628759622573852539e-01,5.640690214931964874e-03,2.070082277059555054e-01,0.000000000000000000e+00,0.000000000000000000e+00,3.267569541931152344e-01,-7.744191586971282959e-02,-3.103536963462829590e-01,-3.617193102836608887e-01,-1.217702962458133698e-02,-2.121333330869674683e-01,-1.448962688446044922e-01,2.681295201182365417e-02,-1.527523994445800781e-01,3.102172911167144775e-01,-6.828508973121643066e-01,-6.115264818072319031e-02,-2.212561517953872681e-01,4.141665622591972351e-02
-3.832052648067474365e-01,-1.442219853401184082e+00,8.205399513244628906e-01,-2.842154540121555328e-02,-8.975431323051452637e-03,7.654039859771728516e-01,-6.428595185279846191e-01,-3.943862915039062500e-01,-8.200588822364807129e-02,2.143196910619735718e-01,3.290761411190032959e-01,-1.911635249853134155e-01,1.881394833326339722e-01,-1.791062392294406891e-02,-1.469553560018539429e-01,-1.473706513643264771e-01,6.785703301429748535e-01,3.433924019336700439e-01,-2.807114645838737488e-02,1.191455721855163574e-01,0.000000000000000000e+00,0.000000000000000000e+00,2.599858939647674561e-01,-5.147871375083923340e-02,-3.075071871280670166e-01,-3.896054327487945557e-01,5.891612265259027481e-03,-2.288936972618103027e-01,-1.275310516357421875e-01,6.789360195398330688e-02,-1.153886467218399048e-01,3.063853085041046143e-01,-6.017864346504211426e-01,-1.957063935697078705e-02,-2.096926569938659668e-01,6.312432885169982910e-02
-3.821341097354888916e-01,-1.494764089584350586e+00,8.328557610511779785e-01,-2.347056567668914795e-02,-1.437636371701955795e-02,7.429542541503906250e-01,-6.687760353088378906e-01,-3.004024624824523926e-01,-1.075065955519676208e-01,1.560389399528503418e-01,2.530265748500823975e-01,-1.797121614217758179e-01,1.752093583345413208e-01,-1.291338801383972168e-01,-1.389583200216293335e-01,-2.036056965589523315e-01,7.119363546371459961e-01,2.323649674654006958e-01,-5.733770132064819336e-02,3.543085977435112000e-02,0.000000000000000000e+00,0.000000000000000000e+00,2.090343087911605835e-01,-2.276071347296237946e-02,-3.077554702758789062e-01,-4.500038623809814453e-01,4.325184598565101624e-02,-2.363771349191665649e-01,-5.970892310142517090e-02,1.190807223320007324e-01,-7.902273535728454590e-02,2.995100319385528564e-01,-5.359768271446228027e-01,-1.981411129236221313e-02,-1.936115473508834839e-01,7.046251744031906128e-02
-3.816008567810058594e-01,-1.546233057975769043e+00,8.421506285667419434e-01,-2.008962444961071014e-02,-1.586359553039073944e-02,7.181026339530944824e-01,-6.954662799835205078e-01,-2.034886181354522705e-01,-1.272576749324798584e-01,9.052716940641403198e-02,1.774831861257553101e-01,-1.677879244089126587e-01,1.525812298059463501e-01,-2.218786329030990601e-01,-1.285583972930908203e-01,-2.400473654270172119e-01,6.780881881713867188e-01,1.384474933147430420e-01,-4.934228956699371338e-02,-4.386281967163085938e-02,0.000000000000000000e+00,0.000000000000000000e+00,1.534079313278198242e-01,8.339930325746536255e-03,-3.125419318675994873e-01,-5.135650038719177246e-01,6.467002630233764648e-02,-2.664560973644256592e-01,-1.611144049093127251e-03,1.762783676385879517e-01,-5.365984514355659485e-02,2.886403799057006836e-01,-4.752352237701416016e-01,9.069817140698432922e-03,-1.906441301107406616e-01,5.415004119277000427e-02
-3.812367320060729980e-01,-1.594019532203674316e+00,8.470762372016906738e-01,-2.066307142376899719e-02,-1.784477755427360535e-02,6.911379694938659668e-01,-7.222070097923278809e-01,-1.301730126142501831e-01,-1.384985148906707764e-01,2.045009471476078033e-02,1.281972974538803101e-01,-1.622772812843322754e-01,1.197383478283882141e-01,-3.164034783840179443e-01,-1.219855099916458130e-01,-2.645393908023834229e-01,6.048413515090942383e-01,4.751558974385261536e-02,-2.511102706193923950e-02,-1.236792951822280884e-01,0.000000000000000000e+00,0.000000000000000000e+00,9.242242574691772461e-02,3.785747662186622620e-02,-3.109031021595001221e-01,-5.847839117050170898e-01,8.895206451416015625e-02,-2.812241911888122559e-01,9.596309624612331390e-03,2.265590876340866089e-01,-3.688807040452957153e-02,2.858370542526245117e-01,-4.214475154876708984e-01,2.747962996363639832e-02,-1.687493771314620972e-01,1.225118413567543030e-01
-3.826639056205749512e-01,-1.642576575279235840e+00,8.475607037544250488e-01,-2.202605083584785461e-02,-1.805450953543186188e-02,6.642337441444396973e-01,-7.469822168350219727e-01,-5.918477103114128113e-02,-1.406589299440383911e-01,-5.222217738628387451e-02,8.670456707477569580e-02,-1.551524400711059570e-01,8.124838024377822876e-02,-3.896945714950561523e-01,-1.258374303579330444e-01,-3.025947213172912598e-01,4.884907305240631104e-01,-2.932510897517204285e-02,1.332816947251558304e-02,-2.009713053703308105e-01,0.000000000000000000e+00,0.000000000000000000e+00,3.458791598677635193e-02,7.067556679248809814e-02,-3.177625238895416260e-01,-6.586594581604003906e-01,1.108891889452934265e-01,-2.884280383586883545e-01,-1.015683636069297791e-02,2.808506190776824951e-01,-2.112792059779167175e-02,2.669285535812377930e-01,-3.931395709514617920e-01,3.452420979738235474e-02,-1.557284295558929443e-01,1.521894186735153198e-01
-3.835762739181518555e-01,-1.690982222557067871e+00,8.447158336639404297e-01,-2.381654456257820129e-02,-1.609681360423564911e-02,6.405767798423767090e-01,-7.673558592796325684e-01,6.731346249580383301e-03,-1.354897469282150269e-01,-9.792733192443847656e-02,5.754301324486732483e-02,-1.635084450244903564e-01,5.810084939002990723e-02,-4.546185433864593506e-01,-1.362446397542953491e-01,-3.336589336395263672e-01,3.593758642673492432e-01,-9.792439639568328857e-02,6.118812039494514465e-02,-2.664223313331604004e-01,0.000000000000000000e+00,0.000000000000000000e+00,-3.605220094323158264e-02,1.007646471261978149e-01,-3.349922597408294678e-01,-7.074360251426696777e-01,1.503691077232360840e-01,-3.160671591758728027e-01,-2.350257150828838348e-02,3.281219005584716797e-01,-1.483737863600254059e-02,2.518483400344848633e-01,-3.647503554821014404e-01,4.268598929047584534e-02,-1.513555198907852173e-01,1.423656642436981201e-01
-3.840786218643188477e-01,-1.739297509193420410e+00,8.385925889015197754e-01,-2.556117624044418335e-02,-1.804382354021072388e-02,6.241400837898254395e-01,-7.806857228279113770e-01,5.827721580862998962e-02,-1.216325610876083374e-01,-1.254324167966842651e-01,4.319961369037628174e-02,-1.800615042448043823e-01,3.665954247117042542e-02,-5.149504542350769043e-01,-1.398631334304809570e-01,-3.556326925754547119e-01,2.156709879636764526e-01,-1.490772068500518799e-01,1.105156615376472473e-01,-3.161292970180511475e-01,0.000000000000000000e+00,0.000000000000000000e+00,-8.757987618446350098e-02,1.477383524179458618e-01,-3.547123372554779053e-01,-7.967589497566223145e-01,1.422518491744995117e-01,-3.128350973129272461e-01,-6.317615043371915817e-03,3.683781623840332031e-01,-4.568880423903465271e-03,2.345460057258605957e-01,-3.531075119972229004e-01,4.603404179215431213e-02,-1.370739191770553589e-01,1.708845943212509155e-01
-3.847233355045318604e-01,-1.788300156593322754e+00,8.326738476753234863e-01,-2.019239962100982666e-02,-2.143311873078346252e-02,6.218091845512390137e-01,-7.826150059700012207e-01,1.051551699638366699e-01,-9.678728878498077393e-02,-1.239270195364952087e-01,5.025487765669822693e-02,-2.021855562925338745e-01,1.968638598918914795e-02,-5.536789894104003906e-01,-1.159521862864494324e-01,-3.660423159599304199e-01,7.152502238750457764e-02,-1.900375634431838989e-01,1.470359414815902710e-01,-3.325797915458679199e-01,0.000000000000000000e+00,0.000000000000000000e+00,-1.316696405410766602e-01,1.907889991998672485e-01,-3.688394725322723389e-01,-8.572510480880737305e-01,1.610936224460601807e-01,-3.217987716197967529e-01,-2.219690242782235146e-03,4.053847193717956543e-01,5.622252356261014938e-03,2.059865295886993408e-01,-3.506546318531036377e-01,5.598075687885284424e-02,-1.305518150329589844e-01,1.763276457786560059e-01
-3.871411383152008057e-01,-1.840428352355957031e+00,8.239424228668212891e-01,-1.938600279390811920e-02,-2.124233171343803406e-02,6.226016283035278320e-01,-7.820103168487548828e-01,1.486601978540420532e-01,-8.224107325077056885e-02,-1.315259039402008057e-01,7.242246717214584351e-02,-2.145463675260543823e-01,-1.045107841491699219e-03,-5.804445743560791016e-01,-9.752071648836135864e-02,-3.705695271492004395e-01,7.244611158967018127e-03,-1.984107196331024170e-01,1.713321954011917114e-01,-3.397941291332244873e-01,0.000000000000000000e+00,0.000000000000000000e+00,-1.688909530639648438e-01,2.332421094179153442e-01,-3.814576864242553711e-01,-9.080852866172790527e-01,1.399936676025390625e-01,-3.110717833042144775e-01,-1.397063117474317551e-02,4.336079359054565430e-01,3.824170678853988647e-03,1.771999001502990723e-01,-3.480409979820251465e-01,5.835486575961112976e-02,-1.295103579759597778e-01,1.824360489845275879e-01
-3.890752792358398438e-01,-1.897085070610046387e+00,8.145674467086791992e-01,-1.910467259585857391e-02,-1.575373299419879913e-02,6.109867691993713379e-01,-7.912534475326538086e-01,1.858811974525451660e-01,-7.086319476366043091e-02,-1.774136424064636230e-01,1.256214082241058350e-01,-2.069931179285049438e-01,-2.876073308289051056e-02,-6.019997000694274902e-01,-1.168458461761474609e-01,-3.651566803455352783e-01,8.025074750185012817e-02,-2.269974797964096069e-01,1.607464849948883057e-01,-3.779508769512176514e-01,0.000000000000000000e+00,0.000000000000000000e+00,-1.848195195198059082e-01,2.477447837591171265e-01,-3.778491020202636719e-01,-9.320251941680908203e-01,1.496209502220153809e-01,-3.223193287849426270e-01,7.967281271703541279e-04,4.522344768047332764e-01,-4.775156732648611069e-03,1.520522683858871460e-01,-3.376787900924682617e-01,4.282627999782562256e-02,-1.310793906450271606e-01,1.765013039112091064e-01
-3.903534114360809326e-01,-1.959345579147338867e+00,8.036941885948181152e-01,-2.685787528753280640e-02,-4.689329303801059723e-03,5.932872295379638672e-01,-8.045290112495422363e-01,2.172833085060119629e-01,-7.713878899812698364e-02,-2.463392615318298340e-01,2.005050629377365112e-01,-1.591360718011856079e-01,-6.611732393503189087e-02,-6.010804772377014160e-01,-1.589875817298889160e-01,-3.594495058059692383e-01,1.988863945007324219e-01,-1.776833534240722656e-01,1.291625946760177612e-01,-4.301172494888305664e-01,0.000000000000000000e+00,0.000000000000000000e+00,-1.822263151407241821e-01,2.411150336265563965e-01,-3.647422492504119873e-01,-9.350764155387878418e-01,1.495753675699234009e-01,-3.230993151664733887e-01,-6.798757240176200867e-03,4.574962854385375977e-01,-2.732199616730213165e-02,1.257631331682205200e-01,-3.241759538650512695e-01,3.221131488680839539e-02,-1.305702775716781616e-01,1.668092012405395508e-01
-3.931698203086853027e-01,-2.021021604537963867e+00,7.937511801719665527e-01,-3.146071732044219971e-02,1.957163447514176369e-03,5.864074230194091797e-01,-8.094027042388916016e-01,2.342784255743026733e-01,-7.779435813426971436e-02,-2.666630744934082031e-01,2.950288653373718262e-01,-3.727745637297630310e-02,-9.875182807445526123e-02,-5.757073163986206055e-01,-1.801529228687286377e-01,-3.577366173267364502e-01,2.796500623226165771e-01,-5.225911736488342285e-02,6.607411801815032959e-02,-4.514024853706359863e-01,0.000000000000000000e+00,0.000000000000000000e+00,-1.644746959209442139e-01,2.122296243906021118e-01,-3.459267914295196533e-01,-9.189124703407287598e-01,1.663769334554672241e-01,-2.945202887058258057e-01,3.369507193565368652e-02,4.463397860527038574e-01,-4.064534232020378113e-02,1.278560459613800049e-01,-3.115273714065551758e-01,2.782076364383101463e-03,-1.223795339465141296e-01,1.509905010461807251e-01
-3.975226283073425293e-01,-2.080928087234497070e+00,7.941407561302185059e-01,-1.363292615860700607e-02,3.192931180819869041e-03,5.873271226882934570e-01,-8.092285394668579102e-01,2.622290253639221191e-01,-4.235269874334335327e-02,-2.366811484098434448e-01,3.751860857009887695e-01,1.992319226264953613e-01,-1.424486190080642700e-01,-5.294243097305297852e-01,-1.365986168384552002e-01,-3.516610264778137207e-01,3.469652533531188965e-01,-3.937450423836708069e-02,7.979847490787506104e-03,-4.548135697841644287e-01,0.000000000000000000e+00,0.000000000000000000e+00,-1.205870360136032104e-01,2.147637754678726196e-01,-3.402660191059112549e-01,-8.720518946647644043e-01,1.234803870320320129e-01,-2.723023891448974609e-01,-1.415882725268602371e-02,4.300327301025390625e-01,-3.581772372126579285e-02,1.449967920780181885e-01,-2.788026332855224609e-01,3.185421228408813477e-03,-1.267355084419250488e-01,1.633951663970947266e-01
-4.009018540382385254e-01,-2.137351036071777344e+00,7.988512516021728516e-01,-9.284693747758865356e-03,7.955500856041908264e-03,6.004828214645385742e-01,-7.995442152023315430e-01,2.354466170072555542e-01,-1.784935407340526581e-02,-1.212599799036979675e-01,4.940329492092132568e-01,3.642179369926452637e-01,-1.149061024188995361e-01,-4.787507653236389160e-01,-1.045766770839691162e-01,-3.324428498744964600e-01,3.810033500194549561e-01,-8.017852157354354858e-02,-6.250885874032974243e-02,-4.159054756164550781e-01,0.000000000000000000e+00,0.000000000000000000e+00,-5.979745090007781982e-02,1.744490861892700195e-01,-3.368836641311645508e-01,-8.215489387512207031e-01,1.633086055517196655e-01,-2.759905755519866943e-01,2.780894748866558075e-02,4.013602435588836670e-01,-3.496495634317398071e-02,1.645303964614868164e-01,-2.750584185123443604e-01,3.361793700605630875e-03,-1.243386492133140564e-01,1.415894031524658203e-01
-4.036933481693267822e-01,-2.188605308532714844e+00,8.074573874473571777e-01,-1.672859489917755127e-02,1.103344745934009552e-02,6.181131005287170410e-01,-7.858337163925170898e-01,1.126631274819374084e-01,3.463939065113663673e-03,1.791162230074405670e-02,6.617007255554199219e-01,2.908176183700561523e-01,-3.140852227807044983e-02,-4.264991581439971924e-01,-8.067391067743301392e-02,-3.002673983573913574e-01,3.677732944488525391e-01,-9.765003621578216553e-02,-8.035559952259063721e-02,-3.472110927104949951e-01,0.000000000000000000e+00,0.000000000000000000e+00,-5.038325861096382141e-02,1.228473857045173645e-01,-3.500147461891174316e-01,-7.281265258789062500e-01,1.436564028263092041e-01,-2.552943825721740723e-01,-1.194541156291961670e-02,3.672521412372589111e-01,-3.772106021642684937e-02,1.747718304395675659e-01,-3.221758604049682617e-01,-1.110481470823287964e-02,-1.263433098793029785e-01,1.227205172181129456e-01
-4.036889970302581787e-01,-2.236351013183593750e+00,8.173113465309143066e-01,-2.363886684179306030e-02,1.479212846606969833e-02,6.399984955787658691e-01,-7.678700089454650879e-01,-1.124877575784921646e-02,6.377843092195689678e-04,1.002745330333709717e-01,7.587902545928955078e-01,1.959207504987716675e-01,2.775112353265285492e-02,-3.608648180961608887e-01,-5.449402332305908203e-02,-2.521428167819976807e-01,3.182287514209747314e-01,-9.281938523054122925e-02,-8.759941160678863525e-02,-2.666847705841064453e-01,0.000000000000000000e+00,0.000000000000000000e+00,-4.392746463418006897e-02,7.045641541481018066e-02,-3.710661828517913818e-01,-6.055672168731689453e-01,1.040870100259780884e-01,-2.439204454421997070e-01,-2.248652838170528412e-02,3.226078748703002930e-01,-4.568820074200630188e-02,1.934241503477096558e-01,-3.752648532390594482e-01,-3.093913570046424866e-02,-1.497168689966201782e-01,9.209152311086654663e-02
-4.044892489910125732e-01,-2.284964561462402344e+00,8.287089467048645020e-01,-2.641553804278373718e-02,1.762042939662933350e-02,6.626933813095092773e-01,-7.482173442840576172e-01,-1.122190058231353760e-01,-4.621208790922537446e-05,1.686582714319229126e-01,7.755247354507446289e-01,1.129207611083984375e-01,4.898811504244804382e-02,-2.916709780693054199e-01,-2.680367603898048401e-02,-1.985322684049606323e-01,2.716980278491973877e-01,-9.709255397319793701e-02,-8.261533826589584351e-02,-1.906111538410186768e-01,0.000000000000000000e+00,0.000000000000000000e+00,1.682208478450775146e-02,2.370850741863250732e-02,-3.369420170783996582e-01,-5.605717301368713379e-01,1.743692159652709961e-02,-2.332023084163665771e-01,-2.732700668275356293e-02,2.793529331684112549e-01,-5.131928995251655579e-02,1.997846961021423340e-01,-4.584235846996307373e-01,-6.032727286219596863e-02,-1.636839359998703003e-01,9.921348839998245239e-02
-4.049334228038787842e-01,-2.333155155181884766e+00,8.399520516395568848e-01,-2.763607539236545563e-02,2.161676809191703796e-02,6.876626014709472656e-01,-7.251821160316467285e-01,-1.936902552843093872e-01,-3.231237409636378288e-03,2.309790104627609253e-01,7.277111411094665527e-01,2.650180272758007050e-02,6.512321531772613525e-02,-2.178062051534652710e-01,-8.679764345288276672e-03,-1.515874564647674561e-01,2.184124290943145752e-01,-9.556374698877334595e-02,-7.333061099052429199e-02,-1.121380627155303955e-01,0.000000000000000000e+00,0.000000000000000000e+00,7.955972850322723389e-02,-2.036734856665134430e-02,-3.042536675930023193e-01,-4.905167818069458008e-01,-4.150832816958427429e-02,-2.260660529136657715e-01,-3.934215381741523743e-02,2.399003356695175171e-01,-7.072928547859191895e-02,2.260406911373138428e-01,-5.519633293151855469e-01,-5.771231278777122498e-02,-1.893868595361709595e-01,7.316227257251739502e-02
-4.049493372440338135e-01,-2.379596710205078125e+00,8.469020128250122070e-01,-2.719853073358535767e-02,2.259406447410583496e-02,7.089008688926696777e-01,-7.044212818145751953e-01,-2.601112723350524902e-01,3.140655811876058578e-03,2.870012521743774414e-01,6.242070198059082031e-01,-3.407778218388557434e-02,6.843546032905578613e-02,-1.579117774963378906e-01,7.791916374117136002e-03,-9.757015109062194824e-02,1.819743961095809937e-01,-9.431947767734527588e-02,-5.610818043351173401e-02,-4.393502697348594666e-02,0.000000000000000000e+00,0.000000000000000000e+00,1.238040328025817871e-01,-4.613291844725608826e-02,-3.355216979980468750e-01,-4.064945876598358154e-01,-3.105919063091278076e-02,-2.291789799928665161e-01,-5.613473057746887207e-02,1.862877756357192993e-01,-8.499431610107421875e-02,2.567326426506042480e-01,-6.356713175773620605e-01,-5.768082290887832642e-02,-2.104061543941497803e-01,2.165437117218971252e-02
-4.041366875171661377e-01,-2.424338579177856445e+00,8.503819704055786133e-01,-2.729293517768383026e-02,2.151191048324108124e-02,7.279083132743835449e-01,-6.847932338714599609e-01,-3.219450116157531738e-01,1.626551337540149689e-02,3.389965295791625977e-01,4.911251068115234375e-01,-9.941018372774124146e-02,7.052974402904510498e-02,-1.019923239946365356e-01,1.696219108998775482e-02,-4.449520260095596313e-02,1.524826288223266602e-01,-9.353793412446975708e-02,-3.191655129194259644e-02,2.085885591804981232e-02,0.000000000000000000e+00,0.000000000000000000e+00,1.794888824224472046e-01,-6.402537971735000610e-02,-3.288946151733398438e-01,-3.674651086330413818e-01,-5.794950202107429504e-02,-2.248341441154479980e-01,-6.883344054222106934e-02,1.319870203733444214e-01,-1.026394665241241455e-01,2.815674245357513428e-01,-7.285140156745910645e-01,-6.306242197751998901e-02,-2.328234612941741943e-01,2.450731396675109863e-02
-4.034509658813476562e-01,-2.469195604324340820e+00,8.510750532150268555e-01,-2.584524080157279968e-02,1.668099500238895416e-02,7.445532083511352539e-01,-6.668540239334106445e-01,-3.792426586151123047e-01,3.551130741834640503e-02,3.810909688472747803e-01,3.512434065341949463e-01,-1.664460003376007080e-01,4.664359614253044128e-02,-5.404834449291229248e-02,2.506738156080245972e-02,-3.528082510456442833e-03,1.324384361505508423e-01,-1.193872541189193726e-01,-2.227654866874217987e-02,7.663985341787338257e-02,0.000000000000000000e+00,0.000000000000000000e+00,2.344069480895996094e-01,-7.471688836812973022e-02,-3.176143765449523926e-01,-3.389178514480590820e-01,-9.245295822620391846e-02,-2.192218601703643799e-01,-9.111224114894866943e-02,8.319485932588577271e-02,-1.207850575447082520e-01,2.948902845382690430e-01,-8.248212933540344238e-01,-4.547159001231193542e-02,-2.500687539577484131e-01,1.452074293047189713e-02
-4.028367102146148682e-01,-2.513768911361694336e+00,8.481540679931640625e-01,-2.707354910671710968e-02,1.658752001821994781e-02,7.562018036842346191e-01,-6.535676717758178711e-01,-4.300211071968078613e-01,3.482545167207717896e-02,3.887161910533905029e-01,2.068842202425003052e-01,-2.131457328796386719e-01,1.768973842263221741e-02,-6.395867094397544861e-04,1.834297738969326019e-02,2.570781484246253967e-02,1.122808828949928284e-01,-1.325470507144927979e-01,-6.468016188591718674e-03,1.192815080285072327e-01,0.000000000000000000e+00,0.000000000000000000e+00,2.873813509941101074e-01,-9.042792022228240967e-02,-3.034896850585937500e-01,-3.189283013343811035e-01,-1.165910512208938599e-01,-2.313853502273559570e-01,-9.507854282855987549e-02,3.297704085707664490e-02,-1.438213586807250977e-01,3.078004717826843262e-01,-8.999284505844116211e-01,-4.908955842256546021e-02,-2.670346200466156006e-01,5.987531039863824844e-04
-4.008661210536956787e-01,-2.556523323059082031e+00,8.438526988029479980e-01,-2.943796291947364807e-02,1.886780560016632080e-02,7.603048086166381836e-01,-6.486247181892395020e-01,-4.728820919990539551e-01,1.758326403796672821e-02,3.779092133045196533e-01,8.410310745239257812e-02,-2.482015788555145264e-01,3.173914737999439240e-03,4.140517860651016235e-02,1.970373326912522316e-03,2.855941839516162872e-02,1.149540916085243225e-01,-1.576474606990814209e-01,6.214767694473266602e-03,1.402838528156280518e-01,0.000000000000000000e+00,0.000000000000000000e+00,3.373683691024780273e-01,-1.027683466672897339e-01,-3.101937770843505859e-01,-3.122634291648864746e-01,-1.787928193807601929e-01,-2.310939282178878784e-01,-7.312555611133575439e-02,-1.080611255019903183e-02,-1.720790266990661621e-01,3.197253644466400146e-01,-9.573847651481628418e-01,-5.593372881412506104e-02,-2.846236824989318848e-01,-2.332429774105548859e-02
-3.987390995025634766e-01,-2.602535247802734375e+00,8.377085328102111816e-01,-2.991022728383541107e-02,2.278782986104488373e-02,7.649363875389099121e-01,-6.430073380470275879e-01,-4.854987859725952148e-01,-5.543939303606748581e-03,3.355298042297363281e-01,1.033576088957488537e-03,-2.635152339935302734e-01,-3.379243134986609221e-04,8.635208755731582642e-02,-1.586169749498367310e-02,4.869365319609642029e-02,1.311692148447036743e-01,-1.718045771121978760e-01,1.482928171753883362e-02,1.641208678483963013e-01,0.000000000000000000e+00,0.000000000000000000e+00,3.807536363601684570e-01,-1.126516237854957581e-01,-2.989461421966552734e-01,-3.202588260173797607e-01,-1.304595321416854858e-01,-2.008152455091476440e-01,-9.675856679677963257e-02,-3.716620057821273804e-02,-1.979238986968994141e-01,3.243365883827209473e-01,-1.000634789466857910e+00,-5.426140502095222473e-02,-2.858133018016815186e-01,-2.869396470487117767e-02
-3.974454700946807861e-01,-2.653764009475708008e+00,8.286845088005065918e-01,-2.392077632248401642e-02,2.039923146367073059e-02,7.757101655006408691e-01,-6.303057670593261719e-01,-4.948063492774963379e-01,1.784524694085121155e-02,3.630484640598297119e-01,2.971036173403263092e-02,-2.618349194526672363e-01,1.230137655511498451e-03,1.237332001328468323e-01,-1.721072569489479065e-02,9.628540277481079102e-02,1.646564602851867676e-01,-1.673990488052368164e-01,3.086881712079048157e-02,2.104636579751968384e-01,0.000000000000000000e+00,0.000000000000000000e+00,4.085342288017272949e-01,-1.011753976345062256e-01,-2.964156568050384521e-01,-3.114696741104125977e-01,-1.482441127300262451e-01,-2.064208537340164185e-01,-1.067828014492988586e-01,-4.661667719483375549e-02,-2.025708109140396118e-01,3.181214928627014160e-01,-1.022751688957214355e+00,-4.928495734930038452e-02,-2.868799865245819092e-01,-4.941805824637413025e-02
-3.939489126205444336e-01,-2.708834171295166016e+00,8.192493915557861328e-01,-1.725391671061515808e-02,2.011396363377571106e-02,7.831278443336486816e-01,-6.212958097457885742e-01,-5.124582648277282715e-01,2.905279770493507385e-02,3.422770798206329346e-01,1.600127220153808594e-01,-2.809873819351196289e-01,9.752551093697547913e-03,1.638170033693313599e-01,-2.270878106355667114e-02,1.346691399812698364e-01,2.111185342073440552e-01,-1.320546269416809082e-01,5.843675509095191956e-02,2.462791502475738525e-01,0.000000000000000000e+00,0.000000000000000000e+00,4.269278347492218018e-01,-9.251607209444046021e-02,-2.903833687305450439e-01,-3.023995757102966309e-01,-1.230473518371582031e-01,-2.133524417877197266e-01,-1.157462149858474731e-01,-3.631731495261192322e-02,-1.966611146926879883e-01,3.018659651279449463e-01,-1.019322872161865234e+00,-5.883454903960227966e-02,-2.897794544696807861e-01,-6.681138277053833008e-02
-3.895964026451110840e-01,-2.768944025039672852e+00,8.058377504348754883e-01,-8.384867571294307709e-03,1.490959711372852325e-02,7.968749403953552246e-01,-6.039021015167236328e-01,-4.921481311321258545e-01,4.069307819008827209e-02,3.039247393608093262e-01,2.156169563531875610e-01,-1.677767932415008545e-01,3.169234097003936768e-02,1.922439485788345337e-01,-3.098848089575767517e-02,1.608612090349197388e-01,2.700528800487518311e-01,-2.344704978168010712e-02,8.723280578851699829e-02,2.981757819652557373e-01,0.000000000000000000e+00,0.000000000000000000e+00,4.361485242843627930e-01,-8.034981787204742432e-02,-2.646814882755279541e-01,-2.989777028560638428e-01,-1.192831918597221375e-01,-2.083432227373123169e-01,-1.160024031996726990e-01,-1.918375305831432343e-02,-1.845636218786239624e-01,2.859452664852142334e-01,-9.965102672576904297e-01,-3.437682986259460449e-02,-2.760207056999206543e-01,-6.188228353857994080e-02
-3.848792910575866699e-01,-2.825306892395019531e+00,7.987880706787109375e-01,-5.331715103238821030e-03,2.298967912793159485e-02,7.984201312065124512e-01,-6.016380190849304199e-01,-4.610807001590728760e-01,1.689281128346920013e-02,2.977059185504913330e-01,2.732388973236083984e-01,-8.484190702438354492e-02,8.320914208889007568e-02,2.293490022420883179e-01,-6.126567348837852478e-02,1.250843554735183716e-01,3.243885934352874756e-01,1.953665018081665039e-01,1.115640997886657715e-01,3.044185340404510498e-01,0.000000000000000000e+00,0.000000000000000000e+00,4.340799450874328613e-01,-8.715275675058364868e-02,-2.558446526527404785e-01,-2.834489643573760986e-01,-1.084409058094024658e-01,-2.074762135744094849e-01,-1.027406603097915649e-01,9.321585297584533691e-03,-1.694211512804031372e-01,2.765414714813232422e-01,-9.422574639320373535e-01,-3.743130341172218323e-02,-2.745609283447265625e-01,-7.231932878494262695e-02
-3.809885680675506592e-01,-2.878586769104003906e+00,8.015495538711547852e-01,-2.065837616100907326e-03,3.369238227605819702e-02,7.972617745399475098e-01,-6.026891469955444336e-01,-4.244806170463562012e-01,-1.448070164769887924e-02,2.806732356548309326e-01,3.314965665340423584e-01,-9.992057085037231445e-02,1.426144689321517944e-01,2.463182955980300903e-01,-9.012456238269805908e-02,8.870951086282730103e-02,4.025669693946838379e-01,4.274998009204864502e-01,1.051409542560577393e-01,2.995398342609405518e-01,0.000000000000000000e+00,0.000000000000000000e+00,4.206873476505279541e-01,-9.307073056697845459e-02,-2.638681828975677490e-01,-2.732335627079010010e-01,-9.365247189998626709e-02,-2.087620645761489868e-01,-1.004795655608177185e-01,4.739831387996673584e-02,-1.537466794252395630e-01,2.784718573093414307e-01,-8.541790246963500977e-01,-3.233385458588600159e-02,-2.559892833232879639e-01,-5.532400310039520264e-02
-3.756076693534851074e-01,-2.924675703048706055e+00,8.067315220832824707e-01,-2.023959299549460411e-03,2.976099029183387756e-02,7.908220887184143066e-01,-6.113187670707702637e-01,-3.944898247718811035e-01,-3.669269010424613953e-02,2.589415907859802246e-01,3.470718562602996826e-01,-1.241479888558387756e-01,1.661647111177444458e-01,1.609918475151062012e-01,-1.362027376890182495e-01,-4.502909630537033081e-02,5.783085227012634277e-01,5.048040151596069336e-01,5.400927364826202393e-02,2.653234302997589111e-01,0.000000000000000000e+00,0.000000000000000000e+00,3.752675652503967285e-01,-9.228251874446868896e-02,-2.461108267307281494e-01,-2.791417241096496582e-01,-1.324573904275894165e-01,-2.137431800365447998e-01,-1.290487796068191528e-01,6.548727303743362427e-02,-1.222501099109649658e-01,2.889658510684967041e-01,-7.610763907432556152e-01,-5.520504340529441833e-02,-2.410945892333984375e-01,-2.121073938906192780e-02
-3.718027770519256592e-01,-2.969055891036987305e+00,8.191930651664733887e-01,2.931165043264627457e-03,2.035780251026153564e-02,7.762224078178405762e-01,-6.301236152648925781e-01,-3.374197781085968018e-01,-5.833119526505470276e-02,2.085333615541458130e-01,3.113073408603668213e-01,-1.409226655960083008e-01,1.714052557945251465e-01,5.668501555919647217e-02,-1.468490064144134521e-01,-1.458974033594131470e-01,6.777550578117370605e-01,4.246145784854888916e-01,-2.298197336494922638e-02,1.992017179727554321e-01,0.000000000000000000e+00,0.000000000000000000e+00,3.147676885128021240e-01,-7.867519557476043701e-02,-2.598816156387329102e-01,-2.965660095214843750e-01,-1.092961505055427551e-01,-2.244156897068023682e-01,-1.145356073975563049e-01,6.843652576208114624e-02,-9.145878255367279053e-02,3.165993988513946533e-01,-6.531311869621276855e-01,-2.330967597663402557e-02,-2.052321732044219971e-01,2.537767589092254639e-02
-3.696532547473907471e-01,-3.014462947845458984e+00,8.297584056854248047e-01,7.416679523885250092e-03,1.700487360358238220e-02,7.565462589263916016e-01,-6.536769270896911621e-01,-2.630275785923004150e-01,-8.565425127744674683e-02,1.470992714166641235e-01,2.589772343635559082e-01,-1.512310653924942017e-01,1.790194511413574219e-01,-4.589548334479331970e-02,-1.573182791471481323e-01,-2.302525043487548828e-01,7.393079400062561035e-01,2.836239635944366455e-01,-7.574662566184997559e-02,1.200395151972770691e-01,0.000000000000000000e+00,0.000000000000000000e+00,2.597600817680358887e-01,-5.236100032925605774e-02,-2.901414930820465088e-01,-3.516837060451507568e-01,-7.518950104713439941e-02,-2.320032119750976562e-01,-6.306883692741394043e-02,8.036959916353225708e-02,-6.575550138950347900e-02,3.371354639530181885e-01,-5.514998435974121094e-01,2.245523035526275635e-02,-1.846983879804611206e-01,4.304786771535873413e-02
-3.693675398826599121e-01,-3.056997060775756836e+00,8.387074470520019531e-01,1.210293639451265335e-02,1.337516121566295624e-02,7.322317957878112793e-01,-6.808165907859802246e-01,-1.921953111886978149e-01,-1.018726527690887451e-01,8.455117791891098022e-02,2.094400674104690552e-01,-1.445698738098144531e-01,1.613802015781402588e-01,-1.250418424606323242e-01,-1.353385895490646362e-01,-2.803279161453247070e-01,7.156539559364318848e-01,1.849226057529449463e-01,-8.572733402252197266e-02,4.190937429666519165e-02,0.000000000000000000e+00,0.000000000000000000e+00,1.851414442062377930e-01,-2.391496673226356506e-02,-3.207615911960601807e-01,-3.848194181919097900e-01,-2.319255657494068146e-02,-2.375797629356384277e-01,-6.689631938934326172e-02,1.124711707234382629e-01,-5.113494396209716797e-02,3.365759551525115967e-01,-4.839085042476654053e-01,4.122671112418174744e-02,-1.592328697443008423e-01,1.184467300772666931e-01
-3.702842891216278076e-01,-3.097319841384887695e+00,8.447222113609313965e-01,1.123207248747348785e-02,1.229910925030708313e-02,7.052065134048461914e-01,-7.088062763214111328e-01,-1.290674805641174316e-01,-1.160276681184768677e-01,3.086758963763713837e-02,1.634878814220428467e-01,-1.409308463335037231e-01,1.326446682214736938e-01,-1.958728432655334473e-01,-1.205663681030273438e-01,-3.253671526908874512e-01,6.357832551002502441e-01,9.539489448070526123e-02,-5.760002881288528442e-02,-4.230637475848197937e-02,0.000000000000000000e+00,0.000000000000000000e+00,1.203758567571640015e-01,8.374114986509084702e-04,-3.364255130290985107e-01,-4.524515569210052490e-01,1.110083051025867462e-02,-2.345067411661148071e-01,-5.068080499768257141e-02,1.553128212690353394e-01,-4.190659150481224060e-02,3.213171958923339844e-01,-4.413723945617675781e-01,4.871965944766998291e-02,-1.445120424032211304e-01,1.458206474781036377e-01
-3.707790672779083252e-01,-3.137578725814819336e+00,8.469461798667907715e-01,8.213802240788936615e-03,1.309122983366250992e-02,6.772192716598510742e-01,-7.356188893318176270e-01,-7.336914539337158203e-02,-1.300184726715087891e-01,-3.353120386600494385e-02,1.304943710565567017e-01,-1.381941884756088257e-01,1.023646891117095947e-01,-2.472515851259231567e-01,-1.162068247795104980e-01,-3.732270002365112305e-01,5.013273358345031738e-01,2.570107765495777130e-02,-1.317867636680603027e-02,-1.261330544948577881e-01,0.000000000000000000e+00,0.000000000000000000e+00,5.363402888178825378e-02,2.347727306187152863e-02,-3.621092438697814941e-01,-5.184143781661987305e-01,4.110405966639518738e-02,-2.603051662445068359e-01,-3.162135183811187744e-02,2.023584246635437012e-01,-3.446058556437492371e-02,2.978342175483703613e-01,-4.076669514179229736e-01,4.016267508268356323e-02,-1.473805755376815796e-01,1.278080791234970093e-01
-3.691898584365844727e-01,-3.176517724990844727e+00,8.452937006950378418e-01,1.274434733204543591e-03,1.537853758782148361e-02,6.525413990020751953e-01,-7.575958967208862305e-01,-2.537526376545429230e-02,-1.439506858587265015e-01,-9.278602153062820435e-02,1.050978526473045349e-01,-1.470122188329696655e-01,8.285985141992568970e-02,-3.017427325248718262e-01,-1.240785792469978333e-01,-3.931294679641723633e-01,3.525123000144958496e-01,-2.941277623176574707e-02,4.173284769058227539e-02,-1.932153701782226562e-01,0.000000000000000000e+00,0.000000000000000000e+00,-2.002797089517116547e-02,4.274383932352066040e-02,-3.944460749626159668e-01,-5.769893527030944824e-01,5.461874604225158691e-02,-2.864100933074951172e-01,-1.419780030846595764e-02,2.485242486000061035e-01,-3.502984344959259033e-02,2.708742916584014893e-01,-3.878794610500335693e-01,3.817834705114364624e-02,-1.459102481603622437e-01,1.161037385463714600e-01
-3.685313761234283447e-01,-3.215364933013916016e+00,8.405799865722656250e-01,-2.126028528437018394e-03,1.178664900362491608e-02,6.320951581001281738e-01,-7.747982144355773926e-01,1.274403743445873260e-02,-1.391737759113311768e-01,-1.518893986940383911e-01,8.960025757551193237e-02,-1.537016481161117554e-01,7.392530888319015503e-02,-3.686040937900543213e-01,-1.276860386133193970e-01,-3.925971984863281250e-01,2.180756926536560059e-01,-9.793231636285781860e-02,8.127682656049728394e-02,-2.452038228511810303e-01,0.000000000000000000e+00,0.000000000000000000e+00,-8.884545415639877319e-02,6.609380990266799927e-02,-4.079099297523498535e-01,-6.374580860137939453e-01,5.214159563183784485e-02,-2.948017716407775879e-01,-6.230162456631660461e-03,2.891893386840820312e-01,-2.268140017986297607e-02,2.449583709239959717e-01,-3.821647763252258301e-01,2.846387028694152832e-02,-1.444626152515411377e-01,1.114847287535667419e-01
-3.682045638561248779e-01,-3.253940105438232422e+00,8.359299302101135254e-01,-6.426008418202400208e-03,1.112309843301773071e-02,6.253415346145629883e-01,-7.802454233169555664e-01,4.578030109405517578e-02,-1.327100396156311035e-01,-1.593914031982421875e-01,8.660498261451721191e-02,-1.971241533756256104e-01,7.035429030656814575e-02,-4.221538007259368896e-01,-1.286884844303131104e-01,-3.783398568630218506e-01,8.067046850919723511e-02,-1.296149343252182007e-01,1.190480962395668030e-01,-2.619687020778656006e-01,0.000000000000000000e+00,0.000000000000000000e+00,-1.536547988653182983e-01,8.142466098070144653e-02,-4.197073876857757568e-01,-6.923592686653137207e-01,7.223749905824661255e-02,-2.999031245708465576e-01,1.266298629343509674e-02,3.190542757511138916e-01,-1.358573697507381439e-02,2.311443984508514404e-01,-3.676220774650573730e-01,2.385938540101051331e-02,-1.404681056737899780e-01,1.060918644070625305e-01
-3.706158697605133057e-01,-3.294462919235229492e+00,8.287578821182250977e-01,-7.167161908000707626e-03,9.156182408332824707e-03,6.284502148628234863e-01,-7.777628898620605469e-01,8.002905547618865967e-02,-1.201497465372085571e-01,-1.590928733348846436e-01,9.756007790565490723e-02,-2.249507158994674683e-01,7.178889214992523193e-02,-4.693868458271026611e-01,-1.128581613302230835e-01,-3.842580318450927734e-01,2.756486355792731047e-04,-1.419939696788787842e-01,1.540114581584930420e-01,-2.552414238452911377e-01,0.000000000000000000e+00,0.000000000000000000e+00,-2.070230692625045776e-01,9.456948935985565186e-02,-4.213275015354156494e-01,-7.261535525321960449e-01,9.494683146476745605e-02,-2.689613699913024902e-01,2.188981324434280396e-02,3.468172848224639893e-01,-4.155879374593496323e-03,2.244652062654495239e-01,-3.615915179252624512e-01,2.844094298779964447e-02,-1.271697133779525757e-01,1.136879920959472656e-01
-3.724282085895538330e-01,-3.337040662765502930e+00,8.193439841270446777e-01,-1.252913940697908401e-02,1.227333024144172668e-02,6.279571056365966797e-01,-7.780503034591674805e-01,1.130114719271659851e-01,-1.215935200452804565e-01,-1.665090918540954590e-01,1.192975416779518127e-01,-2.556739449501037598e-01,5.520195886492729187e-02,-5.012101531028747559e-01,-1.199065372347831726e-01,-3.637671470642089844e-01,3.445607887897494948e-08,-1.403456479310989380e-01,1.547663509845733643e-01,-2.604901790618896484e-01,0.000000000000000000e+00,0.000000000000000000e+00,-2.391521632671356201e-01,9.904067218303680420e-02,-4.147505164146423340e-01,-7.760877609252929688e-01,1.151049286127090454e-01,-2.772023677825927734e-01,4.314999282360076904e-02,3.668094277381896973e-01,-7.583904080092906952e-03,2.191835492849349976e-01,-3.572421967983245850e-01,2.979923970997333527e-02,-1.193489953875541687e-01,1.174834743142127991e-01
-3.740339875221252441e-01,-3.382213115692138672e+00,8.095079064369201660e-01,-2.215046063065528870e-02,1.846824772655963898e-02,6.248102784156799316e-01,-7.802438139915466309e-01,1.332806050777435303e-01,-1.332752108573913574e-01,-1.791837364435195923e-01,1.687079370021820068e-01,-2.736333310604095459e-01,3.873633965849876404e-02,-5.140992999076843262e-01,-1.546481251716613770e-01,-3.877659738063812256e-01,7.536642998456954956e-02,-1.244060844182968140e-01,1.386613994836807251e-01,-2.774704992771148682e-01,0.000000000000000000e+00,0.000000000000000000e+00,-2.507757246494293213e-01,9.349569678306579590e-02,-3.884045481681823730e-01,-8.234497904777526855e-01,1.194652691483497620e-01,-2.904166877269744873e-01,7.207880914211273193e-02,3.703479170799255371e-01,-2.064354531466960907e-02,2.135238349437713623e-01,-3.526463806629180908e-01,3.268239274621009827e-02,-1.198518201708793640e-01,1.102228835225105286e-01
-3.750809431076049805e-01,-3.433411359786987305e+00,8.003978133201599121e-01,-4.123518615961074829e-02,3.497950360178947449e-02,6.169482469558715820e-01,-7.851439118385314941e-01,1.493191123008728027e-01,-1.735028475522994995e-01,-2.092493623495101929e-01,2.463820278644561768e-01,-2.756034433841705322e-01,3.148105740547180176e-02,-4.941868484020233154e-01,-2.194395065307617188e-01,-4.217576086521148682e-01,1.515673100948333740e-01,3.627641359344124794e-03,9.709297120571136475e-02,-3.076511621475219727e-01,0.000000000000000000e+00,0.000000000000000000e+00,-2.264096438884735107e-01,5.711165443062782288e-02,-3.525079786777496338e-01,-8.744799494743347168e-01,1.075348928570747375e-01,-3.177133500576019287e-01,1.393117755651473999e-01,3.624877929687500000e-01,-5.579823628067970276e-02,1.922574490308761597e-01,-3.481379449367523193e-01,2.786821126937866211e-02,-1.230540275573730469e-01,9.819474071264266968e-02
-3.797314465045928955e-01,-3.484644412994384766e+00,7.975186109542846680e-01,-3.916787728667259216e-02,4.526510834693908691e-02,6.132593154907226562e-01,-7.876102924346923828e-01,1.755573600530624390e-01,-1.743599921464920044e-01,-2.302667349576950073e-01,3.306061625480651855e-01,-2.084971070289611816e-01,1.296265702694654465e-02,-4.507281482219696045e-01,-2.213108092546463013e-01,-3.870526552200317383e-01,2.001127451658248901e-01,9.101065993309020996e-02,8.412487804889678955e-02,-3.336304128170013428e-01,0.000000000000000000e+00,0.000000000000000000e+00,-2.094292193651199341e-01,3.974656388163566589e-02,-3.365696370601654053e-01,-8.319579362869262695e-01,1.668649613857269287e-01,-1.810288578271865845e-01,2.602084726095199585e-02,3.548300266265869141e-01,-6.582929193973541260e-02,1.679138094186782837e-01,-3.434733450412750244e-01,3.060815483331680298e-02,-8.703093975782394409e-02,1.127706542611122131e-01
-3.842973113059997559e-01,-3.535360336303710938e+00,7.997406125068664551e-01,-2.013944089412689209e-02,4.924118518829345703e-02,6.192688345909118652e-01,-7.833746671676635742e-01,2.130637317895889282e-01,-1.434152424335479736e-01,-1.930059939622879028e-01,4.023346006870269775e-01,-4.444139450788497925e-02,-4.503938928246498108e-02,-3.894663155078887939e-01,-1.718942523002624512e-01,-3.745392262935638428e-01,2.335083335638046265e-01,9.877508133649826050e-02,5.808065086603164673e-02,-3.385165035724639893e-01,0.000000000000000000e+00,0.000000000000000000e+00,-1.575996279716491699e-01,2.937933802604675293e-02,-3.179035186767578125e-01,-7.801902890205383301e-01,1.476811468601226807e-01,-2.252045869827270508e-01,1.169619057327508926e-02,3.555777072906494141e-01,-5.633959546685218811e-02,1.732498258352279663e-01,-3.379621505737304688e-01,2.664203196763992310e-02,-1.004915088415145874e-01,1.036465987563133240e-01
-3.907336890697479248e-01,-3.579571962356567383e+00,8.027510643005371094e-01,-5.936867557466030121e-03,5.092900991439819336e-02,6.279551386833190918e-01,-7.765586376190185547e-01,2.273255288600921631e-01,-1.211515441536903381e-01,-1.645796447992324829e-01,4.727190136909484863e-01,1.896985173225402832e-01,-9.374015033245086670e-02,-3.304768800735473633e-01,-1.348154544830322266e-01,-3.770979046821594238e-01,2.450553774833679199e-01,6.987407803535461426e-02,-1.156295742839574814e-02,-3.356491625308990479e-01,0.000000000000000000e+00,0.000000000000000000e+00,-9.208731353282928467e-02,1.592315919697284698e-02,-3.305792510509490967e-01,-7.122976183891296387e-01,1.874703913927078247e-01,-1.712948530912399292e-01,-2.242126688361167908e-02,3.493074774742126465e-01,-4.521349072456359863e-02,1.752991080284118652e-01,-3.652997016906738281e-01,-3.180494904518127441e-02,-8.979380130767822266e-02,1.097521632909774780e-01
-3.974969685077667236e-01,-3.619394779205322266e+00,8.085389733314514160e-01,-3.512315917760133743e-03,5.363925918936729431e-02,6.332384347915649414e-01,-7.720878124237060547e-01,1.677630543708801270e-01,-9.983351081609725952e-02,-9.880469739437103271e-02,6.033457517623901367e-01,3.292846381664276123e-01,-7.254662364721298218e-02,-2.788455784320831299e-01,-1.077979803085327148e-01,-3.452765643596649170e-01,2.365474104881286621e-01,5.430027097463607788e-02,-5.375633016228675842e-02,-3.330523669719696045e-01,0.000000000000000000e+00,0.000000000000000000e+00,-6.614366918802261353e-02,-7.604865357279777527e-03,-3.419685661792755127e-01,-6.188808083534240723e-01,1.785365194082260132e-01,-1.288985759019851685e-01,-5.946704000234603882e-02,3.289937973022460938e-01,-4.027338698506355286e-02,1.763100624084472656e-01,-4.022209346294403076e-01,-5.806424468755722046e-02,-9.167475998401641846e-02,1.019515693187713623e-01
-4.009475111961364746e-01,-3.657525062561035156e+00,8.136272430419921875e-01,-1.600447855889797211e-02,6.197516620159149170e-02,6.512999534606933594e-01,-7.561159729957580566e-01,5.174000561237335205e-02,-7.708927989006042480e-02,6.032406911253929138e-02,7.549750208854675293e-01,2.547564804553985596e-01,2.501736022531986237e-02,-2.314454019069671631e-01,-1.066734492778778076e-01,-3.066688477993011475e-01,2.094005197286605835e-01,8.455426245927810669e-02,-6.127261742949485779e-02,-2.961294651031494141e-01,0.000000000000000000e+00,0.000000000000000000e+00,-7.737082242965698242e-02,-7.988955825567245483e-02,-1.901867687702178955e-01,-4.324040412902832031e-01,4.956091940402984619e-01,-7.924116402864456177e-02,-4.963315650820732117e-02,2.872603535652160645e-01,-5.686636641621589661e-02,1.764006912708282471e-01,-4.541063010692596436e-01,-1.018619760870933533e-01,-8.482988923788070679e-02,8.492017537355422974e-02
-4.048710167407989502e-01,-3.695200681686401367e+00,8.219748735427856445e-01,-1.685254834592342377e-02,6.088597327470779419e-02,6.734262704849243164e-01,-7.365500330924987793e-01,-4.443180933594703674e-02,-3.387338295578956604e-02,1.851135194301605225e-01,8.273789286613464355e-01,1.584677994251251221e-01,8.828306198120117188e-02,-1.984797865152359009e-01,-8.338717371225357056e-02,-2.601788938045501709e-01,1.989699751138687134e-01,3.106123395264148712e-02,-6.162487715482711792e-02,-2.565099596977233887e-01,0.000000000000000000e+00,0.000000000000000000e+00,-4.330547153949737549e-02,-8.231048285961151123e-02,-1.765084415674209595e-01,-3.748729825019836426e-01,4.459052681922912598e-01,-7.223778218030929565e-02,-3.306435048580169678e-02,2.457039952278137207e-01,-5.826546996831893921e-02,1.943014264106750488e-01,-5.080510973930358887e-01,-1.089014038443565369e-01,-9.086324274539947510e-02,7.158027589321136475e-02
-4.074815809726715088e-01,-3.733285903930664062e+00,8.284984827041625977e-01,-1.564449444413185120e-02,6.414053589105606079e-02,7.065863013267517090e-01,-7.045403122901916504e-01,-1.169679686427116394e-01,-1.273503433912992477e-02,2.772078514099121094e-01,8.334659934043884277e-01,7.577556371688842773e-02,1.266229301691055298e-01,-1.543156802654266357e-01,-6.378000974655151367e-02,-1.964094042778015137e-01,1.774683743715286255e-01,1.013891305774450302e-02,-5.429866164922714233e-02,-1.882571280002593994e-01,0.000000000000000000e+00,0.000000000000000000e+00,1.768393442034721375e-02,-9.313660860061645508e-02,-1.559305042028427124e-01,-3.326478898525238037e-01,4.264403879642486572e-01,-7.869965583086013794e-02,-2.167646400630474091e-02,2.120812386274337769e-01,-6.712462753057479858e-02,2.154023349285125732e-01,-5.714992284774780273e-01,-1.065365523099899292e-01,-1.056965067982673645e-01,4.591635242104530334e-02
-4.075617790222167969e-01,-3.764501094818115234e+00,8.339177370071411133e-01,-1.729784347116947174e-02,6.083991751074790955e-02,7.220180034637451172e-01,-6.889770030975341797e-01,-1.806985437870025635e-01,-6.385207641869783401e-03,3.325469493865966797e-01,7.536951899528503418e-01,2.193885110318660736e-02,7.195304334163665771e-02,-1.155496388673782349e-01,-5.178088694810867310e-02,-1.730884015560150146e-01,1.441636830568313599e-01,-1.422257744707167149e-03,-3.588601574301719666e-02,-1.612022221088409424e-01,0.000000000000000000e+00,0.000000000000000000e+00,9.613163769245147705e-02,-1.029165834188461304e-01,-1.058885827660560608e-01,-3.485293388366699219e-01,3.767765164375305176e-01,-8.500471711158752441e-02,3.872997313737869263e-02,1.804794818162918091e-01,-6.947773694992065430e-02,2.217668741941452026e-01,-6.489825248718261719e-01,-8.964896947145462036e-02,-1.181249469518661499e-01,2.104660123586654663e-02
-4.119594097137451172e-01,-3.799496412277221680e+00,8.346894383430480957e-01,-1.368148066103458405e-02,5.663723498582839966e-02,7.546547055244445801e-01,-6.535298824310302734e-01,-2.173796892166137695e-01,-7.572701666504144669e-03,3.533115088939666748e-01,5.976641178131103516e-01,4.086851142346858978e-03,6.803985685110092163e-02,-8.237209171056747437e-02,-2.546358853578567505e-02,-9.301882982254028320e-02,1.216973066329956055e-01,-7.185820722952485085e-04,-2.405593357980251312e-02,-7.866735011339187622e-02,0.000000000000000000e+00,0.000000000000000000e+00,1.648069620132446289e-01,-9.897008538246154785e-02,-5.250434949994087219e-02,-3.688437342643737793e-01,3.549438416957855225e-01,-9.425085037946701050e-02,8.009228110313415527e-02,1.505667120218276978e-01,-7.683739066123962402e-02,2.420016676187515259e-01,-7.260644435882568359e-01,-7.362380623817443848e-02,-1.322537213563919067e-01,-4.502415657043457031e-03
-4.146482944488525391e-01,-3.840256452560424805e+00,8.269446492195129395e-01,-8.079313673079013824e-03,5.185697600245475769e-02,7.674915194511413574e-01,-6.389071345329284668e-01,-2.032115161418914795e-01,-9.931775741279125214e-03,3.675040006637573242e-01,3.579798340797424316e-01,4.007200524210929871e-02,3.706477209925651550e-02,-3.091391548514366150e-02,-1.884253881871700287e-02,-9.402064979076385498e-02,8.517105132341384888e-02,4.510441422462463379e-02,-8.874769322574138641e-03,-5.862332880496978760e-02,0.000000000000000000e+00,0.000000000000000000e+00,1.777874082326889038e-01,-9.161053597927093506e-02,-7.034665346145629883e-02,-2.749202549457550049e-01,2.891134023666381836e-01,-8.922635763883590698e-02,5.848549306392669678e-02,1.115873679518699646e-01,-8.586589246988296509e-02,2.583664059638977051e-01,-7.835514545440673828e-01,-5.334655568003654480e-02,-1.591816842555999756e-01,-2.902306057512760162e-02
-4.154057204723358154e-01,-3.879691839218139648e+00,8.199587464332580566e-01,-3.734258236363530159e-03,4.548312723636627197e-02,7.834812998771667480e-01,-6.197373270988464355e-01,-2.037317305803298950e-01,3.383679315447807312e-03,4.103568494319915771e-01,1.343409717082977295e-01,1.465054135769605637e-02,8.351670578122138977e-03,7.031747605651617050e-03,-9.707828052341938019e-03,-6.183534115552902222e-02,7.140599936246871948e-02,7.064731419086456299e-02,1.891563646495342255e-02,-1.842009648680686951e-02,0.000000000000000000e+00,0.000000000000000000e+00,2.033758759498596191e-01,-8.278044313192367554e-02,-3.655627369880676270e-02,-2.504875957965850830e-01,2.487066239118576050e-01,-1.144804432988166809e-01,1.721395254135131836e-01,8.339186012744903564e-02,-1.018282473087310791e-01,2.503499388694763184e-01,-8.275995850563049316e-01,-3.034493885934352875e-03,-1.748991310596466064e-01,-1.838691532611846924e-01
-4.137223362922668457e-01,-3.913795948028564453e+00,8.163478970527648926e-01,-1.054340694099664688e-02,5.260999500751495361e-02,7.901189327239990234e-01,-6.106006503105163574e-01,-2.373557835817337036e-01,-1.216092426329851151e-02,4.788966476917266846e-01,4.191864491076557897e-07,-5.904849618673324585e-02,-1.585648581385612488e-02,3.325221315026283264e-02,-4.676831141114234924e-02,-5.894354730844497681e-02,7.909662276506423950e-02,7.046961784362792969e-02,3.526909276843070984e-02,-1.460055075585842133e-02,0.000000000000000000e+00,0.000000000000000000e+00,2.552236020565032959e-01,-1.050392314791679382e-01,-1.880735754966735840e-01,-2.693881988525390625e-01,-7.997862249612808228e-02,-1.066901162266731262e-01,2.472884804010391235e-01,3.544250875711441040e-02,-2.084323763847351074e-01,3.944440782070159912e-01,-8.105063438415527344e-01,2.910109162330627441e-01,-1.276576071977615356e-01,-2.550569474697113037e-01
