-7.037784159183502197e-02,-3.423400640487670898e+00,8.918693661689758301e-01,1.253998489119112492e-03,-1.618890091776847839e-02,5.238170027732849121e-01,8.516760468482971191e-01,-2.764228582382202148e-01,6.728073209524154663e-02,3.706587553024291992e-01,7.624109089374542236e-02,1.736707687377929688e-01,-1.017509251832962036e-01,2.579293549060821533e-01,2.508148178458213806e-02,2.738544642925262451e-01,2.688569389283657074e-02,5.031679198145866394e-02,1.594208776950836182e-01,5.934500694274902344e-01,0.000000000000000000e+00,0.000000000000000000e+00,3.682385385036468506e-01,-1.433077901601791382e-01,1.223416998982429504e-01,-4.529345333576202393e-01,5.383631587028503418e-01,-3.387421071529388428e-01,3.935486078262329102e-02,-3.949333447962999344e-03,1.056063547730445862e-01,3.088383972644805908e-01,-5.151696801185607910e-01,-2.275719642639160156e-01,-2.159463018178939819e-01,6.937601417303085327e-02
-7.083603739738464355e-02,-3.391081333160400391e+00,8.904500007629394531e-01,8.368114009499549866e-03,-8.622002787888050079e-03,5.758422017097473145e-01,8.174725770950317383e-01,-2.867448627948760986e-01,2.533716848120093346e-03,2.642259001731872559e-01,1.051799580454826355e-01,1.606495380401611328e-01,-1.029467433691024780e-01,2.827380001544952393e-01,2.390021644532680511e-02,1.316387653350830078e-01,5.597089231014251709e-02,1.114097014069557190e-01,2.612462639808654785e-01,4.567618668079376221e-01,0.000000000000000000e+00,0.000000000000000000e+00,2.832784652709960938e-01,-8.992091566324234009e-02,1.287827789783477783e-01,-4.088955819606781006e-01,6.084094047546386719e-01,-2.431887835264205933e-01,-3.791836649179458618e-02,-8.119547739624977112e-03,5.300678312778472900e-02,2.842605113983154297e-01,-5.395959615707397461e-01,-3.099702000617980957e-01,-1.356732845306396484e-01,1.817398220300674438e-01
-7.104951888322830200e-02,-3.361474990844726562e+00,8.934607505798339844e-01,1.929011382162570953e-02,-1.105276029556989670e-02,5.734291076660156250e-01,8.189534544944763184e-01,-2.400167286396026611e-01,-2.434968762099742889e-02,2.678633332252502441e-01,1.058862805366516113e-01,1.321792602539062500e-01,-8.175466209650039673e-02,2.927549481391906738e-01,6.408585235476493835e-03,1.549814194440841675e-01,1.051770001649856567e-01,2.082002460956573486e-01,2.856558561325073242e-01,4.470850229263305664e-01,0.000000000000000000e+00,0.000000000000000000e+00,2.671314179897308350e-01,-7.718256115913391113e-02,1.215924248099327087e-01,-3.960973024368286133e-01,5.908457636833190918e-01,-2.388585209846496582e-01,-4.828999191522598267e-02,1.884697750210762024e-02,3.690498322248458862e-02,2.850890755653381348e-01,-5.371791720390319824e-01,-3.079959154129028320e-01,-1.135854050517082214e-01,2.047904878854751587e-01
-7.286591082811355591e-02,-3.332837343215942383e+00,8.954359292984008789e-01,2.282764390110969543e-02,-8.159677498042583466e-03,5.770019292831420898e-01,8.163829445838928223e-01,-2.149278074502944946e-01,-4.714399576187133789e-02,2.685076892375946045e-01,1.081031337380409241e-01,1.046076416969299316e-01,-5.573149025440216064e-02,2.761909365653991699e-01,-5.642000120133161545e-03,1.635830253362655640e-01,1.620492488145828247e-01,3.177288174629211426e-01,2.918028235435485840e-01,4.225296676158905029e-01,0.000000000000000000e+00,0.000000000000000000e+00,2.294527292251586914e-01,-6.237440928816795349e-02,1.161179170012474060e-01,-3.904463648796081543e-01,5.332372784614562988e-01,-2.249519973993301392e-01,-7.725592702627182007e-02,2.631041593849658966e-02,2.516703121364116669e-02,2.550795078277587891e-01,-5.177404284477233887e-01,-3.000316917896270752e-01,-9.789872169494628906e-02,2.617340981960296631e-01
-7.147989422082901001e-02,-3.306214570999145508e+00,8.982625007629394531e-01,2.289754338562488556e-02,-8.148786611855030060e-03,5.811300873756408691e-01,8.134476542472839355e-01,-1.876289695501327515e-01,-6.140092015266418457e-02,2.481883168220520020e-01,1.051654592156410217e-01,8.449493348598480225e-02,-3.439117595553398132e-02,2.503702938556671143e-01,-1.012437604367733002e-02,1.529605686664581299e-01,2.213271856307983398e-01,4.732868373394012451e-01,3.306406140327453613e-01,3.915963172912597656e-01,0.000000000000000000e+00,0.000000000000000000e+00,1.947143375873565674e-01,-4.962851852178573608e-02,1.106702983379364014e-01,-4.073610007762908936e-01,5.479403138160705566e-01,-2.354326546192169189e-01,-9.381969273090362549e-02,2.219636738300323486e-02,6.718460936099290848e-03,2.416439950466156006e-01,-5.049655437469482422e-01,-2.461231052875518799e-01,-9.515175968408584595e-02,2.909927666187286377e-01
-6.855753064155578613e-02,-3.276654720306396484e+00,8.982238769531250000e-01,2.924548648297786713e-02,-5.007554776966571808e-03,5.971437692642211914e-01,8.015852570533752441e-01,-1.586786806583404541e-01,-9.160994738340377808e-02,2.151021212339401245e-01,1.054821163415908813e-01,5.514172092080116272e-02,-1.751702092587947845e-02,1.616227775812149048e-01,-7.009637076407670975e-03,1.495819538831710815e-01,4.112281203269958496e-01,5.061399936676025391e-01,3.637801408767700195e-01,3.323068320751190186e-01,0.000000000000000000e+00,0.000000000000000000e+00,1.514986157417297363e-01,-3.436017781496047974e-02,7.972059398889541626e-02,-4.137517213821411133e-01,5.332927703857421875e-01,-2.455752640962600708e-01,-8.802673965692520142e-02,1.970525644719600677e-02,-6.265795789659023285e-03,2.215940654277801514e-01,-4.902881979942321777e-01,-2.575131058692932129e-01,-1.372426450252532959e-01,2.172106206417083740e-01
-6.432051956653594971e-02,-3.253660678863525391e+00,9.072512388229370117e-01,1.300291158258914948e-02,-1.611950434744358063e-02,6.057064533233642578e-01,7.954186201095581055e-01,-1.254121512174606323e-01,-6.754925101995468140e-02,1.717721372842788696e-01,8.470965921878814697e-02,4.811679944396018982e-02,-1.303826179355382919e-02,1.307884752750396729e-01,5.906160175800323486e-02,2.245939671993255615e-01,3.847139477729797363e-01,5.057770609855651855e-01,3.783046007156372070e-01,2.743498980998992920e-01,0.000000000000000000e+00,0.000000000000000000e+00,1.222896650433540344e-01,-9.237643680535256863e-04,5.768098682165145874e-02,-4.422020316123962402e-01,5.373938083648681641e-01,-2.746766209602355957e-01,-6.529553979635238647e-02,2.343446016311645508e-02,2.899801591411232948e-03,2.055732458829879761e-01,-4.978245794773101807e-01,-2.558538913726806641e-01,-1.510198563337326050e-01,1.751340478658676147e-01
-6.092806532979011536e-02,-3.230767011642456055e+00,9.137293696403503418e-01,-4.204615950584411621e-03,-1.715358532965183258e-02,6.275647878646850586e-01,7.783640027046203613e-01,-1.211439669132232666e-01,-4.968620836734771729e-02,1.240824013948440552e-01,7.971613854169845581e-02,2.592505887150764465e-02,-1.077026687562465668e-02,4.139956459403038025e-02,1.020024791359901428e-01,2.169841676950454712e-01,4.119157195091247559e-01,4.071542620658874512e-01,3.380889296531677246e-01,1.870528161525726318e-01,0.000000000000000000e+00,0.000000000000000000e+00,5.874346569180488586e-02,4.855989664793014526e-02,8.664675406180322170e-04,-4.504555761814117432e-01,5.179200172424316406e-01,-2.595069110393524170e-01,-9.589499980211257935e-02,2.529171062633395195e-03,1.356891915202140808e-02,2.011999636888504028e-01,-5.040583610534667969e-01,-2.661876976490020752e-01,-1.529923230409622192e-01,1.538667529821395874e-01
-5.592662096023559570e-02,-3.206449747085571289e+00,9.194561243057250977e-01,-9.882098995149135590e-03,-2.280247583985328674e-02,6.363351345062255859e-01,7.710123062133789062e-01,-8.724178373813629150e-02,-3.833749890327453613e-02,9.742295742034912109e-02,6.490393728017807007e-02,1.243293657898902893e-02,-2.527879551053047180e-02,-3.368277475237846375e-02,8.973141759634017944e-02,1.285315155982971191e-01,4.149272441864013672e-01,3.316909074783325195e-01,2.676484882831573486e-01,1.251530349254608154e-01,0.000000000000000000e+00,0.000000000000000000e+00,2.541060186922550201e-02,8.366129547357559204e-02,-4.123887419700622559e-02,-4.632212817668914795e-01,5.221150517463684082e-01,-2.618329226970672607e-01,-1.399698555469512939e-01,5.241269245743751526e-03,2.897266484797000885e-02,1.615819334983825684e-01,-4.974882602691650391e-01,-3.429839313030242920e-01,-1.639084517955780029e-01,1.695054769515991211e-01
-5.271125584840774536e-02,-3.183660984039306641e+00,9.245436787605285645e-01,-1.202315744012594223e-02,-2.619258128106594086e-02,6.508970856666564941e-01,7.586187124252319336e-01,-5.486233159899711609e-02,-3.661654889583587646e-02,6.390845030546188354e-02,5.119163170456886292e-02,-1.140228821896016598e-03,-3.557113185524940491e-02,-9.583611786365509033e-02,6.243858486413955688e-02,1.783877797424793243e-02,3.898456692695617676e-01,2.686537802219390869e-01,2.126500010490417480e-01,4.994489252567291260e-02,0.000000000000000000e+00,0.000000000000000000e+00,-7.150884717702865601e-03,1.050417050719261169e-01,-8.253181725740432739e-02,-4.733060300350189209e-01,5.115075707435607910e-01,-2.454727292060852051e-01,-1.525524705648422241e-01,2.375497668981552124e-02,2.678056620061397552e-02,1.509662866592407227e-01,-5.186845660209655762e-01,-3.328882753849029541e-01,-1.522434055805206299e-01,1.521275937557220459e-01
-4.750340059399604797e-02,-3.160994768142700195e+00,9.260698556900024414e-01,-1.230706926435232162e-02,-2.447604387998580933e-02,6.642267107963562012e-01,7.470290064811706543e-01,-3.070047684013843536e-02,-3.972241282463073730e-02,2.194777317345142365e-02,4.235461354255676270e-02,-1.156870462000370026e-02,-4.232947155833244324e-02,-1.552450209856033325e-01,3.581639006733894348e-02,-7.676690816879272461e-02,3.381013870239257812e-01,2.209853380918502808e-01,1.519486606121063232e-01,-1.691708713769912720e-02,0.000000000000000000e+00,0.000000000000000000e+00,-4.679251834750175476e-02,1.213014125823974609e-01,-1.272444725036621094e-01,-4.806304872035980225e-01,5.361121296882629395e-01,-2.342565208673477173e-01,-2.229656279087066650e-01,2.610511146485805511e-02,2.603068947792053223e-02,1.587920635938644409e-01,-5.165543556213378906e-01,-3.853029310703277588e-01,-1.716236770153045654e-01,1.477557718753814697e-01
-4.271460324525833130e-02,-3.137891054153442383e+00,9.262292385101318359e-01,-1.001227833330631256e-02,-1.814756728708744049e-02,6.793765425682067871e-01,7.334970831871032715e-01,-1.103118155151605606e-02,-5.070797353982925415e-02,-2.407590672373771667e-02,3.523746877908706665e-02,-2.609771676361560822e-02,-3.297530487179756165e-02,-2.070008069276809692e-01,7.065130863338708878e-03,-1.563123464584350586e-01,2.675497233867645264e-01,1.842475384473800659e-01,1.509972810745239258e-01,-8.240397274494171143e-02,0.000000000000000000e+00,0.000000000000000000e+00,-8.455385267734527588e-02,1.209538578987121582e-01,-1.693907827138900757e-01,-4.995522797107696533e-01,5.226734876632690430e-01,-2.386449128389358521e-01,-2.272799462080001831e-01,3.444091230630874634e-02,1.183293480426073074e-02,1.567302495241165161e-01,-5.248828530311584473e-01,-3.583889305591583252e-01,-1.834594905376434326e-01,1.255116015672683716e-01
-3.701318427920341492e-02,-3.114749908447265625e+00,9.234339594841003418e-01,-7.497217506170272827e-03,-7.475601043552160263e-03,6.946458220481872559e-01,7.192739844322204590e-01,4.224400501698255539e-03,-6.523342430591583252e-02,-6.641002744436264038e-02,2.937437035143375397e-02,-4.474384337663650513e-02,-1.798328571021556854e-02,-2.632979154586791992e-01,-1.708787493407726288e-02,-2.180249392986297607e-01,1.932909041643142700e-01,1.696833968162536621e-01,1.471868604421615601e-01,-1.458746492862701416e-01,0.000000000000000000e+00,0.000000000000000000e+00,-1.175311505794525146e-01,1.185407936573028564e-01,-2.263718843460083008e-01,-5.306677222251892090e-01,5.384913682937622070e-01,-2.597782611846923828e-01,-1.831324994564056396e-01,4.875926673412322998e-02,-2.406138228252530098e-03,1.533742398023605347e-01,-5.525592565536499023e-01,-3.408980965614318848e-01,-1.801304221153259277e-01,1.267792135477066040e-01
-3.256290033459663391e-02,-3.089469432830810547e+00,9.202895760536193848e-01,-3.854594193398952484e-03,2.838300075381994247e-03,7.113565206527709961e-01,7.028149962425231934e-01,2.389870956540107727e-02,-7.879369705915451050e-02,-1.110253557562828064e-01,2.290625125169754028e-02,-6.398443877696990967e-02,-6.430921144783496857e-03,-3.187631964683532715e-01,-3.862046077847480774e-02,-2.402221411466598511e-01,1.343863010406494141e-01,1.783311218023300171e-01,1.716169267892837524e-01,-2.073517888784408569e-01,0.000000000000000000e+00,0.000000000000000000e+00,-1.525120139122009277e-01,1.092692762613296509e-01,-2.711659669876098633e-01,-5.533345341682434082e-01,5.274890661239624023e-01,-2.775804400444030762e-01,-1.500240862369537354e-01,6.265024840831756592e-02,-2.233800850808620453e-02,1.532678604125976562e-01,-5.705228447914123535e-01,-3.347488641738891602e-01,-1.731695681810379028e-01,1.332925856113433838e-01
-2.700554393231868744e-02,-3.063293218612670898e+00,9.178705215454101562e-01,-4.313236568123102188e-03,7.889032363891601562e-03,7.244469523429870605e-01,6.892719268798828125e-01,4.561683908104896545e-02,-7.635869085788726807e-02,-1.557253450155258179e-01,1.761732809245586395e-02,-8.425112813711166382e-02,8.534011431038379669e-03,-3.734342753887176514e-01,-4.169799387454986572e-02,-2.225313931703567505e-01,8.277327567338943481e-02,1.514032036066055298e-01,2.123282104730606079e-01,-2.553252577781677246e-01,0.000000000000000000e+00,0.000000000000000000e+00,-1.796139776706695557e-01,9.962049126625061035e-02,-2.922048866748809814e-01,-5.707058906555175781e-01,5.053139328956604004e-01,-2.907605767250061035e-01,-1.355383396148681641e-01,7.922636717557907104e-02,-1.972851902246475220e-02,1.322283297777175903e-01,-5.760218501091003418e-01,-3.433389663696289062e-01,-1.801228821277618408e-01,1.326456964015960693e-01
-2.050089277327060699e-02,-3.035711288452148438e+00,9.150888323783874512e-01,-7.498648948967456818e-03,6.681636907160282135e-03,7.359214425086975098e-01,6.769924759864807129e-01,7.209738343954086304e-02,-5.974630266427993774e-02,-1.901862770318984985e-01,1.350533217191696167e-02,-1.032956913113594055e-01,4.677651915699243546e-03,-4.163009524345397949e-01,-4.100233316421508789e-02,-2.191059291362762451e-01,4.700307920575141907e-02,1.124977394938468933e-01,2.266183495521545410e-01,-2.943924069404602051e-01,0.000000000000000000e+00,0.000000000000000000e+00,-1.980631053447723389e-01,8.923517167568206787e-02,-3.026578426361083984e-01,-5.847053527832031250e-01,4.996130466461181641e-01,-2.994936108589172363e-01,-1.218379661440849304e-01,1.027901321649551392e-01,-3.908217884600162506e-03,1.019825413823127747e-01,-5.692515373229980469e-01,-3.534243106842041016e-01,-1.880973279476165771e-01,1.171628832817077637e-01
-1.418072171509265900e-02,-3.007388830184936523e+00,9.099483489990234375e-01,-9.930441156029701233e-03,6.786291953176259995e-03,7.444082498550415039e-01,6.676164269447326660e-01,9.847735613584518433e-02,-4.457519203424453735e-02,-2.097530961036682129e-01,1.179157570004463196e-02,-1.223248168826103210e-01,-1.156264077872037888e-02,-4.453929364681243896e-01,-4.404954984784126282e-02,-2.059429734945297241e-01,1.912234723567962646e-02,1.006875708699226379e-01,2.269339710474014282e-01,-3.204188942909240723e-01,0.000000000000000000e+00,0.000000000000000000e+00,-2.096753567457199097e-01,7.497303187847137451e-02,-3.073666095733642578e-01,-5.951635837554931641e-01,5.101288557052612305e-01,-2.996905446052551270e-01,-1.263916641473770142e-01,1.209448501467704773e-01,5.352932959794998169e-03,7.944583147764205933e-02,-5.498401522636413574e-01,-3.592124879360198975e-01,-1.811363250017166138e-01,1.062050387263298035e-01
-8.005216717720031738e-03,-2.977010488510131836e+00,9.041187763214111328e-01,-6.528631318360567093e-03,7.666915189474821091e-03,7.541952729225158691e-01,6.565729975700378418e-01,1.334496885538101196e-01,-3.420640155673027039e-02,-2.252400815486907959e-01,8.487056940793991089e-03,-1.442905366420745850e-01,-2.765831537544727325e-02,-4.495604038238525391e-01,-5.733785033226013184e-02,-1.879652142524719238e-01,1.466618571430444717e-02,9.671822935342788696e-02,2.233762294054031372e-01,-3.506594896316528320e-01,0.000000000000000000e+00,0.000000000000000000e+00,-2.028270363807678223e-01,4.568592458963394165e-02,-2.920252382755279541e-01,-6.028806567192077637e-01,5.167470574378967285e-01,-3.040329515933990479e-01,-1.189669817686080933e-01,1.442845463752746582e-01,1.278971787542104721e-03,6.039948761463165283e-02,-5.308292508125305176e-01,-3.653019070625305176e-01,-1.758514195680618286e-01,9.989481419324874878e-02
-1.906555145978927612e-03,-2.944266796112060547e+00,8.960763216018676758e-01,5.515833036042749882e-04,1.417068112641572952e-02,7.627497911453247070e-01,6.465381979942321777e-01,1.676400601863861084e-01,-3.581714257597923279e-02,-2.570170760154724121e-01,7.026176434010267258e-03,-1.534737646579742432e-01,-2.695756778120994568e-02,-4.424981176853179932e-01,-8.302664756774902344e-02,-1.934664994478225708e-01,4.183752089738845825e-02,1.436132341623306274e-01,2.221124172210693359e-01,-3.742088377475738525e-01,0.000000000000000000e+00,0.000000000000000000e+00,-1.950190067291259766e-01,8.969708345830440521e-03,-2.711602747440338135e-01,-6.037651300430297852e-01,5.207584500312805176e-01,-3.022997677326202393e-01,-1.343939304351806641e-01,1.536957770586013794e-01,-1.308274362236261368e-02,3.210965171456336975e-02,-4.996150732040405273e-01,-3.656073510646820068e-01,-1.682891845703125000e-01,1.025861278176307678e-01
4.364186897873878479e-03,-2.909131765365600586e+00,8.878800272941589355e-01,7.691150996834039688e-03,1.840818300843238831e-02,7.694978117942810059e-01,6.383377909660339355e-01,2.042798697948455811e-01,-3.366890922188758850e-02,-2.811273634433746338e-01,1.086156442761421204e-02,-1.336416155099868774e-01,-3.647247329354286194e-02,-4.217509925365447998e-01,-1.045483052730560303e-01,-2.133656740188598633e-01,6.160044670104980469e-02,2.146705687046051025e-01,2.286995053291320801e-01,-3.905648291110992432e-01,0.000000000000000000e+00,0.000000000000000000e+00,-1.744459271430969238e-01,-2.444460242986679077e-02,-2.545071840286254883e-01,-5.952122211456298828e-01,5.223220586776733398e-01,-2.865375578403472900e-01,-1.468873471021652222e-01,1.582607030868530273e-01,-2.467512339353561401e-02,4.278502892702817917e-03,-4.588549137115478516e-01,-3.797959387302398682e-01,-1.477320641279220581e-01,1.065382063388824463e-01
1.162258163094520569e-02,-2.872169017791748047e+00,8.826051354408264160e-01,1.263326965272426605e-02,1.776875555515289307e-02,7.738010883331298828e-01,6.330533623695373535e-01,2.398791611194610596e-01,-2.009614743292331696e-02,-2.820519208908081055e-01,2.097051590681076050e-02,-9.373664855957031250e-02,-6.226016208529472351e-02,-3.898757994174957275e-01,-1.086093783378601074e-01,-2.222594469785690308e-01,7.499508559703826904e-02,2.738205194473266602e-01,2.283986806869506836e-01,-3.960179090499877930e-01,0.000000000000000000e+00,0.000000000000000000e+00,-1.470969766378402710e-01,-4.969402030110359192e-02,-2.441523373126983643e-01,-5.705237984657287598e-01,5.328311324119567871e-01,-2.671496570110321045e-01,-1.599849760532379150e-01,1.529653519392013550e-01,-3.613331541419029236e-02,-1.311543397605419159e-02,-4.132689833641052246e-01,-3.893365263938903809e-01,-1.329771429300308228e-01,1.080060899257659912e-01
1.884432323276996613e-02,-2.834153890609741211e+00,8.817043900489807129e-01,1.487520523369312286e-02,8.767569437623023987e-03,7.727690339088439941e-01,6.344524621963500977e-01,2.728645205497741699e-01,3.496107412502169609e-03,-2.557398676872253418e-01,4.776966944336891174e-02,-3.524688631296157837e-02,-8.195728063583374023e-02,-3.503004014492034912e-01,-8.509944379329681396e-02,-2.227713614702224731e-01,9.557811170816421509e-02,2.856278419494628906e-01,2.173511683940887451e-01,-3.856957256793975830e-01,0.000000000000000000e+00,0.000000000000000000e+00,-1.017796322703361511e-01,-6.091712415218353271e-02,-2.394296228885650635e-01,-5.318630337715148926e-01,5.408333539962768555e-01,-2.468597441911697388e-01,-1.524388790130615234e-01,1.542884558439254761e-01,-3.880673274397850037e-02,-1.946047134697437286e-02,-3.774455487728118896e-01,-3.823254406452178955e-01,-1.245907396078109741e-01,1.056915894150733948e-01
2.742997743189334869e-02,-2.797773838043212891e+00,8.824805021286010742e-01,1.244041416794061661e-02,-3.871415974572300911e-03,7.691119313240051270e-01,6.389812827110290527e-01,2.891683876514434814e-01,3.374060615897178650e-02,-2.234424650669097900e-01,9.452210366725921631e-02,6.448043882846832275e-02,-9.990531951189041138e-02,-3.133867383003234863e-01,-4.318785294890403748e-02,-2.148600071668624878e-01,1.122074350714683533e-01,2.595301270484924316e-01,1.927895098924636841e-01,-3.649379312992095947e-01,0.000000000000000000e+00,0.000000000000000000e+00,-4.758163169026374817e-02,-5.006891116499900818e-02,-2.468493282794952393e-01,-4.936815202236175537e-01,5.465443730354309082e-01,-2.208333313465118408e-01,-1.494331061840057373e-01,1.551452428102493286e-01,-2.684192545711994171e-02,-1.810546405613422394e-02,-3.609696328639984131e-01,-3.953775465488433838e-01,-1.191980764269828796e-01,1.064860299229621887e-01
3.347673267126083374e-02,-2.763195991516113281e+00,8.854218721389770508e-01,1.335631497204303741e-02,-1.395924948155879974e-02,7.661034464836120605e-01,6.424269080162048340e-01,2.954955399036407471e-01,4.870678856968879700e-02,-2.086096554994583130e-01,1.525042355060577393e-01,2.040123194456100464e-01,-1.197996363043785095e-01,-2.688369154930114746e-01,-9.867378510534763336e-03,-2.042569965124130249e-01,1.179350093007087708e-01,2.357213050127029419e-01,1.778020113706588745e-01,-3.473195731639862061e-01,0.000000000000000000e+00,0.000000000000000000e+00,1.377808023244142532e-02,-4.232791438698768616e-02,-2.412495911121368408e-01,-4.583021104335784912e-01,5.509888529777526855e-01,-2.050899565219879150e-01,-1.400942504405975342e-01,1.584670245647430420e-01,-2.338350564241409302e-02,-7.189595140516757965e-03,-3.676677048206329346e-01,-3.890953361988067627e-01,-1.188848838210105896e-01,9.663538634777069092e-02
3.904962912201881409e-02,-2.730422258377075195e+00,8.899929523468017578e-01,1.609046012163162231e-02,-1.656927354633808136e-02,7.634303569793701172e-01,6.454770565032958984e-01,2.742254137992858887e-01,4.769124090671539307e-02,-1.984242647886276245e-01,2.172719389200210571e-01,3.680555820465087891e-01,-1.153636351227760315e-01,-2.243287414312362671e-01,8.416229858994483948e-03,-2.003692090511322021e-01,1.096630394458770752e-01,2.071923464536666870e-01,1.518141180276870728e-01,-3.255614936351776123e-01,0.000000000000000000e+00,0.000000000000000000e+00,6.274131685495376587e-02,-4.164599254727363586e-02,-2.285656332969665527e-01,-4.244594275951385498e-01,5.686757564544677734e-01,-1.850593686103820801e-01,-1.303000152111053467e-01,1.565003097057342529e-01,-2.429979108273983002e-02,-3.056570189073681831e-03,-3.897940516471862793e-01,-3.887270390987396240e-01,-1.239541545510292053e-01,8.850908279418945312e-02
4.355283826589584351e-02,-2.697869539260864258e+00,8.939206600189208984e-01,1.953961700201034546e-02,-1.670512370765209198e-02,7.610504031181335449e-01,6.481831669807434082e-01,2.129780501127243042e-01,3.748420625925064087e-02,-1.631185412406921387e-01,3.255337476730346680e-01,5.045633316040039062e-01,-1.576719135046005249e-01,-1.803490370512008667e-01,2.031814865767955780e-02,-1.948147863149642944e-01,1.000666171312332153e-01,1.819622665643692017e-01,1.618503630161285400e-01,-2.972090542316436768e-01,0.000000000000000000e+00,0.000000000000000000e+00,9.594446420669555664e-02,-5.097434669733047485e-02,-1.612718403339385986e-01,-3.771091997623443604e-01,5.089195966720581055e-01,-1.940627247095108032e-01,-1.618401110172271729e-01,1.512762755155563354e-01,-2.590348199009895325e-02,-1.836411841213703156e-02,-4.160458147525787354e-01,-4.136458933353424072e-01,-1.532043218612670898e-01,9.867331385612487793e-02
4.614160582423210144e-02,-2.669449090957641602e+00,9.022576212882995605e-01,2.535435557365417480e-02,1.092346035875380039e-03,7.522909641265869141e-01,6.583420634269714355e-01,1.265247613191604614e-01,-1.122893393039703369e-02,-1.206072270870208740e-01,3.831139206886291504e-01,5.033403038978576660e-01,-1.563638001680374146e-01,-1.620540469884872437e-01,3.299491247162222862e-03,-1.615512520074844360e-01,9.011868387460708618e-02,1.570223420858383179e-01,1.570984125137329102e-01,-2.355349510908126831e-01,0.000000000000000000e+00,0.000000000000000000e+00,1.056532487273216248e-01,-6.566913425922393799e-02,-1.305359303951263428e-01,-3.620477616786956787e-01,5.214917063713073730e-01,-2.107914090156555176e-01,-1.598443239927291870e-01,1.258153170347213745e-01,-4.786535724997520447e-02,-1.093002269044518471e-03,-4.468468427658081055e-01,-4.359632134437561035e-01,-2.121204882860183716e-01,5.411418154835700989e-02
4.829701408743858337e-02,-2.642586231231689453e+00,9.088274836540222168e-01,2.857751213014125824e-02,1.494072936475276947e-02,7.424269318580627441e-01,6.691504716873168945e-01,1.075548492372035980e-02,-3.945207968354225159e-02,-4.328790679574012756e-02,4.510160982608795166e-01,4.184823036193847656e-01,-1.127904281020164490e-01,-1.443577706813812256e-01,-5.990205332636833191e-03,-1.266566216945648193e-01,7.981274276971817017e-02,1.334256827831268311e-01,1.490144878625869751e-01,-1.690430790185928345e-01,0.000000000000000000e+00,0.000000000000000000e+00,1.148615404963493347e-01,-7.807667553424835205e-02,-9.748613834381103516e-02,-3.696245551109313965e-01,5.084287524223327637e-01,-2.186487317085266113e-01,-1.309090852737426758e-01,1.012084707617759705e-01,-6.881435960531234741e-02,2.420104481279850006e-02,-4.813608527183532715e-01,-4.214032888412475586e-01,-2.124995887279510498e-01,5.583950504660606384e-02
5.071416869759559631e-02,-2.615216970443725586e+00,9.140525460243225098e-01,3.045014292001724243e-02,2.117678523063659668e-02,7.295213937759399414e-01,6.829515695571899414e-01,-8.664407581090927124e-02,-3.947002813220024109e-02,5.776804313063621521e-02,4.718851745128631592e-01,3.190135955810546875e-01,-7.391520589590072632e-02,-1.192589700222015381e-01,-3.940059337764978409e-03,-9.454473853111267090e-02,6.954369693994522095e-02,1.079706102609634399e-01,1.454213410615921021e-01,-9.287370741367340088e-02,0.000000000000000000e+00,0.000000000000000000e+00,1.282025277614593506e-01,-7.714260369539260864e-02,-6.672212481498718262e-02,-3.840084373950958252e-01,4.964417517185211182e-01,-2.153438329696655273e-01,-1.654068231582641602e-01,6.956651806831359863e-02,-8.772008121013641357e-02,4.854353889822959900e-02,-4.958322048187255859e-01,-4.409219026565551758e-01,-1.818353086709976196e-01,1.111226901412010193e-01
5.217687413096427917e-02,-2.590686798095703125e+00,9.176443815231323242e-01,2.619891427457332611e-02,2.522899582982063293e-02,7.181727290153503418e-01,6.949136853218078613e-01,-1.736498922109603882e-01,-2.835912257432937622e-02,1.454248726367950439e-01,4.461829066276550293e-01,2.592718303203582764e-01,-4.518394172191619873e-02,-1.017189398407936096e-01,6.890169810503721237e-03,-6.337694078683853149e-02,5.880400538444519043e-02,8.486652374267578125e-02,1.373720914125442505e-01,-2.815265767276287079e-02,0.000000000000000000e+00,0.000000000000000000e+00,1.460650116205215454e-01,-6.714816391468048096e-02,-4.621542617678642273e-02,-4.168862402439117432e-01,4.969702363014221191e-01,-2.233718484640121460e-01,-1.678702086210250854e-01,3.517540544271469116e-02,-1.001499816775321960e-01,8.711854368448257446e-02,-5.164920091629028320e-01,-4.413994252681732178e-01,-1.759529858827590942e-01,1.237681806087493896e-01
5.355521664023399353e-02,-2.564594745635986328e+00,9.195648431777954102e-01,1.904542371630668640e-02,2.547128498554229736e-02,7.052685618400573730e-01,7.082264423370361328e-01,-2.439325153827667236e-01,-1.596628874540328979e-02,2.045590430498123169e-01,3.815781176090240479e-01,2.063903063535690308e-01,-3.627559170126914978e-02,-8.158050477504730225e-02,2.403038367629051208e-02,-2.558512426912784576e-02,5.027235671877861023e-02,6.502152979373931885e-02,1.397758871316909790e-01,4.537754133343696594e-02,0.000000000000000000e+00,0.000000000000000000e+00,1.549547165632247925e-01,-5.478425323963165283e-02,-4.749646782875061035e-02,-4.453961849212646484e-01,5.105237364768981934e-01,-2.320205420255661011e-01,-1.821725070476531982e-01,1.351332757622003555e-03,-1.008954718708992004e-01,1.048290878534317017e-01,-5.302577018737792969e-01,-4.641393721103668213e-01,-1.867869943380355835e-01,1.223429515957832336e-01
5.435660853981971741e-02,-2.538610458374023438e+00,9.189854860305786133e-01,9.365879930555820465e-03,2.422698028385639191e-02,6.919581294059753418e-01,7.214702367782592773e-01,-3.074278831481933594e-01,-7.550464011728763580e-03,2.315587848424911499e-01,2.929124236106872559e-01,1.658562123775482178e-01,-3.378823772072792053e-02,-6.295856088399887085e-02,4.361790046095848083e-02,1.412180159240961075e-02,4.207745939493179321e-02,4.888348653912544250e-02,1.368718594312667847e-01,1.057864353060722351e-01,0.000000000000000000e+00,0.000000000000000000e+00,1.652441471815109253e-01,-4.320665448904037476e-02,-3.216669335961341858e-02,-4.649075865745544434e-01,5.024017095565795898e-01,-2.423540651798248291e-01,-1.944156885147094727e-01,-3.371849283576011658e-02,-1.012870445847511292e-01,1.370143592357635498e-01,-5.469720363616943359e-01,-4.177906811237335205e-01,-1.859837770462036133e-01,1.102505922317504883e-01
5.307840183377265930e-02,-2.510570287704467773e+00,9.153624176979064941e-01,-2.830297307809814811e-05,2.388851158320903778e-02,6.773442625999450684e-01,7.352781891822814941e-01,-3.707304894924163818e-01,1.602661795914173126e-03,2.578971683979034424e-01,2.151529788970947266e-01,1.227552145719528198e-01,-3.853061422705650330e-02,-4.296175763010978699e-02,5.855143070220947266e-02,6.172051653265953064e-02,3.439555317163467407e-02,3.915346786379814148e-02,1.277741789817810059e-01,1.626799851655960083e-01,0.000000000000000000e+00,0.000000000000000000e+00,1.736907958984375000e-01,-3.553745150566101074e-02,-2.963575907051563263e-02,-4.845135211944580078e-01,5.061495900154113770e-01,-2.463774383068084717e-01,-1.887887120246887207e-01,-7.317100465297698975e-02,-9.849151223897933960e-02,1.699915677309036255e-01,-5.657289028167724609e-01,-4.144817292690277100e-01,-1.880738139152526855e-01,9.926030039787292480e-02
5.235761404037475586e-02,-2.480118513107299805e+00,9.111902713775634766e-01,-1.038137916475534439e-02,2.026727795600891113e-02,6.639279723167419434e-01,7.474496960639953613e-01,-4.258278012275695801e-01,9.828529320657253265e-03,2.335399240255355835e-01,1.412790566682815552e-01,1.112621501088142395e-01,-4.919369891285896301e-02,-1.333743240684270859e-02,7.219593226909637451e-02,8.807843178510665894e-02,2.019771002233028412e-02,6.641993764787912369e-03,1.140890643000602722e-01,2.114720493555068970e-01,0.000000000000000000e+00,0.000000000000000000e+00,1.853259354829788208e-01,-2.456998080015182495e-02,-4.939651116728782654e-02,-5.048275589942932129e-01,5.469989180564880371e-01,-2.531175315380096436e-01,-1.387374848127365112e-01,-1.080581545829772949e-01,-9.206977486610412598e-02,2.053647041320800781e-01,-5.870215296745300293e-01,-3.681054413318634033e-01,-1.813005506992340088e-01,8.368308097124099731e-02
5.228408053517341614e-02,-2.447706460952758789e+00,9.056448340415954590e-01,-1.497230026870965958e-02,1.895573176443576813e-02,6.500157713890075684e-01,7.595366835594177246e-01,-4.734706580638885498e-01,1.443846989423036575e-02,2.034082710742950439e-01,8.760220557451248169e-02,7.868715375661849976e-02,-5.762042477726936340e-02,2.023694291710853577e-02,7.508628815412521362e-02,1.274488866329193115e-01,1.113969646394252777e-02,-1.433533057570457458e-02,1.003103554248809814e-01,2.588611841201782227e-01,0.000000000000000000e+00,0.000000000000000000e+00,1.896282285451889038e-01,-2.560798265039920807e-02,-6.049362942576408386e-02,-5.054804682731628418e-01,5.593442320823669434e-01,-2.555398941040039062e-01,-1.178055852651596069e-01,-1.389358639717102051e-01,-8.376690745353698730e-02,2.253254503011703491e-01,-6.067481040954589844e-01,-3.634169101715087891e-01,-1.853098422288894653e-01,8.374843001365661621e-02
5.191576108336448669e-02,-2.415183544158935547e+00,8.998134136199951172e-01,-1.493380870670080185e-02,1.889296434819698334e-02,6.390146613121032715e-01,7.688174843788146973e-01,-5.064346790313720703e-01,1.589150913059711456e-02,2.011607140302658081e-01,5.195182189345359802e-02,4.049657285213470459e-02,-7.237502187490463257e-02,5.461663752794265747e-02,6.740981340408325195e-02,1.568623185157775879e-01,9.125263430178165436e-03,-3.810742869973182678e-02,9.231970459222793579e-02,2.957384288311004639e-01,0.000000000000000000e+00,0.000000000000000000e+00,1.917340457439422607e-01,-4.383266717195510864e-02,-5.007499083876609802e-02,-4.975837171077728271e-01,5.926545262336730957e-01,-2.617157995700836182e-01,-1.090486496686935425e-01,-1.600526869297027588e-01,-7.995045930147171021e-02,2.399961501359939575e-01,-6.183450222015380859e-01,-3.562565147876739502e-01,-2.021303027868270874e-01,7.100205868482589722e-02
4.916181042790412903e-02,-2.383482217788696289e+00,8.936496376991271973e-01,-1.447666902095079422e-02,1.785797625780105591e-02,6.255838274955749512e-01,7.798181772232055664e-01,-5.189648866653442383e-01,2.584079839289188385e-02,2.328379452228546143e-01,3.636271879076957703e-02,4.078135639429092407e-02,-9.623251855373382568e-02,8.735816180706024170e-02,5.595013871788978577e-02,1.879063546657562256e-01,1.029453892260789871e-02,-5.775037780404090881e-02,8.992540091276168823e-02,3.324960172176361084e-01,0.000000000000000000e+00,0.000000000000000000e+00,2.000812888145446777e-01,-4.789191856980323792e-02,-4.522263258695602417e-02,-4.836584925651550293e-01,5.639028549194335938e-01,-2.434384375810623169e-01,-1.202106252312660217e-01,-1.781524419784545898e-01,-6.828953325748443604e-02,2.448973804712295532e-01,-6.192747354507446289e-01,-3.522002398967742920e-01,-1.972407698631286621e-01,8.480168879032135010e-02
4.779238253831863403e-02,-2.347562551498413086e+00,8.852021694183349609e-01,-1.836743205785751343e-02,1.355018001049757004e-02,6.109452843666076660e-01,7.913437485694885254e-01,-5.116671919822692871e-01,4.559778049588203430e-02,2.477427721023559570e-01,4.450878500938415527e-02,6.927818804979324341e-02,-1.032365709543228149e-01,1.209480836987495422e-01,5.371028929948806763e-02,2.236258238554000854e-01,1.117088086903095245e-02,-7.192674279212951660e-02,8.283573389053344727e-02,3.682402372360229492e-01,0.000000000000000000e+00,0.000000000000000000e+00,1.978392601013183594e-01,-5.903024971485137939e-02,-3.008149936795234680e-02,-4.695349633693695068e-01,5.865411758422851562e-01,-2.515636086463928223e-01,-8.814570307731628418e-02,-1.913615316152572632e-01,-4.917318373918533325e-02,2.520146965980529785e-01,-6.190388202667236328e-01,-3.519633710384368896e-01,-2.024247050285339355e-01,7.593119889497756958e-02
4.820499196648597717e-02,-2.306080818176269531e+00,8.753312826156616211e-01,-2.466248162090778351e-02,6.316063459962606430e-03,6.034098863601684570e-01,7.970246672630310059e-01,-4.893344938755035400e-01,6.286641210317611694e-02,2.532645761966705322e-01,6.595227122306823730e-02,1.426984369754791260e-01,-8.504205942153930664e-02,1.627710461616516113e-01,6.175666674971580505e-02,2.428092211484909058e-01,1.148872915655374527e-02,-6.637410819530487061e-02,8.473788201808929443e-02,3.855970799922943115e-01,0.000000000000000000e+00,0.000000000000000000e+00,1.893366128206253052e-01,-6.336346268653869629e-02,-2.270676940679550171e-02,-4.535920321941375732e-01,6.035822033882141113e-01,-2.680874168872833252e-01,-2.630577608942985535e-02,-1.975381076335906982e-01,-2.600307762622833252e-02,2.617602050304412842e-01,-6.148892045021057129e-01,-3.599499166011810303e-01,-2.002431899309158325e-01,4.719179496169090271e-02
4.821293801069259644e-02,-2.266360998153686523e+00,8.708641529083251953e-01,-2.264786511659622192e-02,2.104916609823703766e-03,5.932113528251647949e-01,8.047253489494323730e-01,-4.582782983779907227e-01,6.736146658658981323e-02,2.761063277721405029e-01,7.872334122657775879e-02,1.930653601884841919e-01,-7.412381470203399658e-02,2.010534107685089111e-01,4.846906661987304688e-02,2.545001208782196045e-01,1.982303708791732788e-02,-3.363467380404472351e-02,1.037713810801506042e-01,4.060404896736145020e-01,0.000000000000000000e+00,0.000000000000000000e+00,1.965273767709732056e-01,-6.393343210220336914e-02,-9.067840874195098877e-03,-4.396965801715850830e-01,5.747122168540954590e-01,-2.413703054189682007e-01,-8.042354881763458252e-02,-1.915665417909622192e-01,-1.638807728886604309e-02,2.602208554744720459e-01,-5.986916422843933105e-01,-3.310926258563995361e-01,-1.825076341629028320e-01,9.220221638679504395e-02
4.730810970067977905e-02,-2.226464748382568359e+00,8.705012202262878418e-01,-1.637802831828594208e-02,-1.633563311770558357e-03,5.895097255706787109e-01,8.075935840606689453e-01,-4.122308492660522461e-01,4.873912408947944641e-02,2.700559496879577637e-01,9.599537402391433716e-02,2.305944412946701050e-01,-8.134075254201889038e-02,2.338540405035018921e-01,3.221003338694572449e-02,2.468262463808059692e-01,4.541193693876266479e-02,2.504251711070537567e-02,1.299468576908111572e-01,4.068406820297241211e-01,0.000000000000000000e+00,0.000000000000000000e+00,2.079741060733795166e-01,-6.677624583244323730e-02,-5.212656687945127487e-03,-4.314603507518768311e-01,5.907663702964782715e-01,-2.407908141613006592e-01,-8.775068074464797974e-02,-1.595370918512344360e-01,-1.078493986278772354e-02,2.605207562446594238e-01,-5.903940200805664062e-01,-3.188138008117675781e-01,-1.735316962003707886e-01,1.060728356242179871e-01
4.651479795575141907e-02,-2.185664892196655273e+00,8.733632564544677734e-01,-2.550905104726552963e-03,-3.104431787505745888e-03,5.890125036239624023e-01,8.081139326095581055e-01,-3.598265647888183594e-01,1.816554926335811615e-02,2.841013967990875244e-01,1.067228466272354126e-01,2.044768780469894409e-01,-6.026154011487960815e-02,2.634935677051544189e-01,5.923882592469453812e-03,2.407267987728118896e-01,8.121692389249801636e-02,1.181892156600952148e-01,1.589890569448471069e-01,3.992120027542114258e-01,0.000000000000000000e+00,0.000000000000000000e+00,2.241976708173751831e-01,-7.804034650325775146e-02,-3.133234567940235138e-03,-4.213380515575408936e-01,6.145844459533691406e-01,-2.226752787828445435e-01,-9.617405384778976440e-02,-1.097097620368003845e-01,-1.154123991727828979e-02,2.508830130100250244e-01,-5.730488300323486328e-01,-3.218352794647216797e-01,-1.594838201999664307e-01,1.258993595838546753e-01
4.593488946557044983e-02,-2.147899866104125977e+00,8.780125379562377930e-01,7.403086870908737183e-03,-4.501460120081901550e-03,5.912737846374511719e-01,8.064243793487548828e-01,-3.107378184795379639e-01,-8.969135582447052002e-03,2.862781882286071777e-01,1.137055456638336182e-01,1.661330312490463257e-01,-3.811091557145118713e-02,2.772341966629028320e-01,-1.000418979674577713e-02,2.319296151399612427e-01,1.297339648008346558e-01,2.381554692983627319e-01,1.815204024314880371e-01,3.788823783397674561e-01,0.000000000000000000e+00,0.000000000000000000e+00,2.346601933240890503e-01,-8.010000735521316528e-02,-1.165101770311594009e-02,-4.207400977611541748e-01,6.165021061897277832e-01,-2.289890795946121216e-01,-7.289594411849975586e-02,-6.347218155860900879e-02,-8.919176645576953888e-03,2.407744526863098145e-01,-5.560193061828613281e-01,-3.367656171321868896e-01,-1.532406210899353027e-01,1.147931292653083801e-01
4.565631225705146790e-02,-2.111048460006713867e+00,8.845857977867126465e-01,1.213922258466482162e-02,-8.219451643526554108e-03,5.950830578804016113e-01,8.035305142402648926e-01,-2.622409164905548096e-01,-2.756597660481929779e-02,2.818381190299987793e-01,1.126412376761436462e-01,1.420014649629592896e-01,-5.934574455022811890e-02,2.718717753887176514e-01,-1.296853832900524139e-02,2.168485969305038452e-01,1.913580447435379028e-01,3.938814401626586914e-01,2.288947552442550659e-01,3.484199345111846924e-01,0.000000000000000000e+00,0.000000000000000000e+00,2.314456552267074585e-01,-8.474421501159667969e-02,5.655120685696601868e-02,-4.077493846416473389e-01,5.397301912307739258e-01,-2.203341424465179443e-01,-1.208732128143310547e-01,-2.144020795822143555e-02,3.479184582829475403e-03,1.901176720857620239e-01,-5.344238281250000000e-01,-3.092609345912933350e-01,-1.389327347278594971e-01,1.829666197299957275e-01
4.677780345082283020e-02,-2.077908039093017578e+00,8.896810412406921387e-01,1.349340286105871201e-02,-8.584752678871154785e-03,6.024111509323120117e-01,7.980257272720336914e-01,-2.241784036159515381e-01,-4.521029442548751831e-02,2.676323652267456055e-01,1.072303056716918945e-01,1.141711547970771790e-01,-4.229298979043960571e-02,2.062420994043350220e-01,-9.369827806949615479e-03,1.642973273992538452e-01,3.306951820850372314e-01,5.061399936676025391e-01,2.336857914924621582e-01,3.011762201786041260e-01,0.000000000000000000e+00,0.000000000000000000e+00,2.259034812450408936e-01,-6.948491185903549194e-02,4.053348675370216370e-02,-4.226559996604919434e-01,5.383975505828857422e-01,-2.216152697801589966e-01,-9.703750908374786377e-02,8.262271992862224579e-03,-2.746802289038896561e-03,1.902446001768112183e-01,-5.330220460891723633e-01,-3.077583611011505127e-01,-1.355501562356948853e-01,1.727593392133712769e-01
4.888080060482025146e-02,-2.045244693756103516e+00,8.984693288803100586e-01,6.635126192122697830e-04,-1.497305091470479965e-02,6.178880333900451660e-01,7.861232161521911621e-01,-1.908836513757705688e-01,-3.859667107462882996e-02,2.261428534984588623e-01,9.217293560504913330e-02,9.179079532623291016e-02,-3.138019517064094543e-02,1.488417983055114746e-01,4.053349792957305908e-02,1.535463035106658936e-01,3.808006942272186279e-01,5.057127475738525391e-01,2.414486110210418701e-01,2.268908470869064331e-01,0.000000000000000000e+00,0.000000000000000000e+00,1.959018111228942871e-01,-3.464819118380546570e-02,2.248743921518325806e-02,-4.139166474342346191e-01,5.429352521896362305e-01,-2.444619834423065186e-01,-8.205722272396087646e-02,2.267249859869480133e-02,1.618112437427043915e-02,1.778441965579986572e-01,-5.201803445816040039e-01,-3.223295211791992188e-01,-1.571649163961410522e-01,1.738412678241729736e-01
5.168119072914123535e-02,-2.015189409255981445e+00,9.083945155143737793e-01,-1.534308213740587234e-02,-2.211247943341732025e-02,6.346158385276794434e-01,7.723589539527893066e-01,-1.648807078599929810e-01,-2.095466107130050659e-02,1.792139858007431030e-01,8.073571324348449707e-02,7.017232477664947510e-02,-2.984508126974105835e-02,7.792727649211883545e-02,9.582361578941345215e-02,1.365402340888977051e-01,3.981164395809173584e-01,4.545136094093322754e-01,2.347916066646575928e-01,1.516880691051483154e-01,0.000000000000000000e+00,0.000000000000000000e+00,1.649569720029830933e-01,1.336438581347465515e-02,-8.871284080669283867e-04,-4.193418025970458984e-01,5.449573993682861328e-01,-2.331655770540237427e-01,-1.004913449287414551e-01,4.332748427987098694e-02,3.232751414179801941e-02,1.539544463157653809e-01,-5.243743062019348145e-01,-3.140004873275756836e-01,-1.586233675479888916e-01,1.785925328731536865e-01
5.372133478522300720e-02,-1.985106468200683594e+00,9.148428440093994141e-01,-2.140836231410503387e-02,-2.540758065879344940e-02,6.509219408035278320e-01,7.584172487258911133e-01,-1.324882954359054565e-01,-1.984247565269470215e-02,1.360590457916259766e-01,6.882832944393157959e-02,5.088917165994644165e-02,-3.617070987820625305e-02,-2.581406384706497192e-03,1.075526848435401917e-01,7.345068454742431641e-02,4.185979962348937988e-01,3.952654600143432617e-01,2.182290852069854736e-01,7.728333771228790283e-02,0.000000000000000000e+00,0.000000000000000000e+00,1.244047060608863831e-01,4.510339349508285522e-02,-1.958369091153144836e-02,-4.099944233894348145e-01,5.240985155105590820e-01,-2.327025085687637329e-01,-9.893647581338882446e-02,6.749945878982543945e-02,3.535183519124984741e-02,1.374097466468811035e-01,-5.237690806388854980e-01,-3.267972171306610107e-01,-1.538280248641967773e-01,1.861685365438461304e-01
5.608492717146873474e-02,-1.956153154373168945e+00,9.194387197494506836e-01,-2.400406822562217712e-02,-2.648299746215343475e-02,6.646489500999450684e-01,7.463003993034362793e-01,-9.667831659317016602e-02,-2.395124174654483795e-02,9.101118147373199463e-02,5.432979762554168701e-02,3.753774240612983704e-02,-4.739626869559288025e-02,-7.555064558982849121e-02,9.707976132631301880e-02,-1.694327802397310734e-03,4.025452136993408203e-01,3.509626090526580811e-01,2.011681944131851196e-01,9.812631644308567047e-03,0.000000000000000000e+00,0.000000000000000000e+00,8.533994853496551514e-02,7.032384723424911499e-02,-3.489261865615844727e-02,-4.148982763290405273e-01,5.251927971839904785e-01,-2.357423454523086548e-01,-1.077693775296211243e-01,8.649270981550216675e-02,3.484272956848144531e-02,1.212024018168449402e-01,-5.149946212768554688e-01,-3.440568447113037109e-01,-1.627117544412612915e-01,1.867517828941345215e-01
5.839122831821441650e-02,-1.927744388580322266e+00,9.221061468124389648e-01,-2.328380011022090912e-02,-2.338682115077972412e-02,6.803172826766967773e-01,7.321743965148925781e-01,-6.547980755567550659e-02,-3.374636918306350708e-02,5.894446745514869690e-02,4.272441938519477844e-02,1.502772234380245209e-02,-6.514304131269454956e-02,-1.415939629077911377e-01,7.223404198884963989e-02,-7.276333868503570557e-02,3.560398817062377930e-01,3.038496971130371094e-01,1.726320534944534302e-01,-5.715584382414817810e-02,0.000000000000000000e+00,0.000000000000000000e+00,4.405343532562255859e-02,8.472687005996704102e-02,-5.275114998221397400e-02,-4.268415868282318115e-01,5.244640707969665527e-01,-2.395760565996170044e-01,-1.066583767533302307e-01,1.097670644521713257e-01,2.183207497000694275e-02,1.021754294633865356e-01,-5.217120051383972168e-01,-3.576167225837707520e-01,-1.535563766956329346e-01,1.907861381769180298e-01
6.116616725921630859e-02,-1.899195432662963867e+00,9.225018620491027832e-01,-2.275410667061805725e-02,-1.685435883700847626e-02,6.971666812896728516e-01,7.163496017456054688e-01,-4.043260216712951660e-02,-4.418959468603134155e-02,9.636970236897468567e-03,3.220441937446594238e-02,-3.572985762730240822e-03,-6.049617007374763489e-02,-2.101476788520812988e-01,5.310259759426116943e-02,-1.117181703448295593e-01,2.960618138313293457e-01,2.447911053895950317e-01,1.551360040903091431e-01,-1.228264421224594116e-01,0.000000000000000000e+00,0.000000000000000000e+00,-8.773418958298861980e-04,9.571184962987899780e-02,-7.047713547945022583e-02,-4.518730342388153076e-01,5.215375423431396484e-01,-2.490257471799850464e-01,-1.101306900382041931e-01,1.293220967054367065e-01,3.617642913013696671e-03,9.154086560010910034e-02,-5.270935893058776855e-01,-3.271073698997497559e-01,-1.600895822048187256e-01,1.753014177083969116e-01
6.426978111267089844e-02,-1.870363473892211914e+00,9.193350076675415039e-01,-2.091542258858680725e-02,-5.850000306963920593e-03,7.135356068611145020e-01,7.002822756767272949e-01,-1.913213357329368591e-02,-6.262524425983428955e-02,-4.132196679711341858e-02,2.344478294253349304e-02,-2.266993932425975800e-02,-4.070623219013214111e-02,-2.758055925369262695e-01,2.255876734852790833e-02,-1.629087626934051514e-01,2.230866104364395142e-01,2.090124338865280151e-01,1.345261931419372559e-01,-1.849013268947601318e-01,0.000000000000000000e+00,0.000000000000000000e+00,-4.763407260179519653e-02,1.050914749503135681e-01,-1.179763302206993103e-01,-4.854444861412048340e-01,5.585219264030456543e-01,-2.669200897216796875e-01,-7.549633830785751343e-02,1.412496119737625122e-01,-1.472565904259681702e-02,9.862985461950302124e-02,-5.348596572875976562e-01,-3.382607102394104004e-01,-1.512093245983123779e-01,1.684185266494750977e-01
6.734523922204971313e-02,-1.840367078781127930e+00,9.147729873657226562e-01,-1.643087901175022125e-02,4.957079421728849411e-03,7.293348908424377441e-01,6.839416027069091797e-01,6.535258144140243530e-03,-8.123905956745147705e-02,-9.811508655548095703e-02,1.676278561353683472e-02,-4.249296337366104126e-02,-3.670044988393783569e-02,-3.320717215538024902e-01,-1.329601556062698364e-02,-2.142851203680038452e-01,1.526911109685897827e-01,2.021377980709075928e-01,1.586198210716247559e-01,-2.377045452594757080e-01,0.000000000000000000e+00,0.000000000000000000e+00,-9.431827813386917114e-02,1.025948747992515564e-01,-1.412022113800048828e-01,-5.163952708244323730e-01,5.760141611099243164e-01,-2.813320755958557129e-01,-9.671942889690399170e-02,1.642684340476989746e-01,-2.906173281371593475e-02,9.643428027629852295e-02,-5.468322038650512695e-01,-3.577112853527069092e-01,-1.514682173728942871e-01,1.715807616710662842e-01
7.056777179241180420e-02,-1.808998703956604004e+00,9.103320240974426270e-01,-1.540170889347791672e-02,1.350554265081882477e-02,7.452707290649414062e-01,6.664472222328186035e-01,3.041966259479522705e-02,-8.742758631706237793e-02,-1.499199122190475464e-01,1.353065203875303268e-02,-6.694693863391876221e-02,-4.050895944237709045e-02,-3.919805884361267090e-01,-3.856724500656127930e-02,-2.494483292102813721e-01,9.717182070016860962e-02,1.843314319849014282e-01,1.927860379219055176e-01,-2.847844958305358887e-01,0.000000000000000000e+00,0.000000000000000000e+00,-1.418259292840957642e-01,9.692654758691787720e-02,-1.596587598323822021e-01,-5.471453666687011719e-01,5.839595794677734375e-01,-2.986806333065032959e-01,-9.842691570520401001e-02,1.856732666492462158e-01,-3.432509303092956543e-02,8.360418677330017090e-02,-5.511516928672790527e-01,-3.733337819576263428e-01,-1.525729000568389893e-01,1.737837046384811401e-01
7.370223104953765869e-02,-1.776842236518859863e+00,9.064770340919494629e-01,-1.820199750363826752e-02,1.612727157771587372e-02,7.566337585449218750e-01,6.533865332603454590e-01,5.659618601202964783e-02,-7.758974283933639526e-02,-1.826250404119491577e-01,1.103989873081445694e-02,-9.439162164926528931e-02,-3.906007856130599976e-02,-4.460082352161407471e-01,-4.539938643574714661e-02,-2.779931128025054932e-01,5.117810890078544617e-02,1.409223079681396484e-01,2.211401909589767456e-01,-3.177247345447540283e-01,0.000000000000000000e+00,0.000000000000000000e+00,-1.841382533311843872e-01,9.369928389787673950e-02,-1.674209237098693848e-01,-5.699800848960876465e-01,5.857952237129211426e-01,-3.177153468132019043e-01,-8.750142157077789307e-02,2.042327970266342163e-01,-2.844471111893653870e-02,7.619008421897888184e-02,-5.467098951339721680e-01,-3.600457906723022461e-01,-1.555025130510330200e-01,1.636254042387008667e-01
7.733238488435745239e-02,-1.744315147399902344e+00,9.021125435829162598e-01,-2.043332159519195557e-02,1.516193896532058716e-02,7.660443782806396484e-01,6.422838568687438965e-01,8.654104918241500854e-02,-6.232945248484611511e-02,-2.104117572307586670e-01,1.230632886290550232e-02,-1.217290237545967102e-01,-4.563242197036743164e-02,-4.834691286087036133e-01,-4.411487281322479248e-02,-3.064833283424377441e-01,1.435381919145584106e-02,1.042666435241699219e-01,2.653889060020446777e-01,-3.390427827835083008e-01,0.000000000000000000e+00,0.000000000000000000e+00,-2.196151614189147949e-01,9.214163571596145630e-02,-1.782061606645584106e-01,-5.831736922264099121e-01,5.696597695350646973e-01,-3.211200833320617676e-01,-9.376086294651031494e-02,2.276676893234252930e-01,-1.895747333765029907e-02,7.003718614578247070e-02,-5.434911847114562988e-01,-3.563205301761627197e-01,-1.533668339252471924e-01,1.713567972183227539e-01
8.071310073137283325e-02,-1.708629250526428223e+00,8.958790302276611328e-01,-1.874944753944873810e-02,1.363680884242057800e-02,7.722643017768859863e-01,6.348782181739807129e-01,1.273871958255767822e-01,-5.090736597776412964e-02,-2.326864004135131836e-01,1.310221757739782333e-02,-1.393297463655471802e-01,-5.022594332695007324e-02,-4.969840347766876221e-01,-4.524834826588630676e-02,-3.204473257064819336e-01,7.090781000442802906e-04,7.373652607202529907e-02,2.740446627140045166e-01,-3.500293791294097900e-01,0.000000000000000000e+00,0.000000000000000000e+00,-2.405980080366134644e-01,8.067519217729568481e-02,-1.822123825550079346e-01,-5.912326574325561523e-01,5.660529732704162598e-01,-3.214035928249359131e-01,-9.283106029033660889e-02,2.497786134481430054e-01,-1.361847762018442154e-02,5.603093653917312622e-02,-5.357374548912048340e-01,-3.452925682067871094e-01,-1.517478525638580322e-01,1.760407090187072754e-01
8.422492444515228271e-02,-1.671226978302001953e+00,8.883529305458068848e-01,-1.311707962304353714e-02,1.561633870005607605e-02,7.834082245826721191e-01,6.211727857589721680e-01,1.684778034687042236e-01,-4.379018396139144897e-02,-2.744854986667633057e-01,1.438146643340587616e-02,-1.420851647853851318e-01,-6.375944614410400391e-02,-4.861036837100982666e-01,-6.125092506408691406e-02,-3.315112590789794922e-01,1.385871786624193192e-02,7.943042367696762085e-02,2.631968855857849121e-01,-3.781509101390838623e-01,0.000000000000000000e+00,0.000000000000000000e+00,-2.455977499485015869e-01,6.329812854528427124e-02,-1.884865909814834595e-01,-5.950086116790771484e-01,5.612749457359313965e-01,-3.253088295459747314e-01,-9.253002703189849854e-02,2.706418931484222412e-01,-1.945678330957889557e-02,5.580753460526466370e-02,-5.327339172363281250e-01,-3.458736836910247803e-01,-1.475477218627929688e-01,1.822129786014556885e-01
8.597519248723983765e-02,-1.628951668739318848e+00,8.783099651336669922e-01,-3.172175493091344833e-03,2.162210457026958466e-02,7.951444387435913086e-01,6.060261726379394531e-01,2.090926468372344971e-01,-4.078447818756103516e-02,-2.957891225814819336e-01,2.248307503759860992e-02,-1.148905828595161438e-01,-8.353952318429946899e-02,-4.614881873130798340e-01,-9.723117202520370483e-02,-3.661815822124481201e-01,4.077077656984329224e-02,1.678861230611801147e-01,2.332664579153060913e-01,-4.077945947647094727e-01,0.000000000000000000e+00,0.000000000000000000e+00,-2.414712160825729370e-01,3.917539119720458984e-02,-1.954800188541412354e-01,-5.930105447769165039e-01,5.575110912322998047e-01,-3.089191317558288574e-01,-1.138705089688301086e-01,2.713942229747772217e-01,-3.366130962967872620e-02,3.718053176999092102e-02,-5.113351345062255859e-01,-3.360323309898376465e-01,-1.358733326196670532e-01,1.928327977657318115e-01
8.811173588037490845e-02,-1.586938977241516113e+00,8.720876574516296387e-01,3.864329308271408081e-03,2.257483638823032379e-02,8.037998080253601074e-01,5.944588780403137207e-01,2.414634227752685547e-01,-2.894699200987815857e-02,-3.036171495914459229e-01,4.531501233577728271e-02,-5.619880557060241699e-02,-1.040339395403862000e-01,-4.281460046768188477e-01,-1.108035072684288025e-01,-3.742149472236633301e-01,5.512401834130287170e-02,2.428763508796691895e-01,2.185780405998229980e-01,-4.262957572937011719e-01,0.000000000000000000e+00,0.000000000000000000e+00,-2.271087318658828735e-01,2.401402220129966736e-02,-2.075392007827758789e-01,-5.778627991676330566e-01,5.521848797798156738e-01,-2.932938933372497559e-01,-1.262934207916259766e-01,2.571077942848205566e-01,-4.278155788779258728e-02,2.681809477508068085e-02,-4.825555384159088135e-01,-3.339068293571472168e-01,-1.239415928721427917e-01,1.880068331956863403e-01
9.092112630605697632e-02,-1.543927550315856934e+00,8.698452711105346680e-01,1.042947079986333847e-02,1.841100305318832397e-02,8.068887591361999512e-01,5.903242826461791992e-01,2.724059820175170898e-01,-1.559635810554027557e-02,-3.013823926448822021e-01,8.019614219665527344e-02,2.705251984298229218e-02,-1.236509531736373901e-01,-3.864257037639617920e-01,-1.059746444225311279e-01,-3.689797520637512207e-01,8.259703218936920166e-02,2.939984500408172607e-01,2.024712860584259033e-01,-4.266116023063659668e-01,0.000000000000000000e+00,0.000000000000000000e+00,-1.867942065000534058e-01,1.624902896583080292e-02,-2.185468226671218872e-01,-5.605357289314270020e-01,5.496883392333984375e-01,-2.670018672943115234e-01,-1.497075855731964111e-01,2.460349053144454956e-01,-4.283532500267028809e-02,2.032607421278953552e-02,-4.613069295883178711e-01,-3.435606062412261963e-01,-1.139713525772094727e-01,1.839292943477630615e-01
9.414666891098022461e-02,-1.504339694976806641e+00,8.705978393554687500e-01,1.259998697787523270e-02,8.222307078540325165e-03,8.057896494865417480e-01,5.920107364654541016e-01,2.912095189094543457e-01,3.640035400167107582e-03,-2.939782738685607910e-01,1.242842301726341248e-01,1.560122221708297729e-01,-1.477981358766555786e-01,-3.472235202789306641e-01,-7.702357321977615356e-02,-3.559806346893310547e-01,1.041948571801185608e-01,2.922175228595733643e-01,1.695484519004821777e-01,-4.088194072246551514e-01,0.000000000000000000e+00,0.000000000000000000e+00,-1.309479475021362305e-01,1.797131076455116272e-02,-2.264583259820938110e-01,-5.456915497779846191e-01,5.610098838806152344e-01,-2.496663182973861694e-01,-1.590170860290527344e-01,2.385956197977066040e-01,-3.495146334171295166e-02,2.216042391955852509e-02,-4.561329483985900879e-01,-3.591970205307006836e-01,-1.140417158603668213e-01,1.813970059156417847e-01
9.785342961549758911e-02,-1.467447638511657715e+00,8.745228052139282227e-01,1.249456964433193207e-02,1.227569649927318096e-03,7.989232540130615234e-01,6.013019680976867676e-01,2.894291579723358154e-01,1.047080010175704956e-02,-2.732475399971008301e-01,1.753506511449813843e-01,3.184971809387207031e-01,-1.477033495903015137e-01,-3.126237392425537109e-01,-4.444969072937965393e-02,-3.408602178096771240e-01,1.163022369146347046e-01,2.579663991928100586e-01,1.457909792661666870e-01,-3.699524402618408203e-01,0.000000000000000000e+00,0.000000000000000000e+00,-7.360520213842391968e-02,1.820640824735164642e-02,-2.232159525156021118e-01,-5.383229255676269531e-01,5.747146010398864746e-01,-2.372836768627166748e-01,-1.470930874347686768e-01,2.272389382123947144e-01,-2.879150398075580597e-02,3.781289234757423401e-02,-4.689063131809234619e-01,-3.658913969993591309e-01,-1.261074990034103394e-01,1.615979671478271484e-01
9.989739954471588135e-02,-1.432196259498596191e+00,8.795849680900573730e-01,1.446416694670915604e-02,-1.072803162969648838e-03,7.922466993331909180e-01,6.100285649299621582e-01,2.610524892807006836e-01,6.704357918351888657e-03,-2.275715768337249756e-01,2.341831475496292114e-01,5.034862756729125977e-01,-1.518542915582656860e-01,-2.706861495971679688e-01,-2.085937559604644775e-02,-3.214577734470367432e-01,1.111406683921813965e-01,2.308891564607620239e-01,1.295010596513748169e-01,-3.271630406379699707e-01,0.000000000000000000e+00,0.000000000000000000e+00,-2.620585635304450989e-02,1.145621389150619507e-02,-2.092162668704986572e-01,-5.201318860054016113e-01,5.881366729736328125e-01,-2.164129167795181274e-01,-1.431455612182617188e-01,2.042041718959808350e-01,-3.662843629717826843e-02,4.846744611859321594e-02,-4.834682941436767578e-01,-3.613316118717193604e-01,-1.315439641475677490e-01,1.630901396274566650e-01
1.009334921836853027e-01,-1.397705078125000000e+00,8.879907131195068359e-01,2.099109999835491180e-02,6.776530295610427856e-03,7.823350429534912109e-01,6.224671006202697754e-01,1.766205281019210815e-01,-1.977413147687911987e-02,-1.410796940326690674e-01,3.449661731719970703e-01,5.044038891792297363e-01,-1.372073739767074585e-01,-2.349568903446197510e-01,-1.757981255650520325e-02,-2.817012667655944824e-01,1.047461256384849548e-01,2.013316750526428223e-01,1.277914047241210938e-01,-2.705599963665008545e-01,0.000000000000000000e+00,0.000000000000000000e+00,7.743138354271650314e-03,-1.567494310438632965e-02,-1.888659000396728516e-01,-5.025353431701660156e-01,5.843302011489868164e-01,-2.072208374738693237e-01,-1.089349836111068726e-01,1.696299165487289429e-01,-6.164281815290451050e-02,6.562605500221252441e-02,-5.067537426948547363e-01,-3.638168871402740479e-01,-1.308454871177673340e-01,1.485533416271209717e-01
1.006050929427146912e-01,-1.366167187690734863e+00,8.971289396286010742e-01,2.845051884651184082e-02,2.213399671018123627e-02,7.724728584289550781e-01,6.340239048004150391e-01,8.452645689249038696e-02,-6.124971807003021240e-02,-8.189780265092849731e-02,3.905141651630401611e-01,4.382888376712799072e-01,-1.063719540834426880e-01,-2.071374356746673584e-01,-3.174505382776260376e-02,-2.427841424942016602e-01,9.290362149477005005e-02,1.751988232135772705e-01,1.325769871473312378e-01,-2.060858160257339478e-01,0.000000000000000000e+00,0.000000000000000000e+00,2.886573038995265961e-02,-4.502779617905616760e-02,-1.724424809217453003e-01,-4.815073311328887939e-01,5.789726376533508301e-01,-2.151778191328048706e-01,-1.138382628560066223e-01,1.276018172502517700e-01,-8.724088221788406372e-02,7.036528736352920532e-02,-5.329778194427490234e-01,-3.764122426509857178e-01,-1.494408547878265381e-01,1.251095682382583618e-01
1.007232367992401123e-01,-1.336078286170959473e+00,9.038925766944885254e-01,3.126916289329528809e-02,2.849562466144561768e-02,7.614937424659729004e-01,6.467901468276977539e-01,-1.696072518825531006e-02,-7.686349749565124512e-02,-7.692990824580192566e-03,4.304338991641998291e-01,3.534836769104003906e-01,-7.534953206777572632e-02,-1.773217618465423584e-01,-2.832849882543087006e-02,-2.107222676277160645e-01,8.237553387880325317e-02,1.491500884294509888e-01,1.384611576795578003e-01,-1.338736414909362793e-01,0.000000000000000000e+00,0.000000000000000000e+00,5.655514448881149292e-02,-6.414648890495300293e-02,-1.446721255779266357e-01,-4.746710360050201416e-01,5.799534320831298828e-01,-2.168854027986526489e-01,-1.047437936067581177e-01,9.580017626285552979e-02,-1.017248257994651794e-01,7.917711883783340454e-02,-5.623545050621032715e-01,-3.948008418083190918e-01,-1.721847057342529297e-01,9.493533521890640259e-02
9.990160912275314331e-02,-1.306724309921264648e+00,9.090048670768737793e-01,3.189592063426971436e-02,2.908492833375930786e-02,7.484999299049377441e-01,6.617284417152404785e-01,-1.011379882693290710e-01,-7.553885877132415771e-02,6.179383769631385803e-02,4.234962463378906250e-01,2.825996279716491699e-01,-4.538660123944282532e-02,-1.428574323654174805e-01,-1.600756868720054626e-02,-1.754603832960128784e-01,6.965669989585876465e-02,1.234713867306709290e-01,1.465852409601211548e-01,-5.501341819763183594e-02,0.000000000000000000e+00,0.000000000000000000e+00,8.828461915254592896e-02,-7.504935562610626221e-02,-1.124502718448638916e-01,-4.720843434333801270e-01,5.848153233528137207e-01,-2.250854372978210449e-01,-8.064988255500793457e-02,6.836631894111633301e-02,-1.162455752491950989e-01,9.119485318660736084e-02,-5.870534777641296387e-01,-3.873224556446075439e-01,-1.761853992938995361e-01,8.461328595876693726e-02
1.000739112496376038e-01,-1.279422760009765625e+00,9.110374450683593750e-01,2.587888948619365692e-02,2.609079703688621521e-02,7.347759604454040527e-01,6.773137450218200684e-01,-1.772170811891555786e-01,-5.486043170094490051e-02,1.310281455516815186e-01,3.796122372150421143e-01,2.487052083015441895e-01,-4.845892265439033508e-02,-1.159220486879348755e-01,8.186114951968193054e-03,-1.386017203330993652e-01,5.850216746330261230e-02,1.003063395619392395e-01,1.470210105180740356e-01,1.857860200107097626e-02,0.000000000000000000e+00,0.000000000000000000e+00,1.206279695034027100e-01,-5.680149793624877930e-02,-9.039466083049774170e-02,-4.743629992008209229e-01,5.724258422851562500e-01,-2.208742350339889526e-01,-1.208942607045173645e-01,2.695196680724620819e-02,-1.208167001605033875e-01,1.124044284224510193e-01,-6.011785864830017090e-01,-3.930867016315460205e-01,-1.715206652879714966e-01,9.859089553356170654e-02
9.948377311229705811e-02,-1.252110600471496582e+00,9.109274744987487793e-01,1.879288814961910248e-02,2.250625193119049072e-02,7.178723812103271484e-01,6.955569982528686523e-01,-2.470543533563613892e-01,-3.143313527107238770e-02,1.940098106861114502e-01,3.153273463249206543e-01,2.053103893995285034e-01,-4.720300063490867615e-02,-9.056133776903152466e-02,3.195603564381599426e-02,-8.659135550260543823e-02,5.008151009678840637e-02,8.287668228149414062e-02,1.492062062025070190e-01,9.631367027759552002e-02,0.000000000000000000e+00,0.000000000000000000e+00,1.466091573238372803e-01,-4.276752844452857971e-02,-5.750459060072898865e-02,-4.774649441242218018e-01,5.709632635116577148e-01,-2.397015541791915894e-01,-1.022512167692184448e-01,-7.766906172037124634e-03,-1.233105063438415527e-01,1.420989632606506348e-01,-6.168938875198364258e-01,-4.107834100723266602e-01,-1.807710528373718262e-01,8.457411080598831177e-02
9.740769118070602417e-02,-1.223008394241333008e+00,9.083983898162841797e-01,8.927736431360244751e-03,1.681694388389587402e-02,7.007076740264892578e-01,7.131944298744201660e-01,-3.071352243423461914e-01,-5.106889177113771439e-03,2.291285544633865356e-01,2.349631786346435547e-01,1.757551878690719604e-01,-4.721278697252273560e-02,-6.326369196176528931e-02,5.769033357501029968e-02,-3.719571977853775024e-02,4.057133570313453674e-02,6.476657092571258545e-02,1.520078480243682861e-01,1.661139130592346191e-01,0.000000000000000000e+00,0.000000000000000000e+00,1.764052808284759521e-01,-2.526610717177391052e-02,-2.623645029962062836e-02,-4.835572838783264160e-01,5.387081503868103027e-01,-2.555831670761108398e-01,-5.855473130941390991e-02,-3.992282226681709290e-02,-1.234800890088081360e-01,1.704119890928268433e-01,-6.420666575431823730e-01,-3.846793174743652344e-01,-1.855330020189285278e-01,7.905775308609008789e-02
9.516952931880950928e-02,-1.192959666252136230e+00,9.045717120170593262e-01,-2.644310006871819496e-04,1.070854254066944122e-02,6.829577088356018066e-01,7.303794026374816895e-01,-3.651548922061920166e-01,2.514730021357536316e-02,2.599450349807739258e-01,1.628676354885101318e-01,1.566052287817001343e-01,-6.270667910575866699e-02,-3.348759934306144714e-02,7.872691005468368530e-02,9.532476775348186493e-03,3.352384641766548157e-02,4.739781469106674194e-02,1.382261812686920166e-01,2.306745052337646484e-01,0.000000000000000000e+00,0.000000000000000000e+00,2.065726071596145630e-01,-1.126685272902250290e-02,-3.535787807777523994e-03,-4.883783161640167236e-01,5.331124663352966309e-01,-2.568646073341369629e-01,-5.506408587098121643e-02,-7.636412233114242554e-02,-1.223219260573387146e-01,2.008166760206222534e-01,-6.562370657920837402e-01,-3.573544025421142578e-01,-1.877166628837585449e-01,9.069281071424484253e-02
9.346788376569747925e-02,-1.162174940109252930e+00,9.000025391578674316e-01,-9.133469313383102417e-03,6.355685181915760040e-03,6.662753820419311523e-01,7.456227540969848633e-01,-4.243645966053009033e-01,5.451072752475738525e-02,2.637369334697723389e-01,1.047029048204421997e-01,1.354686021804809570e-01,-7.712180167436599731e-02,-3.690121928229928017e-03,9.493616223335266113e-02,5.836953222751617432e-02,2.450453676283359528e-02,2.221401594579219818e-02,1.201143637299537659e-01,2.826300263404846191e-01,0.000000000000000000e+00,0.000000000000000000e+00,2.293859869241714478e-01,-2.637767465785145760e-03,1.810566708445549011e-02,-4.838391542434692383e-01,5.427770614624023438e-01,-2.555800676345825195e-01,-5.065067112445831299e-02,-1.149937286972999573e-01,-1.159268096089363098e-01,2.315368652343750000e-01,-6.664310097694396973e-01,-3.509775698184967041e-01,-1.956515908241271973e-01,8.653829246759414673e-02
9.147449582815170288e-02,-1.129667997360229492e+00,8.955597877502441406e-01,-1.043024100363254547e-02,7.003369275480508804e-03,6.539201736450195312e-01,7.564592361450195312e-01,-4.743974506855010986e-01,6.735976785421371460e-02,2.803231477737426758e-01,5.962135642766952515e-02,8.411145210266113281e-02,-8.946640044450759888e-02,3.214050084352493286e-02,8.933867514133453369e-02,9.198825806379318237e-02,1.549941021949052811e-02,1.108912052586674690e-03,1.043167263269424438e-01,3.186497986316680908e-01,0.000000000000000000e+00,0.000000000000000000e+00,2.558717131614685059e-01,-9.315098635852336884e-03,3.214159235358238220e-02,-4.789227247238159180e-01,5.459113717079162598e-01,-2.509150803089141846e-01,-4.717108607292175293e-02,-1.489926725625991821e-01,-1.156749725341796875e-01,2.574573755264282227e-01,-6.690922379493713379e-01,-3.510758280754089355e-01,-1.952664703130722046e-01,9.604712575674057007e-02
8.919253945350646973e-02,-1.096584320068359375e+00,8.903521895408630371e-01,-1.054750103503465652e-02,7.014833856374025345e-03,6.456496715545654297e-01,7.635286450386047363e-01,-5.079206228256225586e-01,7.876290380954742432e-02,3.263825774192810059e-01,2.922959253191947937e-02,4.905889183282852173e-02,-1.108595877885818481e-01,6.851541996002197266e-02,8.005173504352569580e-02,1.125177145004272461e-01,1.089190132915973663e-02,-2.453454583883285522e-02,9.709794819355010986e-02,3.397728502750396729e-01,0.000000000000000000e+00,0.000000000000000000e+00,2.707740962505340576e-01,-2.175688557326793671e-02,4.212076589465141296e-02,-4.523376524448394775e-01,5.640276670455932617e-01,-2.314393520355224609e-01,-6.828861683607101440e-02,-1.754177510738372803e-01,-1.138558536767959595e-01,2.746815979480743408e-01,-6.673174500465393066e-01,-3.461791872978210449e-01,-1.952324807643890381e-01,1.016289815306663513e-01
8.690935373306274414e-02,-1.062112569808959961e+00,8.847189545631408691e-01,-1.053861528635025024e-02,5.396625958383083344e-03,6.361906528472900391e-01,7.714410424232482910e-01,-5.184355378150939941e-01,9.065643697977066040e-02,3.685348927974700928e-01,1.898192614316940308e-02,1.982549577951431274e-02,-1.142972782254219055e-01,1.061478182673454285e-01,7.033576071262359619e-02,1.310063451528549194e-01,8.661280386149883270e-03,-4.971747100353240967e-02,8.872669935226440430e-02,3.604474663734436035e-01,0.000000000000000000e+00,0.000000000000000000e+00,2.819951772689819336e-01,-2.729666978120803833e-02,4.961523413658142090e-02,-4.199520051479339600e-01,5.681113004684448242e-01,-2.112288028001785278e-01,-1.006376147270202637e-01,-1.944511234760284424e-01,-1.048587933182716370e-01,2.781393229961395264e-01,-6.598409414291381836e-01,-3.305258750915527344e-01,-1.945534348487854004e-01,1.033361256122589111e-01
8.442628383636474609e-02,-1.025732398033142090e+00,8.783686161041259766e-01,-1.234388817101716995e-02,-2.592143937363289297e-05,6.214203834533691406e-01,7.833800911903381348e-01,-5.026921033859252930e-01,1.088278591632843018e-01,3.804602324962615967e-01,2.975419163703918457e-02,2.235413715243339539e-02,-1.172478720545768738e-01,1.463353037834167480e-01,6.599130481481552124e-02,1.651064157485961914e-01,7.646243087947368622e-03,-6.260199844837188721e-02,9.132739901542663574e-02,3.933239281177520752e-01,0.000000000000000000e+00,0.000000000000000000e+00,2.935214936733245850e-01,-3.096952289342880249e-02,6.792847812175750732e-02,-4.023109376430511475e-01,5.623126626014709473e-01,-2.100376635789871216e-01,-9.889391809701919556e-02,-1.920642852783203125e-01,-8.729028701782226562e-02,2.725377976894378662e-01,-6.549644470214843750e-01,-3.295497894287109375e-01,-1.949664503335952759e-01,1.028723195195198059e-01
8.206461369991302490e-02,-9.875583648681640625e-01,8.710130453109741211e-01,-1.921244524419307709e-02,-7.719134446233510971e-03,6.032950282096862793e-01,7.972492575645446777e-01,-4.807890355587005615e-01,1.415663659572601318e-01,3.888948857784271240e-01,5.460010841488838196e-02,1.006322503089904785e-01,-1.185031533241271973e-01,1.806354075670242310e-01,6.581555306911468506e-02,2.073255181312561035e-01,1.075545139610767365e-02,-5.280851945281028748e-02,8.991777896881103516e-02,4.318009018898010254e-01,0.000000000000000000e+00,0.000000000000000000e+00,2.987728714942932129e-01,-2.728866785764694214e-02,7.943680137395858765e-02,-4.004258215427398682e-01,5.666777491569519043e-01,-1.992845684289932251e-01,-9.150457382202148438e-02,-1.836466342210769653e-01,-6.658645719289779663e-02,2.719163894653320312e-01,-6.515169143676757812e-01,-3.428298532962799072e-01,-1.793523430824279785e-01,1.203064695000648499e-01
7.861235737800598145e-02,-9.471123814582824707e-01,8.660286664962768555e-01,-1.982721686363220215e-02,-1.252257358282804489e-02,5.904870629310607910e-01,8.067063093185424805e-01,-4.538894295692443848e-01,1.533959805965423584e-01,4.223996698856353760e-01,6.311985850334167480e-02,1.633252501487731934e-01,-1.101617291569709778e-01,2.163858711719512939e-01,5.355385690927505493e-02,2.370402663946151733e-01,1.745154522359371185e-02,-1.531527005136013031e-02,1.136023104190826416e-01,4.475440382957458496e-01,0.000000000000000000e+00,0.000000000000000000e+00,3.024627268314361572e-01,-2.899047732353210449e-02,8.471199125051498413e-02,-3.972911834716796875e-01,5.746908783912658691e-01,-1.976176053285598755e-01,-8.094263821840286255e-02,-1.681175678968429565e-01,-5.527067184448242188e-02,2.730617225170135498e-01,-6.388185024261474609e-01,-3.474996387958526611e-01,-1.694226861000061035e-01,1.251942068338394165e-01
7.573894411325454712e-02,-9.063295722007751465e-01,8.643932938575744629e-01,-1.913198456168174744e-02,-1.841258257627487183e-02,5.818755626678466797e-01,8.128442764282226562e-01,-4.141745865345001221e-01,1.546595841646194458e-01,4.279255867004394531e-01,8.127331733703613281e-02,2.303820848464965820e-01,-1.221298202872276306e-01,2.435926049947738647e-01,4.462427645921707153e-02,2.323744893074035645e-01,4.472424089908599854e-02,3.435847163200378418e-02,1.473300009965896606e-01,4.513646662235260010e-01,0.000000000000000000e+00,0.000000000000000000e+00,2.852107882499694824e-01,-2.586500346660614014e-02,1.286450922489166260e-01,-3.741329908370971680e-01,5.358632802963256836e-01,-1.981898248195648193e-01,-9.881132841110229492e-02,-1.383336931467056274e-01,-4.079377651214599609e-02,2.471122890710830688e-01,-6.239433884620666504e-01,-3.314377665519714355e-01,-1.793346852064132690e-01,1.452315747737884521e-01
7.188650220632553101e-02,-8.678442835807800293e-01,8.658451437950134277e-01,-1.392554771155118942e-02,-2.111829817295074463e-02,5.778217911720275879e-01,8.157708048820495605e-01,-3.779713213443756104e-01,1.365506201982498169e-01,4.180622100830078125e-01,9.930703788995742798e-02,2.540003359317779541e-01,-1.279945671558380127e-01,2.593839466571807861e-01,2.616547420620918274e-02,2.215326428413391113e-01,8.566413074731826782e-02,1.104903146624565125e-01,1.612874120473861694e-01,4.380035102367401123e-01,0.000000000000000000e+00,0.000000000000000000e+00,2.762137055397033691e-01,-2.951351739466190338e-02,1.506381034851074219e-01,-3.710005283355712891e-01,5.099688172340393066e-01,-2.039733082056045532e-01,-1.083863750100135803e-01,-9.660140424966812134e-02,-3.450570255517959595e-02,2.392053604125976562e-01,-6.087077856063842773e-01,-3.454667627811431885e-01,-1.675142496824264526e-01,1.920901387929916382e-01
6.651956588029861450e-02,-8.314214944839477539e-01,8.690989017486572266e-01,-4.091154783964157104e-03,-2.073070406913757324e-02,5.806008577346801758e-01,8.139140605926513672e-01,-3.400048613548278809e-01,1.016930416226387024e-01,4.148634970188140869e-01,1.134986802935600281e-01,2.232653498649597168e-01,-9.355083853006362915e-02,2.712919116020202637e-01,2.186600584536790848e-03,1.936971396207809448e-01,1.285985410213470459e-01,2.234503924846649170e-01,1.774188280105590820e-01,4.095956683158874512e-01,0.000000000000000000e+00,0.000000000000000000e+00,2.660712897777557373e-01,-3.645066171884536743e-02,1.285316497087478638e-01,-3.773125410079956055e-01,5.183910727500915527e-01,-2.105172872543334961e-01,-8.898607641458511353e-02,-4.855571687221527100e-02,-3.926558792591094971e-02,2.409317344427108765e-01,-5.942768454551696777e-01,-3.323347270488739014e-01,-1.558670103549957275e-01,1.949166208505630493e-01
6.257474422454833984e-02,-7.976238131523132324e-01,8.744857907295227051e-01,1.054825377650558949e-03,-2.159233391284942627e-02,5.905513167381286621e-01,8.067104816436767578e-01,-3.048481643199920654e-01,6.986456364393234253e-02,3.957938551902770996e-01,1.163104400038719177e-01,1.925206184387207031e-01,-7.563260942697525024e-02,2.687172293663024902e-01,-2.979865064844489098e-03,1.606633961200714111e-01,1.805125623941421509e-01,3.563553094863891602e-01,1.650716662406921387e-01,3.626245558261871338e-01,0.000000000000000000e+00,0.000000000000000000e+00,2.339751869440078735e-01,-3.447446227073669434e-02,1.036671921610832214e-01,-3.804970979690551758e-01,5.199308991432189941e-01,-2.120672911405563354e-01,-8.464344590902328491e-02,-4.068451933562755585e-03,-4.183700308203697205e-02,2.384688854217529297e-01,-5.821549892425537109e-01,-3.212434649467468262e-01,-1.522697061300277710e-01,1.854116618633270264e-01
6.006347760558128357e-02,-7.653951048851013184e-01,8.794772028923034668e-01,4.367832094430923462e-03,-2.452135644853115082e-02,6.004679799079895020e-01,7.992607951164245605e-01,-2.633628845214843750e-01,4.334165155887603760e-02,3.752688765525817871e-01,1.058356165885925293e-01,1.684679538011550903e-01,-5.154936015605926514e-02,2.381266504526138306e-01,-3.538173157721757889e-03,1.131865754723548889e-01,2.650571167469024658e-01,5.045937895774841309e-01,1.577385812997817993e-01,3.142207860946655273e-01,0.000000000000000000e+00,0.000000000000000000e+00,1.904826611280441284e-01,-2.512482367455959320e-02,7.147940993309020996e-02,-3.808843493461608887e-01,5.268314480781555176e-01,-2.264868617057800293e-01,-8.854302018880844116e-02,2.505343593657016754e-02,-3.214403986930847168e-02,2.242914438247680664e-01,-5.433205962181091309e-01,-2.870769798755645752e-01,-1.498594880104064941e-01,1.914429068565368652e-01
5.987427756190299988e-02,-7.349948287010192871e-01,8.868324756622314453e-01,-1.657804823480546474e-03,-2.999625727534294128e-02,6.181808114051818848e-01,7.854616045951843262e-01,-2.326847612857818604e-01,3.259322792291641235e-02,3.314832746982574463e-01,9.449715167284011841e-02,1.469574868679046631e-01,-4.529489204287528992e-02,1.679936796426773071e-01,3.884718939661979675e-02,1.069445461034774780e-01,3.749768733978271484e-01,5.057264566421508789e-01,1.717149764299392700e-01,2.482986748218536377e-01,0.000000000000000000e+00,0.000000000000000000e+00,1.353717595338821411e-01,4.108330700546503067e-03,2.885640971362590790e-02,-3.963240683078765869e-01,5.188021063804626465e-01,-2.494487166404724121e-01,-3.602711111307144165e-02,4.892610386013984680e-02,-1.890193670988082886e-02,2.094547450542449951e-01,-5.214664340019226074e-01,-2.958783507347106934e-01,-1.423914879560470581e-01,2.028289437294006348e-01
6.070926785469055176e-02,-7.086696624755859375e-01,8.960897326469421387e-01,-1.662342622876167297e-02,-3.846271708607673645e-02,6.346508264541625977e-01,7.716622352600097656e-01,-2.116376310586929321e-01,4.526814073324203491e-02,2.867050468921661377e-01,8.392485231161117554e-02,1.330180466175079346e-01,-5.664724111557006836e-02,9.941150993108749390e-02,1.065112352371215820e-01,1.251150071620941162e-01,3.967671096324920654e-01,4.667749404907226562e-01,1.796572953462600708e-01,1.776488721370697021e-01,0.000000000000000000e+00,0.000000000000000000e+00,7.397761940956115723e-02,3.674364089965820312e-02,2.272573672235012054e-02,-4.240377545356750488e-01,5.312806367874145508e-01,-2.427543699741363525e-01,-7.471620291471481323e-02,6.378212571144104004e-02,4.333535209298133850e-03,1.945034265518188477e-01,-5.079547762870788574e-01,-2.961666285991668701e-01,-1.347486525774002075e-01,2.117317765951156616e-01
6.123985722661018372e-02,-6.840103268623352051e-01,9.023029804229736328e-01,-2.280808240175247192e-02,-4.260857030749320984e-02,6.481820940971374512e-01,7.599501609802246094e-01,-1.868034452199935913e-01,4.478878155350685120e-02,2.564823925495147705e-01,7.338885217905044556e-02,1.186243742704391479e-01,-6.672806292772293091e-02,9.375235065817832947e-03,1.289261132478713989e-01,8.175013214349746704e-02,4.335536360740661621e-01,3.884538114070892334e-01,1.703585982322692871e-01,1.137966737151145935e-01,0.000000000000000000e+00,0.000000000000000000e+00,2.105898037552833557e-02,6.333277374505996704e-02,2.521452261134982109e-03,-4.589631259441375732e-01,5.239961743354797363e-01,-2.667393684387207031e-01,-2.879205718636512756e-02,7.972899079322814941e-02,1.770665869116783142e-02,1.843306422233581543e-01,-4.999276995658874512e-01,-2.803404331207275391e-01,-1.366515904664993286e-01,1.894229948520660400e-01
6.054867058992385864e-02,-6.603813171386718750e-01,9.071773886680603027e-01,-2.488745003938674927e-02,-4.240147024393081665e-02,6.591225266456604004e-01,7.504267096519470215e-01,-1.628492623567581177e-01,3.456518054008483887e-02,2.309615761041641235e-01,6.284210085868835449e-02,9.925047308206558228e-02,-7.111399620771408081e-02,-7.207896560430526733e-02,1.183490455150604248e-01,1.068410370498895645e-02,4.273329675197601318e-01,3.244961500167846680e-01,1.517247110605239868e-01,5.740658938884735107e-02,0.000000000000000000e+00,0.000000000000000000e+00,-3.074429556727409363e-02,7.835115492343902588e-02,-1.363976113498210907e-02,-4.965068399906158447e-01,5.205942392349243164e-01,-2.859546542167663574e-01,-4.042084887623786926e-02,9.774734079837799072e-02,2.144174836575984955e-02,1.680212616920471191e-01,-5.016862154006958008e-01,-2.980895638465881348e-01,-1.499140411615371704e-01,1.901714950799942017e-01
6.052289903163909912e-02,-6.373965144157409668e-01,9.101425409317016602e-01,-2.349275723099708557e-02,-3.863483294844627380e-02,6.707232594490051270e-01,7.403281331062316895e-01,-1.400160193443298340e-01,1.604554615914821625e-02,1.984900832176208496e-01,5.337096750736236572e-02,8.369505405426025391e-02,-8.019304275512695312e-02,-1.376667320728302002e-01,8.963824808597564697e-02,-7.691721618175506592e-02,3.808450102806091309e-01,2.797953784465789795e-01,1.346505135297775269e-01,6.719271186739206314e-04,0.000000000000000000e+00,0.000000000000000000e+00,-8.031937479972839355e-02,8.549221605062484741e-02,-3.520791605114936829e-02,-5.370260477066040039e-01,5.342269539833068848e-01,-2.922476530075073242e-01,-4.831048846244812012e-02,1.173474043607711792e-01,1.490030717104673386e-02,1.649966537952423096e-01,-5.175222158432006836e-01,-3.119894862174987793e-01,-1.474821567535400391e-01,1.785954236984252930e-01
6.089075282216072083e-02,-6.150955557823181152e-01,9.110048413276672363e-01,-1.868049241602420807e-02,-3.290380910038948059e-02,6.819087266921997070e-01,7.304579615592956543e-01,-1.151595860719680786e-01,-7.561701815575361252e-03,1.680662482976913452e-01,4.373634234070777893e-02,6.877882778644561768e-02,-8.675589412450790405e-02,-1.921018511056900024e-01,5.907154083251953125e-02,-1.434570699930191040e-01,3.110479712486267090e-01,2.441644072532653809e-01,1.258938312530517578e-01,-4.610316827893257141e-02,0.000000000000000000e+00,0.000000000000000000e+00,-1.275068372488021851e-01,8.409062027931213379e-02,-6.041475757956504822e-02,-5.723813176155090332e-01,5.394387841224670410e-01,-3.174533545970916748e-01,-4.566672071814537048e-02,1.349483579397201538e-01,2.624170854687690735e-03,1.583169996738433838e-01,-5.324054360389709473e-01,-3.170625269412994385e-01,-1.547912359237670898e-01,1.811641305685043335e-01
6.160230934619903564e-02,-5.923389196395874023e-01,9.098852872848510742e-01,-1.211528759449720383e-02,-2.321432158350944519e-02,6.947270631790161133e-01,7.187966704368591309e-01,-9.475935995578765869e-02,-3.632533550262451172e-02,1.372614353895187378e-01,3.709714114665985107e-02,5.286981537938117981e-02,-8.906519412994384766e-02,-2.419379800558090210e-01,2.686767466366291046e-02,-1.902314424514770508e-01,2.302521616220474243e-01,2.257601767778396606e-01,1.341246068477630615e-01,-9.448177367448806763e-02,0.000000000000000000e+00,0.000000000000000000e+00,-1.703920811414718628e-01,6.818072497844696045e-02,-7.412510365247726440e-02,-6.129740476608276367e-01,5.585989356040954590e-01,-3.178906738758087158e-01,-7.316046208143234253e-02,1.494847983121871948e-01,-1.092762686312198639e-02,1.403681486845016479e-01,-5.518184304237365723e-01,-3.203061521053314209e-01,-1.596885025501251221e-01,1.927314549684524536e-01
6.260149180889129639e-02,-5.692195892333984375e-01,9.072237610816955566e-01,-5.295847542583942413e-03,-1.393637992441654205e-02,7.089605927467346191e-01,7.050904631614685059e-01,-7.066226005554199219e-02,-6.353780627250671387e-02,9.919555485248565674e-02,2.572149038314819336e-02,3.592250868678092957e-02,-8.608739823102951050e-02,-2.910003960132598877e-01,1.312482985667884350e-03,-1.956167370080947876e-01,1.574698835611343384e-01,2.128539681434631348e-01,1.587547659873962402e-01,-1.401056051254272461e-01,0.000000000000000000e+00,0.000000000000000000e+00,-2.117994427680969238e-01,6.000283733010292053e-02,-9.743734449148178101e-02,-6.410020589828491211e-01,5.535096526145935059e-01,-3.346301317214965820e-01,-7.263845950365066528e-02,1.595195233821868896e-01,-2.769592031836509705e-02,1.430697143077850342e-01,-5.611017942428588867e-01,-3.208987712860107422e-01,-1.563211679458618164e-01,1.925935149192810059e-01
6.503611803054809570e-02,-5.448785424232482910e-01,9.049276113510131836e-01,-2.217963570728898048e-03,-6.354714743793010712e-03,7.247568368911743164e-01,6.889718770980834961e-01,-4.902620241045951843e-02,-8.142786473035812378e-02,4.056786745786666870e-02,1.675953902304172516e-02,2.158946171402931213e-02,-5.131640657782554626e-02,-3.414892554283142090e-01,-1.382534112781286240e-02,-1.688344478607177734e-01,1.035865917801856995e-01,1.934741437435150146e-01,1.598085463047027588e-01,-1.895404607057571411e-01,0.000000000000000000e+00,0.000000000000000000e+00,-2.515915334224700928e-01,6.304892897605895996e-02,-1.527623981237411499e-01,-6.637418270111083984e-01,5.790133476257324219e-01,-3.488792181015014648e-01,-4.316126182675361633e-02,1.614536195993423462e-01,-4.112757742404937744e-02,1.611750572919845581e-01,-5.696946382522583008e-01,-3.349296748638153076e-01,-1.526382118463516235e-01,1.904609352350234985e-01
6.665772944688796997e-02,-5.218283534049987793e-01,9.035929441452026367e-01,-8.080842089839279652e-04,-3.815417876467108727e-03,7.394160628318786621e-01,6.732374429702758789e-01,-2.389397099614143372e-02,-8.645075559616088867e-02,-3.553608199581503868e-03,1.037375535815954208e-02,5.623976234346628189e-03,-4.602201282978057861e-02,-3.781065940856933594e-01,-2.779493294656276703e-02,-1.608087271451950073e-01,6.241880729794502258e-02,1.697560995817184448e-01,1.793292015790939331e-01,-2.260616123676300049e-01,0.000000000000000000e+00,0.000000000000000000e+00,-2.858695983886718750e-01,5.726302787661552429e-02,-1.852536201477050781e-01,-6.790649294853210449e-01,5.578423738479614258e-01,-3.680740594863891602e-01,-8.617351762950420380e-03,1.687097400426864624e-01,-4.465012252330780029e-02,1.600233316421508789e-01,-5.742366313934326172e-01,-3.522038459777832031e-01,-1.551277041435241699e-01,1.736732721328735352e-01
6.928778439760208130e-02,-4.981070160865783691e-01,9.013277292251586914e-01,2.082902705296874046e-03,-4.476982634514570236e-03,7.494045495986938477e-01,6.620939373970031738e-01,5.863286554813385010e-03,-8.525772392749786377e-02,-3.926343470811843872e-02,8.435077033936977386e-03,-1.305805239826440811e-02,-5.315170064568519592e-02,-3.946737647056579590e-01,-3.998606279492378235e-02,-2.056108713150024414e-01,3.185825049877166748e-02,1.588923633098602295e-01,2.026892006397247314e-01,-2.478162050247192383e-01,0.000000000000000000e+00,0.000000000000000000e+00,-3.078097105026245117e-01,4.841091111302375793e-02,-2.076018303632736206e-01,-6.818876266479492188e-01,5.440988540649414062e-01,-3.740773200988769531e-01,-9.542736224830150604e-03,1.798929274082183838e-01,-4.391061887145042419e-02,1.539651006460189819e-01,-5.695375800132751465e-01,-3.488602042198181152e-01,-1.535907685756683350e-01,1.841735690832138062e-01
7.202584296464920044e-02,-4.739188551902770996e-01,8.987646698951721191e-01,3.979825414717197418e-03,-5.204773042351007462e-03,7.595196366310119629e-01,6.504514217376708984e-01,3.310507163405418396e-02,-8.071468770503997803e-02,-6.709678471088409424e-02,9.721837937831878662e-03,-3.012859821319580078e-02,-5.991612374782562256e-02,-3.979659676551818848e-01,-5.112073570489883423e-02,-2.735990881919860840e-01,1.664018072187900543e-02,1.362303942441940308e-01,2.229494452476501465e-01,-2.633140981197357178e-01,0.000000000000000000e+00,0.000000000000000000e+00,-3.246019184589385986e-01,3.228151425719261169e-02,-2.212484776973724365e-01,-6.729099750518798828e-01,5.255405306816101074e-01,-3.693088293075561523e-01,-1.760609075427055359e-02,1.846262514591217041e-01,-4.112654179334640503e-02,1.407189369201660156e-01,-5.597367286682128906e-01,-3.556377589702606201e-01,-1.472042948007583618e-01,1.961034834384918213e-01
7.442486286163330078e-02,-4.497992098331451416e-01,8.963943123817443848e-01,8.725767955183982849e-03,-3.409413387998938560e-03,7.688756585121154785e-01,6.393297314643859863e-01,6.017230078577995300e-02,-8.185730129480361938e-02,-9.614794701337814331e-02,1.195384748280048370e-02,-4.738391563296318054e-02,-6.037837639451026917e-02,-3.873588740825653076e-01,-6.638947874307632446e-02,-3.433324396610260010e-01,1.735466718673706055e-02,1.308323740959167480e-01,2.373973876237869263e-01,-2.705155909061431885e-01,0.000000000000000000e+00,0.000000000000000000e+00,-3.290003538131713867e-01,6.537994835525751114e-03,-2.261234670877456665e-01,-6.575551033020019531e-01,5.196943283081054688e-01,-3.649637103080749512e-01,-3.036789223551750183e-02,1.833203285932540894e-01,-4.370467737317085266e-02,1.288988590240478516e-01,-5.414747595787048340e-01,-3.495276570320129395e-01,-1.441622674465179443e-01,1.997416466474533081e-01
7.724142819643020630e-02,-4.235571622848510742e-01,8.934581279754638672e-01,1.631776057183742523e-02,6.776129011996090412e-04,7.800272107124328613e-01,6.255324482917785645e-01,8.911953121423721313e-02,-8.675544708967208862e-02,-1.327345371246337891e-01,1.704697497189044952e-02,-5.945135653018951416e-02,-6.478578597307205200e-02,-3.613613247871398926e-01,-8.535043895244598389e-02,-3.693561553955078125e-01,2.633175626397132874e-02,1.649137884378433228e-01,2.248746305704116821e-01,-2.817532122135162354e-01,0.000000000000000000e+00,0.000000000000000000e+00,-3.163889348506927490e-01,-1.866776123642921448e-02,-2.286517322063446045e-01,-6.393286585807800293e-01,5.290502309799194336e-01,-3.457455337047576904e-01,-6.319640576839447021e-02,1.819820404052734375e-01,-5.280139669775962830e-02,1.161721274256706238e-01,-5.255918502807617188e-01,-3.434839248657226562e-01,-1.358230859041213989e-01,2.099282145500183105e-01
8.002082258462905884e-02,-3.960983455181121826e-01,8.903933763504028320e-01,2.392349950969219208e-02,4.572857171297073364e-03,7.902969121932983398e-01,6.122398376464843750e-01,1.168728247284889221e-01,-8.720174431800842285e-02,-1.606888175010681152e-01,2.590187638998031616e-02,-6.940212845802307129e-02,-6.614656746387481689e-02,-3.342821002006530762e-01,-1.047812998294830322e-01,-3.794437050819396973e-01,2.812492661178112030e-02,2.035099864006042480e-01,2.085621058940887451e-01,-2.873875796794891357e-01,0.000000000000000000e+00,0.000000000000000000e+00,-2.888118624687194824e-01,-4.115526378154754639e-02,-2.218408286571502686e-01,-6.179338097572326660e-01,5.363608002662658691e-01,-3.151955008506774902e-01,-1.022325605154037476e-01,1.819227337837219238e-01,-6.158706545829772949e-02,1.033862009644508362e-01,-5.136474370956420898e-01,-3.420825004577636719e-01,-1.266112774610519409e-01,2.149131745100021362e-01
8.222396671772003174e-02,-3.676241934299468994e-01,8.867595791816711426e-01,3.176403418183326721e-02,7.679039612412452698e-03,7.993435263633728027e-01,5.999850034713745117e-01,1.435311436653137207e-01,-8.652096986770629883e-02,-1.815812736749649048e-01,3.876562416553497314e-02,-6.245074048638343811e-02,-7.102307677268981934e-02,-3.035372793674468994e-01,-1.209644600749015808e-01,-3.723762035369873047e-01,3.472500294446945190e-02,2.531957924365997314e-01,2.152252495288848877e-01,-2.862642705440521240e-01,0.000000000000000000e+00,0.000000000000000000e+00,-2.598247528076171875e-01,-5.826089903712272644e-02,-2.138684988021850586e-01,-5.750653743743896484e-01,5.332897305488586426e-01,-2.982121706008911133e-01,-1.198016703128814697e-01,1.791320294141769409e-01,-6.909178942441940308e-02,8.500568568706512451e-02,-5.041344165802001953e-01,-3.476424217224121094e-01,-1.279889643192291260e-01,2.107983082532882690e-01
8.537943661212921143e-02,-3.390224874019622803e-01,8.852335810661315918e-01,3.708182647824287415e-02,8.797532878816127777e-03,8.035462498664855957e-01,5.940209627151489258e-01,1.648570895195007324e-01,-8.002365380525588989e-02,-1.829831302165985107e-01,5.874126031994819641e-02,-3.982414305210113525e-02,-8.067563176155090332e-02,-2.733682990074157715e-01,-1.254128366708755493e-01,-3.788869082927703857e-01,4.320530965924263000e-02,2.813929915428161621e-01,2.180663496255874634e-01,-2.660659551620483398e-01,0.000000000000000000e+00,0.000000000000000000e+00,-2.232169955968856812e-01,-6.566075235605239868e-02,-2.090878635644912720e-01,-5.180818438529968262e-01,5.208832025527954102e-01,-2.679243087768554688e-01,-1.313946545124053955e-01,1.640695035457611084e-01,-7.661043107509613037e-02,7.689205557107925415e-02,-4.878244698047637939e-01,-3.576866984367370605e-01,-1.183506250381469727e-01,2.093422710895538330e-01
8.911063522100448608e-02,-3.126268684864044189e-01,8.863725066184997559e-01,3.823401406407356262e-02,3.255008952692151070e-03,8.058161735534667969e-01,5.909212231636047363e-01,1.787043660879135132e-01,-6.047806143760681152e-02,-1.837781220674514771e-01,8.656094968318939209e-02,8.947506546974182129e-03,-1.021994054317474365e-01,-2.427217215299606323e-01,-1.081284657120704651e-01,-3.773098587989807129e-01,4.874020069837570190e-02,2.723396122455596924e-01,1.921397149562835693e-01,-2.437336444854736328e-01,0.000000000000000000e+00,0.000000000000000000e+00,-1.683164685964584351e-01,-5.537203326821327209e-02,-2.030538022518157959e-01,-4.713448882102966309e-01,5.163962841033935547e-01,-2.488566040992736816e-01,-1.453738361597061157e-01,1.526516675949096680e-01,-7.594703882932662964e-02,7.930932193994522095e-02,-4.805542230606079102e-01,-3.402478396892547607e-01,-1.230077669024467468e-01,1.930894702672958374e-01
9.310626238584518433e-02,-2.877448797225952148e-01,8.886785507202148438e-01,3.732991218566894531e-02,-9.531014948152005672e-04,8.017722964286804199e-01,5.964618921279907227e-01,1.841986477375030518e-01,-4.384934902191162109e-02,-1.622123718261718750e-01,1.181705296039581299e-01,7.478506118059158325e-02,-1.173678711056709290e-01,-2.204952389001846313e-01,-8.306959271430969238e-02,-3.652046620845794678e-01,5.225597694516181946e-02,2.550231218338012695e-01,1.711960285902023315e-01,-2.056961804628372192e-01,0.000000000000000000e+00,0.000000000000000000e+00,-1.013900712132453918e-01,-5.111080780625343323e-02,-1.723292320966720581e-01,-4.375602006912231445e-01,5.634362101554870605e-01,-2.397537678480148315e-01,-1.207481995224952698e-01,1.266614645719528198e-01,-7.347783446311950684e-02,8.744914829730987549e-02,-4.711402058601379395e-01,-3.526368141174316406e-01,-1.127730533480644226e-01,1.904618591070175171e-01
9.673547744750976562e-02,-2.651384770870208740e-01,8.900415301322937012e-01,3.607186302542686462e-02,-4.228651989251375198e-03,7.967736721038818359e-01,6.031854152679443359e-01,1.805717945098876953e-01,-3.326649591326713562e-02,-1.469931751489639282e-01,1.563801467418670654e-01,1.662332862615585327e-01,-1.411458849906921387e-01,-1.991691142320632935e-01,-5.890847370028495789e-02,-3.522811532020568848e-01,4.941805824637413025e-02,2.397418320178985596e-01,1.577235460281372070e-01,-1.700519025325775146e-01,0.000000000000000000e+00,0.000000000000000000e+00,-2.713557891547679901e-02,-3.879954293370246887e-02,-1.377517431974411011e-01,-4.146009385585784912e-01,5.932118892669677734e-01,-2.296756803989410400e-01,-1.001398339867591858e-01,1.027306616306304932e-01,-7.146277278661727905e-02,9.542506188154220581e-02,-4.791859388351440430e-01,-3.549939095973968506e-01,-1.215148270130157471e-01,1.585859656333923340e-01
9.942901879549026489e-02,-2.444915920495986938e-01,8.918371796607971191e-01,3.582677990198135376e-02,-1.655391533859074116e-03,7.916360497474670410e-01,6.099393963813781738e-01,1.589429378509521484e-01,-3.311230987310409546e-02,-1.148779690265655518e-01,2.049547880887985229e-01,2.558194100856781006e-01,-1.356431543827056885e-01,-1.844374388456344604e-01,-4.824413359165191650e-02,-3.376287221908569336e-01,4.637326300144195557e-02,2.213198095560073853e-01,1.412136107683181763e-01,-1.369447857141494751e-01,0.000000000000000000e+00,0.000000000000000000e+00,4.553881660103797913e-02,-2.316625788807868958e-02,-1.066522225737571716e-01,-3.962408602237701416e-01,5.712858438491821289e-01,-2.369253933429718018e-01,-7.440246641635894775e-02,7.621395587921142578e-02,-8.197849243879318237e-02,1.034933999180793762e-01,-5.004135966300964355e-01,-3.441866040229797363e-01,-1.396260410547256470e-01,1.408093422651290894e-01
1.020127534866333008e-01,-2.267441153526306152e-01,8.938056826591491699e-01,3.394429758191108704e-02,2.275580074638128281e-03,7.881596684455871582e-01,6.145298480987548828e-01,1.222894266247749329e-01,-2.918661944568157196e-02,-6.685310602188110352e-02,2.575233578681945801e-01,3.864789605140686035e-01,-1.248396337032318115e-01,-1.748392283916473389e-01,-3.919073194265365601e-02,-3.278086483478546143e-01,4.304843023419380188e-02,2.079335004091262817e-01,1.257733404636383057e-01,-1.051562950015068054e-01,0.000000000000000000e+00,0.000000000000000000e+00,1.052955463528633118e-01,-1.948144100606441498e-02,-6.522595137357711792e-02,-3.857915997505187988e-01,5.911746025085449219e-01,-2.226031273603439331e-01,-1.006183698773384094e-01,5.076862499117851257e-02,-8.604551106691360474e-02,1.051972359418869019e-01,-5.300741791725158691e-01,-3.518384993076324463e-01,-1.528838723897933960e-01,1.293709725141525269e-01
1.035445705056190491e-01,-2.111944258213043213e-01,8.972997665405273438e-01,3.297946974635124207e-02,1.132655423134565353e-02,7.845836877822875977e-01,6.190415620803833008e-01,6.551408767700195312e-02,-2.795707993209362030e-02,6.088218186050653458e-03,3.166229426860809326e-01,4.441471397876739502e-01,-1.213658899068832397e-01,-1.724026501178741455e-01,-4.242253303527832031e-02,-3.152343928813934326e-01,4.198359698057174683e-02,1.909675449132919312e-01,1.134022250771522522e-01,-7.663706690073013306e-02,0.000000000000000000e+00,0.000000000000000000e+00,1.608525961637496948e-01,-1.726633869111537933e-02,-4.206649214029312134e-02,-3.860161304473876953e-01,5.776820182800292969e-01,-2.304732054471969604e-01,-7.872188091278076172e-02,2.564335055649280548e-02,-1.047416031360626221e-01,1.252463012933731079e-01,-5.707966685295104980e-01,-3.906122446060180664e-01,-1.621150076389312744e-01,1.114202067255973816e-01
1.040269508957862854e-01,-1.969404965639114380e-01,9.016793370246887207e-01,3.442491963505744934e-02,2.366608195006847382e-02,7.786509990692138672e-01,6.260650753974914551e-01,-6.898091640323400497e-03,-3.418845683336257935e-02,8.208494633436203003e-02,3.675528764724731445e-01,3.789912760257720947e-01,-9.878041595220565796e-02,-1.705713570117950439e-01,-5.309557542204856873e-02,-2.939071655273437500e-01,3.684026375412940979e-02,1.767659932374954224e-01,1.145749166607856750e-01,-3.623019158840179443e-02,0.000000000000000000e+00,0.000000000000000000e+00,2.004458010196685791e-01,-3.042606078088283539e-02,-1.320006046444177628e-02,-3.893905878067016602e-01,5.533878803253173828e-01,-2.084020972251892090e-01,-7.926559448242187500e-02,-5.720650660805404186e-04,-1.317799389362335205e-01,1.342643052339553833e-01,-6.015386581420898438e-01,-3.747190833091735840e-01,-1.695698946714401245e-01,1.015585362911224365e-01
1.039734184741973877e-01,-1.840157657861709595e-01,9.041427969932556152e-01,3.189643844962120056e-02,3.095512464642524719e-02,7.740445733070373535e-01,6.315690279006958008e-01,-7.371287047863006592e-02,-3.397195786237716675e-02,1.311074793338775635e-01,3.806962966918945312e-01,3.095075190067291260e-01,-8.474812656641006470e-02,-1.685888618230819702e-01,-5.348357185721397400e-02,-2.785110175609588623e-01,3.103547357022762299e-02,1.638448834419250488e-01,1.254447847604751587e-01,-1.404062728397548199e-03,0.000000000000000000e+00,0.000000000000000000e+00,2.323766350746154785e-01,-4.222558811306953430e-02,9.769060648977756500e-03,-3.843936920166015625e-01,5.685219764709472656e-01,-2.190710157155990601e-01,-1.040577366948127747e-01,-2.540871500968933105e-02,-1.473631560802459717e-01,1.423052400350570679e-01,-6.263245344161987305e-01,-3.747815489768981934e-01,-1.777699589729309082e-01,1.097422540187835693e-01
1.042271256446838379e-01,-1.738634407520294189e-01,9.050757288932800293e-01,2.423781529068946838e-02,3.501861169934272766e-02,7.703173756599426270e-01,6.362369060516357422e-01,-1.353652328252792358e-01,-2.335785515606403351e-02,1.693464815616607666e-01,3.598828017711639404e-01,2.666091024875640869e-01,-8.396968990564346313e-02,-1.729657649993896484e-01,-4.436847940087318420e-02,-2.669446468353271484e-01,2.641433104872703552e-02,1.536306440830230713e-01,1.253735125064849854e-01,2.892466075718402863e-02,0.000000000000000000e+00,0.000000000000000000e+00,2.565536797046661377e-01,-4.367207735776901245e-02,2.537023834884166718e-02,-3.955251872539520264e-01,5.633999705314636230e-01,-2.236507833003997803e-01,-1.021650284528732300e-01,-4.928074032068252563e-02,-1.509102284908294678e-01,1.514570266008377075e-01,-6.493905782699584961e-01,-3.665883541107177734e-01,-1.893488019704818726e-01,1.021044775843620300e-01
1.036221757531166077e-01,-1.637225151062011719e-01,9.050863981246948242e-01,1.676117070019245148e-02,3.559944778680801392e-02,7.669411301612854004e-01,6.405100226402282715e-01,-1.834330111742019653e-01,-1.955484040081501007e-02,1.681061238050460815e-01,3.119987845420837402e-01,2.271648496389389038e-01,-1.095955669879913330e-01,-1.722709387540817261e-01,-3.111452236771583557e-02,-2.571752071380615234e-01,2.271549962460994720e-02,1.414528638124465942e-01,1.309176087379455566e-01,5.171796306967735291e-02,0.000000000000000000e+00,0.000000000000000000e+00,2.729598283767700195e-01,-4.323743283748626709e-02,4.470967501401901245e-02,-3.996461033821105957e-01,5.603075027465820312e-01,-2.254134863615036011e-01,-1.089164018630981445e-01,-6.623660773038864136e-02,-1.456042081117630005e-01,1.604843288660049438e-01,-6.671363115310668945e-01,-3.784757256507873535e-01,-1.911848336458206177e-01,1.099368184804916382e-01
1.021056994795799255e-01,-1.538393944501876831e-01,9.042546153068542480e-01,7.971310988068580627e-03,3.505848348140716553e-02,7.619566321372985840e-01,6.466292738914489746e-01,-2.262786328792572021e-01,-1.640239916741847992e-02,1.368047446012496948e-01,2.541666924953460693e-01,1.845259368419647217e-01,-1.369818150997161865e-01,-1.739770472049713135e-01,-1.507373712956905365e-02,-2.426300495862960815e-01,2.005435526371002197e-02,1.337139755487442017e-01,1.345662623643875122e-01,7.542537897825241089e-02,0.000000000000000000e+00,0.000000000000000000e+00,2.807551920413970947e-01,-4.238772392272949219e-02,5.719435214996337891e-02,-4.024425148963928223e-01,5.617747306823730469e-01,-2.364966869354248047e-01,-1.214043125510215759e-01,-7.865198701620101929e-02,-1.376175582408905029e-01,1.677265018224716187e-01,-6.837489604949951172e-01,-3.902425467967987061e-01,-1.975273489952087402e-01,1.159233823418617249e-01
9.974568337202072144e-02,-1.446217447519302368e-01,9.037259221076965332e-01,1.356126274913549423e-03,3.409871831536293030e-02,7.554089426994323730e-01,6.543644070625305176e-01,-2.592037916183471680e-01,-1.635887101292610168e-02,7.703729718923568726e-02,1.952532082796096802e-01,1.474615931510925293e-01,-1.494767963886260986e-01,-1.733153909444808960e-01,-2.294340403750538826e-03,-2.271364778280258179e-01,1.802246086299419403e-02,1.239791586995124817e-01,1.353153139352798462e-01,9.845861047506332397e-02,0.000000000000000000e+00,0.000000000000000000e+00,2.826486229896545410e-01,-4.606444016098976135e-02,6.542547792196273804e-02,-4.027019143104553223e-01,5.678076148033142090e-01,-2.453600168228149414e-01,-1.221126616001129150e-01,-8.231482654809951782e-02,-1.267443895339965820e-01,1.805718392133712769e-01,-6.958985924720764160e-01,-3.902577459812164307e-01,-2.030940204858779907e-01,1.223822906613349915e-01
9.712482243776321411e-02,-1.355034112930297852e-01,9.034147858619689941e-01,-3.637708956375718117e-03,3.399208188056945801e-02,7.488275170326232910e-01,6.618826985359191895e-01,-2.870488464832305908e-01,-1.691350899636745453e-02,1.680316519923508167e-03,1.548759639263153076e-01,1.126028075814247131e-01,-1.600498706102371216e-01,-1.710840761661529541e-01,7.149604149162769318e-03,-2.056953310966491699e-01,1.705046556890010834e-02,1.189989447593688965e-01,1.427340507507324219e-01,1.172491535544395447e-01,0.000000000000000000e+00,0.000000000000000000e+00,2.726175785064697266e-01,-5.017352104187011719e-02,5.867236107587814331e-02,-4.010991752147674561e-01,5.772306919097900391e-01,-2.460494935512542725e-01,-1.190145388245582581e-01,-8.961053192615509033e-02,-1.169103160500526428e-01,1.897732764482498169e-01,-6.977892518043518066e-01,-3.879312574863433838e-01,-2.027254998683929443e-01,1.301327198743820190e-01
9.412183612585067749e-02,-1.264950037002563477e-01,9.033871889114379883e-01,-4.964550025761127472e-03,3.329747542738914490e-02,7.423348426818847656e-01,6.691827774047851562e-01,-2.986400127410888672e-01,-1.142236404120922089e-02,-4.412699118256568909e-02,1.230327039957046509e-01,8.652164041996002197e-02,-1.515971869230270386e-01,-1.628909111022949219e-01,1.000134274363517761e-02,-1.818587929010391235e-01,1.585948839783668518e-02,1.178797706961631775e-01,1.473951041698455811e-01,1.309783756732940674e-01,0.000000000000000000e+00,0.000000000000000000e+00,2.649732530117034912e-01,-5.585858598351478577e-02,4.974335059523582458e-02,-4.061349332332611084e-01,5.825430154800415039e-01,-2.485862821340560913e-01,-1.212123855948448181e-01,-8.394113928079605103e-02,-1.077290475368499756e-01,2.025649547576904297e-01,-6.976188421249389648e-01,-3.831576406955718994e-01,-2.011568844318389893e-01,1.339433491230010986e-01
9.075273573398590088e-02,-1.179206073284149170e-01,9.025114774703979492e-01,-7.035716902464628220e-03,3.092974983155727386e-02,7.361748814582824707e-01,6.760476231575012207e-01,-3.026549518108367920e-01,-2.003144240006804466e-03,-7.592506706714630127e-02,1.107762902975082397e-01,9.218398481607437134e-02,-1.469162404537200928e-01,-1.549851298332214355e-01,1.618991792201995850e-02,-1.614199578762054443e-01,1.550966408103704453e-02,1.149399504065513611e-01,1.530466675758361816e-01,1.398124843835830688e-01,0.000000000000000000e+00,0.000000000000000000e+00,2.498211115598678589e-01,-5.516758561134338379e-02,2.998259849846363068e-02,-4.175170063972473145e-01,5.788507461547851562e-01,-2.502567768096923828e-01,-1.216708794236183167e-01,-7.771214842796325684e-02,-9.709391742944717407e-02,2.143911570310592651e-01,-6.925283074378967285e-01,-3.733229637145996094e-01,-1.966705024242401123e-01,1.375885307788848877e-01
8.742923289537429810e-02,-1.093687862157821655e-01,9.007831215858459473e-01,-8.852367289364337921e-03,2.616045437753200531e-02,7.301414012908935547e-01,6.827377080917358398e-01,-2.942889332771301270e-01,9.597618132829666138e-03,-8.656001091003417969e-02,1.041246354579925537e-01,1.100480705499649048e-01,-1.463091522455215454e-01,-1.438478231430053711e-01,2.546768076717853546e-02,-1.437879055738449097e-01,1.519360858947038651e-02,1.114027500152587891e-01,1.595651358366012573e-01,1.433416157960891724e-01,0.000000000000000000e+00,0.000000000000000000e+00,2.278694361448287964e-01,-4.943486303091049194e-02,2.071649394929409027e-02,-4.307013750076293945e-01,5.672503709793090820e-01,-2.472244799137115479e-01,-1.292310059070587158e-01,-7.612202316522598267e-02,-7.958939671516418457e-02,2.152515202760696411e-01,-6.728819608688354492e-01,-3.680221736431121826e-01,-1.880573332309722900e-01,1.430823355913162231e-01
8.361758291721343994e-02,-1.014904677867889404e-01,8.992160558700561523e-01,-9.830606169998645782e-03,2.016405388712882996e-02,7.246798276901245117e-01,6.887205243110656738e-01,-2.760630846023559570e-01,2.391295135021209717e-02,-7.344019412994384766e-02,9.788921475410461426e-02,1.206194311380386353e-01,-1.493917107582092285e-01,-1.303755939006805420e-01,3.305775299668312073e-02,-1.285966038703918457e-01,1.537520810961723328e-02,1.067622750997543335e-01,1.644397228956222534e-01,1.391392052173614502e-01,0.000000000000000000e+00,0.000000000000000000e+00,2.034888267517089844e-01,-4.325236007571220398e-02,1.607605814933776855e-02,-4.410410821437835693e-01,5.601623058319091797e-01,-2.639718353748321533e-01,-1.296603828668594360e-01,-6.860231608152389526e-02,-6.088476255536079407e-02,2.101523131132125854e-01,-6.510009169578552246e-01,-3.699291348457336426e-01,-1.861712932586669922e-01,1.455499380826950073e-01
7.904432713985443115e-02,-9.364344924688339233e-02,8.990159034729003906e-01,-8.436366915702819824e-03,1.591964252293109894e-02,7.204791307449340820e-01,6.932425498962402344e-01,-2.535599172115325928e-01,2.608004212379455566e-02,-6.701581180095672607e-02,8.966322243213653564e-02,1.064236834645271301e-01,-1.466658562421798706e-01,-1.162483319640159607e-01,3.324245288968086243e-02,-1.178945079445838928e-01,1.555356569588184357e-02,1.011922806501388550e-01,1.653412133455276489e-01,1.271277666091918945e-01,0.000000000000000000e+00,0.000000000000000000e+00,1.774851828813552856e-01,-4.446399211883544922e-02,1.237888261675834656e-02,-4.518117606639862061e-01,5.673311948776245117e-01,-2.731692790985107422e-01,-1.176202073693275452e-01,-5.693824961781501770e-02,-4.808004572987556458e-02,2.070812433958053589e-01,-6.192302107810974121e-01,-3.657084107398986816e-01,-1.798420101404190063e-01,1.405743211507797241e-01
7.388074696063995361e-02,-8.651689440011978149e-02,8.993383049964904785e-01,-5.266559775918722153e-03,1.001561339944601059e-02,7.147886753082275391e-01,6.992489695549011230e-01,-2.214968204498291016e-01,2.800757437944412231e-02,-5.068966373801231384e-02,7.116345316171646118e-02,1.071153730154037476e-01,-1.437320411205291748e-01,-1.015524864196777344e-01,3.329183161258697510e-02,-1.040309667587280273e-01,2.249992638826370239e-02,9.762956202030181885e-02,1.707180440425872803e-01,1.141149401664733887e-01,0.000000000000000000e+00,0.000000000000000000e+00,1.757391393184661865e-01,-5.061125010251998901e-02,1.628856552997604012e-04,-4.676693081855773926e-01,5.609731078147888184e-01,-3.007270693778991699e-01,-8.434917777776718140e-02,-2.754828520119190216e-02,-2.634419314563274384e-02,1.952339261770248413e-01,-5.894402265548706055e-01,-3.431013524532318115e-01,-1.862697452306747437e-01,1.113586947321891785e-01
6.897388398647308350e-02,-8.063316345214843750e-02,9.007818698883056641e-01,-3.849670756608247757e-03,5.812855903059244156e-03,7.127946019172668457e-01,7.013381719589233398e-01,-2.012010067701339722e-01,2.704336307942867279e-02,-4.110964015126228333e-02,6.116633862257003784e-02,1.033835187554359436e-01,-1.375883519649505615e-01,-8.884909003973007202e-02,3.308936953544616699e-02,-9.730280190706253052e-02,2.397293783724308014e-02,9.576737135648727417e-02,1.661142706871032715e-01,9.191710501909255981e-02,0.000000000000000000e+00,0.000000000000000000e+00,1.497074961662292480e-01,-4.808609187602996826e-02,-2.142268419265747070e-02,-4.790424108505249023e-01,5.704904198646545410e-01,-2.989385426044464111e-01,-7.750225067138671875e-02,-4.421708639711141586e-03,-1.474805735051631927e-02,1.863996982574462891e-01,-5.657051801681518555e-01,-3.250067830085754395e-01,-1.800284534692764282e-01,1.078840494155883789e-01
6.412013620138168335e-02,-7.486744225025177002e-02,9.022665023803710938e-01,-3.556721145287156105e-03,2.042472129687666893e-03,7.123963832855224609e-01,7.017652988433837891e-01,-1.838758438825607300e-01,2.506760507822036743e-02,-3.947558999061584473e-02,5.097302049398422241e-02,9.904811531305313110e-02,-1.282707303762435913e-01,-7.799012959003448486e-02,3.255455940961837769e-02,-9.941606968641281128e-02,2.459306456148624420e-02,8.972378820180892944e-02,1.605889946222305298e-01,7.107154279947280884e-02,0.000000000000000000e+00,0.000000000000000000e+00,1.138041913509368896e-01,-4.092293977737426758e-02,-4.171959310770034790e-02,-4.854860305786132812e-01,5.739201307296752930e-01,-3.032906055450439453e-01,-7.440876215696334839e-02,2.420613728463649750e-02,-7.106903009116649628e-03,1.756747663021087646e-01,-5.496106147766113281e-01,-3.280066549777984619e-01,-1.824756413698196411e-01,1.042336821556091309e-01
5.895571038126945496e-02,-7.006377726793289185e-02,9.029617905616760254e-01,-4.461119882762432098e-03,-2.690459950827062130e-04,7.117631435394287109e-01,7.024053335189819336e-01,-1.718658655881881714e-01,2.322525158524513245e-02,-3.581990301609039307e-02,4.170444235205650330e-02,9.380016475915908813e-02,-1.190993785858154297e-01,-7.141191512346267700e-02,3.150085359811782837e-02,-9.757603704929351807e-02,2.526311203837394714e-02,8.731437474489212036e-02,1.593864709138870239e-01,5.198461562395095825e-02,0.000000000000000000e+00,0.000000000000000000e+00,7.608187198638916016e-02,-3.427710384130477905e-02,-6.125903129577636719e-02,-4.955052137374877930e-01,5.782289505004882812e-01,-3.114567101001739502e-01,-6.755050271749496460e-02,5.691286921501159668e-02,-6.403615698218345642e-03,1.689641624689102173e-01,-5.499714016914367676e-01,-3.291451334953308105e-01,-1.803047209978103638e-01,1.100739091634750366e-01
5.432891100645065308e-02,-6.504309177398681641e-02,9.032626748085021973e-01,-4.490469116717576981e-03,-2.857000334188342094e-03,7.097660899162292480e-01,7.044172883033752441e-01,-1.570599973201751709e-01,2.198946848511695862e-02,-2.944882959127426147e-02,3.187678381800651550e-02,9.263700991868972778e-02,-1.163750141859054565e-01,-6.323792040348052979e-02,2.979541383683681488e-02,-9.351646155118942261e-02,2.560303732752799988e-02,8.534535765647888184e-02,1.625494211912155151e-01,3.583346679806709290e-02,0.000000000000000000e+00,0.000000000000000000e+00,4.120775684714317322e-02,-2.963777258992195129e-02,-7.196165621280670166e-02,-5.127987861633300781e-01,5.823161005973815918e-01,-3.003560304641723633e-01,-8.893022686243057251e-02,8.809358626604080200e-02,-3.853096626698970795e-03,1.634210050106048584e-01,-5.465469956398010254e-01,-3.373569548130035400e-01,-1.683898717164993286e-01,1.377495974302291870e-01
4.968727380037307739e-02,-6.019351258873939514e-02,9.034687280654907227e-01,-4.320441279560327530e-03,-4.821699112653732300e-03,7.079876065254211426e-01,7.061951756477355957e-01,-1.440266966819763184e-01,1.968888379633426666e-02,-2.482352405786514282e-02,2.336760610342025757e-02,8.891709148883819580e-02,-1.151735186576843262e-01,-5.524139478802680969e-02,2.719525992870330811e-02,-8.767527341842651367e-02,2.415439300239086151e-02,8.370402455329895020e-02,1.655483990907669067e-01,2.308875508606433868e-02,0.000000000000000000e+00,0.000000000000000000e+00,1.329100318253040314e-02,-2.083180844783782959e-02,-7.982172816991806030e-02,-5.333331823348999023e-01,5.819392800331115723e-01,-3.261259794235229492e-01,-5.501158535480499268e-02,1.206880882382392883e-01,-1.097761373966932297e-02,1.561086624860763550e-01,-5.529019832611083984e-01,-3.373447060585021973e-01,-1.727879792451858521e-01,1.359757930040359497e-01
4.509915411472320557e-02,-5.657204613089561462e-02,9.033796191215515137e-01,-3.864050842821598053e-03,-6.143579725176095963e-03,7.045460343360900879e-01,7.096211314201354980e-01,-1.321768760681152344e-01,1.654915511608123779e-02,-1.531491801142692566e-02,1.494962163269519806e-02,8.647678792476654053e-02,-1.129877269268035889e-01,-4.982553049921989441e-02,2.320929057896137238e-02,-8.317879587411880493e-02,2.387166954576969147e-02,8.114772289991378784e-02,1.658012568950653076e-01,1.370834838598966599e-02,0.000000000000000000e+00,0.000000000000000000e+00,-9.322767145931720734e-03,-1.805830374360084534e-02,-8.406036347150802612e-02,-5.628804564476013184e-01,5.831220149993896484e-01,-3.344318866729736328e-01,-6.158980354666709900e-02,1.434923410415649414e-01,-1.468176208436489105e-02,1.415399461984634399e-01,-5.478172898292541504e-01,-3.298265933990478516e-01,-1.687336564064025879e-01,1.434160917997360229e-01
4.193469136953353882e-02,-5.301849916577339172e-02,9.032869338989257812e-01,-5.043557845056056976e-03,-7.139451801776885986e-03,7.028509378433227539e-01,7.112835049629211426e-01,-1.266047358512878418e-01,1.591760851442813873e-02,-9.794337674975395203e-03,1.202303823083639145e-02,8.229015767574310303e-02,-1.133514717221260071e-01,-4.636285081505775452e-02,2.156752534210681915e-02,-7.812166959047317505e-02,2.289577573537826538e-02,7.958110421895980835e-02,1.657008379697799683e-01,2.730056410655379295e-03,0.000000000000000000e+00,0.000000000000000000e+00,-2.576934359967708588e-02,-1.187971699982881546e-02,-9.083545207977294922e-02,-5.930448770523071289e-01,5.819644927978515625e-01,-3.397435545921325684e-01,-7.259143888950347900e-02,1.640603840351104736e-01,-1.202785037457942963e-02,1.230824887752532959e-01,-5.459743142127990723e-01,-3.409440219402313232e-01,-1.644351035356521606e-01,1.457424014806747437e-01
3.867365419864654541e-02,-5.008387193083763123e-02,9.035990238189697266e-01,-5.560243967920541763e-03,-8.382967673242092133e-03,7.002947926521301270e-01,7.137829065322875977e-01,-1.220756247639656067e-01,1.443181280046701431e-02,-1.875159214250743389e-03,1.254882942885160446e-02,7.853023707866668701e-02,-1.123629361391067505e-01,-4.300935938954353333e-02,1.994074322283267975e-02,-7.419065386056900024e-02,2.281857654452323914e-02,7.683637738227844238e-02,1.697635203599929810e-01,-4.903498571366071701e-03,0.000000000000000000e+00,0.000000000000000000e+00,-3.852095082402229309e-02,-6.658011581748723984e-03,-9.059914201498031616e-02,-6.175836920738220215e-01,5.753628611564636230e-01,-3.487057387828826904e-01,-7.864200323820114136e-02,1.724443882703781128e-01,-8.514442481100559235e-03,1.063582003116607666e-01,-5.323902964591979980e-01,-3.488242626190185547e-01,-1.578964143991470337e-01,1.540695577859878540e-01
3.565109893679618835e-02,-4.753247648477554321e-02,9.043024182319641113e-01,-5.169956013560295105e-03,-9.309420362114906311e-03,6.959895491600036621e-01,7.179729938507080078e-01,-1.161706149578094482e-01,1.216834690421819687e-02,7.197121623903512955e-03,1.332375127822160721e-02,7.494727522134780884e-02,-1.104584038257598877e-01,-4.117663204669952393e-02,1.706347055733203888e-02,-6.217710673809051514e-02,2.489341050386428833e-02,7.637167721986770630e-02,1.747910976409912109e-01,-7.420902606099843979e-03,0.000000000000000000e+00,0.000000000000000000e+00,-4.249570518732070923e-02,-4.165169782936573029e-03,-8.810409903526306152e-02,-6.371603012084960938e-01,5.693474411964416504e-01,-3.527187108993530273e-01,-6.745382398366928101e-02,1.758822351694107056e-01,-7.279085926711559296e-03,9.103113412857055664e-02,-5.235820412635803223e-01,-3.384485244750976562e-01,-1.569226235151290894e-01,1.531280428171157837e-01
3.305411711335182190e-02,-4.507440328598022461e-02,9.049046039581298828e-01,-5.607210099697113037e-03,-1.091861817985773087e-02,6.917952895164489746e-01,7.219893336296081543e-01,-1.105033159255981445e-01,1.292737852782011032e-02,1.896995492279529572e-02,1.382058113813400269e-02,7.246986031532287598e-02,-1.088457778096199036e-01,-3.959713876247406006e-02,1.724395714700222015e-02,-5.252711102366447449e-02,2.644675597548484802e-02,7.812883704900741577e-02,1.763800978660583496e-01,-6.693892180919647217e-03,0.000000000000000000e+00,0.000000000000000000e+00,-3.705607354640960693e-02,1.046775025315582752e-03,-9.490884840488433838e-02,-6.553764343261718750e-01,5.696551203727722168e-01,-3.588804304599761963e-01,-8.064165711402893066e-02,1.804061084985733032e-01,-5.699163768440485001e-03,8.624580502510070801e-02,-5.228286385536193848e-01,-3.409687280654907227e-01,-1.627610772848129272e-01,1.541626006364822388e-01
3.089573234319686890e-02,-4.326225072145462036e-02,9.056152105331420898e-01,-5.869792774319648743e-03,-1.152072288095951080e-02,6.873385310173034668e-01,7.262220978736877441e-01,-1.071637645363807678e-01,1.250948198139667511e-02,3.079651854932308197e-02,1.502665597945451736e-02,6.648965179920196533e-02,-1.090961322188377380e-01,-3.995940089225769043e-02,1.660444028675556183e-02,-4.083305969834327698e-02,2.792063914239406586e-02,7.722685486078262329e-02,1.770093739032745361e-01,-6.676584016531705856e-03,0.000000000000000000e+00,0.000000000000000000e+00,-2.962633967399597168e-02,2.596704754978418350e-03,-9.065729379653930664e-02,-6.597308516502380371e-01,5.762025117874145508e-01,-3.535789549350738525e-01,-8.965020626783370972e-02,1.818647682666778564e-01,-6.315398961305618286e-03,9.196843951940536499e-02,-5.336292982101440430e-01,-3.527541160583496094e-01,-1.634506434202194214e-01,1.582977771759033203e-01
2.878646180033683777e-02,-4.178146272897720337e-02,9.057078957557678223e-01,-8.899847976863384247e-03,-9.333455935120582581e-03,6.845906376838684082e-01,7.288136482238769531e-01,-1.100374013185501099e-01,1.181875169277191162e-02,3.837363049387931824e-02,1.225576363503932953e-02,6.654600054025650024e-02,-1.095871999859809875e-01,-4.494171217083930969e-02,1.517948508262634277e-02,-3.370485827326774597e-02,2.445064298808574677e-02,7.861074060201644897e-02,1.769258677959442139e-01,-8.131998591125011444e-03,0.000000000000000000e+00,0.000000000000000000e+00,-3.683148697018623352e-02,1.515509933233261108e-02,-8.573503047227859497e-02,-6.495692133903503418e-01,5.722712874412536621e-01,-3.366320729255676270e-01,-1.005901917815208435e-01,1.515007913112640381e-01,-1.588351093232631683e-02,9.014274924993515015e-02,-5.339968800544738770e-01,-3.488225638866424561e-01,-1.541983783245086670e-01,1.675101816654205322e-01
2.724135108292102814e-02,-3.971453011035919189e-02,9.060363173484802246e-01,-5.808505229651927948e-03,-1.158662885427474976e-02,6.771209836006164551e-01,7.357575297355651855e-01,-9.997840970754623413e-02,1.118821837007999420e-02,5.993398278951644897e-02,1.715953275561332703e-02,5.881482362747192383e-02,-1.092942580580711365e-01,-4.105310514569282532e-02,1.302368193864822388e-02,-1.417362783104181290e-02,2.977600321173667908e-02,7.639510929584503174e-02,1.811839789152145386e-01,-5.788446404039859772e-03,0.000000000000000000e+00,0.000000000000000000e+00,3.062481409870088100e-04,7.533608470112085342e-03,-8.069532364606857300e-02,-6.378418803215026855e-01,5.639210343360900879e-01,-3.536897599697113037e-01,-7.317322492599487305e-02,1.605947762727737427e-01,-6.318700034171342850e-03,9.668995440006256104e-02,-5.480235219001770020e-01,-3.584369421005249023e-01,-1.727403402328491211e-01,1.527197659015655518e-01
2.598576433956623077e-02,-3.865321353077888489e-02,9.061253666877746582e-01,-8.527521975338459015e-03,-8.514698594808578491e-03,6.746109127998352051e-01,7.380751371383666992e-01,-1.037550196051597595e-01,9.766860865056514740e-03,6.426932662725448608e-02,1.340036559849977493e-02,5.784312635660171509e-02,-1.064001694321632385e-01,-4.685194417834281921e-02,1.145220454782247543e-02,-8.436772041022777557e-03,2.597296796739101410e-02,7.834903895854949951e-02,1.787774413824081421e-01,-7.398474030196666718e-03,0.000000000000000000e+00,0.000000000000000000e+00,3.298821393400430679e-03,1.083664782345294952e-02,-7.910063862800598145e-02,-6.167233586311340332e-01,5.739027261734008789e-01,-3.371255695819854736e-01,-7.394024729728698730e-02,1.262511014938354492e-01,-1.647881418466567993e-02,1.023207753896713257e-01,-5.521018505096435547e-01,-3.618052303791046143e-01,-1.623950302600860596e-01,1.511083692312240601e-01
2.428679354488849640e-02,-3.661585599184036255e-02,9.061476588249206543e-01,-5.417551845312118530e-03,-1.134824659675359726e-02,6.692140102386474609e-01,7.429633140563964844e-01,-9.493868798017501831e-02,9.278593584895133972e-03,8.008309453725814819e-02,2.080407366156578064e-02,5.408733338117599487e-02,-1.028927266597747803e-01,-4.154055193066596985e-02,9.957811795175075531e-03,7.367075420916080475e-03,3.078147210180759430e-02,7.769792526960372925e-02,1.801327913999557495e-01,-9.127940051257610321e-03,0.000000000000000000e+00,0.000000000000000000e+00,4.943067207932472229e-02,-3.944554831832647324e-03,-7.366435974836349487e-02,-5.902005434036254883e-01,5.838597416877746582e-01,-3.375811576843261719e-01,-5.899171531200408936e-02,1.345334649085998535e-01,-8.209388703107833862e-03,1.070905849337577820e-01,-5.673033595085144043e-01,-3.574618995189666748e-01,-1.745596230030059814e-01,1.228574290871620178e-01
2.354741282761096954e-02,-3.550105914473533630e-02,9.064427614212036133e-01,-8.348651230335235596e-03,-8.685071952641010284e-03,6.688787937164306641e-01,7.432739138603210449e-01,-9.977187961339950562e-02,9.289305657148361206e-03,8.130319416522979736e-02,1.837289892137050629e-02,5.356850847601890564e-02,-1.065079718828201294e-01,-4.563942924141883850e-02,1.108756009489297867e-02,8.915174752473831177e-03,2.640125527977943420e-02,7.773196697235107422e-02,1.837157011032104492e-01,-1.254520006477832794e-02,0.000000000000000000e+00,0.000000000000000000e+00,5.359863862395286560e-02,4.544465336948633194e-04,-6.859982758760452271e-02,-5.512996912002563477e-01,5.838394761085510254e-01,-3.218469321727752686e-01,-6.086384877562522888e-02,1.011558994650840759e-01,-1.226237881928682327e-02,1.067461594939231873e-01,-5.744979381561279297e-01,-3.675076365470886230e-01,-1.722747087478637695e-01,1.395256966352462769e-01
2.221045829355716705e-02,-3.372642025351524353e-02,9.063420295715332031e-01,-8.947917260229587555e-03,-7.615061476826667786e-03,6.649716496467590332e-01,7.467761635780334473e-01,-9.976113587617874146e-02,8.958302438259124756e-03,9.117465466260910034e-02,2.112225629389286041e-02,5.073304846882820129e-02,-1.054443866014480591e-01,-4.885851964354515076e-02,8.907771669328212738e-03,2.156071551144123077e-02,2.779505215585231781e-02,7.671646028757095337e-02,1.810167729854583740e-01,-1.060000248253345490e-02,0.000000000000000000e+00,0.000000000000000000e+00,7.431365549564361572e-02,-9.927878156304359436e-03,-5.443429946899414062e-02,-5.106776952743530273e-01,6.028481721878051758e-01,-3.125667572021484375e-01,-5.849218741059303284e-02,8.711260557174682617e-02,-1.218808162957429886e-02,1.127377450466156006e-01,-5.859480500221252441e-01,-3.757551908493041992e-01,-1.737191528081893921e-01,1.399019509553909302e-01
2.137740701436996460e-02,-3.222636878490447998e-02,9.063835740089416504e-01,-8.783090859651565552e-03,-6.900339387357234955e-03,6.625782251358032227e-01,7.489094734191894531e-01,-9.951690584421157837e-02,8.377972058951854706e-03,9.796289354562759399e-02,2.414383739233016968e-02,4.597217589616775513e-02,-1.022005230188369751e-01,-4.935652390122413635e-02,7.245915476232767105e-03,2.604518830776214600e-02,2.822750620543956757e-02,7.603935152292251587e-02,1.818514615297317505e-01,-9.732779115438461304e-03,0.000000000000000000e+00,0.000000000000000000e+00,9.766139835119247437e-02,-1.500725932419300079e-02,-5.148594453930854797e-02,-4.689501821994781494e-01,5.947508811950683594e-01,-3.035647273063659668e-01,-5.906794592738151550e-02,7.624155282974243164e-02,-1.238876208662986755e-02,1.177081838250160217e-01,-5.932586789131164551e-01,-3.799513876438140869e-01,-1.777218431234359741e-01,1.367533504962921143e-01
2.080916985869407654e-02,-2.996736392378807068e-02,9.064543247222900391e-01,-8.418423123657703400e-03,-7.045124191790819168e-03,6.606076359748840332e-01,7.506511211395263672e-01,-9.685056656599044800e-02,9.135115891695022583e-03,1.052382886409759521e-01,2.691246569156646729e-02,4.517613351345062256e-02,-1.040320545434951782e-01,-4.703037068247795105e-02,6.559249944984912872e-03,3.298471122980117798e-02,2.752776257693767548e-02,7.727913558483123779e-02,1.825529485940933228e-01,-8.504935540258884430e-03,0.000000000000000000e+00,0.000000000000000000e+00,1.247188970446586609e-01,-1.435686182230710983e-02,-4.682656377553939819e-02,-4.377277493476867676e-01,5.863472819328308105e-01,-3.055081665515899658e-01,-5.819450691342353821e-02,6.716502457857131958e-02,-1.015194412320852280e-02,1.165969446301460266e-01,-5.957137346267700195e-01,-3.841495513916015625e-01,-1.785753965377807617e-01,1.336494684219360352e-01
2.022104896605014801e-02,-2.873209118843078613e-02,9.067961573600769043e-01,-7.952339947223663330e-03,-6.580720189958810806e-03,6.590850353240966797e-01,7.519975900650024414e-01,-9.588880836963653564e-02,8.575286716222763062e-03,1.115800589323043823e-01,2.956450730562210083e-02,4.294542223215103149e-02,-1.007274389266967773e-01,-4.625860229134559631e-02,6.150280591100454330e-03,4.052761942148208618e-02,2.813598699867725372e-02,7.801885902881622314e-02,1.864186227321624756e-01,-6.541976705193519592e-03,0.000000000000000000e+00,0.000000000000000000e+00,1.438454091548919678e-01,-2.619587071239948273e-02,-3.057808056473731995e-02,-4.060578346252441406e-01,5.862010717391967773e-01,-2.860569059848785400e-01,-6.281159818172454834e-02,6.238362565636634827e-02,-8.903171867132186890e-03,1.209404319524765015e-01,-5.966918468475341797e-01,-3.838138282299041748e-01,-1.708547323942184448e-01,1.399365216493606567e-01
1.985466852784156799e-02,-2.779556252062320709e-02,9.070959687232971191e-01,-8.656497113406658173e-03,-6.089137867093086243e-03,6.574875712394714355e-01,7.533910870552062988e-01,-9.638716280460357666e-02,9.698756039142608643e-03,1.180258616805076599e-01,3.132065758109092712e-02,4.037294536828994751e-02,-1.007120385766029358e-01,-4.724954068660736084e-02,5.633980035781860352e-03,4.122750833630561829e-02,2.748743258416652679e-02,7.555384188890457153e-02,1.782346814870834351e-01,-4.780283197760581970e-03,0.000000000000000000e+00,0.000000000000000000e+00,1.620044261217117310e-01,-3.087220899760723114e-02,-1.743853278458118439e-02,-3.898746967315673828e-01,5.806738138198852539e-01,-2.719490528106689453e-01,-6.719202548265457153e-02,5.914360284805297852e-02,-7.799433078616857529e-03,1.197851747274398804e-01,-5.985587835311889648e-01,-3.815679252147674561e-01,-1.660622805356979370e-01,1.416121721267700195e-01
1.967374607920646667e-02,-2.732370607554912567e-02,9.070144891738891602e-01,-9.244584478437900543e-03,-5.328632425516843796e-03,6.568123102188110352e-01,7.539786100387573242e-01,-9.775789082050323486e-02,1.024443190544843674e-02,1.193520203232765198e-01,3.283049911260604858e-02,4.075546562671661377e-02,-9.886602312326431274e-02,-4.875843971967697144e-02,4.160550422966480255e-03,4.593864083290100098e-02,2.673593163490295410e-02,7.685372978448867798e-02,1.747308969497680664e-01,-3.295717760920524597e-03,0.000000000000000000e+00,0.000000000000000000e+00,1.761422157287597656e-01,-3.625299781560897827e-02,-5.508522037416696548e-03,-3.837032914161682129e-01,5.796667337417602539e-01,-2.694298923015594482e-01,-7.774358987808227539e-02,5.572653934359550476e-02,-6.861350033432245255e-03,1.198367699980735779e-01,-5.944595932960510254e-01,-3.840504884719848633e-01,-1.637242436408996582e-01,1.464632451534271240e-01
1.914557069540023804e-02,-2.670884877443313599e-02,9.065985083580017090e-01,-9.221310727298259735e-03,-3.951482009142637253e-03,6.569056510925292969e-01,7.539060115814208984e-01,-9.904492646455764771e-02,7.861175574362277985e-03,1.182912141084671021e-01,3.252661600708961487e-02,4.030718654394149780e-02,-9.476840496063232422e-02,-4.984504356980323792e-02,3.104089526459574699e-03,4.510190710425376892e-02,2.766933850944042206e-02,7.701212167739868164e-02,1.879637241363525391e-01,-1.579254167154431343e-03,0.000000000000000000e+00,0.000000000000000000e+00,1.813845038414001465e-01,-4.241708666086196899e-02,3.293382003903388977e-03,-3.774897456169128418e-01,5.846140384674072266e-01,-2.749145627021789551e-01,-8.409971743822097778e-02,5.604952573776245117e-02,-1.018466241657733917e-02,1.243386566638946533e-01,-5.891693234443664551e-01,-3.798503875732421875e-01,-1.687765717506408691e-01,1.469949632883071899e-01
1.952120848000049591e-02,-2.706170268356800079e-02,9.067084193229675293e-01,-1.020202599465847015e-02,-3.251207526773214340e-03,6.570367217063903809e-01,7.537825107574462891e-01,-1.017510741949081421e-01,8.841405622661113739e-03,1.179378181695938110e-01,3.298708051443099976e-02,3.974845632910728455e-02,-9.473653882741928101e-02,-5.280540883541107178e-02,3.549301065504550934e-03,4.369545727968215942e-02,2.839271910488605499e-02,7.712329924106597900e-02,1.836308240890502930e-01,7.673324580537155271e-05,0.000000000000000000e+00,0.000000000000000000e+00,1.853701770305633545e-01,-4.415709152817726135e-02,8.472629822790622711e-03,-3.826867640018463135e-01,5.797944068908691406e-01,-2.815365791320800781e-01,-8.230122178792953491e-02,5.668396130204200745e-02,-1.225215382874011993e-02,1.280567049980163574e-01,-5.809491872787475586e-01,-3.672377467155456543e-01,-1.742695569992065430e-01,1.393914520740509033e-01
1.982412487268447876e-02,-2.547609433531761169e-02,9.064490199089050293e-01,-1.025339122861623764e-02,-3.257726086303591728e-03,6.580883264541625977e-01,7.528638839721679688e-01,-9.939093887805938721e-02,8.556420914828777313e-03,1.176722571253776550e-01,3.065481595695018768e-02,3.960205614566802979e-02,-9.495671838521957397e-02,-5.039504170417785645e-02,3.919705282896757126e-03,4.163806885480880737e-02,2.786251157522201538e-02,7.621668279170989990e-02,1.876807808876037598e-01,1.018348382785916328e-03,0.000000000000000000e+00,0.000000000000000000e+00,1.886669248342514038e-01,-4.715859889984130859e-02,1.388613600283861160e-02,-3.960253298282623291e-01,5.799323320388793945e-01,-2.833797335624694824e-01,-8.334120362997055054e-02,6.308399140834808350e-02,-9.319014847278594971e-03,1.210694611072540283e-01,-5.745392441749572754e-01,-3.690193295478820801e-01,-1.730612814426422119e-01,1.380153596401214600e-01
2.021000720560550690e-02,-2.511210553348064423e-02,9.067405462265014648e-01,-1.041982509195804596e-02,-3.776505589485168457e-03,6.587466597557067871e-01,7.522832155227661133e-01,-9.813144803047180176e-02,9.231266565620899200e-03,1.142944172024726868e-01,2.951526269316673279e-02,3.938118368387222290e-02,-9.916312247514724731e-02,-4.891060292720794678e-02,4.606979433447122574e-03,3.868138790130615234e-02,2.660878375172615051e-02,7.532454282045364380e-02,1.869315654039382935e-01,2.134067704901099205e-03,0.000000000000000000e+00,0.000000000000000000e+00,1.864477545022964478e-01,-4.467131942510604858e-02,1.002929545938968658e-02,-4.050914943218231201e-01,5.806540250778198242e-01,-2.831597328186035156e-01,-8.334361016750335693e-02,6.834005564451217651e-02,-9.765711612999439240e-03,1.234877705574035645e-01,-5.686473250389099121e-01,-3.638452589511871338e-01,-1.733507066965103149e-01,1.415531337261199951e-01
