3.146811246871948242e+00,2.860266208648681641e+00,8.263493776321411133e-01,2.872349228709936142e-03,-1.517473626881837845e-02,-8.263311982154846191e-01,5.629726648330688477e-01,2.641946375370025635e-01,-3.170023113489151001e-02,-4.443121552467346191e-01,4.596087336540222168e-02,-5.684526637196540833e-02,-2.313316427171230316e-02,-3.293828368186950684e-01,-7.827157527208328247e-02,-3.580130636692047119e-01,7.648217678070068359e-02,2.835445702075958252e-01,1.262625008821487427e-01,-5.493444204330444336e-01,0.000000000000000000e+00,0.000000000000000000e+00,-1.376651376485824585e-01,-1.247255355119705200e-01,-1.821831613779067993e-01,-4.128445982933044434e-01,2.942343950271606445e-01,-2.959595918655395508e-01,1.683992450125515461e-03,1.960925757884979248e-01,2.550710178911685944e-02,-4.084330052137374878e-02,-3.941807448863983154e-01,-2.375912666320800781e-01,-2.737100720405578613e-01,-5.408289283514022827e-02
3.117982864379882812e+00,2.833536863327026367e+00,8.246804475784301758e-01,5.103248986415565014e-04,-7.964904652908444405e-04,-8.652681112289428711e-01,5.013085007667541504e-01,2.726325690746307373e-01,-4.497659206390380859e-02,-3.133119046688079834e-01,9.777268022298812866e-02,6.269134581089019775e-02,-5.229951813817024231e-02,-3.503378629684448242e-01,7.333329413086175919e-03,-2.268735766410827637e-01,1.204662472009658813e-01,2.592336833477020264e-01,9.847534447908401489e-02,-3.833372294902801514e-01,0.000000000000000000e+00,0.000000000000000000e+00,-1.379800885915756226e-01,-7.998686283826828003e-02,-2.067709118127822876e-01,-3.373161256313323975e-01,4.620912671089172363e-01,-2.639379203319549561e-01,-1.124147996306419373e-01,1.638232171535491943e-01,3.253930713981389999e-03,-8.938234299421310425e-03,-4.159447252750396729e-01,-3.420817553997039795e-01,-1.971233189105987549e-01,1.575530692934989929e-02
3.091108560562133789e+00,2.811152935028076172e+00,8.280953764915466309e-01,-9.400917217135429382e-03,2.490319078788161278e-03,-8.711116313934326172e-01,4.909887611865997314e-01,2.681668996810913086e-01,-3.536322340369224548e-02,-2.998060882091522217e-01,1.594052463769912720e-01,2.244876176118850708e-01,-8.427332341670989990e-02,-3.055585324764251709e-01,4.454201832413673401e-02,-2.143267244100570679e-01,1.227759048342704773e-01,2.236268520355224609e-01,7.824239134788513184e-02,-3.425166904926300049e-01,0.000000000000000000e+00,0.000000000000000000e+00,-8.321598172187805176e-02,-6.753846257925033569e-02,-1.550501435995101929e-01,-2.954254150390625000e-01,4.271307587623596191e-01,-2.580030560493469238e-01,-2.071784883737564087e-01,1.476193368434906006e-01,2.201373130083084106e-02,-6.453432887792587280e-02,-4.046811759471893311e-01,-3.153282701969146729e-01,-2.067351490259170532e-01,1.950014531612396240e-01
3.067878961563110352e+00,2.786841154098510742e+00,8.311158418655395508e-01,-1.332315150648355484e-02,2.959925914183259010e-03,-8.731513023376464844e-01,4.872582256793975830e-01,2.436265349388122559e-01,-3.411155566573143005e-02,-3.010004758834838867e-01,2.161617875099182129e-01,4.531275331974029541e-01,-1.198110133409500122e-01,-2.601886093616485596e-01,5.950721725821495056e-02,-2.084185928106307983e-01,1.151505708694458008e-01,1.980902999639511108e-01,6.589374691247940063e-02,-3.121626079082489014e-01,0.000000000000000000e+00,0.000000000000000000e+00,-1.735380850732326508e-02,-5.378091335296630859e-02,-1.535804420709609985e-01,-3.003701269626617432e-01,4.258539676666259766e-01,-2.436983734369277954e-01,-2.021441757678985596e-01,1.541153341531753540e-01,2.498738095164299011e-02,-5.298211053013801575e-02,-4.302896559238433838e-01,-3.641523420810699463e-01,-1.958300471305847168e-01,1.681452542543411255e-01
3.044204235076904297e+00,2.762958526611328125e+00,8.406631350517272949e-01,-5.460788495838642120e-03,-1.046064775437116623e-02,-8.813924789428710938e-01,4.722372591495513916e-01,1.729082614183425903e-01,-7.562681287527084351e-02,-2.555122673511505127e-01,2.932047545909881592e-01,5.029664039611816406e-01,-1.407503038644790649e-01,-2.236789166927337646e-01,4.700031131505966187e-02,-1.663890779018402100e-01,1.088500246405601501e-01,1.680588275194168091e-01,6.080064550042152405e-02,-2.498674690723419189e-01,0.000000000000000000e+00,0.000000000000000000e+00,3.183792158961296082e-02,-7.105275243520736694e-02,-1.086428612470626831e-01,-3.265974521636962891e-01,4.228920042514801025e-01,-2.500963509082794189e-01,-2.043857127428054810e-01,1.397965252399444580e-01,-3.636198234744369984e-04,-4.381114244461059570e-02,-4.663457870483398438e-01,-3.384573161602020264e-01,-1.908116340637207031e-01,1.560176014900207520e-01
3.021902799606323242e+00,2.738421201705932617e+00,8.492639064788818359e-01,4.336903803050518036e-03,-2.562554553151130676e-02,-8.905277252197265625e-01,4.541860222816467285e-01,6.921610981225967407e-02,-1.121277734637260437e-01,-1.661066412925720215e-01,3.818013072013854980e-01,4.338349401950836182e-01,-1.065269485116004944e-01,-1.888629943132400513e-01,2.762745693325996399e-02,-1.162283793091773987e-01,9.810907393693923950e-02,1.421165317296981812e-01,6.163707375526428223e-02,-1.789258569478988647e-01,0.000000000000000000e+00,0.000000000000000000e+00,7.289084792137145996e-02,-9.461715072393417358e-02,-6.286134570837020874e-02,-3.553668558597564697e-01,3.945641219615936279e-01,-2.591747641563415527e-01,-1.713179051876068115e-01,1.117968484759330750e-01,-3.187112510204315186e-02,-2.195961773395538330e-02,-4.889079332351684570e-01,-3.402046263217926025e-01,-1.977505087852478027e-01,1.322047859430313110e-01
2.999745845794677734e+00,2.714421510696411133e+00,8.566791415214538574e-01,8.448059670627117157e-03,-3.837420791387557983e-02,-8.997769951820373535e-01,4.345772266387939453e-01,-3.382930159568786621e-02,-1.060816496610641479e-01,-3.617250174283981323e-02,4.385608434677124023e-01,3.409379422664642334e-01,-2.910049259662628174e-02,-1.443894207477569580e-01,1.498973928391933441e-02,-6.960235536098480225e-02,8.152593672275543213e-02,1.208002567291259766e-01,7.371709495782852173e-02,-9.927530586719512939e-02,0.000000000000000000e+00,0.000000000000000000e+00,1.048236414790153503e-01,-1.193530037999153137e-01,-1.494303811341524124e-02,-3.686825931072235107e-01,4.328876137733459473e-01,-2.795359194278717041e-01,-2.095651775598526001e-01,8.474625647068023682e-02,-6.390773504972457886e-02,2.759743016213178635e-03,-5.045509338378906250e-01,-3.419737815856933594e-01,-2.295582443475723267e-01,1.242588981986045837e-01
2.979541778564453125e+00,2.693804025650024414e+00,8.627158403396606445e-01,1.237005833536386490e-02,-4.155024886131286621e-02,-9.062662720680236816e-01,4.204783439636230469e-01,-1.320678144693374634e-01,-8.319202065467834473e-02,6.246963143348693848e-02,4.506255090236663818e-01,2.717971503734588623e-01,3.080934472382068634e-02,-1.108690276741981506e-01,1.484794821590185165e-02,-3.738739341497421265e-02,6.596434116363525391e-02,1.007507443428039551e-01,8.546780049800872803e-02,-3.038240969181060791e-02,0.000000000000000000e+00,0.000000000000000000e+00,1.303452998399734497e-01,-1.259693503379821777e-01,1.064288336783647537e-02,-3.860443830490112305e-01,4.641185104846954346e-01,-2.864707410335540771e-01,-1.928934901952743530e-01,5.241977423429489136e-02,-8.624942600727081299e-02,3.721421211957931519e-02,-5.185997486114501953e-01,-3.366268873214721680e-01,-2.341885268688201904e-01,8.281783759593963623e-02
2.960443496704101562e+00,2.671801090240478516e+00,8.661828637123107910e-01,1.527458429336547852e-02,-3.969035297632217407e-02,-9.142529964447021484e-01,4.029054045677185059e-01,-2.120765298604965210e-01,-4.911420494318008423e-02,1.693978756666183472e-01,4.168790876865386963e-01,2.176046371459960938e-01,8.637318015098571777e-02,-8.250261843204498291e-02,2.122430317103862762e-02,2.398055512458086014e-03,5.317581817507743835e-02,8.170229196548461914e-02,9.010603278875350952e-02,3.758818656206130981e-02,0.000000000000000000e+00,0.000000000000000000e+00,1.518396139144897461e-01,-1.193419769406318665e-01,3.388147428631782532e-02,-4.026115536689758301e-01,4.661302864551544189e-01,-2.764370739459991455e-01,-2.125437259674072266e-01,6.195316091179847717e-03,-1.009836420416831970e-01,6.064418330788612366e-02,-5.213798284530639648e-01,-3.018775880336761475e-01,-2.278501540422439575e-01,9.658998996019363403e-02
2.940337896347045898e+00,2.650850772857666016e+00,8.666365742683410645e-01,1.487775146961212158e-02,-3.243599086999893188e-02,-9.229957461357116699e-01,3.831519186496734619e-01,-2.722079157829284668e-01,-2.162967249751091003e-02,2.350554019212722778e-01,3.400709629058837891e-01,1.770513951778411865e-01,1.085237041115760803e-01,-4.991244152188301086e-02,4.051702469587326050e-02,4.328282177448272705e-02,3.569616377353668213e-02,6.292628496885299683e-02,8.403908461332321167e-02,9.924198687076568604e-02,0.000000000000000000e+00,0.000000000000000000e+00,1.760153621435165405e-01,-1.044115349650382996e-01,5.356384068727493286e-02,-4.105603992938995361e-01,4.567340910434722900e-01,-2.815913259983062744e-01,-2.346965074539184570e-01,-3.893031552433967590e-02,-1.032383218407630920e-01,9.065570682287216187e-02,-5.279211401939392090e-01,-2.647383809089660645e-01,-2.216849327087402344e-01,1.209945455193519592e-01
2.919235944747924805e+00,2.628758192062377930e+00,8.639653325080871582e-01,1.451047882437705994e-02,-1.941954717040061951e-02,-9.326117634773254395e-01,3.600661158561706543e-01,-3.335724771022796631e-01,6.699895602650940418e-04,2.527920603752136230e-01,2.515485584735870361e-01,1.519161164760589600e-01,8.995373547077178955e-02,-1.947220228612422943e-02,6.323956698179244995e-02,8.307694643735885620e-02,1.876491494476795197e-02,3.628166392445564270e-02,7.651845365762710571e-02,1.611681878566741943e-01,0.000000000000000000e+00,0.000000000000000000e+00,2.024402618408203125e-01,-7.623197883367538452e-02,3.592866286635398865e-02,-4.245454967021942139e-01,4.897622168064117432e-01,-2.927041351795196533e-01,-2.157412618398666382e-01,-7.758491486310958862e-02,-8.053854852914810181e-02,1.285898089408874512e-01,-5.549137592315673828e-01,-3.326368331909179688e-01,-2.340113073587417603e-01,5.611167848110198975e-02
2.897614717483520508e+00,2.604712009429931641e+00,8.585611581802368164e-01,1.403058785945177078e-02,-8.908912539482116699e-03,-9.416914582252502441e-01,3.360669314861297607e-01,-3.898611068725585938e-01,8.544458076357841492e-03,2.234353721141815186e-01,1.629383563995361328e-01,1.525943130254745483e-01,6.873418390750885010e-02,1.245052739977836609e-02,7.988487184047698975e-02,1.407801955938339233e-01,7.280376274138689041e-03,2.137401327490806580e-02,7.978572696447372437e-02,2.232760339975357056e-01,0.000000000000000000e+00,0.000000000000000000e+00,2.237725704908370972e-01,-5.944104492664337158e-02,3.549085557460784912e-02,-4.282621443271636963e-01,4.959390461444854736e-01,-3.053424954414367676e-01,-2.094662487506866455e-01,-1.126289814710617065e-01,-6.445325911045074463e-02,1.553759276866912842e-01,-5.739189982414245605e-01,-3.541227877140045166e-01,-2.545495331287384033e-01,3.906712681055068970e-02
2.875027418136596680e+00,2.579847574234008789e+00,8.529211878776550293e-01,1.652905531227588654e-02,-2.253292594105005264e-03,-9.482634663581848145e-01,3.170458376407623291e-01,-4.524649381637573242e-01,1.252114493399858475e-02,1.984477341175079346e-01,9.831604361534118652e-02,1.202712282538414001e-01,3.977143764495849609e-02,4.028582945466041565e-02,8.264717459678649902e-02,1.838300824165344238e-01,3.530052490532398224e-03,-8.067599497735500336e-03,7.837916165590286255e-02,2.769254148006439209e-01,0.000000000000000000e+00,0.000000000000000000e+00,2.353169918060302734e-01,-5.477993935346603394e-02,3.362422436475753784e-02,-4.288382232189178467e-01,4.958406090736389160e-01,-3.054482042789459229e-01,-2.022278159856796265e-01,-1.475717574357986450e-01,-5.470836535096168518e-02,1.708190441131591797e-01,-5.956169962882995605e-01,-3.636090159416198730e-01,-2.650645375251770020e-01,3.796246275305747986e-02
2.852004766464233398e+00,2.553529977798461914e+00,8.468670248985290527e-01,2.089230902493000031e-02,-2.339489525184035301e-03,-9.515616297721862793e-01,3.067385554313659668e-01,-5.057013630867004395e-01,6.111499387770891190e-03,2.163576036691665649e-01,5.284870788455009460e-02,7.244784384965896606e-02,2.761274203658103943e-02,6.808273494243621826e-02,7.057540863752365112e-02,2.085999697446823120e-01,2.879745559766888618e-03,-3.421184048056602478e-02,9.038364142179489136e-02,3.045665025711059570e-01,0.000000000000000000e+00,0.000000000000000000e+00,2.454662621021270752e-01,-6.526898592710494995e-02,4.333276301622390747e-02,-4.285275638103485107e-01,4.875363111495971680e-01,-3.014711737632751465e-01,-1.967852413654327393e-01,-1.758758574724197388e-01,-5.679678544402122498e-02,2.016655504703521729e-01,-6.237955093383789062e-01,-3.784142136573791504e-01,-2.763897478580474854e-01,3.410286083817481995e-02
2.828833103179931641e+00,2.525843620300292969e+00,8.408609032630920410e-01,2.059982530772686005e-02,-3.055134322494268417e-03,-9.538782238960266113e-01,2.994706034660339355e-01,-5.288786292076110840e-01,2.112432615831494331e-03,2.507790029048919678e-01,3.303240612149238586e-02,3.987533599138259888e-02,5.625595804303884506e-03,1.047426760196685791e-01,5.711930245161056519e-02,2.268818765878677368e-01,4.488216713070869446e-03,-5.733319371938705444e-02,9.473571181297302246e-02,3.267369866371154785e-01,0.000000000000000000e+00,0.000000000000000000e+00,2.548339068889617920e-01,-8.349025249481201172e-02,5.083804205060005188e-02,-4.229012131690979004e-01,5.004200339317321777e-01,-3.078785240650177002e-01,-1.927948296070098877e-01,-1.986326873302459717e-01,-5.678486824035644531e-02,2.055998742580413818e-01,-6.255400776863098145e-01,-3.449321091175079346e-01,-2.854149937629699707e-01,3.006079001352190971e-03
2.803306341171264648e+00,2.497824430465698242e+00,8.331164717674255371e-01,1.819298975169658661e-02,-1.455111196264624596e-03,-9.584560394287109375e-01,2.846558690071105957e-01,-5.263288021087646484e-01,7.713888306170701981e-03,2.566424012184143066e-01,3.554913029074668884e-02,5.227911099791526794e-02,1.270025596022605896e-02,1.430541127920150757e-01,4.816449433565139771e-02,2.577033042907714844e-01,4.737256094813346863e-03,-6.418053060770034790e-02,9.956675767898559570e-02,3.598738908767700195e-01,0.000000000000000000e+00,0.000000000000000000e+00,2.686254084110260010e-01,-1.021798700094223022e-01,7.648580521345138550e-02,-4.187695384025573730e-01,4.932195842266082764e-01,-3.026167750358581543e-01,-2.119521200656890869e-01,-2.055642157793045044e-01,-3.585922718048095703e-02,2.121445983648300171e-01,-6.307063102722167969e-01,-3.501201868057250977e-01,-2.783457338809967041e-01,6.621086597442626953e-02
2.775085210800170898e+00,2.468238592147827148e+00,8.238997459411621094e-01,1.633876934647560120e-02,7.708695251494646072e-03,-9.632040858268737793e-01,2.681631743907928467e-01,-5.135152935981750488e-01,2.643954567611217499e-02,2.397160828113555908e-01,5.875310674309730530e-02,1.484407931566238403e-01,2.053003385663032532e-02,1.774398535490036011e-01,4.995287209749221802e-02,2.854170501232147217e-01,8.473245427012443542e-03,-5.072586610913276672e-02,1.038725376129150391e-01,3.921924233436584473e-01,0.000000000000000000e+00,0.000000000000000000e+00,2.718519568443298340e-01,-1.105040237307548523e-01,9.870932251214981079e-02,-4.229919910430908203e-01,4.914592206478118896e-01,-2.988561391830444336e-01,-2.135678231716156006e-01,-2.135559618473052979e-01,-1.827757246792316437e-02,2.110882550477981567e-01,-6.195564866065979004e-01,-3.436793684959411621e-01,-2.703673839569091797e-01,8.083689957857131958e-02
2.746047496795654297e+00,2.437133312225341797e+00,8.199171423912048340e-01,1.213098410516977310e-02,8.987808600068092346e-03,-9.667261242866516113e-01,2.553676962852478027e-01,-4.833108186721801758e-01,2.983402274549007416e-02,2.576029002666473389e-01,7.162532210350036621e-02,2.130761891603469849e-01,1.631452888250350952e-02,2.112008780241012573e-01,4.113136976957321167e-02,3.013385534286499023e-01,2.463260851800441742e-02,-7.691310718655586243e-03,1.182681024074554443e-01,4.172117412090301514e-01,0.000000000000000000e+00,0.000000000000000000e+00,2.760570943355560303e-01,-1.198826655745506287e-01,1.089783534407615662e-01,-4.157480001449584961e-01,4.907331764698028564e-01,-2.970817089080810547e-01,-2.060012966394424438e-01,-2.010999619960784912e-01,-1.798406359739601612e-03,1.945694088935852051e-01,-5.992462635040283203e-01,-3.465818762779235840e-01,-2.728742957115173340e-01,7.065907865762710571e-02
2.717263936996459961e+00,2.406829118728637695e+00,8.206779360771179199e-01,7.867051288485527039e-03,4.605424124747514725e-03,-9.683269262313842773e-01,2.495191693305969238e-01,-4.414649605751037598e-01,1.382076181471347809e-02,2.511255443096160889e-01,8.324283361434936523e-02,2.425935119390487671e-01,1.501898560672998428e-02,2.335457503795623779e-01,2.884972654283046722e-02,2.965798377990722656e-01,6.135604530572891235e-02,6.402011960744857788e-02,1.355570107698440552e-01,4.230820536613464355e-01,0.000000000000000000e+00,0.000000000000000000e+00,2.697727978229522705e-01,-1.273746490478515625e-01,1.106526851654052734e-01,-3.913394212722778320e-01,4.935109913349151611e-01,-2.910574376583099365e-01,-1.999676823616027832e-01,-1.751546859741210938e-01,1.167042925953865051e-02,1.837852895259857178e-01,-5.669156312942504883e-01,-3.608233928680419922e-01,-2.741667628288269043e-01,7.296539843082427979e-02
2.690038681030273438e+00,2.377794504165649414e+00,8.258860707283020020e-01,3.697690553963184357e-03,-7.186623755842447281e-03,-9.670380949974060059e-01,2.545033693313598633e-01,-3.960344195365905762e-01,-2.324514463543891907e-02,2.445289343595504761e-01,9.714116156101226807e-02,2.141981422901153564e-01,2.892557904124259949e-02,2.510484457015991211e-01,6.983282044529914856e-03,2.735052406787872314e-01,1.084526553750038147e-01,1.905579119920730591e-01,1.812228262424468994e-01,3.990033864974975586e-01,0.000000000000000000e+00,0.000000000000000000e+00,2.667436003684997559e-01,-1.388830989599227905e-01,1.000609695911407471e-01,-3.629142045974731445e-01,5.065116882324218750e-01,-2.689978778362274170e-01,-1.923663467168807983e-01,-1.340290755033493042e-01,1.286152284592390060e-02,1.764807850122451782e-01,-5.343872904777526855e-01,-3.662800788879394531e-01,-2.555044591426849365e-01,8.051412552595138550e-02
2.664363384246826172e+00,2.351642131805419922e+00,8.326140046119689941e-01,-4.410994297359138727e-04,-1.214903499931097031e-02,-9.649561643600463867e-01,2.621292769908905029e-01,-3.490328788757324219e-01,-4.847043007612228394e-02,2.262360900640487671e-01,9.887451678514480591e-02,1.891781389713287354e-01,3.595077991485595703e-02,2.512138485908508301e-01,4.499926231801509857e-03,2.630763351917266846e-01,1.659705638885498047e-01,3.481413424015045166e-01,1.954329609870910645e-01,3.692865967750549316e-01,0.000000000000000000e+00,0.000000000000000000e+00,2.568811476230621338e-01,-1.349813789129257202e-01,7.417209446430206299e-02,-3.441970646381378174e-01,5.362198352813720703e-01,-2.576231062412261963e-01,-1.938798278570175171e-01,-9.041605144739151001e-02,1.728630438446998596e-02,1.633857935667037964e-01,-5.111624002456665039e-01,-3.834955990314483643e-01,-2.255641967058181763e-01,1.202983036637306213e-01
2.639718770980834961e+00,2.327998876571655273e+00,8.392150402069091797e-01,-5.047175101935863495e-03,-1.563032902777194977e-02,-9.613047242164611816e-01,2.749970853328704834e-01,-3.012486994266510010e-01,-7.218652963638305664e-02,1.969584822654724121e-01,9.578444063663482666e-02,1.570289433002471924e-01,4.660345613956451416e-02,2.165686339139938354e-01,1.212512236088514328e-02,2.300323694944381714e-01,2.689521014690399170e-01,5.054761767387390137e-01,2.008155733346939087e-01,3.227828741073608398e-01,0.000000000000000000e+00,0.000000000000000000e+00,2.382276058197021484e-01,-1.130245327949523926e-01,3.242112696170806885e-02,-3.260558545589447021e-01,5.111089944839477539e-01,-2.516790330410003662e-01,-1.738141775131225586e-01,-5.344924330711364746e-02,1.872172392904758453e-02,1.480530798435211182e-01,-4.954188168048858643e-01,-3.698106706142425537e-01,-2.220163196325302124e-01,1.225065216422080994e-01
2.616027355194091797e+00,2.306609869003295898e+00,8.489006757736206055e-01,-7.514347322285175323e-03,-5.610299762338399887e-03,-9.557388424873352051e-01,2.940668463706970215e-01,-2.643493413925170898e-01,-7.173249125480651855e-02,1.549238264560699463e-01,8.897324651479721069e-02,1.272714138031005859e-01,5.600985512137413025e-02,1.394769102334976196e-01,5.924441292881965637e-02,2.137219160795211792e-01,3.803643882274627686e-01,5.061399936676025391e-01,2.116991430521011353e-01,2.542680501937866211e-01,0.000000000000000000e+00,0.000000000000000000e+00,2.056179046630859375e-01,-7.368868589401245117e-02,2.207561582326889038e-02,-3.315982222557067871e-01,5.058648586273193359e-01,-2.586174607276916504e-01,-1.820593178272247314e-01,-3.147205710411071777e-02,3.196392580866813660e-02,1.434313803911209106e-01,-4.901078045368194580e-01,-3.529147803783416748e-01,-2.112902700901031494e-01,1.572742313146591187e-01
2.593180179595947266e+00,2.286753892898559570e+00,8.620430827140808105e-01,-1.033779699355363846e-02,1.621511764824390411e-02,-9.499600529670715332e-01,3.117789626121520996e-01,-2.317544668912887573e-01,-4.575508832931518555e-02,1.102049648761749268e-01,7.520190626382827759e-02,9.745145589113235474e-02,5.857023596763610840e-02,6.709854304790496826e-02,1.079930737614631653e-01,1.669164896011352539e-01,3.842766880989074707e-01,4.430348575115203857e-01,1.744959950447082520e-01,1.819991022348403931e-01,0.000000000000000000e+00,0.000000000000000000e+00,1.599832028150558472e-01,-1.938066445291042328e-02,2.733522281050682068e-02,-3.395021259784698486e-01,5.069910883903503418e-01,-2.912251949310302734e-01,-1.495442986488342285e-01,-1.316301710903644562e-02,5.371791124343872070e-02,1.259553581476211548e-01,-5.018586516380310059e-01,-3.220205903053283691e-01,-2.546164691448211670e-01,9.385819733142852783e-02
2.570053577423095703e+00,2.267464160919189453e+00,8.703409433364868164e-01,-1.283426582813262939e-02,2.825211919844150543e-02,-9.434192776679992676e-01,3.301472663879394531e-01,-1.976912319660186768e-01,-3.470912948250770569e-02,6.457516551017761230e-02,6.538078933954238892e-02,8.239611238241195679e-02,5.307920649647712708e-02,-3.234908729791641235e-02,1.209668070077896118e-01,7.776830345392227173e-02,4.236175715923309326e-01,3.390364348888397217e-01,1.241568326950073242e-01,1.081770807504653931e-01,0.000000000000000000e+00,0.000000000000000000e+00,1.139180138707160950e-01,3.028805553913116455e-02,3.400303423404693604e-02,-3.483598232269287109e-01,4.791270494461059570e-01,-2.959719002246856689e-01,-1.252544373273849487e-01,1.329501997679471970e-02,7.337338477373123169e-02,1.096214056015014648e-01,-5.144903659820556641e-01,-3.226040303707122803e-01,-2.670938372611999512e-01,9.237857908010482788e-02
2.547435760498046875e+00,2.247361183166503906e+00,8.773340582847595215e-01,-1.363166328519582748e-02,2.890508249402046204e-02,-9.378495812416076660e-01,3.455673754215240479e-01,-1.586171984672546387e-01,-3.964846208691596985e-02,3.793327510356903076e-02,5.503991991281509399e-02,5.210574716329574585e-02,5.082710832357406616e-02,-1.080059260129928589e-01,9.315152466297149658e-02,-1.816094852983951569e-02,4.076850414276123047e-01,2.854029834270477295e-01,7.071764022111892700e-02,4.723490774631500244e-02,0.000000000000000000e+00,0.000000000000000000e+00,7.102104276418685913e-02,6.900978833436965942e-02,3.023251891136169434e-02,-3.634045422077178955e-01,4.780416786670684814e-01,-3.091471195220947266e-01,-1.149442121386528015e-01,4.295046254992485046e-02,7.107975333929061890e-02,9.202064573764801025e-02,-5.141186118125915527e-01,-3.458315432071685791e-01,-2.576227784156799316e-01,1.210240125656127930e-01
2.524147510528564453e+00,2.225460529327392578e+00,8.818643689155578613e-01,-1.253778673708438873e-02,2.573798783123493195e-02,-9.318686127662658691e-01,3.616645038127899170e-01,-1.173092126846313477e-01,-5.442210286855697632e-02,6.745576392859220505e-03,4.100760444998741150e-02,2.996902912855148315e-02,5.653856322169303894e-02,-1.692674607038497925e-01,6.704258918762207031e-02,-8.088871836662292480e-02,3.552177548408508301e-01,2.433918714523315430e-01,3.195799142122268677e-02,-1.061955932527780533e-02,0.000000000000000000e+00,0.000000000000000000e+00,2.235361747443675995e-02,9.508323669433593750e-02,3.038993850350379944e-02,-3.862441182136535645e-01,4.533791542053222656e-01,-3.142497241497039795e-01,-7.646138221025466919e-02,7.003643363714218140e-02,5.939716100692749023e-02,7.712674885988235474e-02,-5.167517662048339844e-01,-3.559561967849731445e-01,-2.597499787807464600e-01,1.238239705562591553e-01
2.503201007843017578e+00,2.212199211120605469e+00,8.830463886260986328e-01,-6.790743209421634674e-03,2.418226562440395355e-02,-9.233984351158142090e-01,3.830201327800750732e-01,-1.018914356827735901e-01,-6.248338893055915833e-02,-4.483487829566001892e-02,4.084650054574012756e-02,1.692594215273857117e-02,5.440536141395568848e-02,-2.457000166177749634e-01,5.357532203197479248e-02,-1.201734915375709534e-01,2.922100424766540527e-01,1.958744972944259644e-01,2.732190303504467010e-02,-7.842339575290679932e-02,0.000000000000000000e+00,0.000000000000000000e+00,-3.038416244089603424e-02,1.225952431559562683e-01,1.901146257296204567e-03,-4.171264469623565674e-01,4.583875238895416260e-01,-3.218455910682678223e-01,-4.751239717006683350e-02,9.220684319734573364e-02,4.362446814775466919e-02,7.598376274108886719e-02,-5.271871089935302734e-01,-3.648658990859985352e-01,-2.596297562122344971e-01,1.144506782293319702e-01
2.479543924331665039e+00,2.193286418914794922e+00,8.829996585845947266e-01,-1.403758535161614418e-03,1.785174198448657990e-02,-9.137167930603027344e-01,4.059569239616394043e-01,-7.254927605390548706e-02,-7.878702133893966675e-02,-9.312596917152404785e-02,3.345754370093345642e-02,-1.119642332196235657e-02,5.349622666835784912e-02,-3.006147444248199463e-01,3.438616544008255005e-02,-1.383936107158660889e-01,2.106158733367919922e-01,1.621773689985275269e-01,3.954379633069038391e-02,-1.440704762935638428e-01,0.000000000000000000e+00,0.000000000000000000e+00,-7.947579026222229004e-02,1.272211819887161255e-01,-1.641038060188293457e-02,-4.525446593761444092e-01,4.735028445720672607e-01,-3.441636264324188232e-01,-6.635243445634841919e-02,1.197673827409744263e-01,2.152913808822631836e-02,6.807791441679000854e-02,-5.464006066322326660e-01,-3.535361289978027344e-01,-2.789777219295501709e-01,1.070660278201103210e-01
2.455839157104492188e+00,2.173171281814575195e+00,8.811260461807250977e-01,6.136686541140079498e-03,1.227387879043817520e-02,-9.029545187950134277e-01,4.295170009136199951e-01,-4.863283783197402954e-02,-9.472627937793731689e-02,-1.498918682336807251e-01,3.092007897794246674e-02,-3.492969274520874023e-02,5.509211495518684387e-02,-3.622075319290161133e-01,1.361337490379810333e-02,-1.467998623847961426e-01,1.454889625310897827e-01,1.452490240335464478e-01,6.526971608400344849e-02,-2.098933458328247070e-01,0.000000000000000000e+00,0.000000000000000000e+00,-1.299889683723449707e-01,1.343175768852233887e-01,-3.812753781676292419e-02,-4.885449409484863281e-01,4.775559902191162109e-01,-3.639644384384155273e-01,-7.021370530128479004e-02,1.413557380437850952e-01,6.761434487998485565e-03,5.134891346096992493e-02,-5.576985478401184082e-01,-3.734319508075714111e-01,-2.879481613636016846e-01,1.095146611332893372e-01
2.431121349334716797e+00,2.152736663818359375e+00,8.784143328666687012e-01,1.299961004406213760e-02,1.115283742547035217e-02,-8.930474519729614258e-01,4.496364295482635498e-01,-2.646278403699398041e-02,-9.682054817676544189e-02,-1.931248307228088379e-01,2.855757437646389008e-02,-6.203410029411315918e-02,5.452370643615722656e-02,-4.214972257614135742e-01,7.890481501817703247e-04,-1.442364901304244995e-01,9.181989729404449463e-02,1.288214027881622314e-01,9.598016738891601562e-02,-2.616827785968780518e-01,0.000000000000000000e+00,0.000000000000000000e+00,-1.818820089101791382e-01,1.401345282793045044e-01,-5.975317582488059998e-02,-5.270122289657592773e-01,4.796831905841827393e-01,-3.774112761020660400e-01,-6.645158678293228149e-02,1.580829322338104248e-01,-1.211320748552680016e-03,3.421399369835853577e-02,-5.610296726226806641e-01,-3.652741611003875732e-01,-2.803016602993011475e-01,1.175457388162612915e-01
2.405798912048339844e+00,2.130439996719360352e+00,8.767433166503906250e-01,1.390639040619134903e-02,1.280833315104246140e-02,-8.868827819824218750e-01,4.616074860095977783e-01,7.478466257452964783e-03,-8.673648536205291748e-02,-2.208321988582611084e-01,2.311562560498714447e-02,-9.122582525014877319e-02,4.691180214285850525e-02,-4.641900360584259033e-01,-3.952778410166501999e-03,-1.652840971946716309e-01,4.698798432946205139e-02,8.780474215745925903e-02,1.058969944715499878e-01,-2.896219193935394287e-01,0.000000000000000000e+00,0.000000000000000000e+00,-2.298139780759811401e-01,1.389148533344268799e-01,-7.990681380033493042e-02,-5.542898774147033691e-01,4.844780564308166504e-01,-3.860977888107299805e-01,-6.421516835689544678e-02,1.782062649726867676e-01,-6.731228786520659924e-04,1.272733695805072784e-02,-5.545011162757873535e-01,-3.529716134071350098e-01,-2.684216797351837158e-01,1.237124130129814148e-01
2.379183769226074219e+00,2.107967853546142578e+00,8.723207116127014160e-01,1.465824246406555176e-02,1.194617152214050293e-02,-8.834639191627502441e-01,4.681173861026763916e-01,4.533169791102409363e-02,-7.761843502521514893e-02,-2.373516410589218140e-01,1.810567826032638550e-02,-1.206756234169006348e-01,3.952653333544731140e-02,-4.922701716423034668e-01,-1.090347021818161011e-02,-2.127098888158798218e-01,1.747268624603748322e-02,8.082725107669830322e-02,1.346424072980880737e-01,-3.026965856552124023e-01,0.000000000000000000e+00,0.000000000000000000e+00,-2.705113291740417480e-01,1.266236156225204468e-01,-9.141761064529418945e-02,-5.771970152854919434e-01,4.566572010517120361e-01,-3.897643089294433594e-01,-4.675965011119842529e-02,1.962445974349975586e-01,-3.144883085042238235e-03,-1.895477180369198322e-03,-5.485299229621887207e-01,-3.465761840343475342e-01,-2.646133601665496826e-01,1.246936693787574768e-01
2.351330757141113281e+00,2.085099935531616211e+00,8.664018511772155762e-01,1.544924825429916382e-02,1.009498536586761475e-02,-8.802911639213562012e-01,4.740747809410095215e-01,8.477359265089035034e-02,-6.852418929338455200e-02,-2.461011707782745361e-01,1.424068678170442581e-02,-1.478362828493118286e-01,3.608433157205581665e-02,-5.087800621986389160e-01,-1.940412633121013641e-02,-2.302613407373428345e-01,1.361848320811986923e-03,7.056569308042526245e-02,1.466190814971923828e-01,-3.162207603454589844e-01,0.000000000000000000e+00,0.000000000000000000e+00,-2.970681190490722656e-01,1.069867610931396484e-01,-9.044097363948822021e-02,-6.012322902679443359e-01,4.372263252735137939e-01,-3.833580017089843750e-01,-3.435812145471572876e-02,2.036693841218948364e-01,-1.827227999456226826e-03,-2.460236661136150360e-02,-5.097949504852294922e-01,-3.348927497863769531e-01,-2.140253186225891113e-01,1.175126284360885620e-01
2.322848081588745117e+00,2.059917688369750977e+00,8.602549433708190918e-01,1.691619865596294403e-02,3.203787608072161674e-03,-8.770737051963806152e-01,4.800471663475036621e-01,1.289989054203033447e-01,-6.746941059827804565e-02,-2.539469003677368164e-01,9.408717975020408630e-03,-1.682176738977432251e-01,4.031877219676971436e-02,-5.023294687271118164e-01,-3.850717097520828247e-02,-2.541327178478240967e-01,1.752365566790103912e-02,7.279276102781295776e-02,1.381160467863082886e-01,-3.279012441635131836e-01,0.000000000000000000e+00,0.000000000000000000e+00,-3.136394321918487549e-01,7.222792506217956543e-02,-8.570742607116699219e-02,-6.125323772430419922e-01,4.105255603790283203e-01,-3.576633334159851074e-01,-4.576778039336204529e-02,2.051229923963546753e-01,-1.122939586639404297e-02,-3.835553675889968872e-02,-4.872176349163055420e-01,-3.262387514114379883e-01,-1.936253160238265991e-01,1.297258734703063965e-01
2.292802333831787109e+00,2.033707857131958008e+00,8.511990904808044434e-01,2.088216133415699005e-02,-6.667988374829292297e-03,-8.718090057373046875e-01,4.893551766872406006e-01,1.691602021455764771e-01,-6.931708008050918579e-02,-2.665897309780120850e-01,1.154277566820383072e-02,-1.683663874864578247e-01,3.175033628940582275e-02,-4.863243699073791504e-01,-7.144955545663833618e-02,-2.959054708480834961e-01,4.956430196762084961e-02,1.507734656333923340e-01,9.991613030433654785e-02,-3.524170219898223877e-01,0.000000000000000000e+00,0.000000000000000000e+00,-3.054602444171905518e-01,4.126209020614624023e-02,-9.160816669464111328e-02,-6.195659637451171875e-01,4.142962694168090820e-01,-3.444179296493530273e-01,-7.744402438402175903e-02,2.088941633701324463e-01,-2.428282983601093292e-02,-4.640794545412063599e-02,-4.758480787277221680e-01,-3.248382806777954102e-01,-1.855194717645645142e-01,1.353771686553955078e-01
2.261003732681274414e+00,2.006683111190795898e+00,8.458753228187561035e-01,2.204261161386966705e-02,-1.296895835548639297e-02,-8.671683073043823242e-01,4.973580837249755859e-01,2.043043971061706543e-01,-6.213671341538429260e-02,-2.728220522403717041e-01,2.640472166240215302e-02,-1.463686376810073853e-01,1.686307415366172791e-02,-4.622331857681274414e-01,-8.531618118286132812e-02,-2.857601046562194824e-01,6.122029945254325867e-02,2.125985473394393921e-01,1.108428239822387695e-01,-3.718437850475311279e-01,0.000000000000000000e+00,0.000000000000000000e+00,-2.900656461715698242e-01,1.899562962353229523e-02,-9.736671298742294312e-02,-6.100498437881469727e-01,4.001219272613525391e-01,-3.249509632587432861e-01,-1.083214581012725830e-01,1.953783780336380005e-01,-3.179843723773956299e-02,-6.403098255395889282e-02,-4.553439319133758545e-01,-3.068632185459136963e-01,-1.640183031558990479e-01,1.540890932083129883e-01
2.228336095809936523e+00,1.980040073394775391e+00,8.435965180397033691e-01,1.649339869618415833e-02,-1.428547315299510956e-02,-8.661941289901733398e-01,4.992310106754302979e-01,2.325530648231506348e-01,-4.816165193915367126e-02,-2.694624066352844238e-01,6.088702753186225891e-02,-8.284034579992294312e-02,-6.232069805264472961e-03,-4.250713884830474854e-01,-7.555910944938659668e-02,-2.746248841285705566e-01,8.873916417360305786e-02,2.679785788059234619e-01,1.072698757052421570e-01,-3.782275021076202393e-01,0.000000000000000000e+00,0.000000000000000000e+00,-2.541542351245880127e-01,6.927373353391885757e-03,-1.053048148751258850e-01,-5.782365798950195312e-01,4.031744897365570068e-01,-3.162102103233337402e-01,-1.255810260772705078e-01,1.867035031318664551e-01,-2.859634719789028168e-02,-6.807660311460494995e-02,-4.404961466789245605e-01,-3.017604351043701172e-01,-1.584969460964202881e-01,1.517501771450042725e-01
2.195912122726440430e+00,1.954353928565979004e+00,8.436406850814819336e-01,7.086098194122314453e-03,-1.208791974931955338e-02,-8.696792721748352051e-01,4.934183657169342041e-01,2.536115646362304688e-01,-3.184058144688606262e-02,-2.674573659896850586e-01,1.085173860192298889e-01,3.022979199886322021e-02,-7.706205360591411591e-03,-3.832210004329681396e-01,-5.224017053842544556e-02,-2.815445065498352051e-01,1.080252528190612793e-01,2.895486056804656982e-01,1.002183109521865845e-01,-3.638548254966735840e-01,0.000000000000000000e+00,0.000000000000000000e+00,-2.071403115987777710e-01,3.655602631624788046e-04,-1.232391893863677979e-01,-5.305587649345397949e-01,4.101071357727050781e-01,-3.064873218536376953e-01,-1.296265572309494019e-01,1.759124994277954102e-01,-1.703293807804584503e-02,-6.463234871625900269e-02,-4.298332929611206055e-01,-3.097797334194183350e-01,-1.640866100788116455e-01,1.451601237058639526e-01
2.164953708648681641e+00,1.932143568992614746e+00,8.448960185050964355e-01,-2.972189104184508324e-03,-6.692555267363786697e-03,-8.731911778450012207e-01,4.873228967189788818e-01,2.564460039138793945e-01,-1.183208264410495758e-02,-2.565026581287384033e-01,1.657552421092987061e-01,1.786611825227737427e-01,-3.455720469355583191e-02,-3.432663083076477051e-01,-1.357342954725027084e-02,-2.796694636344909668e-01,1.206772550940513611e-01,2.622843682765960693e-01,7.917232811450958252e-02,-3.493623137474060059e-01,0.000000000000000000e+00,0.000000000000000000e+00,-1.465235054492950439e-01,-1.249894849024713039e-03,-1.281107515096664429e-01,-4.916640520095825195e-01,4.284519255161285400e-01,-2.925017178058624268e-01,-1.313723325729370117e-01,1.723096072673797607e-01,-1.011272543109953403e-03,-5.397902056574821472e-02,-4.423824846744537354e-01,-3.210853338241577148e-01,-1.728458553552627563e-01,1.259214133024215698e-01
2.136658191680908203e+00,1.910215854644775391e+00,8.484799265861511230e-01,-7.416634354740381241e-03,-5.286738742142915726e-03,-8.771847486495971680e-01,4.800665974617004395e-01,2.354146987199783325e-01,-8.218523114919662476e-03,-2.410941123962402344e-01,2.235241234302520752e-01,3.602375388145446777e-01,-4.860736057162284851e-02,-3.016290664672851562e-01,1.247547566890716553e-02,-2.670660018920898438e-01,1.185468584299087524e-01,2.304446399211883545e-01,6.440513581037521362e-02,-3.233658075332641602e-01,0.000000000000000000e+00,0.000000000000000000e+00,-9.375659376382827759e-02,-1.196646317839622498e-02,-1.199175342917442322e-01,-4.574809372425079346e-01,4.328210651874542236e-01,-2.810108065605163574e-01,-1.497790515422821045e-01,1.615532040596008301e-01,8.814650587737560272e-03,-4.843374341726303101e-02,-4.634835720062255859e-01,-3.250482976436614990e-01,-1.751183122396469116e-01,1.349275410175323486e-01
2.110140085220336914e+00,1.888455390930175781e+00,8.554366230964660645e-01,-9.366844897158443928e-04,-1.189902517944574356e-02,-8.823033571243286133e-01,4.705297946929931641e-01,1.670187264680862427e-01,-2.237697318196296692e-02,-1.604240536689758301e-01,3.033700883388519287e-01,4.652675092220306396e-01,-4.483043029904365540e-02,-2.695057392120361328e-01,1.510413270443677902e-02,-2.345762699842453003e-01,1.128390654921531677e-01,2.016117572784423828e-01,6.181792542338371277e-02,-2.824591100215911865e-01,0.000000000000000000e+00,0.000000000000000000e+00,-6.023588031530380249e-02,-3.867593407630920410e-02,-1.066190749406814575e-01,-4.172058403491973877e-01,4.487736821174621582e-01,-2.801614403724670410e-01,-1.687047481536865234e-01,1.313349157571792603e-01,-3.521211678162217140e-03,-3.577039763331413269e-02,-4.883123636245727539e-01,-3.460441231727600098e-01,-1.878610998392105103e-01,1.550852656364440918e-01
2.085088968276977539e+00,1.865755319595336914e+00,8.645236492156982422e-01,9.230311959981918335e-03,-2.309455536305904388e-02,-8.886553645133972168e-01,4.579007625579833984e-01,6.352745741605758667e-02,-3.880621865391731262e-02,-4.426582902669906616e-02,3.950724601745605469e-01,4.278107583522796631e-01,2.936228411272168159e-04,-2.399156540632247925e-01,4.137501120567321777e-03,-2.032652646303176880e-01,1.053151786327362061e-01,1.674216389656066895e-01,6.751947104930877686e-02,-2.271375060081481934e-01,0.000000000000000000e+00,0.000000000000000000e+00,-2.769343554973602295e-02,-7.529409229755401611e-02,-8.771917223930358887e-02,-3.980326354503631592e-01,4.309631586074829102e-01,-2.898185551166534424e-01,-1.613563001155853271e-01,1.020329222083091736e-01,-2.877507172524929047e-02,-2.298027090728282928e-02,-5.249200463294982910e-01,-3.275182247161865234e-01,-2.206657081842422485e-01,1.438701599836349487e-01
2.061486482620239258e+00,1.844264507293701172e+00,8.727480769157409668e-01,1.549602393060922623e-02,-3.237758949398994446e-02,-8.952006697654724121e-01,4.442153871059417725e-01,-3.904049843549728394e-02,-5.245080217719078064e-02,4.047651588916778564e-02,4.542528986930847168e-01,3.579973280429840088e-01,4.274174943566322327e-02,-2.021919041872024536e-01,-1.214900170452892780e-03,-1.685529351234436035e-01,8.847566694021224976e-02,1.434826105833053589e-01,8.079504221677780151e-02,-1.638635396957397461e-01,0.000000000000000000e+00,0.000000000000000000e+00,1.414158847182989120e-02,-1.031281873583793640e-01,-7.419489324092864990e-02,-3.957075476646423340e-01,4.438205361366271973e-01,-2.737396359443664551e-01,-1.960889399051666260e-01,6.295280903577804565e-02,-5.140961706638336182e-02,-6.282605696469545364e-03,-5.250458717346191406e-01,-3.369775712490081787e-01,-2.090180665254592896e-01,1.511767059564590454e-01
2.040045499801635742e+00,1.823949337005615234e+00,8.793280124664306641e-01,2.101174741983413696e-02,-3.571996465325355530e-02,-9.044830799102783203e-01,4.244913756847381592e-01,-1.313479691743850708e-01,-6.275931000709533691e-02,1.021821498870849609e-01,4.590889215469360352e-01,2.920978069305419922e-01,7.208164781332015991e-02,-1.709790825843811035e-01,3.010913729667663574e-03,-1.244761720299720764e-01,7.144949585199356079e-02,1.260848641395568848e-01,9.244098514318466187e-02,-8.292681723833084106e-02,0.000000000000000000e+00,0.000000000000000000e+00,5.177598819136619568e-02,-1.201675608754158020e-01,-5.903591588139533997e-02,-4.013442099094390869e-01,4.132404327392578125e-01,-2.521384060382843018e-01,-2.123107910156250000e-01,2.692692168056964874e-02,-7.106403261423110962e-02,1.721215061843395233e-02,-5.351214408874511719e-01,-3.371835947036743164e-01,-1.910285651683807373e-01,1.811347305774688721e-01
2.017538547515869141e+00,1.802832722663879395e+00,8.830965161323547363e-01,2.107846736907958984e-02,-3.547414764761924744e-02,-9.134624004364013672e-01,4.048255980014801025e-01,-2.065445482730865479e-01,-5.562010407447814941e-02,1.671798676252365112e-01,4.230771660804748535e-01,2.298161089420318604e-01,9.432191401720046997e-02,-1.333958208560943604e-01,1.677576452493667603e-02,-7.753092050552368164e-02,5.611640214920043945e-02,1.056971624493598938e-01,9.787091612815856934e-02,-1.371210068464279175e-02,0.000000000000000000e+00,0.000000000000000000e+00,1.009721159934997559e-01,-1.201624795794487000e-01,-5.402278155088424683e-02,-4.083208739757537842e-01,4.291349649429321289e-01,-2.668949961662292480e-01,-2.035332024097442627e-01,-9.451417252421379089e-03,-8.945444971323013306e-02,6.981352716684341431e-02,-5.413562059402465820e-01,-3.424076437950134277e-01,-2.153219431638717651e-01,1.155911460518836975e-01
1.996177434921264648e+00,1.781704425811767578e+00,8.848910331726074219e-01,2.148786932229995728e-02,-2.952352166175842285e-02,-9.226848483085632324e-01,3.838219642639160156e-01,-2.710734307765960693e-01,-4.190171509981155396e-02,2.187692523002624512e-01,3.530399501323699951e-01,1.870420575141906738e-01,1.057576984167098999e-01,-1.030833050608634949e-01,3.515458106994628906e-02,-3.733389824628829956e-02,4.361209273338317871e-02,8.228170126676559448e-02,1.064203232526779175e-01,5.750942230224609375e-02,0.000000000000000000e+00,0.000000000000000000e+00,1.450084298849105835e-01,-1.132023259997367859e-01,-3.885955736041069031e-02,-4.147318303585052490e-01,4.370885491371154785e-01,-2.658117115497589111e-01,-2.177487015724182129e-01,-4.731747880578041077e-02,-9.147754311561584473e-02,9.648305177688598633e-02,-5.471838116645812988e-01,-3.394238352775573730e-01,-2.210793495178222656e-01,1.000110730528831482e-01
1.974553227424621582e+00,1.760109424591064453e+00,8.828649520874023438e-01,2.244373224675655365e-02,-1.849457621574401855e-02,-9.329909682273864746e-01,3.587228953838348389e-01,-3.349887132644653320e-01,-2.401595003902912140e-02,2.436762154102325439e-01,2.697687149047851562e-01,1.622134000062942505e-01,9.435834735631942749e-02,-7.763178646564483643e-02,5.985687300562858582e-02,1.460353843867778778e-02,3.306090831756591797e-02,6.243422254920005798e-02,1.061275303363800049e-01,1.296851634979248047e-01,0.000000000000000000e+00,0.000000000000000000e+00,1.819889843463897705e-01,-9.669659286737442017e-02,-2.073717303574085236e-02,-4.175237715244293213e-01,4.482789933681488037e-01,-2.729167342185974121e-01,-2.207390666007995605e-01,-8.905114978551864624e-02,-8.503511548042297363e-02,1.275307387113571167e-01,-5.544235110282897949e-01,-3.450720310211181641e-01,-2.294619977474212646e-01,8.833484351634979248e-02
1.951213479042053223e+00,1.736030220985412598e+00,8.787258863449096680e-01,2.036551572382450104e-02,-6.305657792836427689e-03,-9.427574872970581055e-01,3.327970206737518311e-01,-3.875078558921813965e-01,-9.926099330186843872e-03,2.223473191261291504e-01,1.825387179851531982e-01,1.677252799272537231e-01,6.815496832132339478e-02,-4.192007705569267273e-02,8.317393064498901367e-02,6.973226368427276611e-02,1.948148384690284729e-02,4.329210147261619568e-02,1.002919971942901611e-01,1.982070505619049072e-01,0.000000000000000000e+00,0.000000000000000000e+00,2.194445282220840454e-01,-7.530272006988525391e-02,-6.795405410230159760e-03,-4.097669720649719238e-01,4.338439702987670898e-01,-2.724656164646148682e-01,-2.226849794387817383e-01,-1.216116175055503845e-01,-7.140610367059707642e-02,1.484611928462982178e-01,-5.648010969161987305e-01,-3.384488523006439209e-01,-2.322378307580947876e-01,8.456392586231231689e-02
1.926630139350891113e+00,1.711306929588317871e+00,8.737787008285522461e-01,2.091883495450019836e-02,1.765303662978112698e-03,-9.512824416160583496e-01,3.076052069664001465e-01,-4.446094632148742676e-01,2.114182338118553162e-03,1.812296360731124878e-01,1.152888163924217224e-01,1.520679891109466553e-01,4.401679709553718567e-02,-8.339869789779186249e-03,9.328734129667282104e-02,1.280135661363601685e-01,9.022722020745277405e-03,2.260173112154006958e-02,1.052233651280403137e-01,2.606495320796966553e-01,0.000000000000000000e+00,0.000000000000000000e+00,2.496782839298248291e-01,-6.885613501071929932e-02,1.458805892616510391e-02,-4.011143147945404053e-01,4.417531192302703857e-01,-2.639982402324676514e-01,-2.243483364582061768e-01,-1.562730371952056885e-01,-5.340677872300148010e-02,1.715465784072875977e-01,-5.760303139686584473e-01,-3.662970066070556641e-01,-2.353451251983642578e-01,1.060909107327461243e-01
1.901388049125671387e+00,1.686356067657470703e+00,8.686231374740600586e-01,2.245660312473773956e-02,3.678318345919251442e-03,-9.568509459495544434e-01,2.896867394447326660e-01,-4.953175187110900879e-01,6.919302046298980713e-03,1.645631939172744751e-01,6.496096402406692505e-02,1.110750883817672729e-01,2.320063114166259766e-02,2.554587461054325104e-02,8.745650202035903931e-02,1.657839417457580566e-01,6.230724975466728210e-03,4.193911081529222429e-05,1.035932004451751709e-01,3.059844970703125000e-01,0.000000000000000000e+00,0.000000000000000000e+00,2.701647281646728516e-01,-7.126246392726898193e-02,3.075626119971275330e-02,-3.810768127441406250e-01,4.469546973705291748e-01,-2.538089454174041748e-01,-2.246627807617187500e-01,-1.853502690792083740e-01,-5.537379533052444458e-02,1.931122839450836182e-01,-5.904633998870849609e-01,-3.602110445499420166e-01,-2.439924776554107666e-01,1.106758192181587219e-01
1.876137971878051758e+00,1.660383105278015137e+00,8.625267744064331055e-01,2.370818518102169037e-02,2.949968446046113968e-03,-9.590404629707336426e-01,2.822598516941070557e-01,-5.309223532676696777e-01,8.595586754381656647e-03,2.065627872943878174e-01,3.545318543910980225e-02,7.037600874900817871e-02,9.748248383402824402e-03,6.184579432010650635e-02,7.611338794231414795e-02,1.849911510944366455e-01,4.431308247148990631e-03,-2.847723849117755890e-02,1.079587861895561218e-01,3.292672932147979736e-01,0.000000000000000000e+00,0.000000000000000000e+00,2.816610634326934814e-01,-8.086023479700088501e-02,3.934900462627410889e-02,-3.569871485233306885e-01,4.469911158084869385e-01,-2.489018291234970093e-01,-2.252673059701919556e-01,-2.075163424015045166e-01,-5.642655119299888611e-02,2.126588225364685059e-01,-5.965610146522521973e-01,-3.550444841384887695e-01,-2.479767650365829468e-01,1.017352938652038574e-01
1.849979043006896973e+00,1.633267879486083984e+00,8.560985922813415527e-01,2.055166848003864288e-02,2.329630078747868538e-03,-9.621119499206542969e-01,2.718690335750579834e-01,-5.326998233795166016e-01,1.538140326738357544e-02,2.693808674812316895e-01,2.384058013558387756e-02,4.748704284429550171e-02,4.362220875918865204e-03,1.047761589288711548e-01,6.620009988546371460e-02,2.059112042188644409e-01,3.405944211408495903e-03,-5.067470297217369080e-02,1.123824641108512878e-01,3.512001931667327881e-01,0.000000000000000000e+00,0.000000000000000000e+00,3.036395609378814697e-01,-9.397730976343154907e-02,4.564516991376876831e-02,-3.478062748908996582e-01,4.384426772594451904e-01,-2.549631595611572266e-01,-2.175944000482559204e-01,-2.150430828332901001e-01,-5.135571956634521484e-02,2.273451834917068481e-01,-6.059561967849731445e-01,-3.390053212642669678e-01,-2.592815756797790527e-01,8.931560814380645752e-02
1.821721315383911133e+00,1.604880094528198242e+00,8.491235375404357910e-01,1.640775799751281738e-02,6.311095319688320160e-03,-9.653444290161132812e-01,2.603863477706909180e-01,-5.166966319084167480e-01,2.958941832184791565e-02,3.152213692665100098e-01,4.374178871512413025e-02,6.522855907678604126e-02,1.306878309696912766e-02,1.453988254070281982e-01,6.411437690258026123e-02,2.271674424409866333e-01,6.974664982408285141e-03,-4.963387548923492432e-02,1.165433898568153381e-01,3.726315200328826904e-01,0.000000000000000000e+00,0.000000000000000000e+00,3.020499944686889648e-01,-9.523297101259231567e-02,6.453979015350341797e-02,-3.224245309829711914e-01,4.510710835456848145e-01,-2.345322370529174805e-01,-2.442342042922973633e-01,-2.138526141643524170e-01,-3.061159700155258179e-02,2.340720593929290771e-01,-5.999101996421813965e-01,-3.449918925762176514e-01,-2.420748323202133179e-01,1.063286066055297852e-01
1.791871786117553711e+00,1.574936032295227051e+00,8.419789671897888184e-01,1.250783540308475494e-02,1.204129960387945175e-02,-9.687951803207397461e-01,2.472538799047470093e-01,-4.942661821842193604e-01,4.682307690382003784e-02,3.391503691673278809e-01,6.559443473815917969e-02,1.456123292446136475e-01,2.309756353497505188e-02,1.803163886070251465e-01,6.239863857626914978e-02,2.501533329486846924e-01,1.749541051685810089e-02,-2.155914343893527985e-02,1.306508630514144897e-01,3.931812047958374023e-01,0.000000000000000000e+00,0.000000000000000000e+00,3.028076291084289551e-01,-9.181770682334899902e-02,8.493352681398391724e-02,-3.278152048587799072e-01,4.236924052238464355e-01,-2.309705913066864014e-01,-2.400726974010467529e-01,-2.073206007480621338e-01,-1.333423703908920288e-02,2.254985570907592773e-01,-5.999875068664550781e-01,-3.345797061920166016e-01,-2.516551315784454346e-01,1.006301715970039368e-01
1.760912895202636719e+00,1.543131709098815918e+00,8.396396636962890625e-01,7.324432022869586945e-03,1.250460371375083923e-02,-9.695496559143066406e-01,2.444655597209930420e-01,-4.618249535560607910e-01,3.687385842204093933e-02,3.309599161148071289e-01,7.901857793331146240e-02,2.001579999923706055e-01,2.729956433176994324e-02,2.127849161624908447e-01,5.667709931731224060e-02,2.526790201663970947e-01,4.413673654198646545e-02,3.321170061826705933e-02,1.562379151582717896e-01,3.933745622634887695e-01,0.000000000000000000e+00,0.000000000000000000e+00,2.921903729438781738e-01,-9.164894372224807739e-02,9.211047738790512085e-02,-3.243454396724700928e-01,4.285113215446472168e-01,-2.251097410917282104e-01,-2.315927445888519287e-01,-1.809487938880920410e-01,6.116918288171291351e-03,2.090077847242355347e-01,-5.825194716453552246e-01,-3.448323607444763184e-01,-2.408211082220077515e-01,1.152332574129104614e-01
1.731624007225036621e+00,1.512329578399658203e+00,8.410512804985046387e-01,5.489018512889742851e-04,6.226206663995981216e-03,-9.695046544075012207e-01,2.449931055307388306e-01,-4.175854623317718506e-01,1.172197889536619186e-02,3.116782009601593018e-01,9.648709744215011597e-02,2.171115279197692871e-01,3.601387515664100647e-02,2.372941076755523682e-01,4.199961200356483459e-02,2.515620291233062744e-01,8.915165066719055176e-02,1.252353638410568237e-01,1.911199092864990234e-01,3.813930749893188477e-01,0.000000000000000000e+00,0.000000000000000000e+00,2.801274657249450684e-01,-9.255540370941162109e-02,9.111763536930084229e-02,-3.187815546989440918e-01,4.537099301815032959e-01,-2.362816631793975830e-01,-2.204612940549850464e-01,-1.404202729463577271e-01,7.907499559223651886e-03,1.983709186315536499e-01,-5.631287693977355957e-01,-3.455221056938171387e-01,-2.498671114444732666e-01,1.004984229803085327e-01
1.703298926353454590e+00,1.482589364051818848e+00,8.449177145957946777e-01,-7.285699713975191116e-03,-4.322526510804891586e-03,-9.676530957221984863e-01,2.521423399448394775e-01,-3.687100708484649658e-01,-2.234070003032684326e-02,3.005500137805938721e-01,1.146569997072219849e-01,1.861751377582550049e-01,6.241266056895256042e-02,2.585316002368927002e-01,2.314329519867897034e-02,2.394388616085052490e-01,1.400135606527328491e-01,2.649832963943481445e-01,2.144901156425476074e-01,3.573910892009735107e-01,0.000000000000000000e+00,0.000000000000000000e+00,2.617185413837432861e-01,-9.500546008348464966e-02,8.052104711532592773e-02,-3.120536506175994873e-01,4.756055176258087158e-01,-2.294632196426391602e-01,-2.258427441120147705e-01,-9.453721344470977783e-02,8.758443407714366913e-03,1.768163740634918213e-01,-5.292620658874511719e-01,-3.468610048294067383e-01,-2.301522940397262573e-01,1.268918067216873169e-01
1.677801966667175293e+00,1.456245303153991699e+00,8.504547476768493652e-01,-1.297044381499290466e-02,-9.097788482904434204e-03,-9.644581079483032227e-01,2.637604475021362305e-01,-3.222197294235229492e-01,-4.879467561841011047e-02,2.753414511680603027e-01,1.201906278729438782e-01,1.560348868370056152e-01,8.236007392406463623e-02,2.582542598247528076e-01,1.993125677108764648e-02,2.314065396785736084e-01,1.950670927762985229e-01,4.360455274581909180e-01,2.209549248218536377e-01,3.184619545936584473e-01,0.000000000000000000e+00,0.000000000000000000e+00,2.350494861602783203e-01,-9.087394177913665771e-02,5.612022429704666138e-02,-3.202908635139465332e-01,4.845474064350128174e-01,-2.422832548618316650e-01,-2.016036510467529297e-01,-5.702736601233482361e-02,8.419372141361236572e-03,1.649836301803588867e-01,-5.022154450416564941e-01,-3.390289247035980225e-01,-2.339132577180862427e-01,1.256137639284133911e-01
1.652853131294250488e+00,1.428835511207580566e+00,8.552965521812438965e-01,-2.122715488076210022e-02,-1.971177011728286743e-02,-9.625199437141418457e-01,2.696595191955566406e-01,-2.518052756786346436e-01,-8.499120920896530151e-02,2.747921347618103027e-01,1.006002873182296753e-01,1.232969388365745544e-01,1.041930019855499268e-01,1.816232055425643921e-01,2.245675027370452881e-02,2.365261465311050415e-01,3.941975533962249756e-01,5.061399936676025391e-01,2.350121438503265381e-01,2.856912314891815186e-01,0.000000000000000000e+00,0.000000000000000000e+00,2.241795510053634644e-01,-9.273727238178253174e-02,1.362101826816797256e-02,-3.319467902183532715e-01,4.807123541831970215e-01,-2.575024962425231934e-01,-1.869632452726364136e-01,3.722758556250482798e-04,8.097453974187374115e-03,1.458246409893035889e-01,-4.897148311138153076e-01,-3.000977039337158203e-01,-2.367335855960845947e-01,1.025495305657386780e-01
1.629632472991943359e+00,1.408079028129577637e+00,8.693789243698120117e-01,-2.274223044514656067e-02,5.326937418431043625e-03,-9.533853530883789062e-01,3.008500337600708008e-01,-2.313558012247085571e-01,-6.096530705690383911e-02,1.992781460285186768e-01,1.032147854566574097e-01,8.924115449190139771e-02,1.040333136916160583e-01,1.446800082921981812e-01,7.714036852121353149e-02,1.764712482690811157e-01,3.566873967647552490e-01,5.047062635421752930e-01,2.074366360902786255e-01,2.082391083240509033e-01,0.000000000000000000e+00,0.000000000000000000e+00,1.331931203603744507e-01,-3.735249489545822144e-02,1.864187302999198437e-03,-3.458772599697113037e-01,4.750301539897918701e-01,-2.585746943950653076e-01,-1.682670712471008301e-01,4.496158566325902939e-03,3.200602531433105469e-02,1.201527118682861328e-01,-4.740058779716491699e-01,-3.112190961837768555e-01,-2.183702290058135986e-01,1.372107416391372681e-01
1.607388377189636230e+00,1.386581420898437500e+00,8.803337812423706055e-01,-2.402709424495697021e-02,2.089930139482021332e-02,-9.459089040756225586e-01,3.228656947612762451e-01,-2.007982730865478516e-01,-4.844417423009872437e-02,1.478902101516723633e-01,9.371333569288253784e-02,6.221619248390197754e-02,8.953930437564849854e-02,4.501362890005111694e-02,9.844271838665008545e-02,8.916742354631423950e-02,4.011487364768981934e-01,3.855956792831420898e-01,1.376370489597320557e-01,1.315387189388275146e-01,0.000000000000000000e+00,0.000000000000000000e+00,5.686909705400466919e-02,1.303548924624919891e-03,2.627500216476619244e-04,-3.558479845523834229e-01,4.678985774517059326e-01,-2.866040170192718506e-01,-1.512879431247711182e-01,2.205039002001285553e-02,4.606884717941284180e-02,1.126785650849342346e-01,-4.809804260730743408e-01,-2.907318472862243652e-01,-2.392219156026840210e-01,1.191404014825820923e-01
1.586317062377929688e+00,1.364828944206237793e+00,8.886896967887878418e-01,-2.589725144207477570e-02,2.905974350869655609e-02,-9.389538168907165527e-01,3.418342173099517822e-01,-1.638047397136688232e-01,-4.652660712599754333e-02,1.013825088739395142e-01,8.163912594318389893e-02,4.457156732678413391e-02,7.527839392423629761e-02,-4.767992347478866577e-02,9.001439809799194336e-02,-6.566842552274465561e-03,4.168049693107604980e-01,2.800485789775848389e-01,8.105663210153579712e-02,6.251490116119384766e-02,0.000000000000000000e+00,0.000000000000000000e+00,-4.287291783839464188e-03,3.374864906072616577e-02,-1.087441854178905487e-02,-3.814877867698669434e-01,4.466300010681152344e-01,-2.958242297172546387e-01,-1.339504867792129517e-01,4.421679303050041199e-02,5.967307463288307190e-02,9.128387272357940674e-02,-4.787038564682006836e-01,-3.100528419017791748e-01,-2.400647252798080444e-01,1.440623253583908081e-01
1.565523624420166016e+00,1.344231247901916504e+00,8.943682312965393066e-01,-2.513236552476882935e-02,2.988812513649463654e-02,-9.320637583732604980e-01,3.601835370063781738e-01,-1.273155063390731812e-01,-5.524815618991851807e-02,6.259012222290039062e-02,6.764478981494903564e-02,2.462943270802497864e-02,6.605759263038635254e-02,-1.212111711502075195e-01,6.554663181304931641e-02,-8.516520261764526367e-02,3.835057616233825684e-01,2.231695950031280518e-01,4.186552390456199646e-02,-1.825531595386564732e-03,0.000000000000000000e+00,0.000000000000000000e+00,-5.932394415140151978e-02,5.597519502043724060e-02,-4.376074671745300293e-02,-4.174406230449676514e-01,4.322506189346313477e-01,-3.198811709880828857e-01,-8.406392484903335571e-02,7.278188318014144897e-02,5.358434841036796570e-02,8.830171823501586914e-02,-5.004823207855224609e-01,-3.119496405124664307e-01,-2.565707564353942871e-01,1.093925684690475464e-01
1.544403672218322754e+00,1.323663473129272461e+00,8.966838121414184570e-01,-2.194228395819664001e-02,2.593387477099895477e-02,-9.249942898750305176e-01,3.784594237804412842e-01,-9.063487499952316284e-02,-7.165099680423736572e-02,2.141594886779785156e-02,5.222379788756370544e-02,6.813909392803907394e-03,5.969468131661415100e-02,-1.861316561698913574e-01,3.897689655423164368e-02,-1.424243301153182983e-01,3.178458809852600098e-01,1.787812411785125732e-01,2.184728533029556274e-02,-6.458942592144012451e-02,0.000000000000000000e+00,0.000000000000000000e+00,-1.117059215903282166e-01,6.304010748863220215e-02,-7.018163055181503296e-02,-4.579500854015350342e-01,4.364081025123596191e-01,-3.213906288146972656e-01,-9.235259890556335449e-02,9.565468877553939819e-02,4.365304857492446899e-02,7.390233129262924194e-02,-5.125510096549987793e-01,-3.078028261661529541e-01,-2.461472302675247192e-01,1.167988851666450500e-01
1.522725224494934082e+00,1.303224802017211914e+00,8.965137600898742676e-01,-1.472865231335163116e-02,2.135170251131057739e-02,-9.156240820884704590e-01,4.011979103088378906e-01,-6.347307562828063965e-02,-8.941971510648727417e-02,-3.072139248251914978e-02,4.097047075629234314e-02,-1.317672338336706161e-02,5.231604352593421936e-02,-2.545577585697174072e-01,1.744016446173191071e-02,-1.742106229066848755e-01,2.469536662101745605e-01,1.405386626720428467e-01,2.650067955255508423e-02,-1.317966431379318237e-01,0.000000000000000000e+00,0.000000000000000000e+00,-1.670102924108505249e-01,6.912829726934432983e-02,-1.075852364301681519e-01,-5.044676661491394043e-01,4.547446072101593018e-01,-3.279114067554473877e-01,-1.045745462179183960e-01,1.166873499751091003e-01,2.075161784887313843e-02,7.378516346216201782e-02,-5.399941802024841309e-01,-3.161660432815551758e-01,-2.443990409374237061e-01,1.227153986692428589e-01
1.499935507774353027e+00,1.281531095504760742e+00,8.939746022224426270e-01,-6.908651906996965408e-03,1.396061014384031296e-02,-9.059469103813171387e-01,4.231047332286834717e-01,-3.337873890995979309e-02,-1.095372736454010010e-01,-8.552088588476181030e-02,2.994476445019245148e-02,-3.339445590972900391e-02,4.981119930744171143e-02,-3.139653503894805908e-01,-3.097017994150519371e-03,-1.786067783832550049e-01,1.667133569717407227e-01,1.418976336717605591e-01,5.116435140371322632e-02,-1.995714753866195679e-01,0.000000000000000000e+00,0.000000000000000000e+00,-2.124748975038528442e-01,7.088691741228103638e-02,-1.258240938186645508e-01,-5.463238954544067383e-01,4.621102213859558105e-01,-3.483394980430603027e-01,-9.529381245374679565e-02,1.318588405847549438e-01,9.614050388336181641e-03,3.616904467344284058e-02,-5.433095693588256836e-01,-2.969094216823577881e-01,-2.403108775615692139e-01,1.138964071869850159e-01
1.476823687553405762e+00,1.259150624275207520e+00,8.909995555877685547e-01,1.033751643262803555e-03,8.934896439313888550e-03,-8.954784870147705078e-01,4.450139701366424561e-01,-2.262372290715575218e-03,-1.209832355380058289e-01,-1.385946720838546753e-01,1.734885759651660919e-02,-5.565459281206130981e-02,4.480637982487678528e-02,-3.756211698055267334e-01,-2.191813290119171143e-02,-1.829636543989181519e-01,1.026950627565383911e-01,1.428304463624954224e-01,7.660053670406341553e-02,-2.596381008625030518e-01,0.000000000000000000e+00,0.000000000000000000e+00,-2.558810710906982422e-01,7.352735102176666260e-02,-1.600438654422760010e-01,-5.889797210693359375e-01,4.641588330268859863e-01,-3.635050058364868164e-01,-8.500831574201583862e-02,1.408982127904891968e-01,-4.245598101988434792e-04,2.142632193863391876e-02,-5.501137971878051758e-01,-3.178827762603759766e-01,-2.311436384916305542e-01,1.123486533761024475e-01
1.453075051307678223e+00,1.235570788383483887e+00,8.887026309967041016e-01,4.884220194071531296e-03,9.963564574718475342e-03,-8.878057003021240234e-01,4.600846767425537109e-01,3.043584339320659637e-02,-1.151559352874755859e-01,-1.759016811847686768e-01,7.924484089016914368e-03,-8.479750901460647583e-02,3.598525375127792358e-02,-4.306834638118743896e-01,-2.473619580268859863e-02,-2.008025646209716797e-01,5.039739608764648438e-02,1.127746850252151489e-01,9.856671094894409180e-02,-3.016402125358581543e-01,0.000000000000000000e+00,0.000000000000000000e+00,-2.960703670978546143e-01,7.586352527141571045e-02,-1.741324514150619507e-01,-6.249322295188903809e-01,4.528460502624511719e-01,-3.731933236122131348e-01,-7.852894067764282227e-02,1.552571207284927368e-01,9.336790535598993301e-04,5.781197920441627502e-03,-5.484114885330200195e-01,-3.203464448451995850e-01,-2.210366576910018921e-01,1.273445636034011841e-01
1.428736925125122070e+00,1.212186336517333984e+00,8.851162195205688477e-01,6.771279033273458481e-03,1.206745114177465439e-02,-8.838930726051330566e-01,4.674842953681945801e-01,6.359020620584487915e-02,-1.039403453469276428e-01,-1.969085484743118286e-01,4.512250423431396484e-03,-1.189414486289024353e-01,2.000207640230655670e-02,-4.747757315635681152e-01,-1.954154483973979950e-02,-2.633468806743621826e-01,1.180960424244403839e-02,8.631382137537002563e-02,1.292237341403961182e-01,-3.267010748386383057e-01,0.000000000000000000e+00,0.000000000000000000e+00,-3.273225724697113037e-01,7.743776589632034302e-02,-1.776485592126846313e-01,-6.527932286262512207e-01,4.104285538196563721e-01,-3.779483437538146973e-01,-6.228797510266304016e-02,1.665225327014923096e-01,6.723106838762760162e-03,-1.310224737972021103e-02,-5.370910167694091797e-01,-3.147269189357757568e-01,-2.112972885370254517e-01,1.317383497953414917e-01
1.403444886207580566e+00,1.187925457954406738e+00,8.796309232711791992e-01,7.001633290201425552e-03,9.881146252155303955e-03,-8.797956705093383789e-01,4.751977920532226562e-01,1.042809560894966125e-01,-9.749680757522583008e-02,-2.172460258007049561e-01,6.208496779436245561e-05,-1.485702991485595703e-01,1.419121306389570236e-02,-5.006276369094848633e-01,-2.014026232063770294e-02,-3.248416483402252197e-01,1.769852497091051191e-05,7.446663081645965576e-02,1.644130945205688477e-01,-3.511544466018676758e-01,0.000000000000000000e+00,0.000000000000000000e+00,-3.433029353618621826e-01,6.515394151210784912e-02,-1.699995100498199463e-01,-6.640247702598571777e-01,3.977109193801879883e-01,-3.884206116199493408e-01,-6.090711802244186401e-02,1.815556287765502930e-01,1.117162965238094330e-02,-2.606575004756450653e-02,-5.251213312149047852e-01,-3.338542282581329346e-01,-2.172681242227554321e-01,1.413561701774597168e-01
1.377255797386169434e+00,1.162373065948486328e+00,8.728130459785461426e-01,1.092731114476919174e-02,5.176623351871967316e-03,-8.738956451416015625e-01,4.859631955623626709e-01,1.398542225360870361e-01,-9.656453132629394531e-02,-2.407552450895309448e-01,1.264370221178978682e-04,-1.738814413547515869e-01,1.158289052546024323e-02,-5.080422759056091309e-01,-2.564104832708835602e-02,-3.483447134494781494e-01,1.059634145349264145e-02,7.727020978927612305e-02,1.975739449262619019e-01,-3.784745931625366211e-01,0.000000000000000000e+00,0.000000000000000000e+00,-3.533093333244323730e-01,4.659198969602584839e-02,-1.576094627380371094e-01,-6.621294021606445312e-01,3.794530928134918213e-01,-3.768323659896850586e-01,-6.955932825803756714e-02,1.859703361988067627e-01,1.652262522839009762e-03,-3.358513861894607544e-02,-5.036290287971496582e-01,-3.175829648971557617e-01,-2.045519351959228516e-01,1.552703380584716797e-01
1.349851846694946289e+00,1.134431600570678711e+00,8.658458590507507324e-01,1.441524643450975418e-02,-8.997563854791224003e-04,-8.658171296119689941e-01,5.001521110534667969e-01,1.769991219043731689e-01,-9.438696503639221191e-02,-2.690713703632354736e-01,3.001073841005563736e-03,-1.726757586002349854e-01,3.684916533529758453e-03,-4.966051280498504639e-01,-3.785726428031921387e-02,-3.467203080654144287e-01,4.312923923134803772e-02,1.071648374199867249e-01,1.816640794277191162e-01,-4.123232662677764893e-01,0.000000000000000000e+00,0.000000000000000000e+00,-3.461867868900299072e-01,2.688690461218357086e-02,-1.488139331340789795e-01,-6.531865596771240234e-01,3.752874732017517090e-01,-3.626069426536560059e-01,-7.993680983781814575e-02,1.857795566320419312e-01,-2.327721100300550461e-03,-4.600019007921218872e-02,-4.830276668071746826e-01,-3.184218406677246094e-01,-1.883146911859512329e-01,1.749562919139862061e-01
1.320590138435363770e+00,1.105808019638061523e+00,8.594498038291931152e-01,1.695931144058704376e-02,-4.503719042986631393e-03,-8.573925495147705078e-01,5.143637657165527344e-01,2.103548496961593628e-01,-8.306419104337692261e-02,-2.963399887084960938e-01,8.898552507162094116e-03,-1.414302438497543335e-01,-1.734934747219085693e-02,-4.832437634468078613e-01,-4.868429526686668396e-02,-3.329141438007354736e-01,5.777007341384887695e-02,1.644811183214187622e-01,1.309786587953567505e-01,-4.409627318382263184e-01,0.000000000000000000e+00,0.000000000000000000e+00,-3.335547745227813721e-01,1.813558116555213928e-02,-1.652310788631439209e-01,-6.239823102951049805e-01,3.857581913471221924e-01,-3.470141589641571045e-01,-8.826559782028198242e-02,1.789764016866683960e-01,-6.014464423060417175e-03,-5.747651681303977966e-02,-4.632209837436676025e-01,-3.351464569568634033e-01,-1.824511289596557617e-01,1.672866493463516235e-01
1.290819287300109863e+00,1.075366854667663574e+00,8.546829223632812500e-01,1.474665571004152298e-02,-9.041552431881427765e-03,-8.521791100502014160e-01,5.229642391204833984e-01,2.437021732330322266e-01,-7.491184771060943604e-02,-3.192185163497924805e-01,3.317465633153915405e-02,-8.386783301830291748e-02,-3.664931654930114746e-02,-4.497918486595153809e-01,-5.304802954196929932e-02,-3.234019577503204346e-01,7.562605291604995728e-02,2.329863607883453369e-01,1.072159409523010254e-01,-4.516426920890808105e-01,0.000000000000000000e+00,0.000000000000000000e+00,-3.055529594421386719e-01,8.449377492070198059e-03,-1.866664439439773560e-01,-5.693551898002624512e-01,3.867197036743164062e-01,-3.230550289154052734e-01,-9.816270321607589722e-02,1.794095337390899658e-01,-7.842489518225193024e-03,-7.075916230678558350e-02,-4.481155872344970703e-01,-3.375462293624877930e-01,-1.778470277786254883e-01,1.635671705007553101e-01
1.261010885238647461e+00,1.045597553253173828e+00,8.528078198432922363e-01,8.420604281127452850e-03,-1.215166598558425903e-02,-8.500816822052001953e-01,5.264433026313781738e-01,2.649969756603240967e-01,-6.430114805698394775e-02,-3.310771286487579346e-01,8.280107378959655762e-02,2.795055042952299118e-03,-4.376709461212158203e-02,-4.043717980384826660e-01,-5.069915205240249634e-02,-3.387059271335601807e-01,9.641725569963455200e-02,2.806465923786163330e-01,9.857013076543807983e-02,-4.500289261341094971e-01,0.000000000000000000e+00,0.000000000000000000e+00,-2.610428333282470703e-01,-4.385098291095346212e-04,-2.143376320600509644e-01,-5.040145516395568848e-01,3.739378154277801514e-01,-3.004002869129180908e-01,-1.174011975526809692e-01,1.777135580778121948e-01,-7.492966949939727783e-03,-7.958605140447616577e-02,-4.329580068588256836e-01,-3.312317132949829102e-01,-1.789423674345016479e-01,1.601485162973403931e-01
1.232162356376647949e+00,1.018751025199890137e+00,8.544387817382812500e-01,-1.456503639928996563e-03,-8.707941509783267975e-03,-8.528414964675903320e-01,5.220952630043029785e-01,2.758331000804901123e-01,-4.694422334432601929e-02,-3.229798972606658936e-01,1.356082260608673096e-01,1.438560932874679565e-01,-6.307698041200637817e-02,-3.634894490242004395e-01,-1.891704276204109192e-02,-3.254745602607727051e-01,1.113518700003623962e-01,2.659276723861694336e-01,7.531662285327911377e-02,-4.254771471023559570e-01,0.000000000000000000e+00,0.000000000000000000e+00,-2.063532322645187378e-01,-1.140743610449135303e-03,-2.352412343025207520e-01,-4.402073025703430176e-01,3.867760896682739258e-01,-2.722650170326232910e-01,-1.568486541509628296e-01,1.761185526847839355e-01,2.967715496197342873e-03,-7.771082222461700439e-02,-4.237018525600433350e-01,-3.345301747322082520e-01,-1.722527444362640381e-01,1.601955145597457886e-01
1.204809308052062988e+00,9.942712187767028809e-01,8.568859100341796875e-01,-8.434969000518321991e-03,-3.950458485633134842e-03,-8.586519360542297363e-01,5.124744176864624023e-01,2.670327126979827881e-01,-3.380218520760536194e-02,-2.966930866241455078e-01,1.844947785139083862e-01,3.506113290786743164e-01,-8.465498685836791992e-02,-3.260412216186523438e-01,1.690178178250789642e-02,-3.118675947189331055e-01,1.182329878211021423e-01,2.374110370874404907e-01,6.684669852256774902e-02,-3.850630819797515869e-01,0.000000000000000000e+00,0.000000000000000000e+00,-1.447952985763549805e-01,2.031035488471388817e-03,-2.447649985551834106e-01,-3.902363777160644531e-01,4.152778685092926025e-01,-2.496917396783828735e-01,-2.036663293838500977e-01,1.711655259132385254e-01,1.239658985286951065e-02,-6.334992498159408569e-02,-4.278767704963684082e-01,-3.262469172477722168e-01,-1.649876981973648071e-01,1.751940697431564331e-01
1.178560495376586914e+00,9.701930880546569824e-01,8.623542785644531250e-01,-8.744020946323871613e-03,-4.615340381860733032e-03,-8.663438558578491211e-01,4.993501007556915283e-01,2.096600532531738281e-01,-4.277615621685981750e-02,-2.461966127157211304e-01,2.762033343315124512e-01,5.046935677528381348e-01,-1.158490404486656189e-01,-2.874193489551544189e-01,4.007660225033760071e-02,-2.795466482639312744e-01,1.117677614092826843e-01,2.051055729389190674e-01,6.210358068346977234e-02,-3.326002061367034912e-01,0.000000000000000000e+00,0.000000000000000000e+00,-9.064276516437530518e-02,-1.026635896414518356e-02,-2.252225428819656372e-01,-3.583646118640899658e-01,4.032659530639648438e-01,-2.585065066814422607e-01,-1.943441182374954224e-01,1.510158032178878784e-01,3.203905187547206879e-03,-3.681620582938194275e-02,-4.407243728637695312e-01,-2.817286550998687744e-01,-1.675306707620620728e-01,1.675893515348434448e-01
1.155079722404479980e+00,9.455931186676025391e-01,8.743090629577636719e-01,5.883999168872833252e-03,-1.949846372008323669e-02,-8.762033581733703613e-01,4.815109670162200928e-01,1.270531117916107178e-01,-8.588702231645584106e-02,-1.725962311029434204e-01,3.239905536174774170e-01,4.970259070396423340e-01,-9.513100981712341309e-02,-2.577998042106628418e-01,2.302886545658111572e-02,-2.240265756845474243e-01,1.006651893258094788e-01,1.785843968391418457e-01,7.256142795085906982e-02,-2.651504874229431152e-01,0.000000000000000000e+00,0.000000000000000000e+00,-4.693275317549705505e-02,-4.518049582839012146e-02,-1.831732243299484253e-01,-3.511599302291870117e-01,3.903681039810180664e-01,-2.458705753087997437e-01,-2.083580493927001953e-01,1.077512726187705994e-01,-2.970783971250057220e-02,-2.184803970158100128e-02,-4.579872488975524902e-01,-2.674570381641387939e-01,-1.638031154870986938e-01,1.622163802385330200e-01
1.131953001022338867e+00,9.221231341361999512e-01,8.841491341590881348e-01,1.648606359958648682e-02,-3.197227790951728821e-02,-8.853547573089599609e-01,4.635223150253295898e-01,8.238127455115318298e-03,-1.041171178221702576e-01,-6.591376662254333496e-02,4.012714624404907227e-01,3.888075053691864014e-01,-3.054803982377052307e-02,-2.260502129793167114e-01,1.154500804841518402e-02,-1.747513264417648315e-01,8.906715363264083862e-02,1.516590267419815063e-01,8.908195793628692627e-02,-1.917151212692260742e-01,0.000000000000000000e+00,0.000000000000000000e+00,-3.278807969763875008e-03,-8.402977883815765381e-02,-1.400008797645568848e-01,-3.545898795127868652e-01,3.928067982196807861e-01,-2.521765828132629395e-01,-1.968802809715270996e-01,6.497652828693389893e-02,-5.963192507624626160e-02,4.617372527718544006e-03,-4.687599837779998779e-01,-2.944277226924896240e-01,-1.854654252529144287e-01,1.361233890056610107e-01
1.110303759574890137e+00,8.993617296218872070e-01,8.917700648307800293e-01,2.204818092286586761e-02,-3.776472434401512146e-02,-8.943082690238952637e-01,4.453094005584716797e-01,-9.342001378536224365e-02,-9.725023806095123291e-02,3.226735442876815796e-02,4.275602996349334717e-01,3.059162795543670654e-01,3.054605424404144287e-02,-1.911008358001708984e-01,1.294544246047735214e-02,-1.315606683492660522e-01,7.302089780569076538e-02,1.273197978734970093e-01,9.568468481302261353e-02,-1.185373440384864807e-01,0.000000000000000000e+00,0.000000000000000000e+00,4.850973561406135559e-02,-1.073198318481445312e-01,-1.001166850328445435e-01,-3.717120885848999023e-01,4.086101651191711426e-01,-2.583822011947631836e-01,-2.107181400060653687e-01,2.136907540261745453e-02,-8.071531355381011963e-02,3.079383075237274170e-02,-4.851836860179901123e-01,-3.170431256294250488e-01,-1.931761801242828369e-01,1.464878767728805542e-01
1.089218497276306152e+00,8.776242733001708984e-01,8.968862891197204590e-01,2.483383379876613617e-02,-3.831715509295463562e-02,-9.037106633186340332e-01,4.257019460201263428e-01,-1.820233613252639771e-01,-6.609428673982620239e-02,1.409047394990921021e-01,4.139270186424255371e-01,2.371833026409149170e-01,9.061890095472335815e-02,-1.581683754920959473e-01,2.365355938673019409e-02,-8.581182360649108887e-02,5.912785604596138000e-02,1.037244498729705811e-01,1.019231155514717102e-01,-4.616192355751991272e-02,0.000000000000000000e+00,0.000000000000000000e+00,9.771376848220825195e-02,-1.137681156396865845e-01,-7.086125761270523071e-02,-3.871504068374633789e-01,4.183944165706634521e-01,-2.676565051078796387e-01,-2.232248783111572266e-01,-1.988275349140167236e-02,-9.222026169300079346e-02,5.649333447217941284e-02,-5.056883096694946289e-01,-3.260371685028076172e-01,-2.068865448236465454e-01,1.216366216540336609e-01
1.068942546844482422e+00,8.554834127426147461e-01,9.002659916877746582e-01,2.749924547970294952e-02,-3.409288451075553894e-02,-9.141560196876525879e-01,4.029890596866607666e-01,-2.596196234226226807e-01,-4.356697946786880493e-02,2.130477130413055420e-01,3.639228045940399170e-01,1.771035492420196533e-01,1.141915544867515564e-01,-1.297200620174407959e-01,3.837630525231361389e-02,-4.167691618204116821e-02,4.481175541877746582e-02,8.206322789192199707e-02,1.086886301636695862e-01,2.517898939549922943e-02,0.000000000000000000e+00,0.000000000000000000e+00,1.467683464288711548e-01,-1.085827127099037170e-01,-4.981275275349617004e-02,-4.063079357147216797e-01,4.164882302284240723e-01,-2.705291807651519775e-01,-2.266774028539657593e-01,-6.397351622581481934e-02,-9.671551734209060669e-02,9.488993138074874878e-02,-5.300441384315490723e-01,-3.458508849143981934e-01,-2.216838449239730835e-01,1.008861064910888672e-01
1.048276901245117188e+00,8.332614898681640625e-01,9.000902175903320312e-01,2.804958261549472809e-02,-2.505069226026535034e-02,-9.253894686698913574e-01,3.771471679210662842e-01,-3.248474597930908203e-01,-2.220364101231098175e-02,2.469876408576965332e-01,2.851178646087646484e-01,1.506142467260360718e-01,1.123628467321395874e-01,-1.015556007623672485e-01,6.055944785475730896e-02,1.160205341875553131e-02,3.297757357358932495e-02,6.348300725221633911e-02,1.124125495553016663e-01,9.858236461877822876e-02,0.000000000000000000e+00,0.000000000000000000e+00,1.931082308292388916e-01,-9.178310632705688477e-02,-3.234722837805747986e-02,-4.177516400814056396e-01,4.089532792568206787e-01,-2.794450223445892334e-01,-2.375689893960952759e-01,-1.036239489912986755e-01,-9.171447902917861938e-02,1.304687112569808960e-01,-5.572752356529235840e-01,-3.424745202064514160e-01,-2.352561801671981812e-01,9.326417744159698486e-02
1.026725292205810547e+00,8.088133931159973145e-01,8.974217176437377930e-01,2.735742926597595215e-02,-1.501037180423736572e-02,-9.365718364715576172e-01,3.490837812423706055e-01,-3.821029663085937500e-01,-7.408946286886930466e-03,2.464552819728851318e-01,1.984035521745681763e-01,1.455990523099899292e-01,8.522353321313858032e-02,-6.972692906856536865e-02,8.095864951610565186e-02,7.429414987564086914e-02,2.240901440382003784e-02,4.634080082178115845e-02,1.156814098358154297e-01,1.742800027132034302e-01,0.000000000000000000e+00,0.000000000000000000e+00,2.325246185064315796e-01,-7.752452790737152100e-02,-1.967945136129856110e-02,-4.168859720230102539e-01,4.150997400283813477e-01,-2.796569764614105225e-01,-2.395571023225784302e-01,-1.397036015987396240e-01,-7.887792587280273438e-02,1.603999286890029907e-01,-5.826026201248168945e-01,-3.545430004596710205e-01,-2.483763694763183594e-01,9.139491617679595947e-02
1.003395199775695801e+00,7.835475802421569824e-01,8.935256600379943848e-01,2.805194072425365448e-02,-5.298264790326356888e-03,-9.467329382896423340e-01,3.207517862319946289e-01,-4.426785707473754883e-01,5.702090449631214142e-03,2.122462689876556396e-01,1.245709955692291260e-01,1.333031803369522095e-01,5.374905467033386230e-02,-3.680769354104995728e-02,9.500209242105484009e-02,1.362915188074111938e-01,1.034757960587739944e-02,2.516788989305496216e-02,1.145836412906646729e-01,2.473058253526687622e-01,0.000000000000000000e+00,0.000000000000000000e+00,2.608182728290557861e-01,-6.588044762611389160e-02,-5.753002129495143890e-03,-4.074878096580505371e-01,4.153451323509216309e-01,-2.698467671871185303e-01,-2.446532398462295532e-01,-1.758129447698593140e-01,-6.769251823425292969e-02,1.892435550689697266e-01,-6.057006120681762695e-01,-3.600696921348571777e-01,-2.463734447956085205e-01,1.126220822334289551e-01
9.790773987770080566e-01,7.577170729637145996e-01,8.896148800849914551e-01,2.851262316107749939e-02,-3.380388719961047173e-03,-9.520703554153442383e-01,3.045285642147064209e-01,-4.958346486091613770e-01,7.781277876347303391e-03,2.111886143684387207e-01,6.976824253797531128e-02,8.413106948137283325e-02,2.375606447458267212e-02,4.493968663155101240e-05,9.057924896478652954e-02,1.742026060819625854e-01,6.202562246471643448e-03,-2.105053426930680871e-04,1.152245923876762390e-01,2.915938496589660645e-01,0.000000000000000000e+00,0.000000000000000000e+00,2.838568985462188721e-01,-6.540314108133316040e-02,4.427197389304637909e-03,-3.861688077449798584e-01,4.176870882511138916e-01,-2.603601813316345215e-01,-2.392171025276184082e-01,-2.101426869630813599e-01,-6.804489344358444214e-02,2.170430421829223633e-01,-6.201887130737304688e-01,-3.565410375595092773e-01,-2.522283494472503662e-01,1.120534017682075500e-01
9.546033143997192383e-01,7.300507426261901855e-01,8.838629722595214844e-01,2.701207809150218964e-02,-5.053075030446052551e-03,-9.535081982612609863e-01,3.001115620136260986e-01,-5.312779545783996582e-01,4.230891354382038116e-03,2.580426037311553955e-01,3.521964699029922485e-02,4.455245658755302429e-02,1.170117408037185669e-02,4.385567083954811096e-02,7.931701838970184326e-02,1.868318617343902588e-01,2.878414699807763100e-03,-2.876749634742736816e-02,1.032794788479804993e-01,3.109689056873321533e-01,0.000000000000000000e+00,0.000000000000000000e+00,3.000065088272094727e-01,-7.384766638278961182e-02,1.205839402973651886e-02,-3.609239757061004639e-01,4.268768429756164551e-01,-2.495134174823760986e-01,-2.423553317785263062e-01,-2.381630092859268188e-01,-6.908641755580902100e-02,2.406133413314819336e-01,-6.275539398193359375e-01,-3.485069870948791504e-01,-2.587630152702331543e-01,1.057005822658538818e-01
9.295576810836791992e-01,7.027820348739624023e-01,8.755542635917663574e-01,2.472761832177639008e-02,-4.078613594174385071e-03,-9.567813277244567871e-01,2.897264659404754639e-01,-5.524977445602416992e-01,-4.847220145165920258e-03,2.525378763675689697e-01,2.073851041495800018e-02,3.043446317315101624e-02,-1.478027738630771637e-02,8.518942445516586304e-02,7.262737303972244263e-02,2.081612497568130493e-01,2.603408647701144218e-03,-5.037812143564224243e-02,1.004092842340469360e-01,3.421753346920013428e-01,0.000000000000000000e+00,0.000000000000000000e+00,3.080939352512359619e-01,-8.121840655803680420e-02,1.934321410953998566e-02,-3.397726118564605713e-01,4.208248853683471680e-01,-2.395526319742202759e-01,-2.316268831491470337e-01,-2.622899711132049561e-01,-6.171208620071411133e-02,2.483254373073577881e-01,-6.255162358283996582e-01,-3.310922384262084961e-01,-2.566606998443603516e-01,1.026358604431152344e-01
9.018341302871704102e-01,6.737558841705322266e-01,8.680617213249206543e-01,1.843809336423873901e-02,-3.349667167640291154e-05,-9.610135555267333984e-01,2.758857905864715576e-01,-5.387235283851623535e-01,2.054047584533691406e-02,3.254453837871551514e-01,3.264126554131507874e-02,3.561622276902198792e-02,-4.285149276256561279e-02,1.329828202724456787e-01,7.078237831592559814e-02,2.330622375011444092e-01,3.871775465086102486e-03,-5.937283486127853394e-02,1.084255948662757874e-01,3.764742612838745117e-01,0.000000000000000000e+00,0.000000000000000000e+00,3.159124851226806641e-01,-8.408796787261962891e-02,3.908500820398330688e-02,-3.278802931308746338e-01,4.028647840023040771e-01,-2.423212379217147827e-01,-2.377213388681411743e-01,-2.692939937114715576e-01,-4.429821670055389404e-02,2.471381723880767822e-01,-6.156652569770812988e-01,-3.211760818958282471e-01,-2.605417072772979736e-01,1.043319180607795715e-01
8.728532195091247559e-01,6.436205506324768066e-01,8.616780638694763184e-01,1.363313477486371994e-02,3.760101506486535072e-03,-9.655916690826416016e-01,2.596780359745025635e-01,-5.084698796272277832e-01,3.584722429513931274e-02,3.539313971996307373e-01,5.953666195273399353e-02,7.470666617155075073e-02,1.149217318743467331e-02,1.749781370162963867e-01,6.517747044563293457e-02,2.603162527084350586e-01,8.381664752960205078e-03,-4.486778378486633301e-02,1.204232871532440186e-01,4.114511311054229736e-01,0.000000000000000000e+00,0.000000000000000000e+00,3.160888850688934326e-01,-8.965274691581726074e-02,7.457049190998077393e-02,-3.291787505149841309e-01,3.861024975776672363e-01,-2.426292002201080322e-01,-2.390940934419631958e-01,-2.685855925083160400e-01,-2.949580922722816467e-02,2.492350339889526367e-01,-5.962284207344055176e-01,-3.170800805091857910e-01,-2.571900486946105957e-01,1.047637909650802612e-01
8.415901660919189453e-01,6.116621494293212891e-01,8.565571904182434082e-01,8.253325708210468292e-03,7.019690237939357758e-03,-9.694123864173889160e-01,2.451982349157333374e-01,-4.798016548156738281e-01,4.017623141407966614e-02,3.530448079109191895e-01,6.609567999839782715e-02,1.462776809930801392e-01,1.059834100306034088e-02,2.117793411016464233e-01,5.890967696905136108e-02,2.811386287212371826e-01,2.245624549686908722e-02,3.709597047418355942e-03,1.421499103307723999e-01,4.332495629787445068e-01,0.000000000000000000e+00,0.000000000000000000e+00,3.105102181434631348e-01,-9.481525421142578125e-02,1.112755909562110901e-01,-3.366588354110717773e-01,3.928481340408325195e-01,-2.428117990493774414e-01,-2.439835965633392334e-01,-2.633218765258789062e-01,-1.013824809342622757e-02,2.445623278617858887e-01,-5.655681490898132324e-01,-3.084656596183776855e-01,-2.566983997821807861e-01,9.817492961883544922e-02
8.104315996170043945e-01,5.785642266273498535e-01,8.560345172882080078e-01,6.754942587576806545e-04,4.292305093258619308e-03,-9.709775447845458984e-01,2.391312122344970703e-01,-4.293884932994842529e-01,3.091437183320522308e-02,3.726871609687805176e-01,7.389794290065765381e-02,1.947018504142761230e-01,2.653797157108783722e-02,2.403062433004379272e-01,4.770547896623611450e-02,2.871116697788238525e-01,6.292442232370376587e-02,9.114664047956466675e-02,1.831020414829254150e-01,4.347591996192932129e-01,0.000000000000000000e+00,0.000000000000000000e+00,3.066962957382202148e-01,-1.014663651585578918e-01,1.313115358352661133e-01,-3.402571380138397217e-01,4.067964851856231689e-01,-2.259661108255386353e-01,-2.533043324947357178e-01,-2.297526001930236816e-01,3.749917959794402122e-03,2.412074655294418335e-01,-5.348445177078247070e-01,-3.095363378524780273e-01,-2.396226674318313599e-01,1.153464689850807190e-01
7.809972167015075684e-01,5.472163558006286621e-01,8.594453334808349609e-01,-6.439739372581243515e-03,-1.554843736812472343e-03,-9.708322882652282715e-01,2.396680563688278198e-01,-3.803193271160125732e-01,4.891532007604837418e-03,3.546732664108276367e-01,8.408331125974655151e-02,2.018911838531494141e-01,3.800186514854431152e-02,2.605707347393035889e-01,3.456727415323257446e-02,2.960210144519805908e-01,1.110049262642860413e-01,2.181333154439926147e-01,2.206006795167922974e-01,4.138298332691192627e-01,0.000000000000000000e+00,0.000000000000000000e+00,3.014965653419494629e-01,-1.080833151936531067e-01,1.200546547770500183e-01,-3.423292934894561768e-01,4.460448026657104492e-01,-2.340001463890075684e-01,-2.298100292682647705e-01,-1.890205144882202148e-01,4.451234824955463409e-03,2.540125548839569092e-01,-5.051358938217163086e-01,-3.334886431694030762e-01,-2.380611002445220947e-01,1.153807342052459717e-01
7.534649372100830078e-01,5.188091993331909180e-01,8.642590641975402832e-01,-1.176475919783115387e-02,-5.145111586898565292e-03,-9.680197238922119141e-01,2.505452036857604980e-01,-3.378034830093383789e-01,-2.205493859946727753e-02,3.256864547729492188e-01,9.498758614063262939e-02,1.837833821773529053e-01,5.118323862552642822e-02,2.676987648010253906e-01,3.241135552525520325e-02,2.854472696781158447e-01,1.622590273618698120e-01,3.686062395572662354e-01,2.385896295309066772e-01,3.660521507263183594e-01,0.000000000000000000e+00,0.000000000000000000e+00,2.864467203617095947e-01,-1.016443967819213867e-01,8.286587893962860107e-02,-3.437963724136352539e-01,4.684046506881713867e-01,-2.282979190349578857e-01,-2.213424444198608398e-01,-1.381365805864334106e-01,2.712283749133348465e-03,2.556242644786834717e-01,-5.027890801429748535e-01,-3.144477009773254395e-01,-2.220474481582641602e-01,1.312094032764434814e-01
7.274262905120849609e-01,4.921039342880249023e-01,8.685459494590759277e-01,-1.601639203727245331e-02,-1.120704226195812225e-02,-9.625592231750488281e-01,2.703656256198883057e-01,-2.937496602535247803e-01,-5.623874068260192871e-02,2.894550859928131104e-01,1.001902520656585693e-01,1.492552906274795532e-01,6.694271415472030640e-02,2.310987710952758789e-01,3.649821132421493530e-02,2.497779428958892822e-01,2.806758284568786621e-01,5.061398744583129883e-01,2.521723508834838867e-01,3.024537265300750732e-01,0.000000000000000000e+00,0.000000000000000000e+00,2.494742721319198608e-01,-9.414603561162948608e-02,2.945137768983840942e-02,-3.319958746433258057e-01,4.823609292507171631e-01,-2.336493730545043945e-01,-1.997148543596267700e-01,-9.271460771560668945e-02,-2.592290751636028290e-03,2.408596128225326538e-01,-4.967731535434722900e-01,-2.970362603664398193e-01,-2.038778662681579590e-01,1.546825766563415527e-01
7.033546566963195801e-01,4.677134454250335693e-01,8.793153762817382812e-01,-1.782117784023284912e-02,1.454064156860113144e-03,-9.556369781494140625e-01,2.940039336681365967e-01,-2.576555907726287842e-01,-5.696514248847961426e-02,2.392751574516296387e-01,9.308774769306182861e-02,1.148700267076492310e-01,7.921637594699859619e-02,1.741524785757064819e-01,7.823173701763153076e-02,2.220137715339660645e-01,3.424933850765228271e-01,5.058845877647399902e-01,2.540012300014495850e-01,2.273064851760864258e-01,0.000000000000000000e+00,0.000000000000000000e+00,1.866395771503448486e-01,-5.959813296794891357e-02,-2.556691505014896393e-02,-3.210480809211730957e-01,4.720678925514221191e-01,-2.466670274734497070e-01,-1.674974411725997925e-01,-5.633612349629402161e-02,9.111076593399047852e-03,2.216221988201141357e-01,-5.060076713562011719e-01,-2.797127664089202881e-01,-2.175775319337844849e-01,1.470538079738616943e-01
6.789930462837219238e-01,4.450914859771728516e-01,8.918086886405944824e-01,-2.150429040193557739e-02,2.156030945479869843e-02,-9.484592080116271973e-01,3.154328763484954834e-01,-2.213014364242553711e-01,-3.832390159368515015e-02,1.850017607212066650e-01,7.983742654323577881e-02,8.978957682847976685e-02,7.198376208543777466e-02,9.922170639038085938e-02,1.227489262819290161e-01,1.677541136741638184e-01,3.656775653362274170e-01,4.280351996421813965e-01,2.105765342712402344e-01,1.500310003757476807e-01,0.000000000000000000e+00,0.000000000000000000e+00,1.149797290563583374e-01,-1.283941138535737991e-02,-4.884408041834831238e-02,-3.219947814941406250e-01,4.545602202415466309e-01,-2.657431066036224365e-01,-1.561520546674728394e-01,-2.643329463899135590e-02,3.597565740346908569e-02,1.982451975345611572e-01,-5.083398818969726562e-01,-2.869607806205749512e-01,-2.295697480440139771e-01,1.537993103265762329e-01
6.558390855789184570e-01,4.225810170173645020e-01,9.007534980773925781e-01,-2.410558797419071198e-02,3.227331489324569702e-02,-9.411452412605285645e-01,3.355935215950012207e-01,-1.849212795495986938e-01,-3.181539848446846008e-02,1.388595849275588989e-01,7.096014916896820068e-02,6.772303581237792969e-02,6.376158446073532104e-02,2.805812284350395203e-03,1.331478208303451538e-01,9.236402809619903564e-02,4.052890241146087646e-01,3.268612623214721680e-01,1.510410010814666748e-01,7.170170545578002930e-02,0.000000000000000000e+00,0.000000000000000000e+00,4.650257900357246399e-02,2.686699852347373962e-02,-5.727960169315338135e-02,-3.350326716899871826e-01,4.433930516242980957e-01,-2.798470258712768555e-01,-1.390769332647323608e-01,4.261025693267583847e-03,5.207586660981178284e-02,1.791554987430572510e-01,-5.092728734016418457e-01,-3.067891299724578857e-01,-2.393344491720199585e-01,1.577881574630737305e-01
6.338247656822204590e-01,4.018887579441070557e-01,9.075505137443542480e-01,-2.503416687250137329e-02,3.639076650142669678e-02,-9.342746734619140625e-01,3.538076579570770264e-01,-1.486540585756301880e-01,-3.261274099349975586e-02,1.079614609479904175e-01,6.041556224226951599e-02,4.593715071678161621e-02,4.905773326754570007e-02,-7.726231962442398071e-02,1.163780093193054199e-01,6.663484033197164536e-03,3.924782276153564453e-01,2.737312912940979004e-01,1.041951179504394531e-01,2.570625394582748413e-03,0.000000000000000000e+00,0.000000000000000000e+00,-1.879674941301345825e-02,5.667494237422943115e-02,-6.521890312433242798e-02,-3.614856302738189697e-01,4.383024275302886963e-01,-2.991848587989807129e-01,-1.336333602666854858e-01,3.849708661437034607e-02,5.692147836089134216e-02,1.510007530450820923e-01,-5.063375234603881836e-01,-3.104499280452728271e-01,-2.401234954595565796e-01,1.551001667976379395e-01
6.123774051666259766e-01,3.801313042640686035e-01,9.123459458351135254e-01,-2.157079242169857025e-02,3.481069952249526978e-02,-9.260303378105163574e-01,3.752208948135375977e-01,-1.158011332154273987e-01,-4.787775874137878418e-02,5.268097668886184692e-02,4.790280386805534363e-02,2.134814299643039703e-02,4.449933022260665894e-02,-1.502479314804077148e-01,8.285494893789291382e-02,-8.123822510242462158e-02,3.508633971214294434e-01,2.256836742162704468e-01,6.710973381996154785e-02,-6.559956818819046021e-02,0.000000000000000000e+00,0.000000000000000000e+00,-8.565982431173324585e-02,7.212911546230316162e-02,-8.850995451211929321e-02,-4.019946753978729248e-01,4.363725781440734863e-01,-3.112001717090606689e-01,-9.370958805084228516e-02,7.095908373594284058e-02,4.714665934443473816e-02,1.337674111127853394e-01,-5.097587704658508301e-01,-3.243066072463989258e-01,-2.386739850044250488e-01,1.363183408975601196e-01
5.904246568679809570e-01,3.590683043003082275e-01,9.143947362899780273e-01,-1.544896699488162994e-02,3.037291020154953003e-02,-9.176155328750610352e-01,3.960058093070983887e-01,-8.488504588603973389e-02,-6.521131098270416260e-02,7.791504263877868652e-03,3.643713146448135376e-02,-4.580389359034597874e-04,3.603027015924453735e-02,-2.167019397020339966e-01,5.431090295314788818e-02,-1.382469832897186279e-01,2.858847081661224365e-01,1.847247630357742310e-01,5.084707587957382202e-02,-1.283510029315948486e-01,0.000000000000000000e+00,0.000000000000000000e+00,-1.477479040622711182e-01,7.776542752981185913e-02,-1.087923347949981689e-01,-4.537082612514495850e-01,4.422438144683837891e-01,-3.220321834087371826e-01,-7.894971966743469238e-02,1.047665998339653015e-01,3.318731114268302917e-02,1.163803562521934509e-01,-5.194929838180541992e-01,-3.293511867523193359e-01,-2.394704967737197876e-01,1.228950768709182739e-01
5.677395462989807129e-01,3.372630476951599121e-01,9.126623272895812988e-01,-8.268831297755241394e-03,2.385889925062656403e-02,-9.080755710601806641e-01,4.180444777011871338e-01,-5.498621240258216858e-02,-8.573772013187408447e-02,-4.696945101022720337e-02,2.564235031604766846e-02,-1.308801956474781036e-02,3.363111242651939392e-02,-2.761558294296264648e-01,2.918140590190887451e-02,-1.693307012319564819e-01,2.082666456699371338e-01,1.749238967895507812e-01,6.406586617231369019e-02,-1.897784024477005005e-01,0.000000000000000000e+00,0.000000000000000000e+00,-2.040260732173919678e-01,7.389593869447708130e-02,-1.264954507350921631e-01,-5.123625993728637695e-01,4.466763138771057129e-01,-3.331270217895507812e-01,-8.783397823572158813e-02,1.371941864490509033e-01,1.752701215445995331e-02,9.551803767681121826e-02,-5.303536653518676758e-01,-3.195376992225646973e-01,-2.324985116720199585e-01,1.311005353927612305e-01
5.439239144325256348e-01,3.145069479942321777e-01,9.099709987640380859e-01,3.459894214756786823e-04,1.830149441957473755e-02,-8.967940211296081543e-01,4.420694410800933838e-01,-2.622336894273757935e-02,-1.010181233286857605e-01,-1.035222858190536499e-01,1.504072826355695724e-02,-3.543638810515403748e-02,3.147408738732337952e-02,-3.405878841876983643e-01,6.558925844728946686e-03,-1.799165010452270508e-01,1.431961059570312500e-01,1.530404090881347656e-01,8.288499712944030762e-02,-2.507308423519134521e-01,0.000000000000000000e+00,0.000000000000000000e+00,-2.609628140926361084e-01,7.455424219369888306e-02,-1.544532477855682373e-01,-5.657911300659179688e-01,4.504914879798889160e-01,-3.553082048892974854e-01,-6.882652640342712402e-02,1.673645079135894775e-01,2.407287713140249252e-03,7.337682694196701050e-02,-5.424830317497253418e-01,-3.333162069320678711e-01,-2.269513756036758423e-01,1.365417540073394775e-01
5.192531347274780273e-01,2.914288043975830078e-01,9.071667194366455078e-01,6.371395196765661240e-03,1.829110644757747650e-02,-8.870056867599487305e-01,4.613520205020904541e-01,2.178391907364130020e-03,-1.001612693071365356e-01,-1.516940742731094360e-01,7.571555208414793015e-03,-6.779613345861434937e-02,2.687031589448451996e-02,-4.043166637420654297e-01,-1.917433459311723709e-03,-1.873304545879364014e-01,8.802599459886550903e-02,1.126237809658050537e-01,9.781235456466674805e-02,-2.986622750759124756e-01,0.000000000000000000e+00,0.000000000000000000e+00,-3.156734108924865723e-01,7.572090625762939453e-02,-1.794757395982742310e-01,-6.130060553550720215e-01,4.454391598701477051e-01,-3.733059465885162354e-01,-6.557203084230422974e-02,1.908169984817504883e-01,-3.834029426798224449e-03,5.930666625499725342e-02,-5.414460897445678711e-01,-3.349764049053192139e-01,-2.279099971055984497e-01,1.499825716018676758e-01
4.941062927246093750e-01,2.677081823348999023e-01,9.041031002998352051e-01,9.628463536500930786e-03,2.060235291719436646e-02,-8.820000886917114258e-01,4.707001447677612305e-01,3.231419250369071960e-02,-9.042131155729293823e-02,-1.773307472467422485e-01,4.828207660466432571e-03,-9.683646261692047119e-02,2.173984423279762268e-02,-4.595616757869720459e-01,-7.966540288180112839e-04,-2.291716635227203369e-01,4.170734435319900513e-02,7.722882181406021118e-02,1.171448007225990295e-01,-3.281924724578857422e-01,0.000000000000000000e+00,0.000000000000000000e+00,-3.585718274116516113e-01,8.217729628086090088e-02,-1.926437467336654663e-01,-6.560457348823547363e-01,4.213932156562805176e-01,-3.939408361911773682e-01,-5.569051951169967651e-02,2.065308541059494019e-01,-1.180590712465345860e-03,4.101610556244850159e-02,-5.271332859992980957e-01,-3.454847335815429688e-01,-2.175722569227218628e-01,1.595017611980438232e-01
4.673306643962860107e-01,2.427985966205596924e-01,8.994638323783874512e-01,1.141105592250823975e-02,2.260171994566917419e-02,-8.791810870170593262e-01,4.758146107196807861e-01,6.693340837955474854e-02,-7.809279114007949829e-02,-1.924436688423156738e-01,1.838397001847624779e-03,-1.227267161011695862e-01,9.165431372821331024e-03,-4.979162812232971191e-01,4.024542868137359619e-03,-3.008829653263092041e-01,3.360772272571921349e-03,5.825628712773323059e-02,1.608704775571823120e-01,-3.473959267139434814e-01,0.000000000000000000e+00,0.000000000000000000e+00,-3.878732323646545410e-01,7.635399699211120605e-02,-1.875468045473098755e-01,-6.920071840286254883e-01,3.919628262519836426e-01,-3.998337984085083008e-01,-5.768239498138427734e-02,2.165628671646118164e-01,1.326516969129443169e-03,1.562510244548320770e-02,-5.079008340835571289e-01,-3.248958289623260498e-01,-2.052967697381973267e-01,1.672645807266235352e-01
4.405061304569244385e-01,2.173856049776077271e-01,8.937767148017883301e-01,1.099452376365661621e-02,2.113492041826248169e-02,-8.750779032707214355e-01,4.833953678607940674e-01,1.079910770058631897e-01,-6.842721253633499146e-02,-2.028393149375915527e-01,2.297996246625189087e-07,-1.502987146377563477e-01,-5.594509188085794449e-03,-5.204656124114990234e-01,8.256384753622114658e-04,-3.579994142055511475e-01,4.200965406653267564e-07,4.101840406656265259e-02,1.872523874044418335e-01,-3.712069392204284668e-01,0.000000000000000000e+00,0.000000000000000000e+00,-3.997685611248016357e-01,6.566328555345535278e-02,-1.774241328239440918e-01,-7.096635699272155762e-01,3.710509538650512695e-01,-4.044951200485229492e-01,-5.793802440166473389e-02,2.301978766918182373e-01,5.790196824818849564e-03,-4.196832422167062759e-03,-4.879963099956512451e-01,-3.297520577907562256e-01,-2.050704360008239746e-01,1.701705157756805420e-01
4.125845730304718018e-01,1.901097297668457031e-01,8.872666954994201660e-01,1.589246280491352081e-02,1.682491414248943329e-02,-8.689512610435485840e-01,4.943562150001525879e-01,1.424700617790222168e-01,-6.655833870172500610e-02,-2.269630879163742065e-01,1.957408152520656586e-03,-1.660981625318527222e-01,-6.367947906255722046e-03,-5.236093401908874512e-01,-8.888979442417621613e-03,-3.524413406848907471e-01,9.134821593761444092e-03,4.901046678423881531e-02,1.826695650815963745e-01,-3.977359533309936523e-01,0.000000000000000000e+00,0.000000000000000000e+00,-4.077742695808410645e-01,4.372444376349449158e-02,-1.604867428541183472e-01,-7.153334617614746094e-01,3.537835478782653809e-01,-3.920609056949615479e-01,-6.461944431066513062e-02,2.222265750169754028e-01,1.841127872467041016e-03,-2.824087813496589661e-02,-4.644901156425476074e-01,-3.241526782512664795e-01,-1.887435317039489746e-01,1.752656698226928711e-01
3.822953104972839355e-01,1.598724275827407837e-01,8.796428442001342773e-01,1.653059385716915131e-02,1.096526253968477249e-02,-8.592549562454223633e-01,5.111627578735351562e-01,1.836044043302536011e-01,-5.831414833664894104e-02,-2.629373371601104736e-01,7.256045471876859665e-03,-1.434095650911331177e-01,-1.899465918540954590e-02,-5.001933574676513672e-01,-2.591645903885364532e-02,-3.530985713005065918e-01,4.341039434075355530e-02,8.859039098024368286e-02,1.579952239990234375e-01,-4.367182254791259766e-01,0.000000000000000000e+00,0.000000000000000000e+00,-3.853962123394012451e-01,2.658823318779468536e-02,-1.569539904594421387e-01,-7.043776512145996094e-01,3.631315231323242188e-01,-3.935567736625671387e-01,-5.730139836668968201e-02,2.307119369506835938e-01,-3.280850942246615887e-04,-4.843503981828689575e-02,-4.552375376224517822e-01,-3.231184482574462891e-01,-1.937193721532821655e-01,1.638534218072891235e-01
3.518678247928619385e-01,1.303359568119049072e-01,8.732916712760925293e-01,1.690538972616195679e-02,7.262659724801778793e-03,-8.522334098815917969e-01,5.228381156921386719e-01,2.140257805585861206e-01,-4.639375954866409302e-02,-2.834900021553039551e-01,2.527980133891105652e-02,-9.074527025222778320e-02,-4.303569346666336060e-02,-4.800629615783691406e-01,-3.955043852329254150e-02,-3.681143224239349365e-01,5.192704126238822937e-02,1.515610069036483765e-01,1.239262297749519348e-01,-4.536930918693542480e-01,0.000000000000000000e+00,0.000000000000000000e+00,-3.616293072700500488e-01,1.098440028727054596e-02,-1.652824282646179199e-01,-6.640263795852661133e-01,3.779277205467224121e-01,-3.676533401012420654e-01,-8.002331852912902832e-02,2.270199507474899292e-01,1.499753328971564770e-03,-7.023498415946960449e-02,-4.498435854911804199e-01,-3.209977746009826660e-01,-1.740615665912628174e-01,1.688280105590820312e-01
3.207703828811645508e-01,9.926518797874450684e-02,8.686268329620361328e-01,1.389062032103538513e-02,5.865237908437848091e-04,-8.490082025527954102e-01,5.281967520713806152e-01,2.348096817731857300e-01,-4.258008673787117004e-02,-2.898221313953399658e-01,7.438968867063522339e-02,-8.657136932015419006e-03,-4.214838147163391113e-02,-4.397308528423309326e-01,-4.613517969846725464e-02,-3.866250813007354736e-01,7.485135644674301147e-02,2.268776893615722656e-01,1.107543036341667175e-01,-4.517821967601776123e-01,0.000000000000000000e+00,0.000000000000000000e+00,-3.235768079757690430e-01,-4.224758129566907883e-03,-1.825759261846542358e-01,-5.964575409889221191e-01,3.842770159244537354e-01,-3.377991914749145508e-01,-1.048283502459526062e-01,2.218966484069824219e-01,-2.516675041988492012e-03,-8.076786994934082031e-02,-4.424325823783874512e-01,-3.192575275897979736e-01,-1.667373478412628174e-01,1.748912185430526733e-01
2.902054488658905029e-01,6.990791857242584229e-02,8.663420081138610840e-01,9.164851158857345581e-03,-3.190589603036642075e-03,-8.515205383300781250e-01,5.242314338684082031e-01,2.487090378999710083e-01,-3.897865861654281616e-02,-2.844555377960205078e-01,1.257900297641754150e-01,1.122946962714195251e-01,-5.927456170320510864e-02,-3.999139368534088135e-01,-3.814563900232315063e-02,-3.823411464691162109e-01,9.225673973560333252e-02,2.769678831100463867e-01,1.044943556189537048e-01,-4.256293773651123047e-01,0.000000000000000000e+00,0.000000000000000000e+00,-2.755618989467620850e-01,-1.401853188872337341e-02,-2.037580758333206177e-01,-5.216183066368103027e-01,3.968875408172607422e-01,-3.050110340118408203e-01,-1.215290650725364685e-01,2.118757516145706177e-01,-3.688154043629765511e-03,-8.232776820659637451e-02,-4.412635266780853271e-01,-3.203045427799224854e-01,-1.591634452342987061e-01,1.749817579984664917e-01
2.606135606765747070e-01,4.227178171277046204e-02,8.662909269332885742e-01,-2.086546504870057106e-03,-1.241390127688646317e-03,-8.591414690017700195e-01,5.117323398590087891e-01,2.643797397613525391e-01,-2.655246295034885406e-02,-2.706580460071563721e-01,1.666475087404251099e-01,3.025495707988739014e-01,-7.789509743452072144e-02,-3.571932613849639893e-01,3.210978175047785044e-04,-3.544881641864776611e-01,1.059034168720245361e-01,2.663518190383911133e-01,7.770337909460067749e-02,-3.801843523979187012e-01,0.000000000000000000e+00,0.000000000000000000e+00,-2.119221836328506470e-01,-1.306070759892463684e-02,-2.124309837818145752e-01,-4.428136646747589111e-01,4.187697768211364746e-01,-2.828855216503143311e-01,-1.508659273386001587e-01,1.962920576333999634e-01,-5.651675746776163578e-04,-6.042673438787460327e-02,-4.292576313018798828e-01,-3.318956792354583740e-01,-1.626291424036026001e-01,1.833196729421615601e-01
2.328946143388748169e-01,1.701033674180507660e-02,8.694431781768798828e-01,-6.985703483223915100e-03,-7.830731337890028954e-04,-8.679884076118469238e-01,4.965347051620483398e-01,2.478298395872116089e-01,-1.926083862781524658e-02,-2.179547697305679321e-01,2.096804380416870117e-01,5.028149485588073730e-01,-9.741411358118057251e-02,-3.193668425083160400e-01,3.063883073627948761e-02,-3.205537796020507812e-01,1.132705137133598328e-01,2.401079386472702026e-01,6.656041741371154785e-02,-3.339855074882507324e-01,0.000000000000000000e+00,0.000000000000000000e+00,-1.437487304210662842e-01,-1.269925665110349655e-02,-2.074584066867828369e-01,-3.846683800220489502e-01,4.363997578620910645e-01,-2.726571559906005859e-01,-1.660212874412536621e-01,1.692973077297210693e-01,-1.708799507468938828e-03,-4.183920845389366150e-02,-4.378426074981689453e-01,-3.228315412998199463e-01,-1.761097162961959839e-01,1.808579713106155396e-01
2.056521773338317871e-01,-8.435470052063465118e-03,8.799359202384948730e-01,5.847671418450772762e-04,-1.146015711128711700e-02,-8.803486227989196777e-01,4.741884171962738037e-01,1.813861131668090820e-01,-5.225587636232376099e-02,-1.529365032911300659e-01,2.744677364826202393e-01,5.029768347740173340e-01,-8.872446417808532715e-02,-2.832603156566619873e-01,3.327450156211853027e-02,-2.595177292823791504e-01,1.072535738348960876e-01,2.073975503444671631e-01,7.448863238096237183e-02,-2.717957198619842529e-01,0.000000000000000000e+00,0.000000000000000000e+00,-8.275696635246276855e-02,-3.669984266161918640e-02,-1.764584332704544067e-01,-3.428211212158203125e-01,4.285760223865509033e-01,-2.644690573215484619e-01,-1.686666756868362427e-01,1.155653968453407288e-01,-2.700247615575790405e-02,-1.972070708870887756e-02,-4.488500952720642090e-01,-2.929467558860778809e-01,-1.844640076160430908e-01,1.755184382200241089e-01
1.799042969942092896e-01,-3.438152372837066650e-02,8.915367722511291504e-01,1.040105428546667099e-02,-2.592919021844863892e-02,-8.901525735855102539e-01,4.548053741455078125e-01,8.173757046461105347e-02,-8.149955421686172485e-02,-6.848746538162231445e-02,3.424363434314727783e-01,3.860180974006652832e-01,-3.499109297990798950e-02,-2.447194010019302368e-01,2.088853903114795685e-02,-2.031304687261581421e-01,9.736634790897369385e-02,1.761432588100433350e-01,9.778776764869689941e-02,-2.131000310182571411e-01,0.000000000000000000e+00,0.000000000000000000e+00,-2.715650200843811035e-02,-7.709910720586776733e-02,-1.309919655323028564e-01,-3.195519447326660156e-01,4.218111932277679443e-01,-2.538130581378936768e-01,-1.645614355802536011e-01,5.180878192186355591e-02,-5.915175750851631165e-02,-6.930434610694646835e-04,-4.589116871356964111e-01,-2.788989841938018799e-01,-1.964958459138870239e-01,1.513768285512924194e-01
1.556890904903411865e-01,-5.870326235890388489e-02,9.012022614479064941e-01,1.868490129709243774e-02,-3.597514331340789795e-02,-8.976204991340637207e-01,4.389010667800903320e-01,-2.761480025947093964e-02,-8.464197069406509399e-02,3.220868855714797974e-02,3.891915678977966309e-01,2.591744959354400635e-01,3.096232563257217407e-02,-2.075162380933761597e-01,1.264143828302621841e-02,-1.566296666860580444e-01,8.221393823623657227e-02,1.476186513900756836e-01,1.119707301259040833e-01,-1.537794470787048340e-01,0.000000000000000000e+00,0.000000000000000000e+00,3.028871677815914154e-02,-1.093684434890747070e-01,-1.059260219335556030e-01,-3.184707164764404297e-01,4.300053119659423828e-01,-2.560297846794128418e-01,-1.820119619369506836e-01,-6.378012709319591522e-03,-8.349999040365219116e-02,2.125314064323902130e-02,-4.760835170745849609e-01,-3.033615350723266602e-01,-2.148133516311645508e-01,1.209986209869384766e-01
1.333961635828018188e-01,-8.092950284481048584e-02,9.074681997299194336e-01,2.269811369478702545e-02,-3.706685826182365417e-02,-9.051464200019836426e-01,4.228720963001251221e-01,-1.154864802956581116e-01,-5.706097185611724854e-02,1.492920815944671631e-01,3.824918568134307861e-01,2.034324854612350464e-01,8.493173867464065552e-02,-1.750939488410949707e-01,2.115260623395442963e-02,-1.228471770882606506e-01,6.910969316959381104e-02,1.253087073564529419e-01,1.199041306972503662e-01,-8.925568312406539917e-02,0.000000000000000000e+00,0.000000000000000000e+00,8.371249586343765259e-02,-1.183470934629440308e-01,-8.479405194520950317e-02,-3.231126070022583008e-01,4.238376915454864502e-01,-2.533716857433319092e-01,-2.157431393861770630e-01,-4.979408904910087585e-02,-9.737180173397064209e-02,4.991454631090164185e-02,-5.042058825492858887e-01,-3.103776276111602783e-01,-2.255589962005615234e-01,1.181700974702835083e-01
1.114251613616943359e-01,-1.037925258278846741e-01,9.103850722312927246e-01,2.484456077218055725e-02,-3.159127756953239441e-02,-9.139907360076904297e-01,4.037396609783172607e-01,-1.913649588823318481e-01,-2.678963169455528259e-02,2.472997307777404785e-01,3.454464375972747803e-01,1.834716647863388062e-01,1.142670065164566040e-01,-1.432953923940658569e-01,4.113177210092544556e-02,-8.172523975372314453e-02,5.374866724014282227e-02,1.003887057304382324e-01,1.134966835379600525e-01,-2.110506035387516022e-02,0.000000000000000000e+00,0.000000000000000000e+00,1.405870169401168823e-01,-1.126323044300079346e-01,-7.367992401123046875e-02,-3.488481044769287109e-01,4.184073805809020996e-01,-2.474381476640701294e-01,-2.491537481546401978e-01,-9.189230203628540039e-02,-9.739856421947479248e-02,7.965326309204101562e-02,-5.392448902130126953e-01,-3.280801773071289062e-01,-2.301913499832153320e-01,1.152153685688972473e-01
8.928450942039489746e-02,-1.269951909780502319e-01,9.099559187889099121e-01,2.589535713195800781e-02,-2.371875196695327759e-02,-9.241346120834350586e-01,3.804498314857482910e-01,-2.623089849948883057e-01,-6.284450180828571320e-03,2.964367568492889404e-01,2.875435948371887207e-01,1.573113501071929932e-01,1.161468997597694397e-01,-1.133542135357856750e-01,6.231886148452758789e-02,-3.576778247952461243e-02,4.160991683602333069e-02,7.652655243873596191e-02,1.103005781769752502e-01,5.344438180327415466e-02,0.000000000000000000e+00,0.000000000000000000e+00,1.965479701757431030e-01,-9.755709767341613770e-02,-6.533859670162200928e-02,-3.731669783592224121e-01,4.067080914974212646e-01,-2.548756003379821777e-01,-2.558346390724182129e-01,-1.247214674949645996e-01,-9.671434015035629272e-02,1.166498661041259766e-01,-5.780504941940307617e-01,-3.416014611721038818e-01,-2.439247518777847290e-01,1.060438379645347595e-01
6.688459217548370361e-02,-1.513168960809707642e-01,9.071114659309387207e-01,2.667795494198799133e-02,-1.307815592736005783e-02,-9.356374740600585938e-01,3.517097234725952148e-01,-3.317932188510894775e-01,5.948825739324092865e-03,2.839456200599670410e-01,2.219751328229904175e-01,1.568424105644226074e-01,8.620276302099227905e-02,-8.658986538648605347e-02,8.509898185729980469e-02,2.965654805302619934e-02,3.594493865966796875e-02,5.688888207077980042e-02,1.151938661932945251e-01,1.375853270292282104e-01,0.000000000000000000e+00,0.000000000000000000e+00,2.399129569530487061e-01,-8.497297763824462891e-02,-4.138315841555595398e-02,-3.856391012668609619e-01,3.955837190151214600e-01,-2.568216025829315186e-01,-2.556356191635131836e-01,-1.579192876815795898e-01,-8.565114438533782959e-02,1.426822394132614136e-01,-6.123822331428527832e-01,-3.542956113815307617e-01,-2.483163475990295410e-01,1.049420759081840515e-01
4.325305670499801636e-02,-1.769736111164093018e-01,9.025371074676513672e-01,2.600030787289142609e-02,-5.071556195616722107e-03,-9.447820782661437988e-01,3.266267776489257812e-01,-3.938541710376739502e-01,1.421970594674348831e-02,2.465186417102813721e-01,1.579092592000961304e-01,1.564584374427795410e-01,5.837058275938034058e-02,-5.434524640440940857e-02,9.943279623985290527e-02,9.112109988927841187e-02,3.218294680118560791e-02,4.392179474234580994e-02,1.056331098079681396e-01,2.116805315017700195e-01,0.000000000000000000e+00,0.000000000000000000e+00,2.788416445255279541e-01,-7.915772497653961182e-02,-1.438735611736774445e-02,-3.881029188632965088e-01,4.029184877872467041e-01,-2.742342352867126465e-01,-2.540621161460876465e-01,-1.845787465572357178e-01,-7.825564593076705933e-02,1.651181876659393311e-01,-6.397762298583984375e-01,-3.504158556461334229e-01,-2.621892094612121582e-01,1.145255193114280701e-01
1.871347799897193909e-02,-2.032114267349243164e-01,8.984705805778503418e-01,2.635057456791400909e-02,-3.260688099544495344e-04,-9.515560865402221680e-01,3.063438534736633301e-01,-4.520898163318634033e-01,2.274614758789539337e-02,2.211118340492248535e-01,1.064403578639030457e-01,1.195595636963844299e-01,4.308164119720458984e-02,-1.977376081049442291e-02,1.010990291833877563e-01,1.348109692335128784e-01,2.764932811260223389e-02,1.743394322693347931e-02,1.111714541912078857e-01,2.750596702098846436e-01,0.000000000000000000e+00,0.000000000000000000e+00,3.045727014541625977e-01,-8.345126360654830933e-02,2.794147841632366180e-02,-3.809316456317901611e-01,4.198527336120605469e-01,-2.675173878669738770e-01,-2.476018369197845459e-01,-2.098866999149322510e-01,-7.903452962636947632e-02,1.967956870794296265e-01,-6.579966545104980469e-01,-3.521237373352050781e-01,-2.663635611534118652e-01,1.186826452612876892e-01
-6.907499860972166061e-03,-2.309146672487258911e-01,8.937815427780151367e-01,2.569075301289558411e-02,-1.445960806449875236e-04,-9.547455906867980957e-01,2.963121235370635986e-01,-4.975914061069488525e-01,2.391698397696018219e-02,2.478868216276168823e-01,6.486093252897262573e-02,6.829190254211425781e-02,2.848084643483161926e-02,2.415629848837852478e-02,9.196496754884719849e-02,1.570440381765365601e-01,1.922895759344100952e-02,-1.085737254470586777e-02,1.092118397355079651e-01,3.162706792354583740e-01,0.000000000000000000e+00,0.000000000000000000e+00,3.207138478755950928e-01,-9.511218219995498657e-02,6.244392693042755127e-02,-3.624147176742553711e-01,4.236896038055419922e-01,-2.464130520820617676e-01,-2.297707647085189819e-01,-2.290834188461303711e-01,-8.057148009538650513e-02,2.222232520580291748e-01,-6.634533405303955078e-01,-3.609446287155151367e-01,-2.571240663528442383e-01,1.216349005699157715e-01
-3.419522568583488464e-02,-2.590863406658172607e-01,8.872921466827392578e-01,2.403632365167140961e-02,-1.345593365840613842e-03,-9.570077061653137207e-01,2.890617847442626953e-01,-5.249769091606140137e-01,1.840882748365402222e-02,2.751649618148803711e-01,3.439050912857055664e-02,3.354419395327568054e-02,6.233970634639263153e-03,7.095944136381149292e-02,8.183518797159194946e-02,1.735641658306121826e-01,1.306579913944005966e-02,-3.267219662666320801e-02,1.052643954753875732e-01,3.452743589878082275e-01,0.000000000000000000e+00,0.000000000000000000e+00,3.347018957138061523e-01,-1.113434731960296631e-01,9.004186838865280151e-02,-3.498733639717102051e-01,4.148031771183013916e-01,-2.408487647771835327e-01,-2.162735313177108765e-01,-2.492684572935104370e-01,-8.305831998586654663e-02,2.449644207954406738e-01,-6.571065187454223633e-01,-3.386324048042297363e-01,-2.648800909519195557e-01,1.069651246070861816e-01
-6.158530712127685547e-02,-2.881629765033721924e-01,8.803662657737731934e-01,2.151417732238769531e-02,-9.659355273470282555e-04,-9.595940113067626953e-01,2.805628478527069092e-01,-5.336123704910278320e-01,2.166996337473392487e-02,3.214934468269348145e-01,2.709395997226238251e-02,1.608734391629695892e-02,3.441311651840806007e-03,1.160930246114730835e-01,7.328618317842483521e-02,1.835958361625671387e-01,1.074023544788360596e-02,-4.955548420548439026e-02,1.055367812514305115e-01,3.721694946289062500e-01,0.000000000000000000e+00,0.000000000000000000e+00,3.379319608211517334e-01,-1.269818842411041260e-01,1.150189265608787537e-01,-3.367491960525512695e-01,4.253602623939514160e-01,-2.206758260726928711e-01,-2.385534644126892090e-01,-2.645147740840911865e-01,-7.449474930763244629e-02,2.619523108005523682e-01,-6.355152130126953125e-01,-3.306833803653717041e-01,-2.547076344490051270e-01,1.105465218424797058e-01
-9.109817445278167725e-02,-3.184779286384582520e-01,8.730407357215881348e-01,1.668328419327735901e-02,1.203754567541182041e-03,-9.649800062179565430e-01,2.617896199226379395e-01,-5.147469639778137207e-01,3.261744976043701172e-02,3.320313096046447754e-01,4.146107286214828491e-02,3.983480855822563171e-02,1.863714889623224735e-03,1.616058349609375000e-01,6.438571959733963013e-02,2.173314094543457031e-01,1.231371890753507614e-02,-4.385443776845932007e-02,1.147290617227554321e-01,4.151368737220764160e-01,0.000000000000000000e+00,0.000000000000000000e+00,3.446123600006103516e-01,-1.430433839559555054e-01,1.404614001512527466e-01,-3.365844190120697021e-01,4.536866247653961182e-01,-2.384309470653533936e-01,-2.389513999223709106e-01,-2.625846564769744873e-01,-6.019967794418334961e-02,2.679175138473510742e-01,-6.130152940750122070e-01,-3.261361420154571533e-01,-2.540199756622314453e-01,1.036122888326644897e-01
-1.232696399092674255e-01,-3.506671190261840820e-01,8.656982779502868652e-01,1.171099301427602768e-02,6.415278185158967972e-03,-9.698339104652404785e-01,2.434005439281463623e-01,-4.868988990783691406e-01,4.852297157049179077e-02,3.370456695556640625e-01,6.124913692474365234e-02,1.150322780013084412e-01,9.549996815621852875e-03,2.002023309469223022e-01,5.930269509553909302e-02,2.476109564304351807e-01,2.280446514487266541e-02,-1.291194744408130646e-02,1.270786523818969727e-01,4.516754448413848877e-01,0.000000000000000000e+00,0.000000000000000000e+00,3.409012556076049805e-01,-1.505919247865676880e-01,1.630519479513168335e-01,-3.404352366924285889e-01,4.586510360240936279e-01,-2.448387742042541504e-01,-2.318307161331176758e-01,-2.525305449962615967e-01,-3.780259564518928528e-02,2.634675800800323486e-01,-5.864991545677185059e-01,-3.296720683574676514e-01,-2.543715834617614746e-01,9.358424693346023560e-02
-1.549325138330459595e-01,-3.834124505519866943e-01,8.623390197753906250e-01,7.106548175215721130e-03,7.539683021605014801e-03,-9.724519848823547363e-01,2.328729033470153809e-01,-4.554793238639831543e-01,4.660325124859809875e-02,3.423388302326202393e-01,7.277601957321166992e-02,1.836065948009490967e-01,1.941259950399398804e-02,2.269306480884552002e-01,4.981808364391326904e-02,2.552462816238403320e-01,5.522344261407852173e-02,5.318629741668701172e-02,1.428340375423431396e-01,4.636916220188140869e-01,0.000000000000000000e+00,0.000000000000000000e+00,3.269416689872741699e-01,-1.511391550302505493e-01,1.748010963201522827e-01,-3.400102853775024414e-01,4.658732116222381592e-01,-2.275222986936569214e-01,-2.342392802238464355e-01,-2.333162277936935425e-01,-1.841621100902557373e-02,2.641976475715637207e-01,-5.530595779418945312e-01,-3.343315124511718750e-01,-2.384777665138244629e-01,1.018845364451408386e-01
-1.861387789249420166e-01,-4.152384698390960693e-01,8.624625205993652344e-01,2.082509454339742661e-03,4.226466640830039978e-03,-9.732623696327209473e-01,2.296479791402816772e-01,-4.136469066143035889e-01,2.465168759226799011e-02,3.147718906402587891e-01,8.626130968332290649e-02,2.190915197134017944e-01,2.659673802554607391e-02,2.460136413574218750e-01,3.748593106865882874e-02,2.592137753963470459e-01,9.968139976263046265e-02,1.594799160957336426e-01,1.775232702493667603e-01,4.557480812072753906e-01,0.000000000000000000e+00,0.000000000000000000e+00,3.097926378250122070e-01,-1.507016122341156006e-01,1.737014353275299072e-01,-3.365601301193237305e-01,4.801265597343444824e-01,-2.278110533952713013e-01,-2.269961386919021606e-01,-1.994835883378982544e-01,-7.344674319028854370e-03,2.579238712787628174e-01,-5.224032402038574219e-01,-3.286352157592773438e-01,-2.322061061859130859e-01,1.127162277698516846e-01
-2.157682925462722778e-01,-4.455339014530181885e-01,8.666572570800781250e-01,-4.791805986315011978e-03,-1.913676387630403042e-03,-9.708992838859558105e-01,2.394326925277709961e-01,-3.695622086524963379e-01,-6.005364470183849335e-03,2.964687943458557129e-01,1.035528257489204407e-01,2.020059674978256226e-01,5.549821257591247559e-02,2.616017460823059082e-01,2.895422838628292084e-02,2.476955503225326538e-01,1.523306071758270264e-01,3.091003298759460449e-01,2.071342319250106812e-01,4.158119261264801025e-01,0.000000000000000000e+00,0.000000000000000000e+00,2.944535017013549805e-01,-1.428761780261993408e-01,1.425459831953048706e-01,-3.353697359561920166e-01,4.954604804515838623e-01,-2.292479723691940308e-01,-2.122408449649810791e-01,-1.550233811140060425e-01,-1.724049099721014500e-03,2.484747618436813354e-01,-4.987646043300628662e-01,-3.194990158081054688e-01,-2.206905335187911987e-01,1.180676445364952087e-01
-2.421048432588577271e-01,-4.714029729366302490e-01,8.730732202529907227e-01,-8.282023482024669647e-03,-6.025568582117557526e-03,-9.673402309417724609e-01,2.532745301723480225e-01,-3.287749588489532471e-01,-3.466720134019851685e-02,2.673158645629882812e-01,1.117001995444297791e-01,1.671384423971176147e-01,7.446942478418350220e-02,2.519103586673736572e-01,2.803563885390758514e-02,2.356876730918884277e-01,2.101141214370727539e-01,5.040915608406066895e-01,2.134239971637725830e-01,3.685533106327056885e-01,0.000000000000000000e+00,0.000000000000000000e+00,2.598633170127868652e-01,-1.249814704060554504e-01,1.001524403691291809e-01,-3.334487378597259521e-01,4.862142801284790039e-01,-2.293142825365066528e-01,-2.146119773387908936e-01,-1.105951964855194092e-01,1.369236735627055168e-03,2.314129471778869629e-01,-4.864237010478973389e-01,-3.090612590312957764e-01,-2.038948535919189453e-01,1.501115113496780396e-01
-2.692565619945526123e-01,-4.984375536441802979e-01,8.776314258575439453e-01,-1.706702448427677155e-02,-5.121258553117513657e-03,-9.643099904060363770e-01,2.641754746437072754e-01,-2.635065913200378418e-01,-5.971476435661315918e-02,2.369775325059890747e-01,9.161499142646789551e-02,1.739602535963058472e-01,6.770563311874866486e-03,1.565757840871810913e-01,6.609912961721420288e-02,2.583573162555694580e-01,4.239315390586853027e-01,5.061399936676025391e-01,2.467862069606781006e-01,3.289265334606170654e-01,0.000000000000000000e+00,0.000000000000000000e+00,2.399849742650985718e-01,-9.941222518682479858e-02,4.410379752516746521e-02,-3.418826162815093994e-01,4.924703538417816162e-01,-2.575256228446960449e-01,-1.876596212387084961e-01,-4.851305857300758362e-02,2.384362742304801941e-02,2.058048993349075317e-01,-4.849693477153778076e-01,-2.910308241844177246e-01,-2.156731635332107544e-01,1.415995806455612183e-01
-2.941083014011383057e-01,-5.182368159294128418e-01,8.923411965370178223e-01,-1.867834292352199554e-02,1.967855542898178101e-02,-9.540309906005859375e-01,2.984773814678192139e-01,-2.425505816936492920e-01,-3.333361819386482239e-02,1.649349629878997803e-01,9.354639053344726562e-02,1.310175657272338867e-01,3.004219569265842438e-02,1.132751330733299255e-01,1.311879903078079224e-01,2.258765995502471924e-01,3.816086351871490479e-01,5.044641494750976562e-01,2.286009639501571655e-01,2.401098757982254028e-01,0.000000000000000000e+00,0.000000000000000000e+00,1.432443559169769287e-01,-2.668430469930171967e-02,2.907021343708038330e-02,-3.489068448543548584e-01,4.733723104000091553e-01,-2.565481364727020264e-01,-1.571808755397796631e-01,-3.699114546179771423e-02,4.829989373683929443e-02,1.890530735254287720e-01,-4.806002676486968994e-01,-2.936027348041534424e-01,-2.155744731426239014e-01,1.509810388088226318e-01
-3.180591464042663574e-01,-5.402221679687500000e-01,9.020678400993347168e-01,-2.094887569546699524e-02,3.304867073893547058e-02,-9.465401172637939453e-01,3.202041983604431152e-01,-2.087039798498153687e-01,-2.247921377420425415e-02,1.196087673306465149e-01,8.599966019392013550e-02,1.116104274988174438e-01,1.530260499566793442e-02,1.568836346268653870e-02,1.563178747892379761e-01,1.643891781568527222e-01,4.205718040466308594e-01,4.117687344551086426e-01,1.869702041149139404e-01,1.651762127876281738e-01,0.000000000000000000e+00,0.000000000000000000e+00,6.791213899850845337e-02,2.342242188751697540e-02,1.313476078212261200e-02,-3.575724959373474121e-01,4.585970342159271240e-01,-2.822350561618804932e-01,-1.209201142191886902e-01,-1.533903926610946655e-02,6.639431416988372803e-02,1.797733455896377563e-01,-4.769452214241027832e-01,-2.720709741115570068e-01,-2.271692454814910889e-01,1.483186483383178711e-01
-3.417535424232482910e-01,-5.617670416831970215e-01,9.104791283607482910e-01,-2.335991337895393372e-02,3.933371230959892273e-02,-9.392349123954772949e-01,3.402131497859954834e-01,-1.699592620134353638e-01,-2.030420675873756409e-02,7.890445739030838013e-02,7.536912709474563599e-02,9.162718802690505981e-02,3.098031738772988319e-03,-7.043211162090301514e-02,1.444016396999359131e-01,7.029123604297637939e-02,4.175400435924530029e-01,3.336383104324340820e-01,1.359315812587738037e-01,9.074056893587112427e-02,0.000000000000000000e+00,0.000000000000000000e+00,2.721381606534123421e-03,6.464953720569610596e-02,7.459726650267839432e-03,-3.772727847099304199e-01,4.608109891414642334e-01,-2.992427349090576172e-01,-1.242774873971939087e-01,1.543810404837131500e-02,7.766924053430557251e-02,1.660002470016479492e-01,-4.824207723140716553e-01,-2.993590831756591797e-01,-2.300236821174621582e-01,1.552202701568603516e-01
-3.652459383010864258e-01,-5.829775929450988770e-01,9.161658883094787598e-01,-2.314556390047073364e-02,3.736994415521621704e-02,-9.312022924423217773e-01,3.618425726890563965e-01,-1.302011013031005859e-01,-3.457365185022354126e-02,2.921026013791561127e-02,6.125161796808242798e-02,5.901572480797767639e-02,1.786776073276996613e-02,-1.406037211418151855e-01,1.064438745379447937e-01,-3.625916317105293274e-02,3.753988444805145264e-01,2.715042233467102051e-01,8.785785734653472900e-02,2.218785136938095093e-02,0.000000000000000000e+00,0.000000000000000000e+00,-5.873163789510726929e-02,8.984950929880142212e-02,-8.540215902030467987e-03,-4.105726182460784912e-01,4.475021362304687500e-01,-3.098849356174468994e-01,-9.317534416913986206e-02,5.121875554323196411e-02,7.172441482543945312e-02,1.473003029823303223e-01,-4.924339652061462402e-01,-3.126574456691741943e-01,-2.238986492156982422e-01,1.565009653568267822e-01
-3.884664773941040039e-01,-6.035557389259338379e-01,9.187543392181396484e-01,-1.881401613354682922e-02,3.381571173667907715e-02,-9.216527342796325684e-01,3.860812187194824219e-01,-9.725581854581832886e-02,-5.102980881929397583e-02,-2.141493186354637146e-02,4.948524758219718933e-02,3.240556269884109497e-02,3.849674612865783274e-06,-2.089947760105133057e-01,6.780611723661422729e-02,-1.332038938999176025e-01,3.161392211914062500e-01,2.044046521186828613e-01,5.165098235011100769e-02,-4.876647144556045532e-02,0.000000000000000000e+00,0.000000000000000000e+00,-1.259213685989379883e-01,1.061940863728523254e-01,-3.414438292384147644e-02,-4.454414546489715576e-01,4.415244758129119873e-01,-3.288029730319976807e-01,-7.358787208795547485e-02,8.364523947238922119e-02,5.771032348275184631e-02,1.348755508661270142e-01,-5.116551518440246582e-01,-3.359630405902862549e-01,-2.337490618228912354e-01,1.516373157501220703e-01
-4.130693674087524414e-01,-6.247587203979492188e-01,9.189088344573974609e-01,-1.283960975706577301e-02,2.651452273130416870e-02,-9.125171899795532227e-01,4.079760611057281494e-01,-6.227878853678703308e-02,-7.068772614002227783e-02,-7.181636244058609009e-02,3.560974448919296265e-02,8.459686301648616791e-03,6.179462652653455734e-03,-2.682793438434600830e-01,3.257368877530097961e-02,-2.050442099571228027e-01,2.423657178878784180e-01,1.587563604116439819e-01,5.318876355886459351e-02,-1.098075807094573975e-01,0.000000000000000000e+00,0.000000000000000000e+00,-1.846236884593963623e-01,1.118191033601760864e-01,-6.525573879480361938e-02,-4.889464974403381348e-01,4.496892988681793213e-01,-3.445074558258056641e-01,-6.220618262887001038e-02,1.123413369059562683e-01,3.895363956689834595e-02,1.107579916715621948e-01,-5.270175337791442871e-01,-3.521754145622253418e-01,-2.369191199541091919e-01,1.381415277719497681e-01
-4.382131993770599365e-01,-6.462790369987487793e-01,9.161987900733947754e-01,-6.640746258199214935e-03,2.065675891935825348e-02,-9.027554988861083984e-01,4.296065270900726318e-01,-2.728965505957603455e-02,-8.438543230295181274e-02,-1.215846091508865356e-01,2.138356491923332214e-02,-1.055551320314407349e-02,1.763861998915672302e-02,-3.260477781295776367e-01,9.266923181712627411e-03,-2.465142011642456055e-01,1.690162718296051025e-01,1.305530071258544922e-01,7.520153373479843140e-02,-1.654545962810516357e-01,0.000000000000000000e+00,0.000000000000000000e+00,-2.383664846420288086e-01,1.119909733533859253e-01,-8.903848379850387573e-02,-5.366025567054748535e-01,4.498699903488159180e-01,-3.625640273094177246e-01,-5.359204486012458801e-02,1.416085958480834961e-01,2.605273202061653137e-02,8.195624500513076782e-02,-5.430641174316406250e-01,-3.526611328125000000e-01,-2.421862483024597168e-01,1.346843987703323364e-01
-4.637696743011474609e-01,-6.686615943908691406e-01,9.128726720809936523e-01,-1.518648583441972733e-03,1.939030550420284271e-02,-8.925296664237976074e-01,4.505691528320312500e-01,6.390351802110671997e-03,-8.388699591159820557e-02,-1.639553457498550415e-01,9.226272813975811005e-03,-2.955179661512374878e-02,9.092743508517742157e-03,-3.874939084053039551e-01,-3.751933691091835499e-04,-2.433664351701736450e-01,1.124976575374603271e-01,1.037951484322547913e-01,9.225527197122573853e-02,-2.157084643840789795e-01,0.000000000000000000e+00,0.000000000000000000e+00,-2.924833297729492188e-01,1.115078032016754150e-01,-1.086727827787399292e-01,-5.864692330360412598e-01,4.506914913654327393e-01,-3.777188360691070557e-01,-6.301879882812500000e-02,1.671664863824844360e-01,1.694958843290805817e-02,5.842896923422813416e-02,-5.530298948287963867e-01,-3.462404012680053711e-01,-2.306813895702362061e-01,1.489298492670059204e-01
-4.892292916774749756e-01,-6.920486688613891602e-01,9.092324376106262207e-01,4.428419284522533417e-03,1.754418201744556427e-02,-8.861902952194213867e-01,4.629680216312408447e-01,3.733682632446289062e-02,-8.497211337089538574e-02,-2.042715847492218018e-01,4.087320528924465179e-03,-7.206202298402786255e-02,-1.219687517732381821e-02,-4.463966786861419678e-01,-1.096048671752214432e-02,-2.471265196800231934e-01,6.512541323900222778e-02,9.100515395402908325e-02,1.082064881920814514e-01,-2.477890551090240479e-01,0.000000000000000000e+00,0.000000000000000000e+00,-3.389203250408172607e-01,1.104696691036224365e-01,-1.272269040346145630e-01,-6.283388733863830566e-01,4.485086202621459961e-01,-3.957378864288330078e-01,-5.191719532012939453e-02,1.852241307497024536e-01,1.097421906888484955e-02,3.706690669059753418e-02,-5.533329248428344727e-01,-3.545288741588592529e-01,-2.297789454460144043e-01,1.459603160619735718e-01
-5.152182579040527344e-01,-7.157608866691589355e-01,9.052674174308776855e-01,7.008288986980915070e-03,1.797579601407051086e-02,-8.830007314682006836e-01,4.689749181270599365e-01,6.992883235216140747e-02,-7.504062354564666748e-02,-2.190603762865066528e-01,2.257868647575378418e-03,-1.101631447672843933e-01,-1.035263389348983765e-02,-4.885642230510711670e-01,-1.056934986263513565e-02,-2.720369696617126465e-01,2.672099135816097260e-02,5.768539384007453918e-02,1.378703862428665161e-01,-2.676082253456115723e-01,0.000000000000000000e+00,0.000000000000000000e+00,-3.750718533992767334e-01,1.055842489004135132e-01,-1.276962608098983765e-01,-6.602025032043457031e-01,4.196346402168273926e-01,-4.016901254653930664e-01,-5.127946287393569946e-02,1.948513686656951904e-01,7.779469713568687439e-03,1.881049387156963348e-02,-5.350708961486816406e-01,-3.343238234519958496e-01,-2.158052474260330200e-01,1.565027981996536255e-01
-5.422418713569641113e-01,-7.397018671035766602e-01,8.999764919281005859e-01,7.618452887982130051e-03,1.991635374724864960e-02,-8.776419162750244141e-01,4.788423478603363037e-01,1.021889746189117432e-01,-6.081104651093482971e-02,-2.387342602014541626e-01,4.129542969167232513e-03,-1.250307410955429077e-01,-1.508318632841110229e-02,-5.103680491447448730e-01,-1.250201929360628128e-02,-3.056342899799346924e-01,6.264646071940660477e-03,4.776109009981155396e-02,1.436995714902877808e-01,-2.962810695171356201e-01,0.000000000000000000e+00,0.000000000000000000e+00,-3.972351253032684326e-01,9.870248287916183472e-02,-1.209010034799575806e-01,-6.843195557594299316e-01,3.858140707015991211e-01,-4.063202142715454102e-01,-3.705642744898796082e-02,1.993474960327148438e-01,9.095182642340660095e-03,5.856135860085487366e-03,-5.128164887428283691e-01,-3.305217623710632324e-01,-2.002591639757156372e-01,1.672293394804000854e-01
-5.699208974838256836e-01,-7.655723094940185547e-01,8.942300081253051758e-01,1.084609515964984894e-02,1.431065704673528671e-02,-8.720413446426391602e-01,4.891026616096496582e-01,1.401087194681167603e-01,-5.935110896825790405e-02,-2.654190957546234131e-01,4.701555706560611725e-03,-1.499109417200088501e-01,-1.014028303325176239e-02,-5.139643549919128418e-01,-2.623146213591098785e-02,-3.024670481681823730e-01,1.719970256090164185e-02,5.304626747965812683e-02,1.527399271726608276e-01,-3.241107463836669922e-01,0.000000000000000000e+00,0.000000000000000000e+00,-4.022749364376068115e-01,7.321144640445709229e-02,-1.118570789694786072e-01,-6.913557052612304688e-01,3.898319005966186523e-01,-4.009605348110198975e-01,-5.325022339820861816e-02,1.996601521968841553e-01,8.438954828307032585e-04,-1.497203204780817032e-02,-4.922622144222259521e-01,-3.320291638374328613e-01,-1.887223124504089355e-01,1.747017949819564819e-01
-5.997655391693115234e-01,-7.943187355995178223e-01,8.862024545669555664e-01,1.376289036124944687e-02,6.719167809933423996e-03,-8.625046014785766602e-01,5.058174133300781250e-01,1.788910627365112305e-01,-5.397769063711166382e-02,-2.910578548908233643e-01,8.685437031090259552e-03,-1.332412660121917725e-01,-3.512257710099220276e-02,-4.965334534645080566e-01,-4.795724526047706604e-02,-2.829400599002838135e-01,4.717225953936576843e-02,1.298878341913223267e-01,1.346558928489685059e-01,-3.635013401508331299e-01,0.000000000000000000e+00,0.000000000000000000e+00,-3.938614428043365479e-01,4.650178551673889160e-02,-1.082165539264678955e-01,-6.800966858863830566e-01,4.077862799167633057e-01,-3.890020847320556641e-01,-7.060720026493072510e-02,1.999380439519882202e-01,-1.023265533149242401e-02,-3.879054263234138489e-02,-4.764834046363830566e-01,-3.279104232788085938e-01,-1.796667128801345825e-01,1.871005296707153320e-01
-6.318037509918212891e-01,-8.233724832534790039e-01,8.799946308135986328e-01,1.209181454032659531e-02,2.877500839531421661e-03,-8.562927842140197754e-01,5.163410902023315430e-01,2.186833620071411133e-01,-3.677653521299362183e-02,-3.049345612525939941e-01,2.105910331010818481e-02,-8.897116035223007202e-02,-6.809699535369873047e-02,-4.726311266422271729e-01,-5.585088580846786499e-02,-2.851537168025970459e-01,6.405212730169296265e-02,1.953030526638031006e-01,1.236472427845001221e-01,-3.854135870933532715e-01,0.000000000000000000e+00,0.000000000000000000e+00,-3.737942278385162354e-01,3.361149132251739502e-02,-1.185272410511970520e-01,-6.419966220855712891e-01,4.084675610065460205e-01,-3.780448138713836670e-01,-5.784351006150245667e-02,2.034942209720611572e-01,-1.277793012559413910e-02,-5.573485791683197021e-02,-4.650236964225769043e-01,-3.165410161018371582e-01,-1.804967969655990601e-01,1.784513145685195923e-01
-6.646907925605773926e-01,-8.533064723014831543e-01,8.755565285682678223e-01,6.540790665894746780e-03,-1.686914125457406044e-03,-8.529374599456787109e-01,5.219694375991821289e-01,2.534059584140777588e-01,-2.162196673452854156e-02,-3.054834902286529541e-01,5.451537296175956726e-02,-1.537927053868770599e-02,-8.940648287534713745e-02,-4.313080310821533203e-01,-5.382878705859184265e-02,-2.823989987373352051e-01,9.018159657716751099e-02,2.666115462779998779e-01,1.188944652676582336e-01,-3.967249989509582520e-01,0.000000000000000000e+00,0.000000000000000000e+00,-3.374863266944885254e-01,1.415513921529054642e-02,-1.265336722135543823e-01,-5.843644142150878906e-01,4.195973575115203857e-01,-3.460912108421325684e-01,-8.468553423881530762e-02,2.003116160631179810e-01,-1.570327393710613251e-02,-6.061336770653724670e-02,-4.516997337341308594e-01,-3.076539933681488037e-01,-1.747399419546127319e-01,1.802348941564559937e-01
-6.966305375099182129e-01,-8.820067048072814941e-01,8.743745088577270508e-01,-4.363453015685081482e-03,-1.420521643012762070e-03,-8.541650176048278809e-01,5.199818015098571777e-01,2.815344035625457764e-01,-3.548467531800270081e-03,-2.997505068778991699e-01,1.011373326182365417e-01,9.228910505771636963e-02,-1.031973436474800110e-01,-3.847174644470214844e-01,-3.136840835213661194e-02,-2.850508391857147217e-01,1.121159344911575317e-01,2.877877950668334961e-01,8.827330917119979858e-02,-3.881172537803649902e-01,0.000000000000000000e+00,0.000000000000000000e+00,-2.871468663215637207e-01,9.886886924505233765e-03,-1.474101543426513672e-01,-5.122183561325073242e-01,4.313054680824279785e-01,-3.209034502506256104e-01,-1.334054619073867798e-01,1.952465772628784180e-01,-6.326705217361450195e-03,-6.762970983982086182e-02,-4.371530711650848389e-01,-3.099997341632843018e-01,-1.733747571706771851e-01,1.832954138517379761e-01
-7.273339629173278809e-01,-9.081525206565856934e-01,8.760716915130615234e-01,-1.666074246168136597e-02,1.712652156129479408e-03,-8.593499660491943359e-01,5.111136436462402344e-01,2.967868447303771973e-01,1.300749927759170532e-02,-2.779560089111328125e-01,1.535000205039978027e-01,2.497671693563461304e-01,-1.104095801711082458e-01,-3.402928709983825684e-01,6.530330982059240341e-03,-2.773890793323516846e-01,1.294716894626617432e-01,2.583301067352294922e-01,6.465748697519302368e-02,-3.635729551315307617e-01,0.000000000000000000e+00,0.000000000000000000e+00,-2.277343571186065674e-01,1.220179535448551178e-02,-1.560481786727905273e-01,-4.353241324424743652e-01,4.373875856399536133e-01,-2.890285849571228027e-01,-1.655479222536087036e-01,1.899385452270507812e-01,9.879579767584800720e-03,-6.965677440166473389e-02,-4.330758750438690186e-01,-3.225005269050598145e-01,-1.712174415588378906e-01,1.837018728256225586e-01
-7.556463479995727539e-01,-9.327085018157958984e-01,8.799442648887634277e-01,-2.280843257904052734e-02,2.712057903409004211e-03,-8.657879829406738281e-01,4.998835325241088867e-01,2.818841040134429932e-01,1.467711012810468674e-02,-2.568358480930328369e-01,2.075855135917663574e-01,4.525453448295593262e-01,-1.161013245582580566e-01,-2.954468429088592529e-01,3.696396946907043457e-02,-2.582208514213562012e-01,1.283099055290222168e-01,2.297859489917755127e-01,5.194978415966033936e-02,-3.291837871074676514e-01,0.000000000000000000e+00,0.000000000000000000e+00,-1.637521088123321533e-01,6.886650808155536652e-03,-1.607878059148788452e-01,-3.780786693096160889e-01,4.450657367706298828e-01,-2.609506547451019287e-01,-1.855293512344360352e-01,1.760589629411697388e-01,1.905585452914237976e-02,-6.008231267333030701e-02,-4.409323036670684814e-01,-3.306970000267028809e-01,-1.643230020999908447e-01,1.846752464771270752e-01
-7.849715948104858398e-01,-9.581831097602844238e-01,8.841568827629089355e-01,-2.813861146569252014e-02,3.720869077369570732e-03,-8.758379817008972168e-01,4.817698299884796143e-01,1.828093081712722778e-01,-5.643645999953150749e-04,-1.906114667654037476e-01,4.023388326168060303e-01,5.061399936676025391e-01,-1.337598413228988647e-01,-2.499878257513046265e-01,7.066389918327331543e-02,-2.190116643905639648e-01,1.266603916883468628e-01,1.972309798002243042e-01,4.439864307641983032e-02,-2.702897787094116211e-01,0.000000000000000000e+00,0.000000000000000000e+00,-1.021360233426094055e-01,-5.746712908148765564e-03,-1.588129103183746338e-01,-3.310704827308654785e-01,4.617460072040557861e-01,-2.584568560123443604e-01,-1.870329678058624268e-01,1.584053933620452881e-01,1.932691223919391632e-02,-5.746560543775558472e-02,-4.571503400802612305e-01,-3.030951321125030518e-01,-1.802190989255905151e-01,1.734248846769332886e-01
-8.076432347297668457e-01,-9.825702309608459473e-01,8.988758325576782227e-01,-1.097165048122406006e-02,-1.675931364297866821e-02,-8.826465606689453125e-01,4.696102440357208252e-01,1.219463199377059937e-01,-4.563132300972938538e-02,-1.356018781661987305e-01,3.692609071731567383e-01,5.041159987449645996e-01,-8.662218600511550903e-02,-2.164709270000457764e-01,3.726734220981597900e-02,-1.710331887006759644e-01,1.096175909042358398e-01,1.701187193393707275e-01,5.331196635961532593e-02,-2.162860929965972900e-01,0.000000000000000000e+00,0.000000000000000000e+00,-5.719941854476928711e-02,-5.395315960049629211e-02,-1.244433224201202393e-01,-3.118285536766052246e-01,4.506925344467163086e-01,-2.520868480205535889e-01,-2.110953927040100098e-01,1.202158853411674500e-01,-1.021042559295892715e-02,-4.831023514270782471e-02,-4.796577095985412598e-01,-3.090476989746093750e-01,-1.945308744907379150e-01,1.750005930662155151e-01
-8.307010531425476074e-01,-1.006513476371765137e+00,9.087525606155395508e-01,1.003953628242015839e-03,-2.864374965429306030e-02,-8.925746083259582520e-01,4.499878883361816406e-01,7.290086243301630020e-03,-6.997004896402359009e-02,-4.330771043896675110e-02,4.126157760620117188e-01,3.930399119853973389e-01,-2.113871648907661438e-02,-1.860252618789672852e-01,2.440416999161243439e-02,-1.172824203968048096e-01,9.485907852649688721e-02,1.430271267890930176e-01,6.183381378650665283e-02,-1.332418918609619141e-01,0.000000000000000000e+00,0.000000000000000000e+00,-1.099740341305732727e-02,-9.448859095573425293e-02,-9.744308143854141235e-02,-3.194268941879272461e-01,4.336223602294921875e-01,-2.498891949653625488e-01,-2.071904391050338745e-01,8.410749584436416626e-02,-4.114660248160362244e-02,-2.579344063997268677e-02,-4.986472725868225098e-01,-3.268136084079742432e-01,-1.988095492124557495e-01,1.683729141950607300e-01
-8.525879979133605957e-01,-1.028982639312744141e+00,9.161902666091918945e-01,7.599527481943368912e-03,-3.381498903036117554e-02,-9.016512632369995117e-01,4.310728013515472412e-01,-9.950954467058181763e-02,-6.285990029573440552e-02,5.928460508584976196e-02,4.226756691932678223e-01,2.866233587265014648e-01,2.573891729116439819e-02,-1.530785113573074341e-01,2.372263744473457336e-02,-7.315310835838317871e-02,7.734521478414535522e-02,1.192782595753669739e-01,7.518676668405532837e-02,-5.816992744803428650e-02,0.000000000000000000e+00,0.000000000000000000e+00,4.587835446000099182e-02,-1.164562776684761047e-01,-7.415173947811126709e-02,-3.408701121807098389e-01,4.459637999534606934e-01,-2.644545435905456543e-01,-2.163176834583282471e-01,4.485548287630081177e-02,-7.017830759286880493e-02,2.954647503793239594e-02,-5.132035017013549805e-01,-3.386303186416625977e-01,-2.191932946443557739e-01,1.340526789426803589e-01
-8.735124468803405762e-01,-1.050870656967163086e+00,9.210690855979919434e-01,1.142068672925233841e-02,-3.179033845663070679e-02,-9.110053181648254395e-01,4.110088646411895752e-01,-1.863916814327239990e-01,-4.456023126840591431e-02,1.439760476350784302e-01,3.862662911415100098e-01,2.239617556333541870e-01,5.867095664143562317e-02,-1.239729672670364380e-01,3.484781458973884583e-02,-3.117659315466880798e-02,6.312678009271621704e-02,9.436285495758056641e-02,7.621366530656814575e-02,1.920833252370357513e-02,0.000000000000000000e+00,0.000000000000000000e+00,9.465667605400085449e-02,-1.223449781537055969e-01,-4.383619129657745361e-02,-3.536894917488098145e-01,4.426322281360626221e-01,-2.864037752151489258e-01,-2.425201237201690674e-01,7.136025000363588333e-03,-8.085305988788604736e-02,6.267918646335601807e-02,-5.264418721199035645e-01,-3.387152254581451416e-01,-2.309308946132659912e-01,1.381733566522598267e-01
-8.945344686508178711e-01,-1.073949933052062988e+00,9.227002263069152832e-01,1.192785706371068954e-02,-2.514925785362720490e-02,-9.215488433837890625e-01,3.872633874416351318e-01,-2.546956241130828857e-01,-2.822474390268325806e-02,1.962846219539642334e-01,3.140221238136291504e-01,1.860502362251281738e-01,6.761290878057479858e-02,-9.228901565074920654e-02,5.397286266088485718e-02,1.792645826935768127e-02,4.953264072537422180e-02,7.077236473560333252e-02,7.914689928293228149e-02,9.677487611770629883e-02,0.000000000000000000e+00,0.000000000000000000e+00,1.531724482774734497e-01,-1.140002310276031494e-01,-1.201421208679676056e-02,-3.809553086757659912e-01,4.350998401641845703e-01,-2.820723652839660645e-01,-2.474071979522705078e-01,-3.098096512258052826e-02,-8.322799205780029297e-02,1.030064672231674194e-01,-5.352220535278320312e-01,-3.417909145355224609e-01,-2.314589619636535645e-01,1.334647387266159058e-01
-9.165132045745849609e-01,-1.096933722496032715e+00,9.209550619125366211e-01,1.248491741716861725e-02,-1.254252344369888306e-02,-9.328708648681640625e-01,3.597760200500488281e-01,-3.200634121894836426e-01,-2.839519176632165909e-03,2.251242846250534058e-01,2.336735725402832031e-01,1.766824126243591309e-01,5.768702179193496704e-02,-6.731813400983810425e-02,8.151793479919433594e-02,7.746074348688125610e-02,4.258759692311286926e-02,5.120151117444038391e-02,7.798031717538833618e-02,1.757007241249084473e-01,0.000000000000000000e+00,0.000000000000000000e+00,2.056336849927902222e-01,-9.565865993499755859e-02,1.196653116494417191e-02,-4.036135971546173096e-01,4.501050114631652832e-01,-2.858936786651611328e-01,-2.467586845159530640e-01,-7.629021257162094116e-02,-7.761980593204498291e-02,1.492827832698822021e-01,-5.476742386817932129e-01,-3.552074432373046875e-01,-2.348449379205703735e-01,1.166672930121421814e-01
-9.396722316741943359e-01,-1.122227549552917480e+00,9.174345135688781738e-01,1.256862375885248184e-02,-4.439780954271554947e-03,-9.417433142662048340e-01,3.360683023929595947e-01,-3.807591497898101807e-01,9.371244348585605621e-03,2.264679968357086182e-01,1.567222774028778076e-01,1.408104151487350464e-01,3.874320164322853088e-02,-3.542197495698928833e-02,9.503559768199920654e-02,1.287265717983245850e-01,3.562605008482933044e-02,3.077929280698299408e-02,7.380218058824539185e-02,2.416078746318817139e-01,0.000000000000000000e+00,0.000000000000000000e+00,2.516032159328460693e-01,-8.742454648017883301e-02,4.432751238346099854e-02,-4.128586649894714355e-01,4.573118686676025391e-01,-2.836691439151763916e-01,-2.530798912048339844e-01,-1.132531911134719849e-01,-7.502377033233642578e-02,1.834146678447723389e-01,-5.649905204772949219e-01,-3.623627424240112305e-01,-2.414830327033996582e-01,1.201273873448371887e-01
-9.637559652328491211e-01,-1.148130059242248535e+00,9.127547144889831543e-01,1.354049146175384521e-02,2.127503976225852966e-03,-9.489855170249938965e-01,3.150215744972229004e-01,-4.367623329162597656e-01,2.281062118709087372e-02,2.339583188295364380e-01,9.624330699443817139e-02,1.108924150466918945e-01,1.169251464307308197e-02,-3.592576831579208374e-03,1.003800779581069946e-01,1.713544875383377075e-01,3.051267005503177643e-02,4.084232728928327560e-03,7.070657610893249512e-02,2.948194444179534912e-01,0.000000000000000000e+00,0.000000000000000000e+00,2.910465002059936523e-01,-8.636461943387985229e-02,8.430672436952590942e-02,-4.087536036968231201e-01,4.637602269649505615e-01,-2.750121653079986572e-01,-2.559755742549896240e-01,-1.537341028451919556e-01,-6.905810534954071045e-02,2.079985588788986206e-01,-5.799504518508911133e-01,-3.652016222476959229e-01,-2.448011487722396851e-01,1.216616258025169373e-01
-9.884412288665771484e-01,-1.175330400466918945e+00,9.083769321441650391e-01,1.521725766360759735e-02,1.093067345209419727e-03,-9.530007839202880859e-01,3.025834560394287109e-01,-4.817419648170471191e-01,1.689636707305908203e-02,2.480481863021850586e-01,5.307191237807273865e-02,6.196251511573791504e-02,-1.480660866945981979e-02,3.600539639592170715e-02,8.721138536930084229e-02,1.973517835140228271e-01,2.248535677790641785e-02,-1.938378438353538513e-02,7.409991323947906494e-02,3.249580264091491699e-01,0.000000000000000000e+00,0.000000000000000000e+00,3.219199478626251221e-01,-8.739222586154937744e-02,9.884539991617202759e-02,-3.831447660923004150e-01,4.696880578994750977e-01,-2.692342400550842285e-01,-2.438852190971374512e-01,-1.876719892024993896e-01,-7.499349862337112427e-02,2.429791241884231567e-01,-5.939623117446899414e-01,-3.636172413825988770e-01,-2.543896436691284180e-01,1.161744520068168640e-01
-1.015025734901428223e+00,-1.203566312789916992e+00,9.026501178741455078e-01,1.395060680806636810e-02,-1.143057132139801979e-03,-9.559359550476074219e-01,2.932414710521697998e-01,-5.059275031089782715e-01,7.979011163115501404e-03,2.615999579429626465e-01,2.644655853509902954e-02,3.304474055767059326e-02,-3.394530713558197021e-02,8.422997593879699707e-02,7.182597368955612183e-02,2.183636277914047241e-01,1.388445589691400528e-02,-4.153421893715858459e-02,7.943580299615859985e-02,3.508960008621215820e-01,0.000000000000000000e+00,0.000000000000000000e+00,3.389760553836822510e-01,-1.047959625720977783e-01,1.310946792364120483e-01,-3.518179655075073242e-01,4.794467985630035400e-01,-2.686604559421539307e-01,-2.055395692586898804e-01,-2.116447687149047852e-01,-6.993734091520309448e-02,2.494715154170989990e-01,-5.990432500839233398e-01,-3.583013415336608887e-01,-2.661644518375396729e-01,9.521584212779998779e-02
-1.042415618896484375e+00,-1.232596516609191895e+00,8.942131400108337402e-01,1.174916513264179230e-02,2.146403072401881218e-03,-9.596248865127563477e-01,2.810292541980743408e-01,-5.129337310791015625e-01,9.851820766925811768e-03,2.631323635578155518e-01,2.326568774878978729e-02,5.132017657160758972e-02,-6.373716145753860474e-02,1.266316175460815430e-01,6.596328318119049072e-02,2.424624562263488770e-01,1.247517764568328857e-02,-5.968766659498214722e-02,7.885026931762695312e-02,3.763072192668914795e-01,0.000000000000000000e+00,0.000000000000000000e+00,3.446486592292785645e-01,-1.098916828632354736e-01,1.589904874563217163e-01,-3.187053203582763672e-01,5.081874132156372070e-01,-2.632835507392883301e-01,-2.050811052322387695e-01,-2.286709696054458618e-01,-5.180357396602630615e-02,2.523617446422576904e-01,-6.040755510330200195e-01,-3.571691811084747314e-01,-2.776581048965454102e-01,8.478545397520065308e-02
-1.071836590766906738e+00,-1.263408422470092773e+00,8.837972879409790039e-01,8.138784207403659821e-03,9.025848470628261566e-03,-9.647163152694702148e-01,2.630109488964080811e-01,-4.987623095512390137e-01,2.413788437843322754e-02,2.423770278692245483e-01,4.397301003336906433e-02,1.351544111967086792e-01,-6.833900511264801025e-02,1.672904640436172485e-01,6.411506235599517822e-02,2.764512300491333008e-01,1.510440371930599213e-02,-5.068505182862281799e-02,9.433478862047195435e-02,4.144081175327301025e-01,0.000000000000000000e+00,0.000000000000000000e+00,3.539871275424957275e-01,-1.117985621094703674e-01,1.752204895019531250e-01,-3.075324594974517822e-01,5.158027410507202148e-01,-2.696757316589355469e-01,-1.954597979784011841e-01,-2.310788184404373169e-01,-2.687640488147735596e-02,2.358033955097198486e-01,-6.065507531166076660e-01,-3.545023500919342041e-01,-2.860872447490692139e-01,7.426122575998306274e-02
-1.102470159530639648e+00,-1.295467734336853027e+00,8.766463994979858398e-01,3.966446965932846069e-03,1.415369007736444473e-02,-9.671724438667297363e-01,2.536955773830413818e-01,-4.734010100364685059e-01,2.939310297369956970e-02,2.457858324050903320e-01,5.908181145787239075e-02,2.122596353292465210e-01,-6.325579434633255005e-02,2.037649750709533691e-01,6.313902139663696289e-02,2.901245057582855225e-01,2.814941294491291046e-02,-1.857417263090610504e-02,1.084571927785873413e-01,4.352312982082366943e-01,0.000000000000000000e+00,0.000000000000000000e+00,3.509968817234039307e-01,-1.138925403356552124e-01,2.069079726934432983e-01,-3.031847774982452393e-01,5.236232876777648926e-01,-2.726508080959320068e-01,-1.893439888954162598e-01,-2.178045958280563354e-01,-1.362688140943646431e-03,2.148687988519668579e-01,-6.020526289939880371e-01,-3.445968627929687500e-01,-2.837525010108947754e-01,8.236801624298095703e-02
-1.131908774375915527e+00,-1.327089190483093262e+00,8.751900196075439453e-01,6.364274886436760426e-04,1.303763501346111298e-02,-9.681855440139770508e-01,2.498926073312759399e-01,-4.375957548618316650e-01,2.039869688451290131e-02,2.430792450904846191e-01,7.223151624202728271e-02,2.675226628780364990e-01,-3.546003997325897217e-02,2.289942204952239990e-01,5.502498149871826172e-02,2.848220169544219971e-01,6.005270779132843018e-02,4.181900992989540100e-02,1.310625374317169189e-01,4.403076171875000000e-01,0.000000000000000000e+00,0.000000000000000000e+00,3.377957046031951904e-01,-1.203443855047225952e-01,2.279899716377258301e-01,-3.023064434528350830e-01,5.368639230728149414e-01,-2.782036960124969482e-01,-1.631941199302673340e-01,-1.936066299676895142e-01,1.433323509991168976e-02,2.068200856447219849e-01,-5.838413834571838379e-01,-3.372344672679901123e-01,-2.764637470245361328e-01,8.264147490262985229e-02
-1.159744381904602051e+00,-1.357902169227600098e+00,8.793594241142272949e-01,-1.562481047585606575e-03,4.151851870119571686e-03,-9.681341052055358887e-01,2.503930330276489258e-01,-3.989897072315216064e-01,-1.126198656857013702e-02,2.295672297477722168e-01,8.620098233222961426e-02,2.609472572803497314e-01,-1.794550567865371704e-02,2.425443977117538452e-01,3.522368520498275757e-02,2.709462940692901611e-01,1.082378327846527100e-01,1.432575583457946777e-01,1.590461730957031250e-01,4.320013225078582764e-01,0.000000000000000000e+00,0.000000000000000000e+00,3.210823535919189453e-01,-1.385270953178405762e-01,2.344332039356231689e-01,-3.034483492374420166e-01,5.709871053695678711e-01,-2.752454578876495361e-01,-1.524708867073059082e-01,-1.557538509368896484e-01,1.989335380494594574e-02,2.078565508127212524e-01,-5.531733036041259766e-01,-3.511788845062255859e-01,-2.716670334339141846e-01,8.333783596754074097e-02
-1.186701893806457520e+00,-1.386816620826721191e+00,8.856611847877502441e-01,-5.475302226841449738e-03,-3.499727230519056320e-03,-9.656181335449218750e-01,2.598835229873657227e-01,-3.536501526832580566e-01,-4.404512420296669006e-02,2.152407467365264893e-01,9.576058387756347656e-02,2.283355742692947388e-01,-2.297339262440800667e-03,2.503418624401092529e-01,2.553631737828254700e-02,2.399311065673828125e-01,1.623458862304687500e-01,2.883643209934234619e-01,1.742503941059112549e-01,3.979901671409606934e-01,0.000000000000000000e+00,0.000000000000000000e+00,3.017285466194152832e-01,-1.517774611711502075e-01,2.208599448204040527e-01,-3.118213415145874023e-01,5.894219875335693359e-01,-2.776041626930236816e-01,-1.494272798299789429e-01,-1.180690899491310120e-01,2.606120891869068146e-02,2.029606699943542480e-01,-5.160501599311828613e-01,-3.531334996223449707e-01,-2.549619078636169434e-01,1.098865419626235962e-01
-1.210791110992431641e+00,-1.412021636962890625e+00,8.934367299079895020e-01,-9.119630791246891022e-03,-7.122422102838754654e-03,-9.638758897781372070e-01,2.661003470420837402e-01,-3.057805299758911133e-01,-6.510163843631744385e-02,2.038230597972869873e-01,9.284337610006332397e-02,1.948567181825637817e-01,1.602916605770587921e-02,2.343006432056427002e-01,2.155099436640739441e-02,2.131176888942718506e-01,2.242280244827270508e-01,4.902017116546630859e-01,1.659626364707946777e-01,3.646160662174224854e-01,0.000000000000000000e+00,0.000000000000000000e+00,2.776642441749572754e-01,-1.541656553745269775e-01,1.802993863821029663e-01,-3.240490853786468506e-01,6.200001835823059082e-01,-2.807475328445434570e-01,-1.579737961292266846e-01,-8.121570199728012085e-02,2.823526039719581604e-02,2.035236358642578125e-01,-4.921747446060180664e-01,-3.334900438785552979e-01,-2.297792136669158936e-01,1.413328349590301514e-01
-1.235717773437500000e+00,-1.437735199928283691e+00,9.009451270103454590e-01,-1.530709210783243179e-02,-1.002071425318717957e-02,-9.612444043159484863e-01,2.750899195671081543e-01,-2.463125288486480713e-01,-8.723580837249755859e-02,1.875862479209899902e-01,7.849110662937164307e-02,1.618998348712921143e-01,3.129870072007179260e-02,1.465418934822082520e-01,4.434333369135856628e-02,2.183690965175628662e-01,4.041988253593444824e-01,5.061399936676025391e-01,1.759992390871047974e-01,3.211641311645507812e-01,0.000000000000000000e+00,0.000000000000000000e+00,2.576019465923309326e-01,-1.587266474962234497e-01,1.365351527929306030e-01,-3.346624374389648438e-01,6.193199157714843750e-01,-3.111337125301361084e-01,-1.205721274018287659e-01,-2.819496393203735352e-02,4.087726771831512451e-02,1.951496154069900513e-01,-4.794597625732421875e-01,-3.263132870197296143e-01,-2.331975549459457397e-01,1.358789950609207153e-01
-1.259261369705200195e+00,-1.457176089286804199e+00,9.141045212745666504e-01,-1.558487676084041595e-02,1.528867706656455994e-02,-9.528314471244812012e-01,3.027137219905853271e-01,-2.272505313158035278e-01,-5.889499559998512268e-02,1.141944676637649536e-01,7.700125128030776978e-02,1.340728700160980225e-01,3.418726474046707153e-02,9.617898613214492798e-02,1.063769310712814331e-01,1.794998347759246826e-01,3.614703416824340820e-01,4.887732565402984619e-01,1.522490084171295166e-01,2.342684566974639893e-01,0.000000000000000000e+00,0.000000000000000000e+00,1.685486584901809692e-01,-9.088046103715896606e-02,1.076632216572761536e-01,-3.468409478664398193e-01,5.700157284736633301e-01,-3.091533184051513672e-01,-1.032823696732521057e-01,-2.535343356430530548e-02,6.672025471925735474e-02,1.718667894601821899e-01,-4.766611754894256592e-01,-3.195246756076812744e-01,-2.349343299865722656e-01,1.535438299179077148e-01
-1.283140897750854492e+00,-1.478274822235107422e+00,9.228879809379577637e-01,-1.735044084489345551e-02,2.799304574728012085e-02,-9.464709162712097168e-01,3.211046457290649414e-01,-1.937866359949111938e-01,-4.827903211116790771e-02,7.252082228660583496e-02,7.056641578674316406e-02,1.133264452219009399e-01,1.237208954989910126e-02,-6.366941612213850021e-03,1.193467676639556885e-01,8.637183904647827148e-02,4.032382965087890625e-01,3.840218782424926758e-01,1.075040474534034729e-01,1.532510221004486084e-01,0.000000000000000000e+00,0.000000000000000000e+00,9.499449282884597778e-02,-3.692260757088661194e-02,7.768718898296356201e-02,-3.352872729301452637e-01,5.483181476593017578e-01,-3.033351004123687744e-01,-1.240950748324394226e-01,-7.893550209701061249e-03,8.411382883787155151e-02,1.589749157428741455e-01,-4.800228178501129150e-01,-3.161703348159790039e-01,-2.333420515060424805e-01,1.712100803852081299e-01
-1.305589199066162109e+00,-1.499166488647460938e+00,9.296209216117858887e-01,-1.648918539285659790e-02,3.245867416262626648e-02,-9.403498768806457520e-01,3.382553160190582275e-01,-1.628823727369308472e-01,-5.031819269061088562e-02,3.646802157163619995e-02,6.535546481609344482e-02,8.958870172500610352e-02,8.070877753198146820e-03,-9.334217011928558350e-02,9.628672897815704346e-02,-2.285694703459739685e-02,3.957831859588623047e-01,3.034516572952270508e-01,5.719526484608650208e-02,7.146331667900085449e-02,0.000000000000000000e+00,0.000000000000000000e+00,5.196895450353622437e-02,-8.612629026174545288e-03,6.419246643781661987e-02,-3.711247742176055908e-01,5.586786866188049316e-01,-3.262545764446258545e-01,-8.821095526218414307e-02,1.802576333284378052e-02,8.538331091403961182e-02,1.444636583328247070e-01,-4.972103536128997803e-01,-3.174462914466857910e-01,-2.443930804729461670e-01,1.503993421792984009e-01
-1.328593134880065918e+00,-1.519204497337341309e+00,9.333915114402770996e-01,-1.360668241977691650e-02,3.219530731439590454e-02,-9.329321384429931641e-01,3.583517074584960938e-01,-1.320974826812744141e-01,-6.036721915006637573e-02,-1.182862929999828339e-02,5.714843422174453735e-02,6.378462165594100952e-02,1.162734162062406540e-02,-1.670500934123992920e-01,7.340901345014572144e-02,-8.811526000499725342e-02,3.497095704078674316e-01,2.468661218881607056e-01,1.850858516991138458e-02,-9.716035798192024231e-03,0.000000000000000000e+00,0.000000000000000000e+00,9.095980785787105560e-03,1.612262986600399017e-02,4.799744486808776855e-02,-4.136834442615509033e-01,5.732808709144592285e-01,-3.395101130008697510e-01,-4.322132095694541931e-02,4.729714244604110718e-02,7.402858138084411621e-02,1.318665593862533569e-01,-5.183136463165283203e-01,-3.327312767505645752e-01,-2.525898814201354980e-01,1.362073123455047607e-01
-1.351600885391235352e+00,-1.538592934608459473e+00,9.349294304847717285e-01,-9.605296887457370758e-03,2.964146807789802551e-02,-9.238064885139465332e-01,3.815896809101104736e-01,-1.006640419363975525e-01,-7.240705937147140503e-02,-5.341672152280807495e-02,4.932121187448501587e-02,3.824070468544960022e-02,2.561401575803756714e-03,-2.340443879365921021e-01,5.293480306863784790e-02,-1.298833191394805908e-01,2.835551500320434570e-01,1.961270123720169067e-01,5.759427789598703384e-03,-8.976852148771286011e-02,0.000000000000000000e+00,0.000000000000000000e+00,-4.435840621590614319e-02,3.776868432760238647e-02,3.264182433485984802e-02,-4.468198120594024658e-01,5.852446556091308594e-01,-3.671037256717681885e-01,-2.966471016407012939e-02,7.383973896503448486e-02,5.759357661008834839e-02,1.052867397665977478e-01,-5.371673107147216797e-01,-3.268618881702423096e-01,-2.603384852409362793e-01,1.285526007413864136e-01
-1.375825643539428711e+00,-1.560056805610656738e+00,9.345774054527282715e-01,-5.457117222249507904e-03,2.341077476739883423e-02,-9.152011275291442871e-01,4.022797942161560059e-01,-6.393432617187500000e-02,-8.882991224527359009e-02,-1.075512617826461792e-01,3.765519708395004272e-02,1.713011972606182098e-02,-4.260100424289703369e-03,-2.909912467002868652e-01,2.953452058136463165e-02,-1.587899178266525269e-01,2.066675871610641479e-01,1.675460636615753174e-01,1.909141615033149719e-02,-1.593471467494964600e-01,0.000000000000000000e+00,0.000000000000000000e+00,-8.989048749208450317e-02,6.053991243243217468e-02,4.152534995228052139e-03,-4.836817979812622070e-01,5.803880691528320312e-01,-4.010857939720153809e-01,-1.079823635518550873e-02,1.049898788332939148e-01,4.073677584528923035e-02,7.421639561653137207e-02,-5.534684658050537109e-01,-3.281821608543395996e-01,-2.766187787055969238e-01,1.112111657857894897e-01
-1.400872588157653809e+00,-1.583247303962707520e+00,9.329658746719360352e-01,1.354663399979472160e-03,1.711941137909889221e-02,-9.045037627220153809e-01,4.261198043823242188e-01,-3.144791722297668457e-02,-1.047857925295829773e-01,-1.607704460620880127e-01,3.081561625003814697e-02,-1.206043735146522522e-02,-9.152754209935665131e-03,-3.503372967243194580e-01,1.684641465544700623e-03,-1.954039484262466431e-01,1.421422362327575684e-01,1.534558087587356567e-01,4.264863207936286926e-02,-2.262805253267288208e-01,0.000000000000000000e+00,0.000000000000000000e+00,-1.416383385658264160e-01,7.902998477220535278e-02,-2.449077181518077850e-02,-5.248531103134155273e-01,5.611430406570434570e-01,-4.147458970546722412e-01,-2.146466169506311417e-03,1.346490979194641113e-01,2.481917105615139008e-02,3.500986471772193909e-02,-5.676065087318420410e-01,-3.253812789916992188e-01,-2.753000855445861816e-01,1.154732853174209595e-01
-1.426399707794189453e+00,-1.606902003288269043e+00,9.299283623695373535e-01,5.211124662309885025e-03,1.610993407666683197e-02,-8.946154117584228516e-01,4.465160369873046875e-01,2.738898620009422302e-03,-1.034268811345100403e-01,-2.052127569913864136e-01,2.344382554292678833e-02,-3.109998442232608795e-02,-1.187727414071559906e-02,-4.050462543964385986e-01,-1.083781011402606964e-02,-2.160487622022628784e-01,8.565248548984527588e-02,1.241399943828582764e-01,6.990709155797958374e-02,-2.734287679195404053e-01,0.000000000000000000e+00,0.000000000000000000e+00,-1.983260512351989746e-01,9.926924854516983032e-02,-6.101954355835914612e-02,-5.578112602233886719e-01,5.426658391952514648e-01,-4.301544427871704102e-01,1.866168342530727386e-02,1.713787168264389038e-01,1.930626481771469116e-02,-1.671334495767951012e-03,-5.765241384506225586e-01,-3.219071924686431885e-01,-2.748838663101196289e-01,1.113665997982025146e-01
-1.453173279762268066e+00,-1.630973458290100098e+00,9.269414544105529785e-01,6.821569055318832397e-03,1.677487418055534363e-02,-8.887031674385070801e-01,4.581252932548522949e-01,4.086925089359283447e-02,-9.406947344541549683e-02,-2.347948402166366577e-01,1.567539758980274200e-02,-6.577436625957489014e-02,-2.436129562556743622e-02,-4.501466751098632812e-01,-1.337830629199743271e-02,-2.451734542846679688e-01,4.105473682284355164e-02,9.157866239547729492e-02,1.083466559648513794e-01,-3.114410340785980225e-01,0.000000000000000000e+00,0.000000000000000000e+00,-2.480445653200149536e-01,1.056256666779518127e-01,-5.868362635374069214e-02,-5.897172689437866211e-01,5.049706697463989258e-01,-4.308108985424041748e-01,1.852052100002765656e-02,1.925511658191680908e-01,2.321231178939342499e-02,-1.940649747848510742e-02,-5.568518638610839844e-01,-3.357813358306884766e-01,-2.471315115690231323e-01,1.401055008172988892e-01
-1.480110406875610352e+00,-1.656214237213134766e+00,9.220376014709472656e-01,7.925385609269142151e-03,1.609710045158863068e-02,-8.848793506622314453e-01,4.654746353626251221e-01,8.081693202257156372e-02,-8.691236376762390137e-02,-2.612415850162506104e-01,9.282911196351051331e-03,-1.018092185258865356e-01,-2.304657176136970520e-02,-4.816727638244628906e-01,-1.610123924911022186e-02,-2.817907929420471191e-01,1.190431416034698486e-02,7.052420079708099365e-02,1.361468434333801270e-01,-3.201009631156921387e-01,0.000000000000000000e+00,0.000000000000000000e+00,-2.885161936283111572e-01,1.065714806318283081e-01,-7.825767993927001953e-02,-6.211329102516174316e-01,4.860005974769592285e-01,-4.385443627834320068e-01,1.781330630183219910e-02,2.269287258386611938e-01,1.672103628516197205e-02,-4.287078604102134705e-02,-5.426559448242187500e-01,-3.059923648834228516e-01,-2.444225102663040161e-01,1.406172364950180054e-01
-1.507922530174255371e+00,-1.682737112045288086e+00,9.149125218391418457e-01,8.330063894391059875e-03,1.189314387738704681e-02,-8.814633488655090332e-01,4.720291495323181152e-01,1.252229511737823486e-01,-8.289723098278045654e-02,-2.774644792079925537e-01,8.056470192968845367e-03,-1.286342442035675049e-01,-3.459819778800010681e-02,-4.930260777473449707e-01,-2.017643302679061890e-02,-3.135004639625549316e-01,1.090592332184314728e-02,5.927041172981262207e-02,1.704096943140029907e-01,-3.368648886680603027e-01,0.000000000000000000e+00,0.000000000000000000e+00,-3.129539191722869873e-01,8.951766043901443481e-02,-7.567633688449859619e-02,-6.463515162467956543e-01,4.761289060115814209e-01,-4.343851804733276367e-01,-5.418058950453996658e-03,2.443360686302185059e-01,5.988601595163345337e-03,-3.443596512079238892e-02,-5.126083493232727051e-01,-3.042804896831512451e-01,-2.261999249458312988e-01,1.590359956026077271e-01
-1.537268757820129395e+00,-1.710659623146057129e+00,9.070252180099487305e-01,8.030538447201251984e-03,4.798617679625749588e-03,-8.746038079261779785e-01,4.847480654716491699e-01,1.723086833953857422e-01,-7.957272976636886597e-02,-2.999460697174072266e-01,8.618130348622798920e-03,-1.413868367671966553e-01,-5.398298427462577820e-02,-4.808316528797149658e-01,-3.466882184147834778e-02,-3.344515860080718994e-01,3.372908383607864380e-02,8.371932059526443481e-02,1.770542114973068237e-01,-3.693434000015258789e-01,0.000000000000000000e+00,0.000000000000000000e+00,-3.139436244964599609e-01,6.498321890830993652e-02,-5.522194132208824158e-02,-6.652032136917114258e-01,4.581416547298431396e-01,-4.366279840469360352e-01,-1.073780376464128494e-02,2.606464624404907227e-01,-3.060564864426851273e-03,-4.595549404621124268e-02,-4.855052530765533447e-01,-3.017244637012481689e-01,-2.180352061986923218e-01,1.720504909753799438e-01
-1.568338394165039062e+00,-1.740599036216735840e+00,8.981388211250305176e-01,1.071317121386528015e-02,-4.451869055628776550e-03,-8.671379089355468750e-01,4.979329705238342285e-01,2.165024131536483765e-01,-7.842555642127990723e-02,-3.256241977214813232e-01,1.425308268517255783e-02,-1.201250180602073669e-01,-7.282708585262298584e-02,-4.609318673610687256e-01,-5.550561845302581787e-02,-3.229980468750000000e-01,5.490524694323539734e-02,1.692158132791519165e-01,1.341580748558044434e-01,-4.033626914024353027e-01,0.000000000000000000e+00,0.000000000000000000e+00,-3.003650009632110596e-01,2.998924069106578827e-02,-4.034230113029479980e-02,-6.802101135253906250e-01,4.483110308647155762e-01,-4.318630993366241455e-01,-3.479000926017761230e-02,2.531662583351135254e-01,-1.914049126207828522e-02,-5.562621355056762695e-02,-4.458491802215576172e-01,-2.897167801856994629e-01,-1.976435631513595581e-01,1.846660226583480835e-01
-1.600179553031921387e+00,-1.770379543304443359e+00,8.915076255798339844e-01,7.746840827167034149e-03,-1.024096459150314331e-02,-8.616249561309814453e-01,5.073829889297485352e-01,2.526431977748870850e-01,-6.804290413856506348e-02,-3.424722254276275635e-01,4.263178259134292603e-02,-6.748314201831817627e-02,-9.611628949642181396e-02,-4.282240271568298340e-01,-6.165613234043121338e-02,-3.097585439682006836e-01,7.511997967958450317e-02,2.502576410770416260e-01,1.159487068653106689e-01,-4.234926998615264893e-01,0.000000000000000000e+00,0.000000000000000000e+00,-2.680559158325195312e-01,3.684473340399563313e-04,-3.245732188224792480e-02,-6.665227413177490234e-01,4.394367933273315430e-01,-4.201868474483489990e-01,-4.973457008600234985e-02,2.486698329448699951e-01,-2.270513586699962616e-02,-7.348357141017913818e-02,-4.166112840175628662e-01,-2.844057679176330566e-01,-1.940087080001831055e-01,1.804483085870742798e-01
-1.632410049438476562e+00,-1.800890922546386719e+00,8.887851834297180176e-01,-1.669459627009928226e-03,-1.265165861696004868e-02,-8.587329983711242676e-01,5.122643113136291504e-01,2.849009633064270020e-01,-5.247750133275985718e-02,-3.518249392509460449e-01,8.615193516016006470e-02,2.041035890579223633e-02,-1.208745017647743225e-01,-3.780350387096405029e-01,-5.401910468935966492e-02,-3.206490278244018555e-01,1.002786904573440552e-01,2.892322838306427002e-01,1.102369204163551331e-01,-4.299302101135253906e-01,0.000000000000000000e+00,0.000000000000000000e+00,-2.181098610162734985e-01,-2.476284280419349670e-02,-2.731897495687007904e-02,-6.326324939727783203e-01,4.433457553386688232e-01,-3.975791931152343750e-01,-8.063708245754241943e-02,2.465277314186096191e-01,-1.437288057059049606e-02,-9.971121698617935181e-02,-3.930256068706512451e-01,-2.813968658447265625e-01,-1.834954470396041870e-01,1.923913955688476562e-01
-1.663295745849609375e+00,-1.828476190567016602e+00,8.890205025672912598e-01,-1.356312446296215057e-02,-9.255102835595607758e-03,-8.610846996307373047e-01,5.081963539123535156e-01,3.030995726585388184e-01,-3.356073424220085144e-02,-3.367022573947906494e-01,1.378587931394577026e-01,1.586141735315322876e-01,-1.398715227842330933e-01,-3.341415524482727051e-01,-2.131348475813865662e-02,-3.076523244380950928e-01,1.209633797407150269e-01,2.776751518249511719e-01,8.891111612319946289e-02,-4.132426679134368896e-01,0.000000000000000000e+00,0.000000000000000000e+00,-1.553817987442016602e-01,-3.921058773994445801e-02,-2.622202225029468536e-02,-5.861955881118774414e-01,4.580272138118743896e-01,-3.693511188030242920e-01,-9.952285885810852051e-02,2.486267238855361938e-01,3.041553776711225510e-03,-1.132370233535766602e-01,-3.961077332496643066e-01,-3.066345453262329102e-01,-1.888288110494613647e-01,1.797776371240615845e-01
-1.691796064376831055e+00,-1.854380130767822266e+00,8.913444876670837402e-01,-2.063411846756935120e-02,-6.303036585450172424e-03,-8.666618466377258301e-01,4.984292984008789062e-01,2.990855574607849121e-01,-2.718476019799709320e-02,-3.145542740821838379e-01,1.892870962619781494e-01,3.467337787151336670e-01,-1.400061100721359253e-01,-2.939029633998870850e-01,9.470445103943347931e-03,-2.889901101589202881e-01,1.289085596799850464e-01,2.477918565273284912e-01,8.272925764322280884e-02,-3.766235709190368652e-01,0.000000000000000000e+00,0.000000000000000000e+00,-9.288267791271209717e-02,-4.284054413437843323e-02,-4.330625757575035095e-02,-5.287912487983703613e-01,4.849146604537963867e-01,-3.474632799625396729e-01,-1.276659220457077026e-01,2.475883215665817261e-01,1.972389407455921173e-02,-1.125726252794265747e-01,-4.173549413681030273e-01,-3.153610825538635254e-01,-1.913156658411026001e-01,1.791568547487258911e-01
-1.719676852226257324e+00,-1.880588173866271973e+00,8.947159647941589355e-01,-2.484438382089138031e-02,-4.349042661488056183e-03,-8.742023110389709473e-01,4.849063456058502197e-01,2.387128919363021851e-01,-3.820298239588737488e-02,-2.678980827331542969e-01,3.137314021587371826e-01,5.057790279388427734e-01,-1.609609425067901611e-01,-2.471820116043090820e-01,3.903111815452575684e-02,-2.595620453357696533e-01,1.192631125450134277e-01,2.181968390941619873e-01,7.547693699598312378e-02,-3.335972726345062256e-01,0.000000000000000000e+00,0.000000000000000000e+00,-3.172171115875244141e-02,-4.615186527371406555e-02,-7.201858609914779663e-02,-4.662339687347412109e-01,5.006768107414245605e-01,-3.364862203598022461e-01,-1.515277028083801270e-01,2.326468378305435181e-01,1.804466545581817627e-02,-7.714250683784484863e-02,-4.412928819656372070e-01,-2.999036610126495361e-01,-2.044848501682281494e-01,1.765895932912826538e-01
-1.745568990707397461e+00,-1.906047940254211426e+00,9.048283100128173828e-01,-1.476301439106464386e-02,-1.704057492315769196e-02,-8.833701014518737793e-01,4.681334197521209717e-01,1.595588624477386475e-01,-7.904051989316940308e-02,-2.053118050098419189e-01,3.739739656448364258e-01,5.049578547477722168e-01,-1.492789983749389648e-01,-2.105299681425094604e-01,2.967857569456100464e-02,-2.085447460412979126e-01,1.068384945392608643e-01,1.873330324888229370e-01,7.979764789342880249e-02,-2.748085558414459229e-01,0.000000000000000000e+00,0.000000000000000000e+00,5.539160221815109253e-03,-7.096148282289505005e-02,-9.717746824026107788e-02,-4.024356901645660400e-01,4.920582771301269531e-01,-2.955816984176635742e-01,-1.670465469360351562e-01,1.953180730342864990e-01,-4.960282705724239349e-03,-6.204279139637947083e-02,-4.734295904636383057e-01,-3.096309602260589600e-01,-2.040342837572097778e-01,1.737027019262313843e-01
-1.769255042076110840e+00,-1.930522322654724121e+00,9.150667190551757812e-01,-1.827554311603307724e-03,-3.006716258823871613e-02,-8.924009799957275391e-01,4.502367377281188965e-01,6.561563163995742798e-02,-1.090473011136054993e-01,-1.180070042610168457e-01,3.916483819484710693e-01,4.381660521030426025e-01,-8.857663720846176147e-02,-1.795305907726287842e-01,1.297022216022014618e-02,-1.586883664131164551e-01,9.238015860319137573e-02,1.609358489513397217e-01,9.046749770641326904e-02,-2.062047719955444336e-01,0.000000000000000000e+00,0.000000000000000000e+00,4.054411128163337708e-02,-1.016450673341751099e-01,-1.069198995828628540e-01,-3.545474708080291748e-01,4.617766141891479492e-01,-2.737898528575897217e-01,-1.794808357954025269e-01,1.469357907772064209e-01,-3.323583677411079407e-02,-4.833548143506050110e-02,-4.997179508209228516e-01,-3.171132206916809082e-01,-2.184958308935165405e-01,1.646117866039276123e-01
-1.792354702949523926e+00,-1.954972028732299805e+00,9.218999743461608887e-01,3.759208600968122482e-03,-3.638366609811782837e-02,-9.018417596817016602e-01,4.305154085159301758e-01,-3.663484752178192139e-02,-1.088207215070724487e-01,-1.011846959590911865e-02,4.136981070041656494e-01,3.367026448249816895e-01,-2.967581711709499359e-02,-1.429508328437805176e-01,1.135086081922054291e-02,-1.200688481330871582e-01,7.777663320302963257e-02,1.350176632404327393e-01,9.196209907531738281e-02,-1.381071805953979492e-01,0.000000000000000000e+00,0.000000000000000000e+00,8.138611912727355957e-02,-1.280709952116012573e-01,-8.961160480976104736e-02,-3.137201666831970215e-01,4.674633145332336426e-01,-2.776399254798889160e-01,-1.781947612762451172e-01,9.756692498922348022e-02,-6.158029660582542419e-02,-1.266506314277648926e-02,-5.148921012878417969e-01,-3.006476461887359619e-01,-2.419600635766983032e-01,1.364290714263916016e-01
-1.814234852790832520e+00,-1.977157235145568848e+00,9.257100820541381836e-01,7.683719974011182785e-03,-3.298495337367057800e-02,-9.102206230163574219e-01,4.127364158630371094e-01,-1.245335415005683899e-01,-7.205433398485183716e-02,1.189975738525390625e-01,3.892392516136169434e-01,2.928386926651000977e-01,7.740397937595844269e-03,-1.155880019068717957e-01,2.612155117094516754e-02,-8.239892125129699707e-02,6.609440594911575317e-02,1.155974194407463074e-01,9.069512784481048584e-02,-7.029308378696441650e-02,0.000000000000000000e+00,0.000000000000000000e+00,1.277563720941543579e-01,-1.317617893218994141e-01,-6.088499352335929871e-02,-3.069809377193450928e-01,4.987904429435729980e-01,-2.494872361421585083e-01,-2.171474099159240723e-01,4.360791668295860291e-02,-7.139824330806732178e-02,7.363273296505212784e-03,-5.249387025833129883e-01,-3.127083778381347656e-01,-2.385891228914260864e-01,1.363118886947631836e-01
-1.836268186569213867e+00,-2.001461267471313477e+00,9.274327754974365234e-01,9.177158586680889130e-03,-2.803075127303600311e-02,-9.209026694297790527e-01,3.886751532554626465e-01,-2.043712735176086426e-01,-4.322568327188491821e-02,2.209973335266113281e-01,3.439700901508331299e-01,2.120280861854553223e-01,6.026028469204902649e-02,-8.324527740478515625e-02,4.252224043011665344e-02,-3.213523700833320618e-02,5.190407484769821167e-02,8.851564675569534302e-02,8.475990593433380127e-02,9.572606068104505539e-04,0.000000000000000000e+00,0.000000000000000000e+00,1.758935451507568359e-01,-1.265727132558822632e-01,-1.962796971201896667e-02,-3.106786608695983887e-01,4.985328018665313721e-01,-2.542744576930999756e-01,-2.205917984247207642e-01,-7.742019835859537125e-03,-8.291689306497573853e-02,4.925705865025520325e-02,-5.375800132751464844e-01,-3.190010190010070801e-01,-2.469356209039688110e-01,1.251607388257980347e-01
-1.857258558273315430e+00,-2.026025533676147461e+00,9.256592988967895508e-01,1.087321992963552475e-02,-1.746903732419013977e-02,-9.312361478805541992e-01,3.638348877429962158e-01,-2.729888558387756348e-01,-1.985264196991920471e-02,2.771433293819427490e-01,2.661440074443817139e-01,1.810735613107681274e-01,6.460995227098464966e-02,-5.560056865215301514e-02,6.364576518535614014e-02,2.391994744539260864e-02,3.945835679769515991e-02,7.427487522363662720e-02,7.588691264390945435e-02,7.603678107261657715e-02,0.000000000000000000e+00,0.000000000000000000e+00,2.221591323614120483e-01,-1.117280349135398865e-01,-2.309428527951240540e-03,-3.330373764038085938e-01,4.645422399044036865e-01,-2.287326455116271973e-01,-2.161825001239776611e-01,-5.366705358028411865e-02,-7.667316496372222900e-02,7.134800404310226440e-02,-5.537469983100891113e-01,-3.359410762786865234e-01,-2.406594008207321167e-01,1.218362748622894287e-01
-1.880450010299682617e+00,-2.051473140716552734e+00,9.225556254386901855e-01,8.703667670488357544e-03,-4.325592890381813049e-03,-9.411957263946533203e-01,3.377220630645751953e-01,-3.341096639633178711e-01,-1.298492425121366978e-04,2.737748622894287109e-01,1.826130896806716919e-01,1.812743693590164185e-01,3.158316016197204590e-02,-2.138266339898109436e-02,8.668749779462814331e-02,7.912254333496093750e-02,2.749607525765895844e-02,5.163274332880973816e-02,8.083146810531616211e-02,1.472132503986358643e-01,0.000000000000000000e+00,0.000000000000000000e+00,2.664099037647247314e-01,-9.305550903081893921e-02,2.203554473817348480e-02,-3.487710058689117432e-01,4.387124478816986084e-01,-2.437130957841873169e-01,-2.044084519147872925e-01,-9.177434444427490234e-02,-6.917839497327804565e-02,1.076682955026626587e-01,-5.726173520088195801e-01,-3.261266052722930908e-01,-2.514400482177734375e-01,1.177055910229682922e-01
-1.902774453163146973e+00,-2.078292608261108398e+00,9.180472493171691895e-01,1.081662625074386597e-02,7.216670084744691849e-03,-9.521607160568237305e-01,3.053209781646728516e-01,-4.025841355323791504e-01,1.677569374442100525e-02,2.339981794357299805e-01,1.134176552295684814e-01,1.778296381235122681e-01,-1.268854830414056778e-02,4.165248479694128036e-03,9.839206933975219727e-02,1.416076272726058960e-01,1.998820342123508453e-02,2.962088398635387421e-02,7.221265137195587158e-02,2.259708940982818604e-01,0.000000000000000000e+00,0.000000000000000000e+00,2.964133918285369873e-01,-8.229875564575195312e-02,5.049571022391319275e-02,-3.599089980125427246e-01,4.317547380924224854e-01,-2.393787056207656860e-01,-2.108135223388671875e-01,-1.357877850532531738e-01,-5.957002565264701843e-02,1.367620378732681274e-01,-5.892938375473022461e-01,-3.212599456310272217e-01,-2.543469667434692383e-01,1.213582083582878113e-01
-1.927286744117736816e+00,-2.105979919433593750e+00,9.142740964889526367e-01,1.383038144558668137e-02,8.507524617016315460e-03,-9.583025574684143066e-01,2.852937877178192139e-01,-4.615373313426971436e-01,1.776877790689468384e-02,2.085758149623870850e-01,5.774802342057228088e-02,1.282436251640319824e-01,-3.705517575144767761e-02,3.817684203386306763e-02,8.736812323331832886e-02,1.818184703588485718e-01,1.222874224185943604e-02,1.029657293111085892e-02,6.953383982181549072e-02,2.842931151390075684e-01,0.000000000000000000e+00,0.000000000000000000e+00,3.140774667263031006e-01,-7.873457670211791992e-02,5.411022901535034180e-02,-3.592573106288909912e-01,4.325132071971893311e-01,-2.455551475286483765e-01,-2.147534787654876709e-01,-1.721196472644805908e-01,-6.437934935092926025e-02,1.575165688991546631e-01,-6.001330018043518066e-01,-3.184463679790496826e-01,-2.589375674724578857e-01,1.213064640760421753e-01
-1.951167941093444824e+00,-2.133596897125244141e+00,9.098830223083496094e-01,1.593188755214214325e-02,6.582572124898433685e-03,-9.612190723419189453e-01,2.752466499805450439e-01,-5.063393115997314453e-01,1.910158246755599976e-02,2.473830580711364746e-01,2.923699282109737396e-02,7.765603810548782349e-02,-6.236420944333076477e-02,7.168595492839813232e-02,6.975147128105163574e-02,2.037789970636367798e-01,1.165404543280601501e-02,-1.835886389017105103e-02,7.574361562728881836e-02,3.137139379978179932e-01,0.000000000000000000e+00,0.000000000000000000e+00,3.270379900932312012e-01,-8.993049710988998413e-02,7.188404351472854614e-02,-3.484030961990356445e-01,4.473297894001007080e-01,-2.432248145341873169e-01,-2.127946764230728149e-01,-2.043726146221160889e-01,-6.964381784200668335e-02,1.851900964975357056e-01,-6.092573404312133789e-01,-3.212282955646514893e-01,-2.697566151618957520e-01,1.070287153124809265e-01
-1.975725889205932617e+00,-2.162204027175903320e+00,9.034714698791503906e-01,1.485022623091936111e-02,4.244991112500429153e-03,-9.648660421371459961e-01,2.622879445552825928e-01,-5.175482034683227539e-01,2.481717057526111603e-02,3.011638820171356201e-01,1.373822055757045746e-02,4.525322467088699341e-02,-6.387049704790115356e-02,1.112538874149322510e-01,5.103076994419097900e-02,2.276716530323028564e-01,9.038133546710014343e-03,-3.887588530778884888e-02,8.120922744274139404e-02,3.450977504253387451e-01,0.000000000000000000e+00,0.000000000000000000e+00,3.401796519756317139e-01,-1.032656952738761902e-01,8.135085552930831909e-02,-3.425846099853515625e-01,4.680345952510833740e-01,-2.500846087932586670e-01,-2.084228694438934326e-01,-2.269135713577270508e-01,-7.000938057899475098e-02,2.130644619464874268e-01,-6.105830669403076172e-01,-3.320788443088531494e-01,-2.758025527000427246e-01,1.039844602346420288e-01
-2.003000974655151367e+00,-2.188898086547851562e+00,8.936080336570739746e-01,1.652587018907070160e-02,1.356043852865695953e-02,-9.687616229057312012e-01,2.470706701278686523e-01,-5.217091441154479980e-01,5.260459333658218384e-02,3.194214999675750732e-01,3.178084641695022583e-02,8.066803216934204102e-02,-6.738736480474472046e-02,1.386753171682357788e-01,5.322323739528656006e-02,2.546656131744384766e-01,9.944651275873184204e-03,-3.825433552265167236e-02,9.339684993028640747e-02,4.160568416118621826e-01,0.000000000000000000e+00,0.000000000000000000e+00,3.112322092056274414e-01,-8.902240544557571411e-02,4.396468773484230042e-02,-3.263903856277465820e-01,4.875305294990539551e-01,-2.523305714130401611e-01,-1.995075941085815430e-01,-2.493273764848709106e-01,-4.532362893223762512e-02,1.713629513978958130e-01,-5.908237695693969727e-01,-3.130925595760345459e-01,-2.657951712608337402e-01,1.173356696963310242e-01
-2.030974149703979492e+00,-2.221570491790771484e+00,8.847923874855041504e-01,1.183521095663309097e-02,1.876495964825153351e-02,-9.732448458671569824e-01,2.286968976259231567e-01,-4.960947036743164062e-01,7.681021094322204590e-02,3.637081384658813477e-01,5.905376002192497253e-02,1.571811735630035400e-01,-4.821873828768730164e-02,1.755826771259307861e-01,4.270511493086814880e-02,2.892717719078063965e-01,1.902185380458831787e-02,-1.822755672037601471e-02,9.614033252000808716e-02,4.347485005855560303e-01,0.000000000000000000e+00,0.000000000000000000e+00,3.049510121345520020e-01,-9.866491705179214478e-02,9.508685022592544556e-02,-3.195011913776397705e-01,4.838203489780426025e-01,-2.538100183010101318e-01,-1.828934103250503540e-01,-2.598797380924224854e-01,-3.042774088680744171e-02,1.778170764446258545e-01,-5.829636454582214355e-01,-2.999671995639801025e-01,-2.665346860885620117e-01,1.247977986931800842e-01
-2.060863018035888672e+00,-2.256778240203857422e+00,8.806596994400024414e-01,6.227344274520874023e-03,1.769170165061950684e-02,-9.746575355529785156e-01,2.229146212339401245e-01,-4.640538394451141357e-01,6.926846504211425781e-02,3.823020160198211670e-01,7.109893858432769775e-02,2.175103574991226196e-01,-3.399787843227386475e-02,2.098857462406158447e-01,2.809491939842700958e-02,2.869844734668731689e-01,4.459235072135925293e-02,3.363984823226928711e-02,1.187551990151405334e-01,4.239963591098785400e-01,0.000000000000000000e+00,0.000000000000000000e+00,3.047405779361724854e-01,-1.062824577093124390e-01,1.330679953098297119e-01,-3.259640634059906006e-01,4.831344187259674072e-01,-2.521925866603851318e-01,-1.972659975290298462e-01,-2.357314527034759521e-01,-1.338491216301918030e-02,1.697820723056793213e-01,-5.867158770561218262e-01,-2.792060375213623047e-01,-2.583861649036407471e-01,1.372069418430328369e-01
-2.091068744659423828e+00,-2.290641784667968750e+00,8.804122805595397949e-01,-1.798408920876681805e-03,1.220559515058994293e-02,-9.746337532997131348e-01,2.234654128551483154e-01,-4.156233966350555420e-01,4.241879284381866455e-02,3.713229298591613770e-01,8.502663671970367432e-02,2.509815096855163574e-01,-3.109509125351905823e-02,2.397818118333816528e-01,1.054661534726619720e-02,2.703843712806701660e-01,8.582503348588943481e-02,1.128544509410858154e-01,1.487559527158737183e-01,3.868911862373352051e-01,0.000000000000000000e+00,0.000000000000000000e+00,3.032621443271636963e-01,-1.160385459661483765e-01,1.446767002344131470e-01,-3.247943222522735596e-01,4.978506267070770264e-01,-2.721852660179138184e-01,-1.796842813491821289e-01,-2.064895480871200562e-01,2.395478310063481331e-03,1.776856929063796997e-01,-5.725637078285217285e-01,-3.087837100028991699e-01,-2.861704230308532715e-01,1.084801629185676575e-01
-2.118278503417968750e+00,-2.322685480117797852e+00,8.835180997848510742e-01,-6.830467376857995987e-03,6.598248146474361420e-03,-9.726321697235107422e-01,2.321562319993972778e-01,-3.717892467975616455e-01,8.997279219329357147e-03,3.509440422058105469e-01,9.676548838615417480e-02,2.388291954994201660e-01,-1.257602870464324951e-02,2.556724250316619873e-01,8.622513269074261189e-04,2.538228034973144531e-01,1.381662189960479736e-01,2.302640527486801147e-01,1.882599294185638428e-01,3.520251810550689697e-01,0.000000000000000000e+00,0.000000000000000000e+00,2.934368848800659180e-01,-1.143049821257591248e-01,1.138475909829139709e-01,-3.319351971149444580e-01,4.979837238788604736e-01,-2.675719559192657471e-01,-1.768151223659515381e-01,-1.515767574310302734e-01,1.434065960347652435e-02,1.617356091737747192e-01,-5.661016702651977539e-01,-2.987150847911834717e-01,-2.838453352451324463e-01,1.056501045823097229e-01
-2.144229888916015625e+00,-2.351964712142944336e+00,8.887205123901367188e-01,-1.163148134946823120e-02,3.252844559028744698e-03,-9.681976437568664551e-01,2.498949617147445679e-01,-3.262455463409423828e-01,-2.297683618962764740e-02,3.140673637390136719e-01,1.003892794251441956e-01,2.040340304374694824e-01,-1.029690168797969818e-02,2.580373287200927734e-01,1.126315095461905003e-03,2.258501201868057251e-01,1.963832080364227295e-01,3.906675279140472412e-01,1.991786807775497437e-01,3.038305044174194336e-01,0.000000000000000000e+00,0.000000000000000000e+00,2.658243477344512939e-01,-1.043189093470573425e-01,7.936564087867736816e-02,-3.382419347763061523e-01,5.227460861206054688e-01,-2.862454652786254883e-01,-1.525095403194427490e-01,-9.447037428617477417e-02,1.943818852305412292e-02,1.385207474231719971e-01,-5.573966503143310547e-01,-2.992262542247772217e-01,-2.732764482498168945e-01,1.232041865587234497e-01
-2.167171955108642578e+00,-2.379730224609375000e+00,8.925395011901855469e-01,-1.941102556884288788e-02,-9.212430566549301147e-03,-9.653958082199096680e-01,2.599024176597595215e-01,-2.629434168338775635e-01,-6.713147461414337158e-02,2.984978854656219482e-01,8.796520531177520752e-02,1.710316389799118042e-01,-2.131938003003597260e-03,1.853237301111221313e-01,2.021700842306017876e-03,2.357584387063980103e-01,3.954704999923706055e-01,5.061399936676025391e-01,2.229729145765304565e-01,2.513859570026397705e-01,0.000000000000000000e+00,0.000000000000000000e+00,2.614575326442718506e-01,-1.139547750353813171e-01,4.654475301504135132e-02,-3.523912727832794189e-01,4.681645035743713379e-01,-2.815464138984680176e-01,-1.047953292727470398e-01,-2.824755199253559113e-02,2.724818512797355652e-02,1.290386617183685303e-01,-5.424511432647705078e-01,-2.942456305027008057e-01,-2.740501463413238525e-01,1.191335171461105347e-01
-2.189388275146484375e+00,-2.401884794235229492e+00,9.021418094635009766e-01,-1.869068853557109833e-02,6.507306359708309174e-03,-9.521914124488830566e-01,3.048604130744934082e-01,-2.446839064359664917e-01,-7.087252289056777954e-02,2.037823200225830078e-01,9.283345937728881836e-02,1.371599435806274414e-01,-1.014178898185491562e-02,1.279558390378952026e-01,7.978895306587219238e-02,2.472711801528930664e-01,4.404511749744415283e-01,5.061399936676025391e-01,2.430993467569351196e-01,1.546869128942489624e-01,0.000000000000000000e+00,0.000000000000000000e+00,1.716399341821670532e-01,-6.062125042080879211e-02,2.587146684527397156e-02,-3.594653308391571045e-01,5.292802453041076660e-01,-2.804565429687500000e-01,-1.159406080842018127e-01,-6.141122896224260330e-03,4.129555076360702515e-02,1.032080575823783875e-01,-5.184613466262817383e-01,-2.700550854206085205e-01,-2.585018575191497803e-01,1.424711495637893677e-01
-2.211620092391967773e+00,-2.423304557800292969e+00,9.154793024063110352e-01,-2.206097170710563660e-02,3.008718602359294891e-02,-9.428396224975585938e-01,3.311518728733062744e-01,-2.139395177364349365e-01,-4.592046514153480530e-02,1.385001093149185181e-01,7.832330465316772461e-02,1.165372580289840698e-01,-2.454842440783977509e-02,6.695327162742614746e-02,1.373555958271026611e-01,2.271832227706909180e-01,4.037747681140899658e-01,4.660563170909881592e-01,2.006495147943496704e-01,6.983985751867294312e-02,0.000000000000000000e+00,0.000000000000000000e+00,1.065288633108139038e-01,-7.743551861494779587e-03,2.148370444774627686e-02,-3.699820637702941895e-01,5.468515753746032715e-01,-3.105949163436889648e-01,-1.157932281494140625e-01,2.287515066564083099e-02,7.528329640626907349e-02,1.038814112544059753e-01,-4.939059019088745117e-01,-2.865990698337554932e-01,-2.665463387966156006e-01,1.437713056802749634e-01
-2.231749534606933594e+00,-2.445577621459960938e+00,9.238542318344116211e-01,-2.196946181356906891e-02,4.162308201193809509e-02,-9.336600303649902344e-01,3.550546467304229736e-01,-1.866370886564254761e-01,-4.018046334385871887e-02,8.975021541118621826e-02,7.028961181640625000e-02,9.819153696298599243e-02,-3.637957945466041565e-02,-3.847162425518035889e-02,1.379597932100296021e-01,1.226763948798179626e-01,4.267804622650146484e-01,3.563049137592315674e-01,1.295344531536102295e-01,-1.067972276359796524e-02,0.000000000000000000e+00,0.000000000000000000e+00,2.856203168630599976e-02,2.880292944610118866e-02,3.197069093585014343e-02,-3.795014023780822754e-01,5.254032015800476074e-01,-3.309500515460968018e-01,-7.462546974420547485e-02,5.088245123624801636e-02,8.607595413923263550e-02,1.090980544686317444e-01,-4.694766998291015625e-01,-2.889605462551116943e-01,-2.551641464233398438e-01,1.417639553546905518e-01
-2.252855777740478516e+00,-2.468660831451416016e+00,9.307675361633300781e-01,-2.302152104675769806e-02,4.569433256983757019e-02,-9.244422316551208496e-01,3.778738379478454590e-01,-1.486852169036865234e-01,-4.460504278540611267e-02,4.057874903082847595e-02,5.853552371263504028e-02,7.923443615436553955e-02,-4.862624034285545349e-02,-1.192682459950447083e-01,9.992017596960067749e-02,-2.326520532369613647e-02,4.059498608112335205e-01,2.756498754024505615e-01,6.732936948537826538e-02,-7.341136783361434937e-02,0.000000000000000000e+00,0.000000000000000000e+00,-3.153587877750396729e-02,5.109795182943344116e-02,2.344672381877899170e-02,-4.208242297172546387e-01,5.114151835441589355e-01,-3.665126860141754150e-01,-4.477138444781303406e-02,9.618670493364334106e-02,8.809700608253479004e-02,9.822810441255569458e-02,-4.545153081417083740e-01,-3.067819476127624512e-01,-2.516373991966247559e-01,1.453702896833419800e-01
-2.274715662002563477e+00,-2.490992546081542969e+00,9.345442652702331543e-01,-2.021230570971965790e-02,4.249953106045722961e-02,-9.142869710922241211e-01,4.023239612579345703e-01,-1.117117479443550110e-01,-6.049513444304466248e-02,-1.009145192801952362e-02,4.699086770415306091e-02,5.681750550866127014e-02,-5.750476196408271790e-02,-1.785292923450469971e-01,5.455358698964118958e-02,-1.456213146448135376e-01,3.462228178977966309e-01,2.337327450513839722e-01,3.702814225107431412e-03,-1.310198456048965454e-01,0.000000000000000000e+00,0.000000000000000000e+00,-8.956198394298553467e-02,5.840657278895378113e-02,-6.609329488128423691e-03,-4.691978693008422852e-01,5.211108922958374023e-01,-3.766616880893707275e-01,-3.749440237879753113e-02,1.401138007640838623e-01,7.697986066341400146e-02,7.530376315116882324e-02,-4.543879032135009766e-01,-3.377652168273925781e-01,-2.302789837121963501e-01,1.497908085584640503e-01
-2.295538187026977539e+00,-2.513333797454833984e+00,9.349870681762695312e-01,-1.194943953305482864e-02,3.620903193950653076e-02,-9.045949578285217285e-01,4.245633780956268311e-01,-8.394770324230194092e-02,-8.312737196683883667e-02,-6.570968031883239746e-02,3.543137013912200928e-02,3.525222092866897583e-02,-7.274595648050308228e-02,-2.396206557750701904e-01,1.928215101361274719e-02,-2.182651758193969727e-01,2.691234052181243896e-01,2.070128321647644043e-01,-1.267350045964121819e-03,-1.892444491386413574e-01,0.000000000000000000e+00,0.000000000000000000e+00,-1.398694664239883423e-01,6.428328901529312134e-02,-4.222241044044494629e-02,-5.290280580520629883e-01,5.118644833564758301e-01,-3.787955641746520996e-01,-3.660237416625022888e-02,1.749587953090667725e-01,5.401020124554634094e-02,5.772065743803977966e-02,-4.602021872997283936e-01,-3.407374322414398193e-01,-2.300114780664443970e-01,1.467621475458145142e-01
-2.318208694458007812e+00,-2.536403894424438477e+00,9.327395558357238770e-01,-6.233389023691415787e-03,2.849582023918628693e-02,-8.923325538635253906e-01,4.504350125789642334e-01,-4.671396687626838684e-02,-1.014511361718177795e-01,-1.249624863266944885e-01,2.435285598039627075e-02,1.625124923884868622e-02,-7.756234705448150635e-02,-2.918407618999481201e-01,8.894062484614551067e-04,-2.242026627063751221e-01,1.881700307130813599e-01,1.978811025619506836e-01,1.767080463469028473e-02,-2.444794028997421265e-01,0.000000000000000000e+00,0.000000000000000000e+00,-1.864715814590454102e-01,4.984160512685775757e-02,-6.195268779993057251e-02,-5.810269713401794434e-01,5.178730487823486328e-01,-4.051783680915832520e-01,-2.718851156532764435e-02,2.169063240289688110e-01,3.579955920577049255e-02,3.085945174098014832e-02,-4.719305634498596191e-01,-3.346664905548095703e-01,-2.354933768510818481e-01,1.419810950756072998e-01
-2.340893507003784180e+00,-2.559755802154541016e+00,9.298548698425292969e-01,5.881182150915265083e-04,2.422316744923591614e-02,-8.779032826423645020e-01,4.782245457172393799e-01,-1.487142313271760941e-02,-1.112174764275550842e-01,-1.925974637269973755e-01,1.206445321440696716e-02,-3.719544038176536560e-03,-7.240939140319824219e-02,-3.511861562728881836e-01,-9.021018631756305695e-03,-2.067166119813919067e-01,1.223556622862815857e-01,1.714202016592025757e-01,5.459440872073173523e-02,-3.080325126647949219e-01,0.000000000000000000e+00,0.000000000000000000e+00,-2.331423759460449219e-01,3.948079422116279602e-02,-8.399312943220138550e-02,-6.272906661033630371e-01,5.229178071022033691e-01,-4.215438961982727051e-01,-2.341226115822792053e-02,2.423660010099411011e-01,2.263394370675086975e-02,1.094319298863410950e-02,-4.774160981178283691e-01,-3.366667926311492920e-01,-2.309468388557434082e-01,1.476192921400070190e-01
-2.364579677581787109e+00,-2.585138559341430664e+00,9.275017976760864258e-01,5.590721499174833298e-03,2.343234606087207794e-02,-8.674290776252746582e-01,4.969773292541503906e-01,1.649258099496364594e-02,-1.089892461895942688e-01,-2.432309240102767944e-01,6.989527028053998947e-03,-2.806554920971393585e-02,-7.424464076757431030e-02,-4.089756608009338379e-01,-1.375272870063781738e-02,-2.031735181808471680e-01,7.062894850969314575e-02,1.451205015182495117e-01,8.112932741641998291e-02,-3.484873175621032715e-01,0.000000000000000000e+00,0.000000000000000000e+00,-2.735725939273834229e-01,3.828119486570358276e-02,-9.819076955318450928e-02,-6.639797091484069824e-01,5.072834491729736328e-01,-4.300627410411834717e-01,-2.200673706829547882e-02,2.661722004413604736e-01,1.753493025898933411e-02,-2.307062037289142609e-02,-4.828380644321441650e-01,-3.365013897418975830e-01,-2.240567356348037720e-01,1.632171124219894409e-01
-2.388644933700561523e+00,-2.610843181610107422e+00,9.242665171623229980e-01,7.083205506205558777e-03,2.446303330361843109e-02,-8.619778156280517578e-01,5.063058733940124512e-01,5.222568288445472717e-02,-9.762239456176757812e-02,-2.677931189537048340e-01,3.571298206225037575e-03,-6.189845129847526550e-02,-8.230914920568466187e-02,-4.548005461692810059e-01,-1.213392987847328186e-02,-2.517611682415008545e-01,3.056509792804718018e-02,1.098264977335929871e-01,1.103756129741668701e-01,-3.734614253044128418e-01,0.000000000000000000e+00,0.000000000000000000e+00,-3.025326132774353027e-01,3.582575544714927673e-02,-9.340758621692657471e-02,-6.892362833023071289e-01,4.683788120746612549e-01,-4.387163817882537842e-01,-1.332815457135438919e-02,2.800987064838409424e-01,1.518911682069301605e-02,-4.780901595950126648e-02,-4.773639142513275146e-01,-3.113990426063537598e-01,-2.221096754074096680e-01,1.773101240396499634e-01
-2.414560317993164062e+00,-2.637293815612792969e+00,9.187604188919067383e-01,7.076270878314971924e-03,2.494601160287857056e-02,-8.587812185287475586e-01,5.116858482360839844e-01,9.140095114707946777e-02,-8.588605374097824097e-02,-2.893474102020263672e-01,2.045377856120467186e-03,-8.685366809368133545e-02,-1.010225489735603333e-01,-4.830080866813659668e-01,-4.853465594351291656e-03,-3.413935601711273193e-01,5.607806146144866943e-03,8.397380262613296509e-02,1.568457782268524170e-01,-3.915051817893981934e-01,0.000000000000000000e+00,0.000000000000000000e+00,-3.191233277320861816e-01,2.771685272455215454e-02,-8.013562113046646118e-02,-7.080060839653015137e-01,4.243545830249786377e-01,-4.421075284481048584e-01,-1.624999800696969032e-03,2.832411229610443115e-01,1.313061080873012543e-02,-7.186250388622283936e-02,-4.717968702316284180e-01,-2.991087436676025391e-01,-2.188811749219894409e-01,1.883656382560729980e-01
-2.441016435623168945e+00,-2.665466308593750000e+00,9.128919839859008789e-01,6.311331875622272491e-03,2.033803611993789673e-02,-8.544710874557495117e-01,5.190623402595520020e-01,1.386426687240600586e-01,-7.909587770700454712e-02,-3.084900081157684326e-01,2.556722336066741263e-07,-1.096265837550163269e-01,-1.027134656906127930e-01,-4.873785078525543213e-01,-5.236424505710601807e-03,-3.870179951190948486e-01,2.896304009482264519e-03,6.707493215799331665e-02,1.713800132274627686e-01,-4.132722914218902588e-01,0.000000000000000000e+00,0.000000000000000000e+00,-3.157528936862945557e-01,1.874792762100696564e-02,-7.793293148279190063e-02,-7.114040851593017578e-01,4.108688831329345703e-01,-4.389490485191345215e-01,-3.096817992627620697e-03,2.897732853889465332e-01,5.491007585078477859e-03,-8.332452923059463501e-02,-4.679417312145233154e-01,-2.956671714782714844e-01,-2.219970524311065674e-01,1.882819831371307373e-01
-2.469060182571411133e+00,-2.696107149124145508e+00,9.049694538116455078e-01,6.997393909841775894e-03,1.200494915246963501e-02,-8.452520370483398438e-01,5.341871976852416992e-01,1.847641319036483765e-01,-7.589934766292572021e-02,-3.330627083778381348e-01,3.489859635010361671e-03,-1.119490116834640503e-01,-1.111607700586318970e-01,-4.716727137565612793e-01,-1.964527182281017303e-02,-3.827738165855407715e-01,2.889888919889926910e-02,8.981866389513015747e-02,1.597821116447448730e-01,-4.490953385829925537e-01,0.000000000000000000e+00,0.000000000000000000e+00,-3.023200631141662598e-01,9.380172938108444214e-03,-8.495838195085525513e-02,-6.967259049415588379e-01,4.188310205936431885e-01,-4.335485398769378662e-01,2.906742971390485764e-03,2.890996336936950684e-01,-7.890528999269008636e-03,-9.595513343811035156e-02,-4.702734053134918213e-01,-3.011316061019897461e-01,-2.319962829351425171e-01,1.692520976066589355e-01
-2.498026609420776367e+00,-2.727737188339233398e+00,8.955060839653015137e-01,8.911859244108200073e-03,3.427858464419841766e-03,-8.388286828994750977e-01,5.443117022514343262e-01,2.286862283945083618e-01,-7.256227731704711914e-02,-3.614794611930847168e-01,1.158853434026241302e-02,-7.843594998121261597e-02,-1.233204752206802368e-01,-4.515101909637451172e-01,-3.883534669876098633e-02,-3.998470902442932129e-01,5.172320827841758728e-02,1.690047234296798706e-01,1.140803769230842590e-01,-4.629641473293304443e-01,0.000000000000000000e+00,0.000000000000000000e+00,-2.893819510936737061e-01,-7.853529416024684906e-03,-9.587132930755615234e-02,-6.534345149993896484e-01,4.434334337711334229e-01,-4.160403311252593994e-01,-2.252198383212089539e-02,2.711578309535980225e-01,-1.004384364932775497e-02,-1.245877593755722046e-01,-4.567568302154541016e-01,-3.050100207328796387e-01,-2.242602407932281494e-01,1.698790043592453003e-01
-2.527294158935546875e+00,-2.759921312332153320e+00,8.875366449356079102e-01,9.273706935346126556e-03,-4.302629735320806503e-03,-8.335568308830261230e-01,5.523390769958496094e-01,2.640328407287597656e-01,-6.644403934478759766e-02,-3.757351636886596680e-01,3.443114086985588074e-02,-2.354293875396251678e-02,-1.465948224067687988e-01,-4.182316958904266357e-01,-5.449131131172180176e-02,-4.128539860248565674e-01,6.792324781417846680e-02,2.537776231765747070e-01,1.004042476415634155e-01,-4.683643281459808350e-01,0.000000000000000000e+00,0.000000000000000000e+00,-2.624773085117340088e-01,-2.150856330990791321e-02,-1.077241897583007812e-01,-5.888848900794982910e-01,4.756265580654144287e-01,-3.963632583618164062e-01,-6.109536439180374146e-02,2.569686174392700195e-01,-1.042190473526716232e-02,-1.350874155759811401e-01,-4.535815417766571045e-01,-3.164402842521667480e-01,-2.183684408664703369e-01,1.647198945283889771e-01
-2.555640697479248047e+00,-2.790988683700561523e+00,8.832393288612365723e-01,3.470885334536433220e-03,-7.383100222796201706e-03,-8.342573642730712891e-01,5.513148307800292969e-01,2.882101833820343018e-01,-5.987410619854927063e-02,-3.833080232143402100e-01,7.890892773866653442e-02,5.821187421679496765e-02,-1.725752651691436768e-01,-3.802651464939117432e-01,-4.494268819689750671e-02,-4.005482196807861328e-01,8.955010771751403809e-02,2.866732478141784668e-01,8.125344663858413696e-02,-4.469994902610778809e-01,0.000000000000000000e+00,0.000000000000000000e+00,-2.241592258214950562e-01,-2.119182609021663666e-02,-1.206903755664825439e-01,-5.214927792549133301e-01,4.739107191562652588e-01,-3.396213054656982422e-01,-1.127061992883682251e-01,2.378702610731124878e-01,-5.719994660466909409e-03,-1.418828517198562622e-01,-4.389852583408355713e-01,-3.052822947502136230e-01,-1.932185143232345581e-01,1.960585862398147583e-01
-2.584390878677368164e+00,-2.818573236465454102e+00,8.836783766746520996e-01,-5.245244130492210388e-03,-2.632804680615663528e-03,-8.434048891067504883e-01,5.372464060783386230e-01,3.002357780933380127e-01,-4.975901544094085693e-02,-3.872791230678558350e-01,1.269514858722686768e-01,2.007310390472412109e-01,-2.005488872528076172e-01,-3.509668409824371338e-01,-4.075897391885519028e-03,-3.693241178989410400e-01,1.166440173983573914e-01,2.618584930896759033e-01,6.755164265632629395e-02,-4.091612696647644043e-01,0.000000000000000000e+00,0.000000000000000000e+00,-1.629524379968643188e-01,-9.036432951688766479e-03,-1.224668174982070923e-01,-4.468617439270019531e-01,4.729695022106170654e-01,-2.887412011623382568e-01,-1.187617555260658264e-01,2.059973180294036865e-01,6.959139369428157806e-03,-9.674908965826034546e-02,-4.256897568702697754e-01,-3.135679960250854492e-01,-1.892575770616531372e-01,1.832589209079742432e-01
-2.608946561813354492e+00,-2.844071626663208008e+00,8.858871459960937500e-01,-1.128134410828351974e-02,-1.480459934100508690e-03,-8.559944033622741699e-01,5.168598294258117676e-01,2.913191914558410645e-01,-5.270101875066757202e-02,-3.619477152824401855e-01,1.785905957221984863e-01,3.971386253833770752e-01,-2.071987837553024292e-01,-3.146476745605468750e-01,3.121793642640113831e-02,-3.275037407875061035e-01,1.221390590071678162e-01,2.391670495271682739e-01,6.283567100763320923e-02,-3.590813577175140381e-01,0.000000000000000000e+00,0.000000000000000000e+00,-9.110606461763381958e-02,-8.869776502251625061e-03,-1.258151084184646606e-01,-3.887214064598083496e-01,5.259290337562561035e-01,-2.861859500408172607e-01,-1.140590012073516846e-01,1.666012257337570190e-01,1.023002434521913528e-02,-4.643145576119422913e-02,-4.197531938552856445e-01,-3.315024673938751221e-01,-1.896264404058456421e-01,1.702035218477249146e-01
-2.636948108673095703e+00,-2.871630907058715820e+00,8.896657824516296387e-01,-1.722619123756885529e-02,-6.711643654853105545e-04,-8.728711009025573730e-01,4.876462519168853760e-01,2.269619703292846680e-01,-8.230213820934295654e-02,-3.459507822990417480e-01,3.206251859664916992e-01,5.061399936676025391e-01,-2.363147735595703125e-01,-2.678244709968566895e-01,7.142683118581771851e-02,-2.645764648914337158e-01,1.177828386425971985e-01,2.043648809194564819e-01,4.482751339673995972e-02,-2.788595557212829590e-01,0.000000000000000000e+00,0.000000000000000000e+00,-3.664139285683631897e-02,-4.874749574810266495e-03,-1.140645444393157959e-01,-3.280492126941680908e-01,5.080021023750305176e-01,-2.449223846197128296e-01,-1.708955615758895874e-01,1.389326602220535278e-01,1.904288679361343384e-02,-4.556744918227195740e-02,-4.372560977935791016e-01,-3.129954636096954346e-01,-1.803243160247802734e-01,1.936373263597488403e-01
