4.596818983554840088e-02,-1.192504689097404480e-01,8.305084705352783203e-01,2.843481721356511116e-03,2.499737590551376343e-02,9.525381326675415039e-01,3.033779561519622803e-01,-5.865786969661712646e-02,-9.972178936004638672e-02,1.789157241582870483e-01,1.491559653565843746e-11,-1.316086500883102417e-01,5.867101624608039856e-02,-1.087571904063224792e-01,-2.194127254188060760e-02,-1.570010483264923096e-01,2.160075493156909943e-02,-3.962907567620277405e-02,4.464353248476982117e-02,-4.235830903053283691e-02,0.000000000000000000e+00,0.000000000000000000e+00,-6.653609126806259155e-02,-6.331542879343032837e-02,-4.989761114120483398e-01,-3.690387010574340820e-01,-1.898498535156250000e-01,-2.343819141387939453e-01,-1.131457388401031494e-01,-5.946050211787223816e-02,1.186345936730504036e-03,4.406534135341644287e-01,-3.684240877628326416e-01,4.047803208231925964e-02,-1.938517689704895020e-01,4.840582981705665588e-02
4.500051960349082947e-02,-1.173430830240249634e-01,8.321034312248229980e-01,5.950524471700191498e-03,2.229752391576766968e-02,9.555188417434692383e-01,2.940257489681243896e-01,-5.109249055385589600e-02,-9.648046642541885376e-02,1.583774536848068237e-01,1.865622465337828974e-15,-1.372136324644088745e-01,7.501264661550521851e-02,-9.594005346298217773e-02,-1.827222481369972229e-02,-1.725858300924301147e-01,1.711822301149368286e-02,-5.493318662047386169e-02,2.806468680500984192e-02,-6.388800591230392456e-02,0.000000000000000000e+00,0.000000000000000000e+00,-6.015216931700706482e-02,-7.170444726943969727e-02,-4.755361676216125488e-01,-3.643276393413543701e-01,-1.673531979322433472e-01,-2.389710992574691772e-01,-1.171238049864768982e-01,-5.279326066374778748e-02,8.128862828016281128e-03,4.358190894126892090e-01,-3.760263919830322266e-01,3.060291893780231476e-02,-2.014583796262741089e-01,6.869316101074218750e-02
4.454718157649040222e-02,-1.177278235554695129e-01,8.321413397789001465e-01,5.953833926469087601e-03,2.258087322115898132e-02,9.558305144309997559e-01,2.929891645908355713e-01,-5.187231302261352539e-02,-9.758652746677398682e-02,1.548683047294616699e-01,5.874173489208572851e-19,-1.368110775947570801e-01,7.798320055007934570e-02,-9.637371450662612915e-02,-1.961348764598369598e-02,-1.753012686967849731e-01,1.812560483813285828e-02,-5.305974557995796204e-02,2.829372696578502655e-02,-6.669171154499053955e-02,0.000000000000000000e+00,0.000000000000000000e+00,-6.076312437653541565e-02,-7.703874260187149048e-02,-4.730970561504364014e-01,-3.594734072685241699e-01,-1.681247204542160034e-01,-2.390480786561965942e-01,-1.149343922734260559e-01,-5.423465371131896973e-02,1.044945511966943741e-02,4.403948783874511719e-01,-3.743287026882171631e-01,2.360025234520435333e-02,-2.019593119621276855e-01,6.663616001605987549e-02
4.412094131112098694e-02,-1.181580498814582825e-01,8.323392271995544434e-01,5.918924696743488312e-03,2.294336259365081787e-02,9.560713171958923340e-01,2.921749949455261230e-01,-5.267195031046867371e-02,-9.907274693250656128e-02,1.512134373188018799e-01,1.024062833230449110e-18,-1.373497396707534790e-01,8.322641253471374512e-02,-9.675572812557220459e-02,-2.047890052199363708e-02,-1.727736294269561768e-01,1.838527433574199677e-02,-5.314846709370613098e-02,2.803869731724262238e-02,-6.620412319898605347e-02,0.000000000000000000e+00,0.000000000000000000e+00,-6.269854307174682617e-02,-7.995218783617019653e-02,-4.744465351104736328e-01,-3.572422862052917480e-01,-1.699772775173187256e-01,-2.368266135454177856e-01,-1.150137260556221008e-01,-5.223081260919570923e-02,1.013500243425369263e-02,4.386653006076812744e-01,-3.790111541748046875e-01,2.356040664017200470e-02,-1.988150775432586670e-01,6.602176278829574585e-02
4.379813373088836670e-02,-1.188811361789703369e-01,8.325074315071105957e-01,5.436762701719999313e-03,2.201290056109428406e-02,9.564610123634338379e-01,2.909779548645019531e-01,-5.299580842256546021e-02,-9.820604324340820312e-02,1.511981636285781860e-01,1.358640847395897744e-18,-1.371005326509475708e-01,7.819776237010955811e-02,-9.763561189174652100e-02,-1.996036060154438019e-02,-1.760004013776779175e-01,1.899833790957927704e-02,-5.670124664902687073e-02,2.700870670378208160e-02,-6.793658435344696045e-02,0.000000000000000000e+00,0.000000000000000000e+00,-6.106389686465263367e-02,-7.912432402372360229e-02,-4.740917682647705078e-01,-3.588371574878692627e-01,-1.706963479518890381e-01,-2.395260185003280640e-01,-1.171760857105255127e-01,-5.191140994429588318e-02,1.163767557591199875e-02,4.385989606380462646e-01,-3.790367245674133301e-01,2.183255366981029510e-02,-1.976670622825622559e-01,6.339937448501586914e-02
4.320711269974708557e-02,-1.197342798113822937e-01,8.324465155601501465e-01,5.509107373654842377e-03,2.257530391216278076e-02,9.567987918853759766e-01,2.898207902908325195e-01,-5.405111610889434814e-02,-1.007343232631683350e-01,1.460504531860351562e-01,6.151340130600146949e-06,-1.367335617542266846e-01,8.371493965387344360e-02,-9.764728695154190063e-02,-2.207221463322639465e-02,-1.754981726408004761e-01,1.984941400587558746e-02,-5.394550040364265442e-02,2.878941409289836884e-02,-6.945297122001647949e-02,0.000000000000000000e+00,0.000000000000000000e+00,-6.151616200804710388e-02,-8.174926042556762695e-02,-4.723609983921051025e-01,-3.576506674289703369e-01,-1.697327792644500732e-01,-2.399095743894577026e-01,-1.163127645850181580e-01,-5.392144247889518738e-02,1.153852324932813644e-02,4.382823407649993896e-01,-3.749781847000122070e-01,2.076536789536476135e-02,-2.007899284362792969e-01,6.468701362609863281e-02
4.286215826869010925e-02,-1.209734454751014709e-01,8.326334953308105469e-01,4.839531145989894867e-03,2.219484187662601471e-02,9.571547508239746094e-01,2.886845767498016357e-01,-5.579636991024017334e-02,-1.011001318693161011e-01,1.443394720554351807e-01,1.579567324370145798e-03,-1.355561017990112305e-01,7.925585657358169556e-02,-9.991082549095153809e-02,-2.278252691030502319e-02,-1.772513538599014282e-01,2.188375405967235565e-02,-5.327405408024787903e-02,2.943764440715312958e-02,-7.087706774473190308e-02,0.000000000000000000e+00,0.000000000000000000e+00,-6.330137699842453003e-02,-8.292443305253982544e-02,-4.719886481761932373e-01,-3.547927141189575195e-01,-1.689168214797973633e-01,-2.389651834964752197e-01,-1.152331233024597168e-01,-5.175273120403289795e-02,1.082547847181558609e-02,4.390685558319091797e-01,-3.796252310276031494e-01,2.208760008215904236e-02,-1.989107131958007812e-01,6.016506999731063843e-02
4.278314486145973206e-02,-1.225081160664558411e-01,8.328272700309753418e-01,4.952163901180028915e-03,2.226672507822513580e-02,9.570775628089904785e-01,2.889327704906463623e-01,-6.048613414168357849e-02,-1.021726429462432861e-01,1.444448083639144897e-01,7.836660370230674744e-03,-1.365622282028198242e-01,8.660887926816940308e-02,-1.030988618731498718e-01,-2.488342113792896271e-02,-1.738366484642028809e-01,2.615969814360141754e-02,-5.369327589869499207e-02,2.538945339620113373e-02,-7.048132270574569702e-02,0.000000000000000000e+00,0.000000000000000000e+00,-6.431654840707778931e-02,-8.367887139320373535e-02,-4.774524569511413574e-01,-3.534795045852661133e-01,-1.696263849735260010e-01,-2.364868074655532837e-01,-1.117639243602752686e-01,-5.225970968604087830e-02,1.081045810133218765e-02,4.402996003627777100e-01,-3.780718743801116943e-01,1.466167159378528595e-02,-1.980955302715301514e-01,5.446569249033927917e-02
4.241470620036125183e-02,-1.246126815676689148e-01,8.332622647285461426e-01,4.380838014185428619e-03,2.188014797866344452e-02,9.570953249931335449e-01,2.889128923416137695e-01,-6.833858788013458252e-02,-1.024210378527641296e-01,1.456137746572494507e-01,1.938661001622676849e-02,-1.404693871736526489e-01,8.850052207708358765e-02,-1.097111925482749939e-01,-2.668678760528564453e-02,-1.705789417028427124e-01,3.438159450888633728e-02,-5.563034117221832275e-02,2.180502377450466156e-02,-7.291729748249053955e-02,0.000000000000000000e+00,0.000000000000000000e+00,-6.468744575977325439e-02,-8.307028561830520630e-02,-4.750003218650817871e-01,-3.520987331867218018e-01,-1.680868417024612427e-01,-2.427981495857238770e-01,-1.171396598219871521e-01,-5.240885540843009949e-02,1.009165681898593903e-02,4.386287033557891846e-01,-3.804236352443695068e-01,1.640385948121547699e-02,-2.033422291278839111e-01,6.178875267505645752e-02
4.258893430233001709e-02,-1.270628869533538818e-01,8.338832259178161621e-01,3.319395007565617561e-03,2.192008495330810547e-02,9.574506282806396484e-01,2.877443730831146240e-01,-8.222311735153198242e-02,-1.040396317839622498e-01,1.427405029535293579e-01,3.971279412508010864e-02,-1.414907127618789673e-01,9.331993013620376587e-02,-1.181444376707077026e-01,-2.971358038485050201e-02,-1.686744540929794312e-01,4.542038217186927795e-02,-5.269144475460052490e-02,1.782698184251785278e-02,-7.957021892070770264e-02,0.000000000000000000e+00,0.000000000000000000e+00,-6.155213341116905212e-02,-8.061847090721130371e-02,-4.772173762321472168e-01,-3.580090701580047607e-01,-1.643117815256118774e-01,-2.402094155550003052e-01,-1.179366484284400940e-01,-5.306030064821243286e-02,8.551396429538726807e-03,4.405128359794616699e-01,-3.824269473552703857e-01,1.543933525681495667e-02,-1.970248222351074219e-01,6.419846415519714355e-02
4.343397170305252075e-02,-1.305029690265655518e-01,8.339294195175170898e-01,6.921654858160763979e-06,2.180502936244010925e-02,9.574850797653198242e-01,2.876575291156768799e-01,-1.054201871156692505e-01,-1.033763363957405090e-01,1.430868506431579590e-01,6.665685772895812988e-02,-1.417970657348632812e-01,9.727887809276580811e-02,-1.338741779327392578e-01,-3.181247040629386902e-02,-1.673310548067092896e-01,5.827686935663223267e-02,-5.049706995487213135e-02,1.072727516293525696e-02,-8.545246720314025879e-02,0.000000000000000000e+00,0.000000000000000000e+00,-6.038010865449905396e-02,-7.882204651832580566e-02,-4.748260080814361572e-01,-3.637861013412475586e-01,-1.553111225366592407e-01,-2.406319528818130493e-01,-1.135564222931861877e-01,-5.354218184947967529e-02,6.615204736590385437e-03,4.399316906929016113e-01,-3.894915878772735596e-01,1.837422885000705719e-02,-2.012856304645538330e-01,6.190897896885871887e-02
4.573629051446914673e-02,-1.346126198768615723e-01,8.347325325012207031e-01,-4.688517190515995026e-03,2.346086502075195312e-02,9.566729068756103516e-01,2.901802062988281250e-01,-1.338027864694595337e-01,-1.046223193407058716e-01,1.479125618934631348e-01,9.209936112165451050e-02,-1.493562012910842896e-01,1.108499467372894287e-01,-1.596760898828506470e-01,-3.685600310564041138e-02,-1.606991142034530640e-01,7.852672040462493896e-02,-5.113885551691055298e-02,2.872742014005780220e-03,-8.759941160678863525e-02,0.000000000000000000e+00,0.000000000000000000e+00,-6.246111541986465454e-02,-7.070788741111755371e-02,-4.791081249713897705e-01,-3.772292435169219971e-01,-1.602850705385208130e-01,-2.430262416601181030e-01,-1.277442425489425659e-01,-5.449760705232620239e-02,2.044754801318049431e-03,4.392199218273162842e-01,-4.017751812934875488e-01,2.507132291793823242e-02,-2.070594429969787598e-01,5.806643888354301453e-02
4.895709455013275146e-02,-1.396635472774505615e-01,8.347964286804199219e-01,-1.150432880967855453e-02,2.421369217336177826e-02,9.556782245635986328e-01,2.931901812553405762e-01,-1.660321801900863647e-01,-1.027863249182701111e-01,1.551502794027328491e-01,1.194662079215049744e-01,-1.448094546794891357e-01,1.122462153434753418e-01,-1.914353668689727783e-01,-3.915137052536010742e-02,-1.549284458160400391e-01,1.010802984237670898e-01,-4.323859885334968567e-02,-3.644982120022177696e-03,-8.737496286630630493e-02,0.000000000000000000e+00,0.000000000000000000e+00,-5.931433290243148804e-02,-6.429329514503479004e-02,-4.685409963130950928e-01,-3.961666524410247803e-01,-1.458386629819869995e-01,-2.424576431512832642e-01,-1.150038763880729675e-01,-5.265824496746063232e-02,-2.541649853810667992e-03,4.385632276535034180e-01,-4.220963418483734131e-01,3.024319373071193695e-02,-2.107413858175277710e-01,5.355280637741088867e-02
5.373031646013259888e-02,-1.453037410974502563e-01,8.348135352134704590e-01,-1.995213702321052551e-02,2.655672654509544373e-02,9.542101621627807617e-01,2.972871065139770508e-01,-2.002612501382827759e-01,-1.013306230306625366e-01,1.613238602876663208e-01,1.389969289302825928e-01,-1.389275491237640381e-01,1.124583035707473755e-01,-2.293688803911209106e-01,-4.285261407494544983e-02,-1.532713770866394043e-01,1.238881424069404602e-01,-2.687845937907695770e-02,-5.587399937212467194e-03,-8.608469367027282715e-02,0.000000000000000000e+00,0.000000000000000000e+00,-5.270916968584060669e-02,-5.639312788844108582e-02,-4.568375647068023682e-01,-4.261753261089324951e-01,-1.333789080381393433e-01,-2.464957088232040405e-01,-1.024890691041946411e-01,-5.508235096931457520e-02,-6.227915640920400620e-03,4.320446252822875977e-01,-4.471088349819183350e-01,1.838278584182262421e-02,-2.196320742368698120e-01,5.197623372077941895e-02
5.992189049720764160e-02,-1.518721431493759155e-01,8.349980711936950684e-01,-2.972780726850032806e-02,2.814161032438278198e-02,9.520020484924316406e-01,3.033420443534851074e-01,-2.336140424013137817e-01,-9.762418270111083984e-02,1.682174503803253174e-01,1.504750996828079224e-01,-1.252785474061965942e-01,1.121529042720794678e-01,-2.657741904258728027e-01,-4.348901286721229553e-02,-1.507155597209930420e-01,1.368155926465988159e-01,-5.598266143351793289e-03,-2.850540913641452789e-03,-8.248063921928405762e-02,0.000000000000000000e+00,0.000000000000000000e+00,-3.980798646807670593e-02,-4.737893864512443542e-02,-4.383649826049804688e-01,-4.614461958408355713e-01,-1.007374674081802368e-01,-2.524757087230682373e-01,-7.651521265506744385e-02,-6.217978522181510925e-02,-1.055339071899652481e-02,4.342667162418365479e-01,-4.808202087879180908e-01,8.469973690807819366e-03,-2.308579981327056885e-01,4.060728102922439575e-02
6.614854186773300171e-02,-1.576962918043136597e-01,8.364025354385375977e-01,-3.874607011675834656e-02,2.479337155818939209e-02,9.502432942390441895e-01,3.080935776233673096e-01,-2.587840855121612549e-01,-8.458335697650909424e-02,1.783154308795928955e-01,1.555668562650680542e-01,-1.171879172325134277e-01,1.094505190849304199e-01,-2.930513024330139160e-01,-3.627222776412963867e-02,-1.600749343633651733e-01,1.470821946859359741e-01,-2.236796170473098755e-02,8.881514891982078552e-03,-8.266016840934753418e-02,0.000000000000000000e+00,0.000000000000000000e+00,-1.660355553030967712e-02,-3.071135468780994415e-02,-4.179890751838684082e-01,-4.977555871009826660e-01,-7.200981676578521729e-02,-2.568077445030212402e-01,-6.482536345720291138e-02,-6.951443850994110107e-02,-4.652490839362144470e-03,4.303788840770721436e-01,-5.184554457664489746e-01,-7.701034191995859146e-03,-2.428290545940399170e-01,3.314029052853584290e-02
7.269971072673797607e-02,-1.625604033470153809e-01,8.383397459983825684e-01,-4.572930559515953064e-02,1.804351061582565308e-02,9.495886564254760742e-01,3.096201121807098389e-01,-2.765668630599975586e-01,-6.756762415170669556e-02,1.816794723272323608e-01,1.579419374465942383e-01,-1.109942197799682617e-01,1.057917401194572449e-01,-3.051805198192596436e-01,-2.301437221467494965e-02,-1.694826781749725342e-01,1.567144393920898438e-01,-6.601173430681228638e-02,1.996275037527084351e-02,-8.500664681196212769e-02,0.000000000000000000e+00,0.000000000000000000e+00,9.095703251659870148e-03,-1.031139865517616272e-02,-4.063696265220642090e-01,-5.234382748603820801e-01,-5.594774335622787476e-02,-2.632292211055755615e-01,-3.640257567167282104e-02,-7.882893085479736328e-02,6.534224376082420349e-03,4.318341314792633057e-01,-5.527848005294799805e-01,-1.113072969019412994e-02,-2.479891479015350342e-01,1.133010908961296082e-02
8.016329258680343628e-02,-1.683144271373748779e-01,8.395702242851257324e-01,-4.988317191600799561e-02,1.231302507221698761e-02,9.482172727584838867e-01,3.134390115737915039e-01,-2.909179627895355225e-01,-5.362757295370101929e-02,1.903930902481079102e-01,1.596322953701019287e-01,-1.021136939525604248e-01,1.128210425376892090e-01,-3.021876215934753418e-01,-1.952376402914524078e-02,-1.905818432569503784e-01,1.917609572410583496e-01,-9.489521384239196777e-02,3.723485628142952919e-03,-7.467047870159149170e-02,0.000000000000000000e+00,0.000000000000000000e+00,3.036471083760261536e-02,5.769699811935424805e-03,-4.000703990459442139e-01,-5.364878773689270020e-01,-4.983409121632575989e-02,-2.551280260086059570e-01,-4.185422882437705994e-02,-9.159084409475326538e-02,1.195258926600217819e-02,4.271495640277862549e-01,-5.887469053268432617e-01,-1.295699179172515869e-02,-2.544396221637725830e-01,1.986679621040821075e-02
8.630365133285522461e-02,-1.738479435443878174e-01,8.394985795021057129e-01,-4.937700927257537842e-02,8.905794471502304077e-03,9.468354582786560059e-01,3.177817761898040771e-01,-2.950509786605834961e-01,-4.503019526600837708e-02,2.036959081888198853e-01,1.560996323823928833e-01,-9.810040891170501709e-02,1.079919785261154175e-01,-2.725604176521301270e-01,-2.697919309139251709e-02,-2.161673754453659058e-01,2.384054660797119141e-01,-9.566180408000946045e-02,-1.076480932533740997e-02,-5.550457537174224854e-02,0.000000000000000000e+00,0.000000000000000000e+00,5.372190475463867188e-02,1.344592683017253876e-02,-3.906370103359222412e-01,-5.451334714889526367e-01,-4.511636495590209961e-02,-2.486344873905181885e-01,-4.199670255184173584e-02,-1.065919697284698486e-01,8.879960514605045319e-03,4.318508505821228027e-01,-6.107995510101318359e-01,-1.098380610346794128e-02,-2.576187849044799805e-01,8.829355356283485889e-04
9.359361231327056885e-02,-1.799122989177703857e-01,8.395905494689941406e-01,-4.835900291800498962e-02,4.129603970795869827e-03,9.460563063621520996e-01,3.203464746475219727e-01,-3.006690144538879395e-01,-3.559708595275878906e-02,2.152615040540695190e-01,1.554672867059707642e-01,-8.477006107568740845e-02,1.041887700557708740e-01,-2.369768619537353516e-01,-3.121003136038780212e-02,-2.323299795389175415e-01,3.015255033969879150e-01,-8.813661336898803711e-02,-3.193428367376327515e-02,-3.338563814759254456e-02,0.000000000000000000e+00,0.000000000000000000e+00,7.422121614217758179e-02,1.738024316728115082e-02,-3.776297271251678467e-01,-5.360161066055297852e-01,-4.781885817646980286e-02,-2.493746578693389893e-01,-4.149670898914337158e-02,-1.227647364139556885e-01,6.486635189503431320e-03,4.349258840084075928e-01,-6.232731342315673828e-01,7.188209332525730133e-03,-2.640918791294097900e-01,-1.912089437246322632e-02
1.019025892019271851e-01,-1.865004003047943115e-01,8.386855721473693848e-01,-4.694718495011329651e-02,1.960957888513803482e-03,9.453330636024475098e-01,3.227034807205200195e-01,-3.077116310596466064e-01,-3.117850050330162048e-02,2.222680747509002686e-01,1.552585959434509277e-01,-7.273607701063156128e-02,1.066826134920120239e-01,-1.928223669528961182e-01,-2.877430431544780731e-02,-2.214323133230209351e-01,3.540471792221069336e-01,-5.369177088141441345e-02,-3.906229138374328613e-02,-8.908121846616268158e-03,0.000000000000000000e+00,0.000000000000000000e+00,9.735541790723800659e-02,1.948972791433334351e-02,-3.635198175907135010e-01,-5.329473614692687988e-01,-5.216435343027114868e-02,-2.373391687870025635e-01,-4.964134842157363892e-02,-1.394964456558227539e-01,5.344653502106666565e-03,4.437882602214813232e-01,-6.436221599578857422e-01,-4.121941514313220978e-03,-2.651546895503997803e-01,-3.891347208991646767e-03
1.116547286510467529e-01,-1.934401690959930420e-01,8.367761969566345215e-01,-4.361215233802795410e-02,2.010542899370193481e-03,9.438989162445068359e-01,3.273358345031738281e-01,-3.137243688106536865e-01,-2.928541228175163269e-02,2.321952283382415771e-01,1.541583240032196045e-01,-5.725101754069328308e-02,1.101287901401519775e-01,-1.374876648187637329e-01,-2.911589853465557098e-02,-2.056134790182113647e-01,3.862512111663818359e-01,9.289623238146305084e-03,-2.898390218615531921e-02,2.383571304380893707e-02,0.000000000000000000e+00,0.000000000000000000e+00,1.201849207282066345e-01,1.189879700541496277e-02,-3.424293100833892822e-01,-5.188390016555786133e-01,-4.243320599198341370e-02,-2.337540090084075928e-01,-4.461778327822685242e-02,-1.565591841936111450e-01,-2.169653307646512985e-03,4.539769887924194336e-01,-6.529524922370910645e-01,-1.525143347680568695e-02,-2.694683670997619629e-01,-4.048662260174751282e-03
1.221995279192924500e-01,-2.002046555280685425e-01,8.350918889045715332e-01,-3.797585144639015198e-02,1.632934669032692909e-03,9.414491057395935059e-01,3.350055515766143799e-01,-3.176596164703369141e-01,-2.570720016956329346e-02,2.440111637115478516e-01,1.561685800552368164e-01,-4.640148207545280457e-02,1.102763488888740540e-01,-8.000028133392333984e-02,-2.312357164919376373e-02,-1.729015558958053589e-01,4.049907624721527100e-01,5.824827402830123901e-02,-1.226314343512058258e-02,6.392902135848999023e-02,0.000000000000000000e+00,0.000000000000000000e+00,1.493311226367950439e-01,4.165072459727525711e-03,-3.192160427570343018e-01,-5.095728635787963867e-01,-3.847921639680862427e-02,-2.353544533252716064e-01,-4.508214816451072693e-02,-1.733071506023406982e-01,-9.987426921725273132e-03,4.616334736347198486e-01,-6.488536596298217773e-01,-1.063172567228320986e-05,-2.664860486984252930e-01,-1.693374477326869965e-02
1.344007998704910278e-01,-2.093352824449539185e-01,8.321684598922729492e-01,-3.267770633101463318e-02,3.598102135583758354e-03,9.387012720108032227e-01,3.431605696678161621e-01,-3.250930905342102051e-01,-2.581957913935184479e-02,2.597048282623291016e-01,1.570780724287033081e-01,-3.588672354817390442e-02,1.129968911409378052e-01,-2.489150688052177429e-02,-1.937962882220745087e-02,-1.384025067090988159e-01,4.046450555324554443e-01,1.111144945025444031e-01,1.229041442275047302e-02,1.021913364529609680e-01,0.000000000000000000e+00,0.000000000000000000e+00,1.728253066539764404e-01,-3.653155174106359482e-03,-3.032560944557189941e-01,-4.980954527854919434e-01,-4.076303914189338684e-02,-2.437945008277893066e-01,-6.121612712740898132e-02,-1.994023025035858154e-01,-1.694323681294918060e-02,4.707475304603576660e-01,-6.341608166694641113e-01,2.047807909548282623e-02,-2.651347517967224121e-01,-2.238027192652225494e-02
1.481111347675323486e-01,-2.189840674400329590e-01,8.281672596931457520e-01,-2.586283348500728607e-02,6.588129792362451553e-03,9.350650310516357422e-01,3.534700572490692139e-01,-3.312730789184570312e-01,-2.537780255079269409e-02,2.820045948028564453e-01,1.560568064451217651e-01,-2.593734860420227051e-02,1.136023029685020447e-01,2.593696303665637970e-02,-1.783351413905620575e-02,-9.566450119018554688e-02,3.864329755306243896e-01,1.556155383586883545e-01,3.434572741389274597e-02,1.458626985549926758e-01,0.000000000000000000e+00,0.000000000000000000e+00,1.959402561187744141e-01,-1.035287044942378998e-02,-2.903478741645812988e-01,-4.913767874240875244e-01,-3.879273682832717896e-02,-2.403437793254852295e-01,-7.652226835489273071e-02,-2.184169590473175049e-01,-2.428096346557140350e-02,4.741311669349670410e-01,-6.203269958496093750e-01,2.342204749584197998e-02,-2.584450542926788330e-01,-1.979185268282890320e-02
1.641196757555007935e-01,-2.293588221073150635e-01,8.235491514205932617e-01,-1.972177438437938690e-02,9.931013919413089752e-03,9.317061305046081543e-01,3.625412285327911377e-01,-3.461712598800659180e-01,-2.458660490810871124e-02,2.975946664810180664e-01,1.615688204765319824e-01,-1.960229873657226562e-02,1.194164380431175232e-01,6.221807375550270081e-02,-2.029058896005153656e-02,-6.022510677576065063e-02,3.583434224128723145e-01,1.725892126560211182e-01,5.352448299527168274e-02,1.844699382781982422e-01,0.000000000000000000e+00,0.000000000000000000e+00,2.138473689556121826e-01,-1.536047738045454025e-02,-2.851256132125854492e-01,-4.808015823364257812e-01,-4.951576143503189087e-02,-2.418866753578186035e-01,-9.195859730243682861e-02,-2.353391200304031372e-01,-3.263896331191062927e-02,4.819908440113067627e-01,-6.028930544853210449e-01,3.961002826690673828e-02,-2.590339183807373047e-01,-2.684608101844787598e-02
1.820276230573654175e-01,-2.405014932155609131e-01,8.186094164848327637e-01,-1.531621813774108887e-02,1.043919660151004791e-02,9.289141297340393066e-01,3.698310554027557373e-01,-3.615268468856811523e-01,-1.612444967031478882e-02,3.194381594657897949e-01,1.654920727014541626e-01,-8.618327789008617401e-03,1.104333773255348206e-01,7.785356789827346802e-02,-1.828272640705108643e-02,-2.790498733520507812e-02,3.243097960948944092e-01,1.323868483304977417e-01,6.956394016742706299e-02,2.127938568592071533e-01,0.000000000000000000e+00,0.000000000000000000e+00,2.304870337247848511e-01,-1.648707315325737000e-02,-2.722072303295135498e-01,-4.729607701301574707e-01,-4.776465892791748047e-02,-2.435403317213058472e-01,-1.000770702958106995e-01,-2.492488771677017212e-01,-3.356458619236946106e-02,4.855989515781402588e-01,-5.902072787284851074e-01,4.662898555397987366e-02,-2.572631835937500000e-01,-3.332872316241264343e-02
2.030012011528015137e-01,-2.518890500068664551e-01,8.143479824066162109e-01,-1.378282625228166580e-02,8.461827412247657776e-03,9.278822541236877441e-01,3.725224733352661133e-01,-3.892132937908172607e-01,-2.458407776430249214e-03,3.213971257209777832e-01,1.772480010986328125e-01,4.727366380393505096e-03,1.109241545200347900e-01,6.969331949949264526e-02,-8.759941556490957737e-04,2.091418951749801636e-02,2.961629927158355713e-01,4.708654433488845825e-02,7.839063555002212524e-02,2.240483909845352173e-01,0.000000000000000000e+00,0.000000000000000000e+00,2.413683831691741943e-01,-1.284899748861789703e-02,-2.734380066394805908e-01,-4.625232517719268799e-01,-4.777489975094795227e-02,-2.390291690826416016e-01,-9.589222073554992676e-02,-2.657954692840576172e-01,-2.913616411387920380e-02,4.891847372055053711e-01,-5.731590986251831055e-01,5.107632279396057129e-02,-2.476200610399246216e-01,-4.046181961894035339e-02
2.268367558717727661e-01,-2.634139060974121094e-01,8.107767105102539062e-01,-1.524757035076618195e-02,1.716226339340209961e-03,9.265217781066894531e-01,3.759281933307647705e-01,-4.149722754955291748e-01,2.144348062574863434e-02,3.171932399272918701e-01,1.790255457162857056e-01,3.227199241518974304e-02,1.010254397988319397e-01,4.687517136335372925e-02,1.898777112364768982e-02,2.804830670356750488e-02,3.020839691162109375e-01,-3.723264113068580627e-02,5.646860226988792419e-02,2.304813712835311890e-01,0.000000000000000000e+00,0.000000000000000000e+00,2.431281059980392456e-01,-5.750130512751638889e-04,-2.693013250827789307e-01,-4.528539478778839111e-01,-3.585306182503700256e-02,-2.355238497257232666e-01,-9.583881497383117676e-02,-2.774578928947448730e-01,-1.527021080255508423e-02,4.872762560844421387e-01,-5.645647048950195312e-01,4.159346967935562134e-02,-2.490004599094390869e-01,-4.007596150040626526e-02
2.537400722503662109e-01,-2.757693529129028320e-01,8.081855177879333496e-01,-1.903059892356395721e-02,-7.806055247783660889e-03,9.244602918624877930e-01,3.807231187820434570e-01,-4.355098009109497070e-01,5.249704048037528992e-02,3.163267970085144043e-01,1.639072299003601074e-01,8.130151033401489258e-02,8.257161825895309448e-02,1.644692011177539825e-02,4.644326865673065186e-02,1.812291704118251801e-02,3.003793060779571533e-01,-1.149990484118461609e-01,2.432464621961116791e-02,2.349647283554077148e-01,0.000000000000000000e+00,0.000000000000000000e+00,2.319931238889694214e-01,1.721779070794582367e-02,-2.708866596221923828e-01,-4.367388486862182617e-01,-2.670332603156566620e-02,-2.283311486244201660e-01,-1.036528199911117554e-01,-2.836544215679168701e-01,6.607262417674064636e-03,4.774414002895355225e-01,-5.561006665229797363e-01,3.598261997103691101e-02,-2.497360408306121826e-01,-3.599417582154273987e-02
2.841631472110748291e-01,-2.901290655136108398e-01,8.062504529953002930e-01,-2.511561848223209381e-02,-1.442545186728239059e-02,9.216629266738891602e-01,3.869090378284454346e-01,-4.553095996379852295e-01,7.914497703313827515e-02,3.132528960704803467e-01,1.314778625965118408e-01,1.449763476848602295e-01,5.650216341018676758e-02,-1.494230143725872040e-02,7.000959664583206177e-02,-5.191178061068058014e-03,2.865582108497619629e-01,-1.421341896057128906e-01,-4.735150374472141266e-03,2.375137358903884888e-01,0.000000000000000000e+00,0.000000000000000000e+00,2.089388668537139893e-01,3.110063076019287109e-02,-2.740213274955749512e-01,-4.231819212436676025e-01,-7.661960087716579437e-03,-2.259520292282104492e-01,-9.949970245361328125e-02,-2.851620912551879883e-01,2.541683427989482880e-02,4.702359735965728760e-01,-5.487477183341979980e-01,3.022836893796920776e-02,-2.570996284484863281e-01,-3.660944104194641113e-02
3.151814043521881104e-01,-3.056498467922210693e-01,8.054745793342590332e-01,-3.296513855457305908e-02,-2.143293991684913635e-02,9.205811023712158203e-01,3.885671198368072510e-01,-4.741470515727996826e-01,1.034230142831802368e-01,2.917927503585815430e-01,9.215322881937026978e-02,2.149724662303924561e-01,2.698664367198944092e-02,-4.993860051035881042e-02,9.519200772047042847e-02,-3.761010244488716125e-02,2.661293447017669678e-01,-1.710258126258850098e-01,-1.949223130941390991e-02,2.301447540521621704e-01,0.000000000000000000e+00,0.000000000000000000e+00,1.781372278928756714e-01,5.174646154046058655e-02,-2.921290397644042969e-01,-4.225380122661590576e-01,-8.139288984239101410e-03,-2.218271642923355103e-01,-9.069311618804931641e-02,-2.743895649909973145e-01,4.080761596560478210e-02,4.680272936820983887e-01,-5.503203272819519043e-01,2.255657315254211426e-02,-2.572221159934997559e-01,-2.961915731430053711e-02
3.438355326652526855e-01,-3.233075141906738281e-01,8.082829713821411133e-01,-3.292221948504447937e-02,-1.659444347023963928e-02,9.224234223365783691e-01,3.844161331653594971e-01,-4.808281064033508301e-01,9.884528070688247681e-02,2.588147222995758057e-01,6.644855439662933350e-02,1.952971518039703369e-01,1.304060686379671097e-02,-8.284311741590499878e-02,9.080715477466583252e-02,-6.221406906843185425e-02,2.536247074604034424e-01,-1.843277662992477417e-01,-2.765646018087863922e-02,2.054033279418945312e-01,0.000000000000000000e+00,0.000000000000000000e+00,1.578151285648345947e-01,4.844699427485466003e-02,-3.014911115169525146e-01,-4.360439181327819824e-01,7.169093936681747437e-03,-2.215116769075393677e-01,-7.317464053630828857e-02,-2.455757260322570801e-01,3.501365333795547485e-02,4.695756733417510986e-01,-5.519663095474243164e-01,2.115450240671634674e-02,-2.569921910762786865e-01,-2.893364988267421722e-02
3.709670603275299072e-01,-3.415250480175018311e-01,8.165850639343261719e-01,-2.150996401906013489e-02,4.853059072047472000e-03,9.274808764457702637e-01,3.732198178768157959e-01,-4.678785502910614014e-01,5.526180192828178406e-02,2.424882054328918457e-01,9.169270843267440796e-02,4.181600362062454224e-02,2.487085573375225067e-02,-1.032238006591796875e-01,4.615339264273643494e-02,-9.592100232839584351e-02,2.385314553976058960e-01,-1.776999235153198242e-01,-2.823960967361927032e-02,1.603325307369232178e-01,0.000000000000000000e+00,0.000000000000000000e+00,1.467969119548797607e-01,1.505667716264724731e-02,-3.125157952308654785e-01,-4.550405442714691162e-01,2.458958141505718231e-02,-2.299706041812896729e-01,-5.929634347558021545e-02,-1.984309107065200806e-01,-1.658031367696821690e-03,4.816852211952209473e-01,-5.474257469177246094e-01,6.888160947710275650e-03,-2.556348145008087158e-01,-2.828783914446830750e-02
3.948300182819366455e-01,-3.592728376388549805e-01,8.252449035644531250e-01,-1.093534938991069794e-02,2.013438008725643158e-02,9.318820834159851074e-01,3.620370328426361084e-01,-4.386100172996520996e-01,3.409241512417793274e-02,2.919974923133850098e-01,1.791439056396484375e-01,-7.320038229227066040e-02,3.793857991695404053e-02,-1.227087676525115967e-01,1.101992651820182800e-02,-1.216574162244796753e-01,2.296012639999389648e-01,-1.625372320413589478e-01,-2.630475908517837524e-02,1.137795895338058472e-01,0.000000000000000000e+00,0.000000000000000000e+00,1.295873969793319702e-01,-1.117588486522436142e-02,-3.217005431652069092e-01,-4.742766916751861572e-01,2.751059830188751221e-02,-2.263431698083877563e-01,-4.910217598080635071e-02,-1.449041813611984253e-01,-3.673793748021125793e-02,4.866840839385986328e-01,-5.367563962936401367e-01,2.283266745507717133e-02,-2.453010082244873047e-01,-2.177776023745536804e-02
4.168004989624023438e-01,-3.755919933319091797e-01,8.329010605812072754e-01,-1.454892917536199093e-03,2.940583601593971252e-02,9.354607462882995605e-01,3.522021472454071045e-01,-3.888451457023620605e-01,3.247508034110069275e-02,3.522731363773345947e-01,2.907794117927551270e-01,-1.309146136045455933e-01,4.497365653514862061e-02,-1.314374953508377075e-01,-1.223055645823478699e-02,-1.431045681238174438e-01,2.130136042833328247e-01,-1.333324015140533447e-01,-3.074643947184085846e-02,7.185129076242446899e-02,0.000000000000000000e+00,0.000000000000000000e+00,1.063019260764122009e-01,-2.125663124024868011e-02,-3.340800702571868896e-01,-4.938476681709289551e-01,2.277787774801254272e-02,-2.365129888057708740e-01,-5.436792597174644470e-02,-7.887555658817291260e-02,-5.771106481552124023e-02,4.760569930076599121e-01,-5.247633457183837891e-01,1.571514643728733063e-02,-2.442439347505569458e-01,-1.921947114169597626e-02
4.373866021633148193e-01,-3.925205171108245850e-01,8.382915258407592773e-01,5.136246792972087860e-03,3.658052533864974976e-02,9.381692409515380859e-01,3.442005515098571777e-01,-3.218536078929901123e-01,3.437538072466850281e-02,3.924729526042938232e-01,3.901098072528839111e-01,-1.408252865076065063e-01,5.433931946754455566e-02,-1.413732022047042847e-01,-2.976565062999725342e-02,-1.552800834178924561e-01,1.924754232168197632e-01,-1.001063212752342224e-01,-3.335906565189361572e-02,3.440186381340026855e-02,0.000000000000000000e+00,0.000000000000000000e+00,7.719149440526962280e-02,-2.804547548294067383e-02,-3.374882936477661133e-01,-5.177042484283447266e-01,-6.235571112483739853e-03,-2.428262978792190552e-01,-5.450626462697982788e-02,-1.814094372093677521e-02,-8.047693222761154175e-02,4.681285023689270020e-01,-5.021053552627563477e-01,7.326529920101165771e-02,-2.315673083066940308e-01,-1.355281379073858261e-02
4.573224782943725586e-01,-4.090828299522399902e-01,8.417342305183410645e-01,1.177049148827791214e-02,4.100926965475082397e-02,9.398805499076843262e-01,3.388278484344482422e-01,-2.397363334894180298e-01,2.984185330569744110e-02,3.967208862304687500e-01,4.653188288211822510e-01,-1.210227832198143005e-01,6.854173541069030762e-02,-1.471984237432479858e-01,-4.278596863150596619e-02,-1.736692041158676147e-01,1.692536026239395142e-01,-7.338453084230422974e-02,-3.807056322693824768e-02,-1.046156976372003555e-03,0.000000000000000000e+00,0.000000000000000000e+00,5.401694402098655701e-02,-2.921497821807861328e-02,-3.345905840396881104e-01,-5.501183271408081055e-01,-2.005826309323310852e-02,-2.641327381134033203e-01,-7.871697843074798584e-02,4.051858186721801758e-02,-9.587743878364562988e-02,4.414182007312774658e-01,-4.754992127418518066e-01,6.615696847438812256e-02,-2.226817607879638672e-01,2.338395826518535614e-02
4.783379435539245605e-01,-4.266128540039062500e-01,8.412620425224304199e-01,1.434208825230598450e-02,4.163940623402595520e-02,9.418524503707885742e-01,3.331282436847686768e-01,-1.529724895954132080e-01,2.167278900742530823e-02,3.754791617393493652e-01,5.054270625114440918e-01,-6.583106517791748047e-02,7.032863795757293701e-02,-1.661763191223144531e-01,-4.740115627646446228e-02,-1.880743205547332764e-01,1.585382074117660522e-01,-5.323164910078048706e-02,-4.597763717174530029e-02,-3.854695707559585571e-02,0.000000000000000000e+00,0.000000000000000000e+00,2.702634967863559723e-02,-1.568969525396823883e-02,-3.463515341281890869e-01,-5.873072743415832520e-01,-4.662190750241279602e-02,-2.886116802692413330e-01,-8.242480456829071045e-02,8.988518267869949341e-02,-1.013583764433860779e-01,4.068149030208587646e-01,-4.385314285755157471e-01,5.824906378984451294e-02,-2.199502736330032349e-01,5.079676583409309387e-02
4.992148578166961670e-01,-4.450247883796691895e-01,8.389066457748413086e-01,1.746020466089248657e-02,4.054015129804611206e-02,9.439903497695922852e-01,3.270073533058166504e-01,-5.840500444173812866e-02,7.429616060107946396e-03,3.361949920654296875e-01,5.125191807746887207e-01,-1.421211473643779755e-02,6.337220221757888794e-02,-1.855861693620681763e-01,-5.128197371959686279e-02,-2.013137489557266235e-01,1.537896096706390381e-01,-3.996925801038742065e-02,-5.412675812840461731e-02,-7.857745885848999023e-02,0.000000000000000000e+00,0.000000000000000000e+00,1.275602029636502266e-03,-7.126614451408386230e-03,-3.363831043243408203e-01,-6.203846931457519531e-01,-5.242743343114852905e-02,-2.931107282638549805e-01,-7.886757701635360718e-02,1.372390091419219971e-01,-1.067018285393714905e-01,3.756372332572937012e-01,-3.963480591773986816e-01,7.413274794816970825e-02,-2.126853168010711670e-01,5.595006048679351807e-02
5.213450193405151367e-01,-4.647548794746398926e-01,8.335614204406738281e-01,1.883263699710369110e-02,3.848925232887268066e-02,9.471182823181152344e-01,3.180108070373535156e-01,2.856958843767642975e-02,-7.722391746938228607e-03,2.804967164993286133e-01,5.004810690879821777e-01,2.589483186602592468e-02,4.658339545130729675e-02,-2.139529287815093994e-01,-5.581937730312347412e-02,-2.141792625188827515e-01,1.609393656253814697e-01,-3.011521510779857635e-02,-6.246641650795936584e-02,-1.278792470693588257e-01,0.000000000000000000e+00,0.000000000000000000e+00,-2.019399777054786682e-02,8.093375712633132935e-03,-3.269931972026824951e-01,-6.555306315422058105e-01,-6.355919688940048218e-02,-3.051146268844604492e-01,-6.369876116514205933e-02,1.758772581815719604e-01,-1.111529394984245300e-01,3.398374915122985840e-01,-3.628290891647338867e-01,7.821500301361083984e-02,-1.971730440855026245e-01,6.199705600738525391e-02
5.435924530029296875e-01,-4.864697158336639404e-01,8.270966410636901855e-01,1.940655149519443512e-02,3.684866055846214294e-02,9.510780572891235352e-01,3.061308860778808594e-01,1.023716628551483154e-01,-2.689022198319435120e-02,2.049012631177902222e-01,4.751867949962615967e-01,2.928984910249710083e-02,2.554937824606895447e-02,-2.552236318588256836e-01,-6.585046648979187012e-02,-2.278750389814376831e-01,1.855224817991256714e-01,-2.347679436206817627e-02,-6.731572002172470093e-02,-1.799510717391967773e-01,0.000000000000000000e+00,0.000000000000000000e+00,-3.717897087335586548e-02,1.857601292431354523e-02,-3.209567964076995850e-01,-6.902918219566345215e-01,-6.574188172817230225e-02,-3.013758361339569092e-01,-4.531325027346611023e-02,2.117706090211868286e-01,-1.157701015472412109e-01,3.016257584095001221e-01,-3.322271406650543213e-01,7.578237354755401611e-02,-1.855889707803726196e-01,5.866010114550590515e-02
5.689666271209716797e-01,-5.100298523902893066e-01,8.185374140739440918e-01,1.736942306160926819e-02,3.466758504509925842e-02,9.553710818290710449e-01,2.928524017333984375e-01,1.576916426420211792e-01,-4.642076045274734497e-02,1.067809835076332092e-01,4.397603571414947510e-01,2.636900544166564941e-02,-4.912233911454677582e-03,-3.091405332088470459e-01,-7.899000495672225952e-02,-2.465689927339553833e-01,2.205945998430252075e-01,-7.927864789962768555e-03,-6.545535475015640259e-02,-2.362799048423767090e-01,0.000000000000000000e+00,0.000000000000000000e+00,-5.524755641818046570e-02,3.779801726341247559e-02,-3.207091987133026123e-01,-7.212285995483398438e-01,-7.192486524581909180e-02,-2.930406928062438965e-01,-2.111546881496906281e-02,2.324635982513427734e-01,-1.182869970798492432e-01,2.645641565322875977e-01,-3.054670095443725586e-01,6.092679500579833984e-02,-1.694677025079727173e-01,4.699581116437911987e-02
5.951168537139892578e-01,-5.360792875289916992e-01,8.094568848609924316e-01,1.439607422798871994e-02,3.495830297470092773e-02,9.583474397659301758e-01,2.830916345119476318e-01,1.915258616209030151e-01,-7.056873291730880737e-02,7.409702055156230927e-03,4.061206281185150146e-01,-5.780315841548144817e-04,-2.828260697424411774e-02,-3.678661584854125977e-01,-9.484864771366119385e-02,-2.525531947612762451e-01,2.509669363498687744e-01,1.163510233163833618e-02,-6.395209580659866333e-02,-2.836665809154510498e-01,0.000000000000000000e+00,0.000000000000000000e+00,-6.294965744018554688e-02,4.345272853970527649e-02,-3.009274601936340332e-01,-7.471176981925964355e-01,-6.389823555946350098e-02,-3.034615218639373779e-01,1.357924542389810085e-03,2.458442449569702148e-01,-1.222841069102287292e-01,2.354695200920104980e-01,-2.914077341556549072e-01,4.931122809648513794e-02,-1.686959862709045410e-01,3.657770156860351562e-02
6.231383681297302246e-01,-5.645417571067810059e-01,8.011562228202819824e-01,9.943705052137374878e-03,4.021867737174034119e-02,9.605004191398620605e-01,2.751773297786712646e-01,1.923691183328628540e-01,-9.128330647945404053e-02,-5.403529852628707886e-02,3.829534947872161865e-01,-5.372959002852439880e-02,-1.369271520525217056e-02,-4.275815486907958984e-01,-1.187593489885330200e-01,-2.544203698635101318e-01,2.632048726081848145e-01,4.087677225470542908e-02,-5.936367809772491455e-02,-3.171686530113220215e-01,0.000000000000000000e+00,0.000000000000000000e+00,-8.312346041202545166e-02,3.678279370069503784e-02,-2.948530614376068115e-01,-7.568954229354858398e-01,-4.594771564006805420e-02,-3.003169298171997070e-01,2.700770832598209381e-02,2.502035498619079590e-01,-1.262550503015518188e-01,2.140370309352874756e-01,-2.899596989154815674e-01,3.785962983965873718e-02,-1.666076928377151489e-01,2.569787204265594482e-02
6.537140607833862305e-01,-5.972948670387268066e-01,7.962518334388732910e-01,3.201565705239772797e-03,4.415152966976165771e-02,9.620387554168701172e-01,2.692987322807312012e-01,1.726762205362319946e-01,-1.147956252098083496e-01,-1.070924401283264160e-01,3.435156047344207764e-01,-1.262435764074325562e-01,-2.706248685717582703e-02,-4.871163964271545410e-01,-1.368299871683120728e-01,-2.614812850952148438e-01,2.566423714160919189e-01,4.617388173937797546e-02,-4.273085296154022217e-02,-3.331776261329650879e-01,0.000000000000000000e+00,0.000000000000000000e+00,-1.049739420413970947e-01,4.023504629731178284e-02,-3.146633207798004150e-01,-7.668369412422180176e-01,-4.263475164771080017e-02,-3.000898361206054688e-01,5.659836903214454651e-02,2.481696456670761108e-01,-1.187615543603897095e-01,1.970275491476058960e-01,-2.953602671623229980e-01,2.629947103559970856e-02,-1.714896559715270996e-01,-2.663075923919677734e-03
6.862431764602661133e-01,-6.325889229774475098e-01,7.983179092407226562e-01,-3.804023610427975655e-03,4.666273668408393860e-02,9.620881676673889160e-01,2.686902880668640137e-01,1.168418228626251221e-01,-1.352898627519607544e-01,-1.132822781801223755e-01,3.422548770904541016e-01,-2.294280529022216797e-01,-3.319290233775973320e-03,-5.457025170326232910e-01,-1.391530036926269531e-01,-2.381016612052917480e-01,2.357737272977828979e-01,-1.705344580113887787e-02,-1.114732120186090469e-02,-3.330161273479461670e-01,0.000000000000000000e+00,0.000000000000000000e+00,-1.381899267435073853e-01,4.310136288404464722e-02,-3.369292914867401123e-01,-7.356890439987182617e-01,-6.349430978298187256e-02,-2.952839732170104980e-01,7.177779823541641235e-02,2.349618226289749146e-01,-1.049268841743469238e-01,2.142764776945114136e-01,-3.052489161491394043e-01,7.027908228337764740e-03,-1.812683492898941040e-01,-1.690237410366535187e-02
7.211568355560302734e-01,-6.673948764801025391e-01,8.044441938400268555e-01,-1.347188651561737061e-02,3.754954412579536438e-02,9.603607058525085449e-01,2.758910357952117920e-01,6.614153832197189331e-02,-1.198145300149917603e-01,-4.520053789019584656e-02,3.172359466552734375e-01,-2.821598649024963379e-01,2.506490098312497139e-03,-5.875247120857238770e-01,-1.160368397831916809e-01,-2.340686172246932983e-01,1.955767124891281128e-01,-1.289772987365722656e-01,-1.936282962560653687e-03,-3.130580484867095947e-01,0.000000000000000000e+00,0.000000000000000000e+00,-1.534910202026367188e-01,5.218121036887168884e-02,-3.519157469272613525e-01,-6.957718729972839355e-01,-5.733746662735939026e-02,-2.975921928882598877e-01,7.567233592271804810e-02,2.166098058223724365e-01,-7.444534450769424438e-02,2.450322806835174561e-01,-3.191186487674713135e-01,-2.571613760665059090e-03,-1.993655562400817871e-01,-8.544638752937316895e-03
7.550736665725708008e-01,-7.006650567054748535e-01,8.107412457466125488e-01,-2.122475765645503998e-02,2.994178608059883118e-02,9.562728404998779297e-01,2.901642918586730957e-01,2.781417965888977051e-02,-1.078054010868072510e-01,2.468857541680335999e-02,2.746639251708984375e-01,-3.010654449462890625e-01,4.574499558657407761e-03,-5.875956416130065918e-01,-9.224289655685424805e-02,-2.885942459106445312e-01,1.143526360392570496e-01,-1.855285763740539551e-01,1.950380951166152954e-02,-2.779188156127929688e-01,0.000000000000000000e+00,0.000000000000000000e+00,-1.487005352973937988e-01,5.127322301268577576e-02,-3.509561121463775635e-01,-6.522700786590576172e-01,-2.825243398547172546e-02,-2.986114919185638428e-01,8.213429898023605347e-02,1.918563693761825562e-01,-4.956096783280372620e-02,2.761661410331726074e-01,-3.480361998081207275e-01,2.905679680407047272e-02,-2.221170514822006226e-01,-3.426812961697578430e-02
7.848077416419982910e-01,-7.307294011116027832e-01,8.139278292655944824e-01,-2.687145769596099854e-02,3.767640516161918640e-02,9.533287286758422852e-01,2.983667850494384766e-01,-2.111991308629512787e-02,-1.241898313164710999e-01,5.780529230833053589e-02,2.528382837772369385e-01,-3.150960803031921387e-01,3.497732058167457581e-02,-5.883964896202087402e-01,-1.085276007652282715e-01,-3.224458098411560059e-01,1.215409934520721436e-01,-1.599503308534622192e-01,1.893969066441059113e-02,-2.469409108161926270e-01,0.000000000000000000e+00,0.000000000000000000e+00,-1.385748982429504395e-01,4.245487973093986511e-02,-3.641777932643890381e-01,-6.197426915168762207e-01,-4.201793670654296875e-02,-2.957287132740020752e-01,4.015609622001647949e-02,1.732667088508605957e-01,-5.071732029318809509e-02,2.808443605899810791e-01,-4.060082733631134033e-01,3.270111232995986938e-02,-2.302056252956390381e-01,-6.050706841051578522e-03
8.117354512214660645e-01,-7.562561035156250000e-01,8.184329867362976074e-01,-3.030543401837348938e-02,4.308495298027992249e-02,9.542216658592224121e-01,2.944253683090209961e-01,-6.493239104747772217e-02,-1.381911784410476685e-01,5.906779691576957703e-02,2.349994480609893799e-01,-2.937695682048797607e-01,5.844910815358161926e-02,-5.644485354423522949e-01,-1.295842081308364868e-01,-3.094518780708312988e-01,1.618546247482299805e-01,-1.166113168001174927e-01,5.887955427169799805e-03,-2.368250042200088501e-01,0.000000000000000000e+00,0.000000000000000000e+00,-1.106949225068092346e-01,2.225036174058914185e-02,-3.494748473167419434e-01,-5.838745832443237305e-01,-5.367081984877586365e-02,-2.851311266422271729e-01,2.213856577873229980e-02,1.596194356679916382e-01,-5.367108061909675598e-02,2.850590348243713379e-01,-4.699340462684631348e-01,3.204477578401565552e-02,-2.432416528463363647e-01,8.018861524760723114e-03
8.385184407234191895e-01,-7.794672846794128418e-01,8.269114494323730469e-01,-3.155106306076049805e-02,4.015324264764785767e-02,9.532852172851562500e-01,2.977240085601806641e-01,-9.337381273508071899e-02,-1.344634145498275757e-01,7.608764618635177612e-02,2.106432467699050903e-01,-2.507843673229217529e-01,6.779845803976058960e-02,-5.246095061302185059e-01,-1.279112249612808228e-01,-2.945533692836761475e-01,2.066246271133422852e-01,-9.301142394542694092e-02,-3.006053855642676353e-03,-2.162640690803527832e-01,0.000000000000000000e+00,0.000000000000000000e+00,-6.242418661713600159e-02,2.215758524835109711e-02,-3.444224894046783447e-01,-5.497890710830688477e-01,-9.367109835147857666e-02,-2.651053369045257568e-01,7.728755008429288864e-03,1.373743116855621338e-01,-4.795452207326889038e-02,3.074674010276794434e-01,-5.130182504653930664e-01,2.390394546091556549e-02,-2.502639889717102051e-01,9.498220868408679962e-03
8.636437058448791504e-01,-8.004954457283020020e-01,8.368608355522155762e-01,-3.000846505165100098e-02,3.255546465516090393e-02,9.510188698768615723e-01,3.059457242488861084e-01,-1.049200370907783508e-01,-1.229238808155059814e-01,9.487181901931762695e-02,1.775385737419128418e-01,-1.978379487991333008e-01,6.930879503488540649e-02,-4.676145911216735840e-01,-1.128259822726249695e-01,-2.655972838401794434e-01,2.563796639442443848e-01,-8.044539391994476318e-02,-1.213294733315706253e-02,-1.876404732465744019e-01,0.000000000000000000e+00,0.000000000000000000e+00,-3.511051414534449577e-03,2.620440907776355743e-02,-3.522525131702423096e-01,-4.977042675018310547e-01,-9.934014827013015747e-02,-2.400014400482177734e-01,-3.407328203320503235e-02,1.079523414373397827e-01,-3.969741240143775940e-02,3.378376960754394531e-01,-5.340596437454223633e-01,8.143010549247264862e-03,-2.529001533985137939e-01,2.750291489064693451e-02
8.879505395889282227e-01,-8.198388218879699707e-01,8.446525335311889648e-01,-2.679452113807201385e-02,2.356402948498725891e-02,9.479134082794189453e-01,3.165232539176940918e-01,-1.110217422246932983e-01,-1.084536314010620117e-01,1.128744632005691528e-01,1.469696015119552612e-01,-1.475068181753158569e-01,6.546010822057723999e-02,-3.963061869144439697e-01,-9.549114108085632324e-02,-2.538653016090393066e-01,3.054705560207366943e-01,-6.766947358846664429e-02,-1.279172301292419434e-02,-1.562987118959426880e-01,0.000000000000000000e+00,0.000000000000000000e+00,5.696971341967582703e-02,3.463215380907058716e-02,-3.537341952323913574e-01,-4.489030539989471436e-01,-1.114804819226264954e-01,-2.245716154575347900e-01,-7.398020476102828979e-02,7.229377329349517822e-02,-3.495094552636146545e-02,3.661026954650878906e-01,-5.512387156486511230e-01,1.900767348706722260e-02,-2.522078752517700195e-01,4.435539618134498596e-02
9.113136529922485352e-01,-8.382866382598876953e-01,8.501461148262023926e-01,-2.237989008426666260e-02,1.336137019097805023e-02,9.445344805717468262e-01,3.273763656616210938e-01,-1.129900813102722168e-01,-9.140685200691223145e-02,1.401758939027786255e-01,1.191025450825691223e-01,-1.115958914160728455e-01,6.662091612815856934e-02,-3.154030144214630127e-01,-8.615802228450775146e-02,-2.555865347385406494e-01,3.637107908725738525e-01,-6.221787258982658386e-02,-2.085395716130733490e-02,-1.220266595482826233e-01,0.000000000000000000e+00,0.000000000000000000e+00,1.217753589153289795e-01,4.552565142512321472e-02,-3.505055308341979980e-01,-4.159190952777862549e-01,-1.318114250898361206e-01,-2.108938843011856079e-01,-1.085760518908500671e-01,4.545694962143898010e-02,-3.082680143415927887e-02,3.829587399959564209e-01,-5.853018164634704590e-01,4.236870631575584412e-02,-2.474851161241531372e-01,4.453812912106513977e-02
9.352661967277526855e-01,-8.565643429756164551e-01,8.514750003814697266e-01,-1.717468164861202240e-02,8.281928487122058868e-03,9.407302141189575195e-01,3.386194109916687012e-01,-1.238284409046173096e-01,-8.320923149585723877e-02,1.624187380075454712e-01,1.035042479634284973e-01,-9.771752357482910156e-02,7.401666790246963501e-02,-2.274344116449356079e-01,-9.487248212099075317e-02,-2.760029435157775879e-01,4.175133109092712402e-01,-3.188475966453552246e-02,-2.339367195963859558e-02,-8.525920659303665161e-02,0.000000000000000000e+00,0.000000000000000000e+00,1.798332780599594116e-01,5.128692090511322021e-02,-3.439704477787017822e-01,-3.923608660697937012e-01,-1.507445126771926880e-01,-2.040178924798965454e-01,-1.421268731355667114e-01,1.457107812166213989e-02,-3.627032786607742310e-02,3.907932341098785400e-01,-6.166162490844726562e-01,5.390335619449615479e-02,-2.536474466323852539e-01,3.000252880156040192e-02
9.598174095153808594e-01,-8.755452632904052734e-01,8.486965894699096680e-01,-1.341101154685020447e-02,3.672856604680418968e-03,9.384626150131225586e-01,3.451007902622222900e-01,-1.455516368150711060e-01,-7.357917726039886475e-02,1.826210469007492065e-01,9.883482009172439575e-02,-9.179178625345230103e-02,8.676419407129287720e-02,-1.448419541120529175e-01,-9.894222021102905273e-02,-2.840882837772369385e-01,4.684181511402130127e-01,-8.711381815373897552e-03,-3.705987706780433655e-02,-5.205098167061805725e-02,0.000000000000000000e+00,0.000000000000000000e+00,2.343218624591827393e-01,6.118347495794296265e-02,-3.266766667366027832e-01,-3.848253786563873291e-01,-1.592902392148971558e-01,-2.072820961475372314e-01,-1.708006411790847778e-01,-1.581090502440929413e-02,-4.196580126881599426e-02,3.951236009597778320e-01,-6.476724147796630859e-01,4.971887916326522827e-02,-2.682054936885833740e-01,2.594202756881713867e-02
9.857872724533081055e-01,-8.955378532409667969e-01,8.418971300125122070e-01,-8.884048089385032654e-03,5.161620676517486572e-03,9.339702725410461426e-01,3.572029471397399902e-01,-1.786601245403289795e-01,-7.178781181573867798e-02,2.095374464988708496e-01,1.077397242188453674e-01,-8.672717958688735962e-02,1.008954048156738281e-01,-6.012351810932159424e-02,-1.019317507743835449e-01,-2.585779726505279541e-01,4.862495660781860352e-01,5.831837654113769531e-02,-2.776673808693885803e-02,9.387896716361865401e-05,0.000000000000000000e+00,0.000000000000000000e+00,2.777601778507232666e-01,6.432088464498519897e-02,-3.073978424072265625e-01,-3.862623274326324463e-01,-1.711740344762802124e-01,-2.072036713361740112e-01,-1.906416416168212891e-01,-3.983207419514656067e-02,-6.060386076569557190e-02,3.902326822280883789e-01,-6.860219836235046387e-01,5.244402214884757996e-02,-2.740859091281890869e-01,3.035561926662921906e-02
1.014250397682189941e+00,-9.167726635932922363e-01,8.334468007087707520e-01,-3.685972653329372406e-03,1.016778685152530670e-02,9.289504289627075195e-01,3.700461387634277344e-01,-2.253728359937667847e-01,-7.009512931108474731e-02,2.363722175359725952e-01,1.362457722425460815e-01,-8.429991453886032104e-02,1.198923364281654358e-01,2.083096653223037720e-02,-8.687356859445571899e-02,-1.816243231296539307e-01,4.698975384235382080e-01,1.420745849609375000e-01,-2.701399498619139194e-04,6.056114286184310913e-02,0.000000000000000000e+00,0.000000000000000000e+00,3.089207112789154053e-01,6.369709968566894531e-02,-2.762430906295776367e-01,-3.882041871547698975e-01,-1.747080236673355103e-01,-2.128627002239227295e-01,-2.030553817749023438e-01,-6.067207083106040955e-02,-8.352878689765930176e-02,3.774862885475158691e-01,-7.167333960533142090e-01,6.350708752870559692e-02,-2.753192484378814697e-01,1.017491798847913742e-03
1.046370267868041992e+00,-9.401143789291381836e-01,8.247641324996948242e-01,-1.290994579903781414e-03,1.552925538271665573e-02,9.243056178092956543e-01,3.813349008560180664e-01,-2.938574254512786865e-01,-6.130975484848022461e-02,2.600550651550292969e-01,1.856350749731063843e-01,-8.325283974409103394e-02,1.371562331914901733e-01,7.774633169174194336e-02,-5.965419113636016846e-02,-6.984688341617584229e-02,4.488363265991210938e-01,1.850358545780181885e-01,3.409165143966674805e-02,1.220199391245841980e-01,0.000000000000000000e+00,0.000000000000000000e+00,3.282869160175323486e-01,6.736372411251068115e-02,-2.325722724199295044e-01,-4.035865664482116699e-01,-1.689487248659133911e-01,-2.204227000474929810e-01,-1.986308693885803223e-01,-8.068165928125381470e-02,-1.041288897395133972e-01,3.604665398597717285e-01,-7.405123114585876465e-01,7.056423276662826538e-02,-2.855086922645568848e-01,-8.760426193475723267e-03
1.079632163047790527e+00,-9.639801979064941406e-01,8.148213624954223633e-01,2.685040002688765526e-03,2.318330854177474976e-02,9.206967949867248535e-01,3.895801901817321777e-01,-3.660693764686584473e-01,-5.463648587465286255e-02,2.876521646976470947e-01,2.426114678382873535e-01,-7.672080397605895996e-02,1.472369581460952759e-01,1.345410346984863281e-01,-4.923152923583984375e-02,2.064331620931625366e-02,3.999330401420593262e-01,2.316649556159973145e-01,6.880813091993331909e-02,1.757960617542266846e-01,0.000000000000000000e+00,0.000000000000000000e+00,3.206126689910888672e-01,6.332004070281982422e-02,-2.068781703710556030e-01,-3.793238699436187744e-01,-1.347747147083282471e-01,-2.410983890295028687e-01,-1.919956952333450317e-01,-1.006135419011116028e-01,-1.274464428424835205e-01,3.455755412578582764e-01,-7.448835968971252441e-01,7.795065641403198242e-02,-2.962310016155242920e-01,-3.760211169719696045e-02
1.115691065788269043e+00,-9.881241917610168457e-01,8.048520088195800781e-01,1.173214055597782135e-03,2.862595766782760620e-02,9.179465174674987793e-01,3.956682980060577393e-01,-4.353213310241699219e-01,-4.030468314886093140e-02,3.033775985240936279e-01,2.765798568725585938e-01,-5.869360640645027161e-02,1.500032842159271240e-01,1.602548062801361084e-01,-3.051860816776752472e-02,1.220576465129852295e-01,3.498549759387969971e-01,2.190066426992416382e-01,1.039807349443435669e-01,2.200255990028381348e-01,0.000000000000000000e+00,0.000000000000000000e+00,3.203980624675750732e-01,6.015305593609809875e-02,-1.626046299934387207e-01,-3.956607580184936523e-01,-8.492990583181381226e-02,-2.381857186555862427e-01,-1.653791517019271851e-01,-1.198801398277282715e-01,-1.480956375598907471e-01,3.460974097251892090e-01,-7.539297938346862793e-01,9.996043890714645386e-02,-2.970868051052093506e-01,-6.948830187320709229e-02
1.153475284576416016e+00,-1.012227416038513184e+00,7.993792295455932617e-01,-5.713932681828737259e-03,2.608942240476608276e-02,9.180943965911865234e-01,3.954609632492065430e-01,-4.925739169120788574e-01,-1.661262288689613342e-02,3.017472326755523682e-01,2.772626876831054688e-01,-5.353521183133125305e-02,1.364693194627761841e-01,1.344410330057144165e-01,-2.916692756116390228e-03,1.740503609180450439e-01,3.122232258319854736e-01,7.594696432352066040e-02,8.878380060195922852e-02,2.404192835092544556e-01,0.000000000000000000e+00,0.000000000000000000e+00,3.144655525684356689e-01,6.503373384475708008e-02,-1.325398385524749756e-01,-4.248435497283935547e-01,-4.874797910451889038e-02,-2.373164147138595581e-01,-1.354098170995712280e-01,-1.497282683849334717e-01,-1.521329432725906372e-01,3.562262058258056641e-01,-7.502625584602355957e-01,9.201421588659286499e-02,-2.946406006813049316e-01,-7.691826671361923218e-02
1.194334149360656738e+00,-1.038111805915832520e+00,7.992745041847229004e-01,-1.286335382610559464e-02,2.367054484784603119e-02,9.190945625305175781e-01,3.931150734424591064e-01,-5.424456596374511719e-01,3.914855420589447021e-03,2.998038828372955322e-01,2.593368291854858398e-01,-9.651575237512588501e-02,1.104103475809097290e-01,8.590452373027801514e-02,1.630397699773311615e-02,1.467692553997039795e-01,3.078773021697998047e-01,-5.877224355936050415e-02,5.616649240255355835e-02,2.471459656953811646e-01,0.000000000000000000e+00,0.000000000000000000e+00,3.005419671535491943e-01,6.909574568271636963e-02,-1.265782862901687622e-01,-4.570991396903991699e-01,-1.849029585719108582e-02,-2.305070757865905762e-01,-9.754709154367446899e-02,-1.885489970445632935e-01,-1.522301286458969116e-01,3.705346882343292236e-01,-7.330129742622375488e-01,5.661035701632499695e-02,-2.899684607982635498e-01,-7.480464130640029907e-02
1.235145807266235352e+00,-1.065032601356506348e+00,8.046852946281433105e-01,-1.686790771782398224e-02,2.331243827939033508e-02,9.223099946975708008e-01,3.853780627250671387e-01,-5.652257204055786133e-01,5.477843806147575378e-03,2.947063148021697998e-01,2.067633122205734253e-01,-1.763559579849243164e-01,8.014898747205734253e-02,4.138136282563209534e-02,1.571665331721305847e-02,3.887318074703216553e-02,2.808029949665069580e-01,-1.815362870693206787e-01,3.233109414577484131e-02,2.342906892299652100e-01,0.000000000000000000e+00,0.000000000000000000e+00,2.913108468055725098e-01,7.395189255475997925e-02,-1.303488612174987793e-01,-5.025548934936523438e-01,1.823781640268862247e-03,-2.318380922079086304e-01,-6.996360421180725098e-02,-2.113086581230163574e-01,-1.592396795749664307e-01,3.932895362377166748e-01,-7.109656929969787598e-01,6.686286628246307373e-02,-2.953325510025024414e-01,-7.682333886623382568e-02
1.276472091674804688e+00,-1.092985510826110840e+00,8.104925751686096191e-01,-1.923634670674800873e-02,2.721727639436721802e-02,9.285132288932800293e-01,3.698004782199859619e-01,-5.581093430519104004e-01,-9.520278312265872955e-03,3.256655633449554443e-01,1.260593086481094360e-01,-2.223677635192871094e-01,4.868776723742485046e-02,5.165550857782363892e-03,1.216725818812847137e-02,-4.418218135833740234e-02,2.420286089181900024e-01,-2.313554137945175171e-01,8.305112831294536591e-03,2.030505985021591187e-01,0.000000000000000000e+00,0.000000000000000000e+00,2.619413435459136963e-01,7.503516227006912231e-02,-1.545575559139251709e-01,-5.341393351554870605e-01,1.537645142525434494e-02,-2.349171191453933716e-01,-6.205908581614494324e-02,-2.255044728517532349e-01,-1.717166155576705933e-01,4.083567857742309570e-01,-6.901215314865112305e-01,3.644596040248870850e-02,-2.849842011928558350e-01,-5.401140451431274414e-02
1.313363790512084961e+00,-1.119573354721069336e+00,8.132851123809814453e-01,-2.619781345129013062e-02,2.708336338400840759e-02,9.329320192337036133e-01,3.580754101276397705e-01,-5.582395195960998535e-01,-5.297833587974309921e-03,3.541522622108459473e-01,1.405588984489440918e-01,-2.061085700988769531e-01,4.955137148499488831e-02,-4.679818823933601379e-02,2.254270575940608978e-02,-6.048879027366638184e-02,2.260936498641967773e-01,-2.480006963014602661e-01,-1.754333823919296265e-02,1.744832992553710938e-01,0.000000000000000000e+00,0.000000000000000000e+00,2.308499366044998169e-01,8.266206085681915283e-02,-1.688880920410156250e-01,-5.714704990386962891e-01,2.968103438615798950e-02,-2.412484437227249146e-01,-6.591785699129104614e-02,-2.213212549686431885e-01,-1.737116575241088867e-01,4.152069091796875000e-01,-6.843017339706420898e-01,2.745689824223518372e-02,-2.910303473472595215e-01,-5.323656648397445679e-02
1.345403075218200684e+00,-1.143289923667907715e+00,8.171272873878479004e-01,-2.991668321192264557e-02,2.851878479123115540e-02,9.326853156089782715e-01,3.583152294158935547e-01,-5.424226522445678711e-01,1.978009473532438278e-03,3.329015076160430908e-01,2.165582031011581421e-01,-1.821991801261901855e-01,5.390184000134468079e-02,-8.683496713638305664e-02,2.372788637876510620e-02,-6.568790972232818604e-02,1.997474282979965210e-01,-2.251385897397994995e-01,-3.347647190093994141e-02,1.640115231275558472e-01,0.000000000000000000e+00,0.000000000000000000e+00,2.106601744890213013e-01,8.774936199188232422e-02,-1.816346347332000732e-01,-6.105548739433288574e-01,3.130244836211204529e-02,-2.543871402740478516e-01,-5.876186117529869080e-02,-1.999637782573699951e-01,-1.834069788455963135e-01,4.232752323150634766e-01,-6.889879703521728516e-01,3.313354402780532837e-02,-2.869140505790710449e-01,-4.225213080644607544e-02
1.374645352363586426e+00,-1.166518926620483398e+00,8.248611092567443848e-01,-2.782582305371761322e-02,3.373355790972709656e-02,9.335503578186035156e-01,3.557689487934112549e-01,-4.989669919013977051e-01,-6.437082309275865555e-03,3.070713281631469727e-01,2.982694506645202637e-01,-1.603466272354125977e-01,5.769291520118713379e-02,-1.216343417763710022e-01,1.273584365844726562e-02,-7.658389955759048462e-02,1.823478639125823975e-01,-1.793079078197479248e-01,-4.247838631272315979e-02,1.500759124755859375e-01,0.000000000000000000e+00,0.000000000000000000e+00,1.783385425806045532e-01,8.535730093717575073e-02,-2.099526971578598022e-01,-6.258192062377929688e-01,1.996508799493312836e-02,-2.620244324207305908e-01,-5.799851566553115845e-02,-1.606643050909042358e-01,-1.874938905239105225e-01,4.037336111068725586e-01,-6.787329912185668945e-01,4.059056192636489868e-02,-2.907246649265289307e-01,-3.705058246850967407e-02
1.400855064392089844e+00,-1.189595937728881836e+00,8.334407210350036621e-01,-2.208327874541282654e-02,3.979983553290367126e-02,9.368191957473754883e-01,3.468402326107025146e-01,-4.263767898082733154e-01,-1.702950336039066315e-02,3.048519790172576904e-01,3.624643683433532715e-01,-1.379701495170593262e-01,6.532219797372817993e-02,-1.410312801599502563e-01,-2.830805489793419838e-03,-8.873731642961502075e-02,1.577688008546829224e-01,-1.311945468187332153e-01,-4.474874585866928101e-02,1.207695528864860535e-01,0.000000000000000000e+00,0.000000000000000000e+00,1.467653363943099976e-01,8.080120384693145752e-02,-2.311740368604660034e-01,-6.403079032897949219e-01,9.209688752889633179e-03,-2.683671116828918457e-01,-6.910647451877593994e-02,-1.113034263253211975e-01,-1.990855634212493896e-01,3.933208584785461426e-01,-6.716156005859375000e-01,5.296534299850463867e-02,-2.881002426147460938e-01,-2.219654992222785950e-02
1.425897598266601562e+00,-1.213026762008666992e+00,8.408610224723815918e-01,-1.500441972166299820e-02,4.546888545155525208e-02,9.408761262893676758e-01,3.353499174118041992e-01,-3.399727344512939453e-01,-1.720161549746990204e-02,3.252169489860534668e-01,4.230417609214782715e-01,-1.212089359760284424e-01,6.279250979423522949e-02,-1.565658599138259888e-01,-2.130955643951892853e-02,-1.103488057851791382e-01,1.363741904497146606e-01,-8.861970156431198120e-02,-3.710661083459854126e-02,8.439482748508453369e-02,0.000000000000000000e+00,0.000000000000000000e+00,1.276972442865371704e-01,7.619787007570266724e-02,-2.373321652412414551e-01,-6.770842671394348145e-01,7.285510189831256866e-03,-2.799642682075500488e-01,-8.403909206390380859e-02,-5.978191271424293518e-02,-2.105750888586044312e-01,3.735364079475402832e-01,-6.667149662971496582e-01,5.910664051771163940e-02,-2.873204648494720459e-01,2.332644769921898842e-03
1.451156377792358398e+00,-1.236257195472717285e+00,8.443748354911804199e-01,-9.315900504589080811e-03,4.765582084655761719e-02,9.450350999832153320e-01,3.233431875705718994e-01,-2.475095540285110474e-01,-9.386045858263969421e-03,3.359774053096771240e-01,4.652600586414337158e-01,-8.430028706789016724e-02,7.211427390575408936e-02,-1.751483678817749023e-01,-3.438604995608329773e-02,-1.395768821239471436e-01,1.236182376742362976e-01,-6.033172830939292908e-02,-4.316030815243721008e-02,4.385766386985778809e-02,0.000000000000000000e+00,0.000000000000000000e+00,1.083978489041328430e-01,8.977827429771423340e-02,-2.425733655691146851e-01,-7.216864824295043945e-01,-1.189302001148462296e-02,-2.859237194061279297e-01,-9.805297106504440308e-02,-1.056700386106967926e-02,-2.163395583629608154e-01,3.553871512413024902e-01,-6.669971346855163574e-01,7.129251211881637573e-02,-2.767660915851593018e-01,2.236293070018291473e-02
1.477456927299499512e+00,-1.260498046875000000e+00,8.424074053764343262e-01,-6.820541806519031525e-03,4.819780215620994568e-02,9.483740329742431641e-01,3.133961558341979980e-01,-1.546883732080459595e-01,4.582400433719158173e-03,3.368631899356842041e-01,4.867347180843353271e-01,-4.236793890595436096e-02,8.285453915596008301e-02,-2.073193639516830444e-01,-4.543012753129005432e-02,-1.630641371011734009e-01,1.262040883302688599e-01,-4.787642508745193481e-02,-5.378574132919311523e-02,-1.776665798388421535e-03,0.000000000000000000e+00,0.000000000000000000e+00,9.114783257246017456e-02,9.796629846096038818e-02,-2.300568819046020508e-01,-7.707918882369995117e-01,-7.453550584614276886e-03,-3.000435829162597656e-01,-1.155233159661293030e-01,2.114073187112808228e-02,-2.212278246879577637e-01,3.419037759304046631e-01,-6.630692481994628906e-01,8.559039235115051270e-02,-2.769804596900939941e-01,3.956549614667892456e-02
1.504482150077819824e+00,-1.284873247146606445e+00,8.360612988471984863e-01,-6.030496675521135330e-03,4.295777902007102966e-02,9.529996514320373535e-01,2.998499274253845215e-01,-5.817897617816925049e-02,1.784539595246315002e-02,2.990675568580627441e-01,4.810695052146911621e-01,2.552481740713119507e-02,6.739994883537292480e-02,-2.458630651235580444e-01,-4.771660640835762024e-02,-1.842645108699798584e-01,1.427849978208541870e-01,-5.239734426140785217e-02,-6.725562363862991333e-02,-5.680474266409873962e-02,0.000000000000000000e+00,0.000000000000000000e+00,7.928880304098129272e-02,1.208544895052909851e-01,-2.167556285858154297e-01,-8.277334570884704590e-01,5.641471128910779953e-03,-2.960313558578491211e-01,-9.815528243780136108e-02,4.888354614377021790e-02,-2.098962515592575073e-01,3.089541196823120117e-01,-6.603133082389831543e-01,6.420800089836120605e-02,-2.747942209243774414e-01,6.203109025955200195e-02
1.532983660697937012e+00,-1.311502575874328613e+00,8.262774348258972168e-01,-7.023531012237071991e-03,3.994023799896240234e-02,9.575546979904174805e-01,2.853848040103912354e-01,1.335337571799755096e-02,2.463782019913196564e-02,2.357393503189086914e-01,4.731433093547821045e-01,5.222163349390029907e-02,6.021972373127937317e-02,-3.082854151725769043e-01,-6.100089848041534424e-02,-2.030843794345855713e-01,1.922032386064529419e-01,-5.208139121532440186e-02,-7.837034761905670166e-02,-1.147049367427825928e-01,0.000000000000000000e+00,0.000000000000000000e+00,6.232707574963569641e-02,1.387336701154708862e-01,-2.060957700014114380e-01,-8.743613958358764648e-01,3.061094321310520172e-03,-2.960669696331024170e-01,-6.435067206621170044e-02,6.828352808952331543e-02,-2.116024494171142578e-01,2.893621325492858887e-01,-6.682104468345642090e-01,7.151968777179718018e-02,-2.700506448745727539e-01,4.558920860290527344e-02
1.562109827995300293e+00,-1.339709043502807617e+00,8.167194724082946777e-01,-7.121430709958076477e-03,3.483369573950767517e-02,9.627428650856018066e-01,2.680709362030029297e-01,7.134290784597396851e-02,2.736990340054035187e-02,1.423435360193252563e-01,4.581920504570007324e-01,5.333098024129867554e-02,4.916317015886306763e-02,-3.824433684349060059e-01,-7.865506410598754883e-02,-2.213996052742004395e-01,2.612138688564300537e-01,-5.696658045053482056e-02,-7.794196158647537231e-02,-1.793671399354934692e-01,0.000000000000000000e+00,0.000000000000000000e+00,4.549452662467956543e-02,1.608209609985351562e-01,-2.009638994932174683e-01,-9.067494869232177734e-01,1.176806539297103882e-02,-2.930075228214263916e-01,-3.755083307623863220e-02,7.710006088018417358e-02,-2.045129984617233276e-01,2.763158082962036133e-01,-6.636551618576049805e-01,4.862119257450103760e-02,-2.593581974506378174e-01,5.140519514679908752e-02
1.591148853302001953e+00,-1.369214534759521484e+00,8.069406151771545410e-01,-7.952064275741577148e-03,3.236996755003929138e-02,9.658401608467102051e-01,2.569858133792877197e-01,1.112059354782104492e-01,1.075825653970241547e-02,3.692645579576492310e-02,4.445447325706481934e-01,2.427445352077484131e-02,2.247199788689613342e-02,-4.569168686866760254e-01,-9.592347592115402222e-02,-2.204563766717910767e-01,3.185206651687622070e-01,-5.878402665257453918e-02,-8.286176621913909912e-02,-2.332789748907089233e-01,0.000000000000000000e+00,0.000000000000000000e+00,2.875998243689537048e-02,1.757888644933700562e-01,-1.962151378393173218e-01,-9.223806858062744141e-01,1.096954662352800369e-02,-2.907304763793945312e-01,-1.570116728544235229e-03,7.255908846855163574e-02,-1.996208429336547852e-01,2.711637318134307861e-01,-6.453541517257690430e-01,4.673583805561065674e-02,-2.553058862686157227e-01,4.327912256121635437e-02
1.621933341026306152e+00,-1.399759531021118164e+00,7.979670166969299316e-01,-9.197952225804328918e-03,3.321993350982666016e-02,9.686690568923950195e-01,2.459514588117599487e-01,1.207616999745368958e-01,-1.380307599902153015e-02,-5.860277265310287476e-02,4.439607262611389160e-01,-3.964161500334739685e-02,6.277379579842090607e-03,-5.183283686637878418e-01,-1.168735474348068237e-01,-2.168730944395065308e-01,3.436266779899597168e-01,-4.941232502460479736e-02,-8.060518652200698853e-02,-2.732150256633758545e-01,0.000000000000000000e+00,0.000000000000000000e+00,-2.767529804259538651e-03,1.875896751880645752e-01,-2.153712362051010132e-01,-9.206314682960510254e-01,7.204777793958783150e-04,-2.864654362201690674e-01,3.244323655962944031e-02,6.588997691869735718e-02,-1.942774653434753418e-01,2.517583072185516357e-01,-6.217005848884582520e-01,3.480159118771553040e-02,-2.460921406745910645e-01,2.808207273483276367e-02
1.655584931373596191e+00,-1.433644652366638184e+00,7.917233109474182129e-01,-1.424569822847843170e-02,2.972572669386863708e-02,9.711459875106811523e-01,2.361967116594314575e-01,1.161355823278427124e-01,-2.710566297173500061e-02,-1.217381656169891357e-01,4.167664647102355957e-01,-7.419279217720031738e-02,-4.261751193553209305e-03,-5.789378285408020020e-01,-1.264852732419967651e-01,-2.095661759376525879e-01,3.466246426105499268e-01,-6.688290834426879883e-02,-6.447048485279083252e-02,-2.965832054615020752e-01,0.000000000000000000e+00,0.000000000000000000e+00,-4.350895062088966370e-02,1.945446133613586426e-01,-2.414274513721466064e-01,-8.996368646621704102e-01,-1.037335209548473358e-02,-2.839696109294891357e-01,5.582442507147789001e-02,6.360324472188949585e-02,-1.793054044246673584e-01,2.273153364658355713e-01,-5.991916060447692871e-01,4.383175820112228394e-02,-2.411909997463226318e-01,2.458140719681978226e-03
1.690314173698425293e+00,-1.470408439636230469e+00,7.917882204055786133e-01,-1.963697001338005066e-02,3.288149833679199219e-02,9.707813858985900879e-01,2.368897199630737305e-01,5.855697020888328552e-02,-5.322015285491943359e-02,-1.045310646295547485e-01,4.249129295349121094e-01,-2.197398096323013306e-01,3.212054958567023277e-03,-6.432154774665832520e-01,-1.406779736280441284e-01,-1.924127638339996338e-01,3.429332971572875977e-01,-1.308980733156204224e-01,-4.724404588341712952e-02,-2.985054850578308105e-01,0.000000000000000000e+00,0.000000000000000000e+00,-8.703593164682388306e-02,1.909577548503875732e-01,-2.614398002624511719e-01,-8.689421415328979492e-01,-1.238735276274383068e-03,-2.953729629516601562e-01,6.992427259683609009e-02,5.165858566761016846e-02,-1.679338961839675903e-01,2.125179916620254517e-01,-5.871459841728210449e-01,-2.856771834194660187e-02,-2.527388632297515869e-01,4.875246901065111160e-03
1.727975845336914062e+00,-1.507560491561889648e+00,7.951081991195678711e-01,-2.593141607940196991e-02,2.827834337949752808e-02,9.689891934394836426e-01,2.441061288118362427e-01,-3.366446471773087978e-04,-4.203039780259132385e-02,-9.620926342904567719e-03,4.225712120532989502e-01,-3.045249581336975098e-01,1.219857204705476761e-02,-6.905916929244995117e-01,-1.296888589859008789e-01,-1.812322884798049927e-01,3.131715357303619385e-01,-2.279400825500488281e-01,-4.051112011075019836e-02,-2.836562991142272949e-01,0.000000000000000000e+00,0.000000000000000000e+00,-9.747128933668136597e-02,2.052019983530044556e-01,-2.787168025970458984e-01,-8.622438311576843262e-01,1.377530582249164581e-02,-2.989712953567504883e-01,6.370688974857330322e-02,4.874827712774276733e-02,-1.541761159896850586e-01,2.072087675333023071e-01,-6.002107262611389160e-01,-4.991041868925094604e-02,-2.500921785831451416e-01,-2.833354985341429710e-03
1.767011523246765137e+00,-1.544038176536560059e+00,7.991886138916015625e-01,-3.287939354777336121e-02,2.292511984705924988e-02,9.638597965240478516e-01,2.633774578571319580e-01,-6.139583513140678406e-02,-3.367298096418380737e-02,6.363484263420104980e-02,4.193065762519836426e-01,-3.525808453559875488e-01,3.172250092029571533e-02,-7.109808325767517090e-01,-1.133164688944816589e-01,-2.233127206563949585e-01,2.505307495594024658e-01,-2.884674072265625000e-01,-3.051492199301719666e-02,-2.455350309610366821e-01,0.000000000000000000e+00,0.000000000000000000e+00,-9.059292078018188477e-02,2.234673500061035156e-01,-2.973511517047882080e-01,-8.612426519393920898e-01,3.192333132028579712e-02,-2.957621812820434570e-01,8.234165608882904053e-02,4.541946947574615479e-02,-1.372959464788436890e-01,2.149203270673751831e-01,-6.308830380439758301e-01,-7.371415197849273682e-02,-2.570302188396453857e-01,-1.714914850890636444e-02
1.800059676170349121e+00,-1.576888084411621094e+00,7.999271154403686523e-01,-3.708601742982864380e-02,3.271045908331871033e-02,9.618606567382812500e-01,2.690330445766448975e-01,-1.221221536397933960e-01,-5.913629755377769470e-02,8.785334974527359009e-02,4.187678694725036621e-01,-3.887221515178680420e-01,5.686566606163978577e-02,-7.037062644958496094e-01,-1.391587257385253906e-01,-2.818508744239807129e-01,2.256100475788116455e-01,-2.389010041952133179e-01,-1.571386866271495819e-02,-2.259334623813629150e-01,0.000000000000000000e+00,0.000000000000000000e+00,-8.198165893554687500e-02,2.177650332450866699e-01,-3.132995665073394775e-01,-8.584569692611694336e-01,4.273768886923789978e-02,-3.027896285057067871e-01,5.847610160708427429e-02,4.375783354043960571e-02,-1.491851061582565308e-01,2.075602412223815918e-01,-6.770685911178588867e-01,-9.909185022115707397e-02,-2.818694412708282471e-01,-3.976096864789724350e-03
1.829503059387207031e+00,-1.604882001876831055e+00,8.015210628509521484e-01,-4.010780528187751770e-02,4.369578883051872253e-02,9.616740942001342773e-01,2.677030563354492188e-01,-1.691844165325164795e-01,-8.502846211194992065e-02,1.035306155681610107e-01,3.978125154972076416e-01,-3.785555064678192139e-01,8.718887716531753540e-02,-6.771459579467773438e-01,-1.717286258935928345e-01,-3.056834936141967773e-01,2.532368302345275879e-01,-1.597256958484649658e-01,-1.747550815343856812e-02,-2.149883210659027100e-01,0.000000000000000000e+00,0.000000000000000000e+00,-6.761715561151504517e-02,2.046208083629608154e-01,-3.194742500782012939e-01,-8.500871658325195312e-01,1.702586188912391663e-02,-2.950815260410308838e-01,4.258871451020240784e-02,4.174996167421340942e-02,-1.655154526233673096e-01,2.065463364124298096e-01,-7.263903021812438965e-01,-6.949588656425476074e-02,-2.812364101409912109e-01,-1.431456115096807480e-02
1.857737660408020020e+00,-1.629891633987426758e+00,8.084495067596435547e-01,-3.922954574227333069e-02,4.751438274979591370e-02,9.593008756637573242e-01,2.755817472934722900e-01,-1.930627375841140747e-01,-9.558378905057907104e-02,1.378899812698364258e-01,3.630958199501037598e-01,-3.330215513706207275e-01,1.013044267892837524e-01,-6.279412508010864258e-01,-1.844468861818313599e-01,-3.214949369430541992e-01,3.110500276088714600e-01,-1.054102629423141479e-01,-3.904332220554351807e-02,-1.870466172695159912e-01,0.000000000000000000e+00,0.000000000000000000e+00,-3.203973174095153809e-02,1.876964122056961060e-01,-3.156958818435668945e-01,-8.212605118751525879e-01,1.407504896633327007e-03,-2.928073108196258545e-01,1.921139843761920929e-02,3.242219239473342896e-02,-1.677122563123703003e-01,2.129898071289062500e-01,-7.351065874099731445e-01,-5.903557687997817993e-02,-2.807038426399230957e-01,-1.787814311683177948e-02
1.885978102684020996e+00,-1.651886463165283203e+00,8.198983073234558105e-01,-3.525463491678237915e-02,4.205862432718276978e-02,9.554386734962463379e-01,2.900432646274566650e-01,-1.971801966428756714e-01,-9.195198118686676025e-02,1.547225415706634521e-01,3.177543580532073975e-01,-2.711551487445831299e-01,1.007716283202171326e-01,-5.591975450515747070e-01,-1.738816052675247192e-01,-3.257451653480529785e-01,3.820301592350006104e-01,-9.309956431388854980e-02,-4.666601121425628662e-02,-1.542733013629913330e-01,0.000000000000000000e+00,0.000000000000000000e+00,2.462947554886341095e-02,1.743403375148773193e-01,-3.073518872261047363e-01,-7.728989720344543457e-01,9.741971269249916077e-03,-2.798355519771575928e-01,1.657834649085998535e-02,1.836838945746421814e-02,-1.578549295663833618e-01,2.428535073995590210e-01,-7.225932478904724121e-01,-6.191241741180419922e-02,-2.865913510322570801e-01,-4.395991563796997070e-02
1.913365483283996582e+00,-1.672380685806274414e+00,8.300917148590087891e-01,-3.111061453819274902e-02,3.377425670623779297e-02,9.521433115005493164e-01,3.021829426288604736e-01,-2.004710137844085693e-01,-8.077973872423171997e-02,1.725603640079498291e-01,2.789245545864105225e-01,-2.073973566293716431e-01,9.454200416803359985e-02,-4.658326804637908936e-01,-1.706570684909820557e-01,-3.573458194732666016e-01,4.429802596569061279e-01,-6.444516777992248535e-02,-5.577275902032852173e-02,-1.226747334003448486e-01,0.000000000000000000e+00,0.000000000000000000e+00,7.216210663318634033e-02,1.581233441829681396e-01,-2.935428917407989502e-01,-7.060037255287170410e-01,1.507137157022953033e-02,-2.701348662376403809e-01,-2.470257692039012909e-02,3.367626573890447617e-03,-1.419100314378738403e-01,2.646249532699584961e-01,-7.051874995231628418e-01,-5.973064154386520386e-02,-2.871644496917724609e-01,-1.135645713657140732e-02
1.940255165100097656e+00,-1.691036343574523926e+00,8.377075791358947754e-01,-2.571356855332851410e-02,2.418905496597290039e-02,9.499086141586303711e-01,3.105275034904479980e-01,-2.014563381671905518e-01,-6.583190709352493286e-02,1.908976137638092041e-01,2.435945570468902588e-01,-1.601702719926834106e-01,9.935868531465530396e-02,-3.619692325592041016e-01,-1.683656424283981323e-01,-3.844111263751983643e-01,5.028786063194274902e-01,-3.685777261853218079e-02,-6.387179344892501831e-02,-9.911729395389556885e-02,0.000000000000000000e+00,0.000000000000000000e+00,1.203902512788772583e-01,1.467773020267486572e-01,-2.859354615211486816e-01,-6.362234354019165039e-01,6.329906638711690903e-03,-2.593589127063751221e-01,-4.269647970795631409e-02,-1.034825108945369720e-02,-1.277877688407897949e-01,2.851438820362091064e-01,-6.984694600105285645e-01,-2.815664000809192657e-02,-2.873421013355255127e-01,-1.175503898411989212e-02
1.967875599861145020e+00,-1.710061788558959961e+00,8.409099578857421875e-01,-2.092797867953777313e-02,1.806084066629409790e-02,9.460993409156799316e-01,3.226946294307708740e-01,-2.105830162763595581e-01,-5.361600220203399658e-02,2.176846563816070557e-01,2.215521633625030518e-01,-1.358024775981903076e-01,1.057880669832229614e-01,-2.543549835681915283e-01,-1.717525571584701538e-01,-4.049959480762481689e-01,5.504052042961120605e-01,1.695249788463115692e-02,-7.738406211137771606e-02,-6.268814951181411743e-02,0.000000000000000000e+00,0.000000000000000000e+00,1.583842039108276367e-01,1.351002603769302368e-01,-2.925086319446563721e-01,-5.719406008720397949e-01,-3.549978509545326233e-02,-2.469555437564849854e-01,-5.416389182209968567e-02,-1.928920112550258636e-02,-1.179999113082885742e-01,2.905235588550567627e-01,-7.097793817520141602e-01,8.285896852612495422e-03,-2.946279346942901611e-01,-3.823203593492507935e-02
1.995960831642150879e+00,-1.729875922203063965e+00,8.375792503356933594e-01,-1.543317548930644989e-02,1.748559810221195221e-02,9.417272806167602539e-01,3.355679214000701904e-01,-2.270284444093704224e-01,-4.781415686011314392e-02,2.599558532238006592e-01,2.055891603231430054e-01,-1.168961003422737122e-01,1.141788065433502197e-01,-1.329483091831207275e-01,-1.701565831899642944e-01,-3.994928002357482910e-01,5.394091606140136719e-01,1.168157607316970825e-01,-4.138025268912315369e-02,-2.137432247400283813e-02,0.000000000000000000e+00,0.000000000000000000e+00,1.912462711334228516e-01,1.151271760463714600e-01,-2.965450584888458252e-01,-5.167897343635559082e-01,-9.102024137973785400e-02,-2.271946966648101807e-01,-7.037694007158279419e-02,-3.344766795635223389e-02,-1.181699112057685852e-01,2.961910665035247803e-01,-7.256122827529907227e-01,2.621965110301971436e-02,-2.940358221530914307e-01,-3.600741922855377197e-02
2.026100397109985352e+00,-1.749681353569030762e+00,8.322282433509826660e-01,-1.136798597872257233e-02,1.458511315286159515e-02,9.372206330299377441e-01,3.482463955879211426e-01,-2.538967430591583252e-01,-3.257366269826889038e-02,2.875099480152130127e-01,2.045051604509353638e-01,-1.105688810348510742e-01,1.251929104328155518e-01,-5.192719027400016785e-02,-1.477113366127014160e-01,-3.302992582321166992e-01,5.424966812133789062e-01,1.480964869260787964e-01,-3.792363032698631287e-02,2.702710963785648346e-02,0.000000000000000000e+00,0.000000000000000000e+00,2.204425632953643799e-01,1.044981479644775391e-01,-2.999921739101409912e-01,-4.722523689270019531e-01,-1.006363779306411743e-01,-2.319464236497879028e-01,-8.664614707231521606e-02,-3.476391732692718506e-02,-1.093014180660247803e-01,2.941689193248748779e-01,-7.410788536071777344e-01,-1.757340505719184875e-02,-3.072325289249420166e-01,-4.146669432520866394e-02
2.059162378311157227e+00,-1.770654320716857910e+00,8.225558996200561523e-01,-8.582664653658866882e-03,1.748143509030342102e-02,9.306536316871643066e-01,3.653827011585235596e-01,-3.014297485351562500e-01,-2.063860744237899780e-02,3.046806156635284424e-01,2.271287292242050171e-01,-1.130368337035179138e-01,1.406866461038589478e-01,2.271751314401626587e-02,-1.360217481851577759e-01,-2.502273619174957275e-01,5.136777758598327637e-01,1.967052966356277466e-01,-1.740971580147743225e-02,8.627215772867202759e-02,0.000000000000000000e+00,0.000000000000000000e+00,2.694827914237976074e-01,9.595562517642974854e-02,-2.759716808795928955e-01,-4.905337691307067871e-01,-1.429863572120666504e-01,-2.264098674058914185e-01,-8.073899894952774048e-02,-4.242273047566413879e-02,-1.226937398314476013e-01,2.976558208465576172e-01,-7.657160758972167969e-01,4.112397134304046631e-02,-3.175460994243621826e-01,-7.440048456192016602e-02
2.095031976699829102e+00,-1.793694615364074707e+00,8.103779554367065430e-01,-7.239648606628179550e-03,2.285412698984146118e-02,9.243671894073486328e-01,3.807500004768371582e-01,-3.627431988716125488e-01,-2.013682620599865913e-03,3.410701453685760498e-01,2.619615197181701660e-01,-9.890206903219223022e-02,1.529619544744491577e-01,7.576589286327362061e-02,-1.118211969733238220e-01,-1.202236190438270569e-01,4.794268310070037842e-01,2.352557629346847534e-01,6.796040106564760208e-03,1.385013759136199951e-01,0.000000000000000000e+00,0.000000000000000000e+00,2.698699831962585449e-01,6.145817041397094727e-02,-1.994931101799011230e-01,-4.279174804687500000e-01,-1.188095435500144958e-01,-2.476940453052520752e-01,-1.185895204544067383e-01,-6.695011258125305176e-02,-1.350463926792144775e-01,3.026903867721557617e-01,-7.611278295516967773e-01,7.693541795015335083e-02,-3.265717029571533203e-01,-6.815260648727416992e-02
2.133216619491577148e+00,-1.817639946937561035e+00,7.976961135864257812e-01,-6.578381638973951340e-03,2.832833677530288696e-02,9.191199541091918945e-01,3.929029107093811035e-01,-4.322996139526367188e-01,2.077214792370796204e-02,3.645343184471130371e-01,3.033174872398376465e-01,-7.913597673177719116e-02,1.578818261623382568e-01,1.220862567424774170e-01,-9.846975654363632202e-02,-1.728468388319015503e-02,4.214077293872833252e-01,2.473709136247634888e-01,4.258753359317779541e-02,1.806415170431137085e-01,0.000000000000000000e+00,0.000000000000000000e+00,2.743348777294158936e-01,5.518195033073425293e-02,-2.020687311887741089e-01,-4.005843400955200195e-01,-1.062860935926437378e-01,-2.513263821601867676e-01,-1.111915409564971924e-01,-9.756743907928466797e-02,-1.506621092557907104e-01,3.178171813488006592e-01,-7.496247887611389160e-01,1.133266389369964600e-01,-3.165804445743560791e-01,-9.284328669309616089e-02
2.173883199691772461e+00,-1.843251228332519531e+00,7.881835699081420898e-01,-9.956128895282745361e-03,3.000662662088871002e-02,9.158735871315002441e-01,4.002200365066528320e-01,-4.999711513519287109e-01,4.787453636527061462e-02,3.734721243381500244e-01,3.281736075878143311e-01,-5.755058303475379944e-02,1.511479169130325317e-01,1.272973716259002686e-01,-8.451146632432937622e-02,6.715705245733261108e-02,3.825035095214843750e-01,1.684095114469528198e-01,6.058603525161743164e-02,2.088059335947036743e-01,0.000000000000000000e+00,0.000000000000000000e+00,2.766543626785278320e-01,5.215807259082794189e-02,-2.004043906927108765e-01,-3.934522271156311035e-01,-9.564664214849472046e-02,-2.536088526248931885e-01,-9.490800648927688599e-02,-1.202054843306541443e-01,-1.515639424324035645e-01,3.408477604389190674e-01,-7.339097857475280762e-01,1.028878986835479736e-01,-3.146039247512817383e-01,-8.807133138179779053e-02
2.215837240219116211e+00,-1.868034601211547852e+00,7.829397916793823242e-01,-1.434468105435371399e-02,2.913659438490867615e-02,9.158271551132202148e-01,4.002572894096374512e-01,-5.566796660423278809e-01,6.608109176158905029e-02,3.635445237159729004e-01,3.205398619174957275e-01,-7.627794146537780762e-02,1.272934377193450928e-01,1.019876748323440552e-01,-4.664026200771331787e-02,1.407606303691864014e-01,3.479729890823364258e-01,1.791031286120414734e-02,9.605191648006439209e-02,2.156153321266174316e-01,0.000000000000000000e+00,0.000000000000000000e+00,2.729651033878326416e-01,5.278965830802917480e-02,-1.992788910865783691e-01,-4.009943604469299316e-01,-8.032689988613128662e-02,-2.494644224643707275e-01,-6.973236054182052612e-02,-1.443895250558853149e-01,-1.463712602853775024e-01,3.615280091762542725e-01,-7.105131745338439941e-01,9.370235353708267212e-02,-3.084751069545745850e-01,-1.017795577645301819e-01
2.259205579757690430e+00,-1.893391966819763184e+00,7.839162349700927734e-01,-1.843287050724029541e-02,2.469381690025329590e-02,9.187800884246826172e-01,3.935652971267700195e-01,-5.977122187614440918e-01,7.430220395326614380e-02,3.373652398586273193e-01,2.876115441322326660e-01,-1.460390239953994751e-01,9.904567152261734009e-02,4.990779235959053040e-02,-3.197224438190460205e-02,7.184761017560958862e-02,3.493540883064270020e-01,-1.437803506851196289e-01,5.167950689792633057e-02,2.032455950975418091e-01,0.000000000000000000e+00,0.000000000000000000e+00,2.690090537071228027e-01,6.406790018081665039e-02,-1.990596204996109009e-01,-4.257558286190032959e-01,-5.914575606584548950e-02,-2.463489025831222534e-01,-4.267187416553497314e-02,-1.657434701919555664e-01,-1.367071270942687988e-01,3.800967335700988770e-01,-6.793590188026428223e-01,8.669889718294143677e-02,-3.092262148857116699e-01,-9.925450384616851807e-02
2.303726911544799805e+00,-1.920381903648376465e+00,7.899894118309020996e-01,-1.709618233144283295e-02,2.639572322368621826e-02,9.241781830787658691e-01,3.806648552417755127e-01,-5.991107225418090820e-01,6.022846326231956482e-02,3.538847863674163818e-01,2.114300280809402466e-01,-2.218740582466125488e-01,6.409297138452529907e-02,1.591249182820320129e-02,-3.272755071520805359e-02,-1.872725598514080048e-02,3.184171020984649658e-01,-2.179455906152725220e-01,4.046349972486495972e-02,1.763899326324462891e-01,0.000000000000000000e+00,0.000000000000000000e+00,2.572283148765563965e-01,6.361400336027145386e-02,-2.070280909538269043e-01,-4.498259425163269043e-01,-4.490304365754127502e-02,-2.415149807929992676e-01,-8.904983289539813995e-03,-1.634750962257385254e-01,-1.407484561204910278e-01,3.972609639167785645e-01,-6.588422060012817383e-01,8.253450691699981689e-02,-3.117118179798126221e-01,-1.042897999286651611e-01
2.347261428833007812e+00,-1.949087023735046387e+00,7.945958375930786133e-01,-2.096360735595226288e-02,2.643158100545406342e-02,9.314814209938049316e-01,3.622212111949920654e-01,-5.857716798782348633e-01,4.664448648691177368e-02,4.096587896347045898e-01,1.474570184946060181e-01,-2.276569604873657227e-01,5.455758422613143921e-02,-3.469933196902275085e-02,-2.505110204219818115e-02,-8.085846155881881714e-02,3.093132674694061279e-01,-2.545164525508880615e-01,2.450366877019405365e-02,1.355162709951400757e-01,0.000000000000000000e+00,0.000000000000000000e+00,2.302675992250442505e-01,6.734260171651840210e-02,-2.262912690639495850e-01,-4.774817228317260742e-01,-4.266109690070152283e-02,-2.367307990789413452e-01,2.686701901257038116e-02,-1.519037336111068726e-01,-1.429116874933242798e-01,4.050685465335845947e-01,-6.530302166938781738e-01,8.063588291406631470e-02,-3.051874637603759766e-01,-1.220570728182792664e-01
2.383318424224853516e+00,-1.972547769546508789e+00,7.968201637268066406e-01,-2.558677457273006439e-02,2.293184958398342133e-02,9.342553019523620605e-01,3.549456596374511719e-01,-5.682694315910339355e-01,5.547375604510307312e-02,4.228970110416412354e-01,1.873595714569091797e-01,-2.016889303922653198e-01,6.256363540887832642e-02,-8.669399470090866089e-02,-1.101036742329597473e-02,-9.903991967439651489e-02,3.056316077709197998e-01,-2.687261998653411865e-01,-8.310097269713878632e-03,1.101269274950027466e-01,0.000000000000000000e+00,0.000000000000000000e+00,2.134986817836761475e-01,7.709093391895294189e-02,-2.259766012430191040e-01,-5.122354030609130859e-01,-2.394751086831092834e-02,-2.506080567836761475e-01,3.311709687113761902e-02,-1.299227923154830933e-01,-1.330938935279846191e-01,3.890918791294097900e-01,-6.332945227622985840e-01,3.042289055883884430e-02,-3.238312005996704102e-01,-6.362196803092956543e-02
2.416248798370361328e+00,-1.995375275611877441e+00,8.033773303031921387e-01,-2.524561248719692230e-02,2.318953163921833038e-02,9.352269768714904785e-01,3.523852825164794922e-01,-5.328630208969116211e-01,6.259409338235855103e-02,4.384909868240356445e-01,2.668855488300323486e-01,-1.908185780048370361e-01,6.778851896524429321e-02,-1.164662018418312073e-01,-9.082098491489887238e-03,-1.217847540974617004e-01,2.740434110164642334e-01,-2.458602041006088257e-01,-2.796397171914577484e-02,9.247680753469467163e-02,0.000000000000000000e+00,0.000000000000000000e+00,1.928395181894302368e-01,8.620256185531616211e-02,-2.355376631021499634e-01,-5.367508530616760254e-01,-2.575295232236385345e-02,-2.595655024051666260e-01,2.796762064099311829e-02,-1.022060737013816833e-01,-1.371269226074218750e-01,3.861215710639953613e-01,-6.061828732490539551e-01,4.461960494518280029e-02,-2.990244626998901367e-01,-6.553372740745544434e-02
2.446712255477905273e+00,-2.019098758697509766e+00,8.125377893447875977e-01,-2.193682827055454254e-02,2.669716067612171173e-02,9.369863867759704590e-01,3.476529419422149658e-01,-4.808466434478759766e-01,5.956780165433883667e-02,4.428265988826751709e-01,3.509647250175476074e-01,-1.739568263292312622e-01,8.066728711128234863e-02,-1.374450623989105225e-01,-1.396119222044944763e-02,-1.309462189674377441e-01,2.387952208518981934e-01,-2.049619108438491821e-01,-4.046038910746574402e-02,7.621721178293228149e-02,0.000000000000000000e+00,0.000000000000000000e+00,1.574397534132003784e-01,8.810333907604217529e-02,-2.544267475605010986e-01,-5.406953692436218262e-01,-4.010648652911186218e-02,-2.695544660091400146e-01,6.827096454799175262e-03,-5.518775060772895813e-02,-1.431616991758346558e-01,3.717969655990600586e-01,-5.819378495216369629e-01,7.805114984512329102e-02,-2.902895510196685791e-01,-4.218851402401924133e-02
2.473909139633178711e+00,-2.043806314468383789e+00,8.211201429367065430e-01,-1.559913065284490585e-02,3.177140280604362488e-02,9.399884343147277832e-01,3.393655717372894287e-01,-4.085701704025268555e-01,4.597149044275283813e-02,4.337632656097412109e-01,4.233676493167877197e-01,-1.477746367454528809e-01,8.901175111532211304e-02,-1.538944691419601440e-01,-2.796689793467521667e-02,-1.429065018892288208e-01,2.092522680759429932e-01,-1.562229096889495850e-01,-4.728944972157478333e-02,5.279215052723884583e-02,0.000000000000000000e+00,0.000000000000000000e+00,1.242792457342147827e-01,8.825597167015075684e-02,-2.737048864364624023e-01,-5.454050898551940918e-01,-4.516749829053878784e-02,-2.705087363719940186e-01,-4.108402412384748459e-03,-5.647286307066679001e-03,-1.476831436157226562e-01,3.449600934982299805e-01,-5.304176807403564453e-01,4.320476949214935303e-02,-2.696417868137359619e-01,-2.366305328905582428e-02
2.499615907669067383e+00,-2.067385196685791016e+00,8.286353945732116699e-01,-7.433635648339986801e-03,3.441114723682403564e-02,9.428650736808776855e-01,3.313096761703491211e-01,-3.190918862819671631e-01,3.889628872275352478e-02,4.285470247268676758e-01,4.862117171287536621e-01,-1.161849796772003174e-01,9.581723809242248535e-02,-1.676878482103347778e-01,-4.424577578902244568e-02,-1.680611521005630493e-01,1.852631568908691406e-01,-1.258730590343475342e-01,-5.025274306535720825e-02,2.694920450448989868e-02,0.000000000000000000e+00,0.000000000000000000e+00,9.961239993572235107e-02,8.803750574588775635e-02,-2.788167595863342285e-01,-5.627756118774414062e-01,-5.263309180736541748e-02,-2.718052566051483154e-01,-8.243370801210403442e-03,4.641205444931983948e-02,-1.521988511085510254e-01,3.177720904350280762e-01,-5.064789056777954102e-01,4.936042428016662598e-02,-2.620857656002044678e-01,-4.667740780860185623e-03
2.526367425918579102e+00,-2.092261075973510742e+00,8.303534388542175293e-01,-1.359784160740673542e-03,3.703840076923370361e-02,9.445527791976928711e-01,3.262611925601959229e-01,-2.281811833381652832e-01,3.466309607028961182e-02,4.061628878116607666e-01,5.386462807655334473e-01,-6.648941338062286377e-02,9.717204421758651733e-02,-1.873537898063659668e-01,-5.659836903214454651e-02,-1.841424405574798584e-01,1.684454530477523804e-01,-9.810923039913177490e-02,-5.443606153130531311e-02,4.678199999034404755e-03,0.000000000000000000e+00,0.000000000000000000e+00,7.526322454214096069e-02,9.181834757328033447e-02,-2.742700576782226562e-01,-5.881822109222412109e-01,-6.169927120208740234e-02,-2.761682271957397461e-01,-3.866860875859856606e-03,8.504065126180648804e-02,-1.617090404033660889e-01,2.985799610614776611e-01,-4.791752398014068604e-01,6.246564537286758423e-02,-2.590156495571136475e-01,1.717498339712619781e-02
2.554432392120361328e+00,-2.117423295974731445e+00,8.271325826644897461e-01,1.393546583130955696e-03,3.644897416234016418e-02,9.475499391555786133e-01,3.175194859504699707e-01,-1.439277380704879761e-01,3.761692345142364502e-02,3.645141720771789551e-01,5.805492401123046875e-01,-1.017850823700428009e-02,9.968864917755126953e-02,-2.196267098188400269e-01,-6.455666571855545044e-02,-1.978897601366043091e-01,1.708124876022338867e-01,-9.180513024330139160e-02,-7.756812125444412231e-02,-3.052748925983905792e-02,0.000000000000000000e+00,0.000000000000000000e+00,5.502745509147644043e-02,1.048445701599121094e-01,-2.697450220584869385e-01,-6.308555603027343750e-01,-6.399430334568023682e-02,-2.884754836559295654e-01,-8.399846963584423065e-03,1.192022636532783508e-01,-1.664243936538696289e-01,2.815115451812744141e-01,-4.596582353115081787e-01,7.477486133575439453e-02,-2.656984925270080566e-01,3.063488192856311798e-02
2.583585500717163086e+00,-2.143197536468505859e+00,8.196302056312561035e-01,1.529836910776793957e-03,3.433725610375404358e-02,9.499607086181640625e-01,3.104725778102874756e-01,-6.075761467218399048e-02,3.501118719577789307e-02,3.070694804191589355e-01,5.955736041069030762e-01,3.599190339446067810e-02,8.026877790689468384e-02,-2.716041803359985352e-01,-7.290986925363540649e-02,-2.049933075904846191e-01,2.043796628713607788e-01,-9.008898586034774780e-02,-8.609921485185623169e-02,-6.812704354524612427e-02,0.000000000000000000e+00,0.000000000000000000e+00,4.018856212496757507e-02,1.247681155800819397e-01,-2.693004906177520752e-01,-6.836447715759277344e-01,-6.133029237389564514e-02,-2.796021103858947754e-01,1.763243600726127625e-02,1.475384384393692017e-01,-1.636052727699279785e-01,2.614583075046539307e-01,-4.460271298885345459e-01,5.623855069279670715e-02,-2.586511373519897461e-01,3.594985604286193848e-02
2.612689971923828125e+00,-2.171339988708496094e+00,8.107649087905883789e-01,1.576584647409617901e-03,3.043098002672195435e-02,9.539811611175537109e-01,2.983142137527465820e-01,1.232164539396762848e-02,2.000202238559722900e-02,2.082184106111526489e-01,5.863314867019653320e-01,5.695587396621704102e-02,6.698803603649139404e-02,-3.378526568412780762e-01,-7.966243475675582886e-02,-2.009066194295883179e-01,2.550801634788513184e-01,-8.753816783428192139e-02,-7.011464983224868774e-02,-1.175110861659049988e-01,0.000000000000000000e+00,0.000000000000000000e+00,2.362906746566295624e-02,1.451738774776458740e-01,-2.577796578407287598e-01,-7.126312255859375000e-01,-5.906120315194129944e-02,-2.878501117229461670e-01,2.286414802074432373e-02,1.672638058662414551e-01,-1.664050072431564331e-01,2.433705031871795654e-01,-4.233421385288238525e-01,7.008452713489532471e-02,-2.415270209312438965e-01,6.897356361150741577e-02
2.642079353332519531e+00,-2.200785636901855469e+00,8.014807701110839844e-01,2.271095057949423790e-03,2.698586508631706238e-02,9.573879837989807129e-01,2.875323295593261719e-01,8.630578219890594482e-02,-1.836099982028827071e-04,1.087343096733093262e-01,5.425028800964355469e-01,5.647721141576766968e-02,3.379524126648902893e-02,-4.017055928707122803e-01,-9.319445490837097168e-02,-2.110207676887512207e-01,2.996156215667724609e-01,-7.930438220500946045e-02,-6.294570118188858032e-02,-1.673697084188461304e-01,0.000000000000000000e+00,0.000000000000000000e+00,9.141376242041587830e-03,1.578952074050903320e-01,-2.478207349777221680e-01,-7.274889945983886719e-01,-5.397165194153785706e-02,-2.985292673110961914e-01,3.929023817181587219e-02,1.798215955495834351e-01,-1.631421893835067749e-01,2.196212112903594971e-01,-4.094073176383972168e-01,7.098166644573211670e-02,-2.430033832788467407e-01,5.135261639952659607e-02
2.673970699310302734e+00,-2.232726097106933594e+00,7.922697067260742188e-01,-9.506947244517505169e-04,2.397927083075046539e-02,9.606193900108337402e-01,2.768294215202331543e-01,1.423950344324111938e-01,-2.216469682753086090e-02,-4.833723884075880051e-03,4.759804606437683105e-01,5.292947590351104736e-02,-5.566464271396398544e-03,-4.636262357234954834e-01,-1.071449369192123413e-01,-2.249190509319305420e-01,3.225593566894531250e-01,-7.125940918922424316e-02,-5.659044533967971802e-02,-2.133798897266387939e-01,0.000000000000000000e+00,0.000000000000000000e+00,-1.206399593502283096e-02,1.707629412412643433e-01,-2.464608699083328247e-01,-7.251024246215820312e-01,-4.743602499365806580e-02,-3.053358197212219238e-01,4.164005443453788757e-02,1.800827234983444214e-01,-1.568553447723388672e-01,2.067470550537109375e-01,-3.872167170047760010e-01,7.214598357677459717e-02,-2.103947997093200684e-01,2.467578276991844177e-02
2.707736015319824219e+00,-2.268053054809570312e+00,7.867075800895690918e-01,-5.830330774188041687e-03,2.358210459351539612e-02,9.642572999000549316e-01,2.638517320156097412e-01,1.659355163574218750e-01,-4.146554321050643921e-02,-9.722869843244552612e-02,4.109875857830047607e-01,6.399126723408699036e-03,-2.782175689935684204e-02,-5.224191546440124512e-01,-1.294833570718765259e-01,-2.400345653295516968e-01,3.245328366756439209e-01,-7.018367201089859009e-02,-3.676247969269752502e-02,-2.541462481021881104e-01,0.000000000000000000e+00,0.000000000000000000e+00,-4.699790477752685547e-02,1.732274889945983887e-01,-2.735937535762786865e-01,-7.067671418190002441e-01,-4.966194927692413330e-02,-2.897047698497772217e-01,7.680937647819519043e-02,1.791272461414337158e-01,-1.422363072633743286e-01,1.833664029836654663e-01,-3.851357698440551758e-01,3.201980143785476685e-02,-2.032493203878402710e-01,-7.887456449680030346e-04
2.744528293609619141e+00,-2.306010723114013672e+00,7.877854704856872559e-01,-1.488263159990310669e-02,2.224019542336463928e-02,9.649497270584106445e-01,2.610667943954467773e-01,1.494578570127487183e-01,-5.994430184364318848e-02,-1.641309857368469238e-01,3.454340398311614990e-01,-1.059338897466659546e-01,-2.617882750928401947e-02,-5.792321562767028809e-01,-1.291153579950332642e-01,-2.231260985136032104e-01,2.977631390094757080e-01,-1.371937841176986694e-01,-2.602609619498252869e-02,-2.621076405048370361e-01,0.000000000000000000e+00,0.000000000000000000e+00,-8.704891800880432129e-02,1.701541990041732788e-01,-3.063355982303619385e-01,-6.787026524543762207e-01,-4.011085256934165955e-02,-2.744284868240356445e-01,9.462770819664001465e-02,1.734104901552200317e-01,-1.206721737980842590e-01,1.707849353551864624e-01,-3.914971053600311279e-01,-2.112377807497978210e-02,-1.882691234350204468e-01,-1.178523059934377670e-02
2.783371210098266602e+00,-2.347020149230957031e+00,7.923272252082824707e-01,-2.715354599058628082e-02,1.927548833191394806e-02,9.625754952430725098e-01,2.689601182937622070e-01,9.609393775463104248e-02,-6.082557514309883118e-02,-1.341238468885421753e-01,3.068992793560028076e-01,-2.225078791379928589e-01,-8.393728174269199371e-03,-6.427788734436035156e-01,-1.184142678976058960e-01,-2.131198346614837646e-01,2.682929039001464844e-01,-2.405240982770919800e-01,7.863637292757630348e-04,-2.470945566892623901e-01,0.000000000000000000e+00,0.000000000000000000e+00,-1.209449246525764465e-01,1.708728522062301636e-01,-3.378515839576721191e-01,-6.478626132011413574e-01,-2.268889732658863068e-02,-2.684178650379180908e-01,9.509216994047164917e-02,1.548316031694412231e-01,-9.478450566530227661e-02,1.821408569812774658e-01,-3.942254185676574707e-01,-4.394132643938064575e-02,-1.880589872598648071e-01,-1.714842952787876129e-02
2.820602893829345703e+00,-2.388009786605834961e+00,7.979554533958435059e-01,-3.695227950811386108e-02,1.859612949192523956e-02,9.578042030334472656e-01,2.844290435314178467e-01,5.500878766179084778e-02,-6.141587346792221069e-02,-3.584137186408042908e-02,2.445100545883178711e-01,-2.771221995353698730e-01,1.489587128162384033e-02,-6.673208475112915039e-01,-1.136832013726234436e-01,-2.587655186653137207e-01,2.045040130615234375e-01,-2.874613404273986816e-01,5.282429978251457214e-03,-2.173435539007186890e-01,0.000000000000000000e+00,0.000000000000000000e+00,-1.256475001573562622e-01,1.638609617948532104e-01,-3.507987558841705322e-01,-6.295121908187866211e-01,6.832084152847528458e-03,-2.712190151214599609e-01,2.013986743986606598e-02,1.361048817634582520e-01,-8.491163700819015503e-02,2.162366211414337158e-01,-4.068742990493774414e-01,-2.706805802881717682e-02,-2.023206800222396851e-01,2.561419270932674408e-02
2.855559587478637695e+00,-2.423224925994873047e+00,8.012903332710266113e-01,-4.576928168535232544e-02,2.749364823102951050e-02,9.549964070320129395e-01,2.917724549770355225e-01,-7.830508053302764893e-03,-8.359786123037338257e-02,-4.557661246508359909e-03,2.271212190389633179e-01,-3.058965504169464111e-01,3.603442013263702393e-02,-6.770099401473999023e-01,-1.203106790781021118e-01,-2.714902460575103760e-01,2.004068046808242798e-01,-2.703571617603302002e-01,5.288498476147651672e-03,-1.976123154163360596e-01,0.000000000000000000e+00,0.000000000000000000e+00,-1.187061816453933716e-01,1.524338871240615845e-01,-3.592592477798461914e-01,-6.245944499969482422e-01,1.016390975564718246e-02,-2.698878347873687744e-01,-7.352678105235099792e-03,1.249725818634033203e-01,-8.783069252967834473e-02,2.451280504465103149e-01,-4.530831873416900635e-01,3.933105617761611938e-03,-2.346494197845458984e-01,9.433954954147338867e-02
2.884658813476562500e+00,-2.452303647994995117e+00,8.045078516006469727e-01,-5.089354142546653748e-02,3.967093303799629211e-02,9.565102458000183105e-01,2.844718992710113525e-01,-7.396518439054489136e-02,-1.097065061330795288e-01,-4.379354417324066162e-03,2.318054139614105225e-01,-3.013717234134674072e-01,6.023623049259185791e-02,-6.580016613006591797e-01,-1.575855910778045654e-01,-2.950792610645294189e-01,2.418834716081619263e-01,-1.928361207246780396e-01,4.645705223083496094e-03,-1.980106383562088013e-01,0.000000000000000000e+00,0.000000000000000000e+00,-9.830454736948013306e-02,1.345315724611282349e-01,-3.681658506393432617e-01,-6.126635074615478516e-01,-2.041769586503505707e-02,-2.817517518997192383e-01,-1.311736367642879486e-02,1.191756948828697205e-01,-9.820290654897689819e-02,2.647480368614196777e-01,-4.832413196563720703e-01,6.860885024070739746e-02,-2.299835979938507080e-01,5.166707932949066162e-02
2.912845373153686523e+00,-2.479086399078369141e+00,8.118591904640197754e-01,-5.311663448810577393e-02,4.131389036774635315e-02,9.550038576126098633e-01,2.888588905334472656e-01,-1.138949394226074219e-01,-1.170268952846527100e-01,1.853138394653797150e-02,2.154664546251296997e-01,-2.650688588619232178e-01,7.596911489963531494e-02,-6.198132038116455078e-01,-1.629109531641006470e-01,-3.043507933616638184e-01,3.055879771709442139e-01,-1.466869711875915527e-01,-1.521451026201248169e-02,-1.760260462760925293e-01,0.000000000000000000e+00,0.000000000000000000e+00,-6.333178281784057617e-02,1.228945106267929077e-01,-3.731679320335388184e-01,-5.829710364341735840e-01,-3.540288656949996948e-02,-2.928538322448730469e-01,-3.933959826827049255e-02,1.051020622253417969e-01,-9.649412333965301514e-02,3.004204332828521729e-01,-4.906910359859466553e-01,8.621164411306381226e-02,-2.543675303459167480e-01,4.411306604743003845e-02
2.941461086273193359e+00,-2.506851673126220703e+00,8.215132355690002441e-01,-5.500008538365364075e-02,3.897278383374214172e-02,9.508749246597290039e-01,3.021473884582519531e-01,-1.413381248712539673e-01,-1.176902502775192261e-01,4.242237284779548645e-02,1.860600709915161133e-01,-2.127354145050048828e-01,8.154225349426269531e-02,-5.717342495918273926e-01,-1.527768969535827637e-01,-2.953180372714996338e-01,3.792789876461029053e-01,-1.023893654346466064e-01,-2.195338346064090729e-02,-1.431106775999069214e-01,0.000000000000000000e+00,0.000000000000000000e+00,-1.787131838500499725e-02,1.038504764437675476e-01,-3.623684048652648926e-01,-5.444684624671936035e-01,-4.909436404705047607e-02,-2.734278440475463867e-01,-4.834163933992385864e-02,7.983876019716262817e-02,-9.367549419403076172e-02,3.368530869483947754e-01,-4.874863922595977783e-01,1.004010662436485291e-01,-2.649274170398712158e-01,3.944728896021842957e-02
2.969350337982177734e+00,-2.529594898223876953e+00,8.302675485610961914e-01,-5.500123277306556702e-02,3.470340743660926819e-02,9.460563659667968750e-01,3.174081146717071533e-01,-1.640436500310897827e-01,-1.087054535746574402e-01,6.552619487047195435e-02,1.653382480144500732e-01,-1.772951185703277588e-01,8.840308338403701782e-02,-4.979309439659118652e-01,-1.234696358442306519e-01,-2.668231129646301270e-01,4.288271069526672363e-01,-8.154799789190292358e-02,-2.046445943415164948e-02,-1.043060868978500366e-01,0.000000000000000000e+00,0.000000000000000000e+00,3.513616696000099182e-02,8.871528506278991699e-02,-3.517926931381225586e-01,-5.077989697456359863e-01,-5.149675905704498291e-02,-2.494231164455413818e-01,-6.827896088361740112e-02,5.646731331944465637e-02,-8.312823623418807983e-02,3.316906988620758057e-01,-4.990435838699340820e-01,3.740144148468971252e-02,-2.592230141162872314e-01,7.585375756025314331e-02
2.994709968566894531e+00,-2.550677776336669922e+00,8.344963788986206055e-01,-5.117641016840934753e-02,3.082372620701789856e-02,9.414814114570617676e-01,3.317283093929290771e-01,-1.732937693595886230e-01,-1.025158613920211792e-01,9.255899488925933838e-02,1.392049193382263184e-01,-1.445633322000503540e-01,9.068301320075988770e-02,-4.006026983261108398e-01,-1.256078332662582397e-01,-2.879953086376190186e-01,4.853667616844177246e-01,-2.797857299447059631e-02,-3.722818195819854736e-02,-7.163807749748229980e-02,0.000000000000000000e+00,0.000000000000000000e+00,8.335549384355545044e-02,7.058261334896087646e-02,-3.372519612312316895e-01,-4.553020298480987549e-01,-5.987387150526046753e-02,-2.291571348905563354e-01,-9.310198575258255005e-02,3.238720074295997620e-02,-8.069480210542678833e-02,3.365637660026550293e-01,-5.097841620445251465e-01,7.823148625902831554e-04,-2.471936494112014771e-01,9.502747654914855957e-02
3.019173860549926758e+00,-2.567940235137939453e+00,8.348320722579956055e-01,-4.345045983791351318e-02,2.536739967763423920e-02,9.403890967369079590e-01,3.363582193851470947e-01,-1.776559948921203613e-01,-9.232652187347412109e-02,1.088600754737854004e-01,1.180376559495925903e-01,-1.334890276193618774e-01,9.550664573907852173e-02,-2.884569764137268066e-01,-1.204932257533073425e-01,-2.986588478088378906e-01,5.310692787170410156e-01,4.644608590751886368e-03,-3.959141671657562256e-02,-5.743556842207908630e-02,0.000000000000000000e+00,0.000000000000000000e+00,1.422246545553207397e-01,6.132481247186660767e-02,-3.309208452701568604e-01,-4.189308583736419678e-01,-7.080622017383575439e-02,-2.057672142982482910e-01,-1.211376339197158813e-01,1.061905734241008759e-02,-8.453814685344696045e-02,3.442685008049011230e-01,-5.228421092033386230e-01,-5.290640052407979965e-03,-2.367664426565170288e-01,1.103207841515541077e-01
3.045981884002685547e+00,-2.587356090545654297e+00,8.322300910949707031e-01,-3.789842501282691956e-02,2.180416882038116455e-02,9.361312389373779297e-01,3.489221036434173584e-01,-1.961722373962402344e-01,-8.421166241168975830e-02,1.226136833429336548e-01,1.107668727636337280e-01,-1.214153990149497986e-01,1.064241155982017517e-01,-1.810331344604492188e-01,-1.029660776257514954e-01,-2.772858738899230957e-01,5.466415882110595703e-01,3.976475819945335388e-02,-3.878867253661155701e-02,-1.964852213859558105e-02,0.000000000000000000e+00,0.000000000000000000e+00,2.131468951702117920e-01,6.047736853361129761e-02,-3.204320371150970459e-01,-4.415604472160339355e-01,-1.085782274603843689e-01,-1.785271912813186646e-01,-1.513553559780120850e-01,-7.586192339658737183e-03,-9.274030476808547974e-02,3.472192287445068359e-01,-5.457220673561096191e-01,-3.045391105115413666e-02,-1.773405820131301880e-01,1.515886932611465454e-01
3.073554992675781250e+00,-2.608381986618041992e+00,8.241212964057922363e-01,-3.496021404862403870e-02,2.309645898640155792e-02,9.319435954093933105e-01,3.601742088794708252e-01,-2.380830198526382446e-01,-7.892724126577377319e-02,1.521175801753997803e-01,1.278202384710311890e-01,-1.163739040493965149e-01,1.142322793602943420e-01,-8.062103390693664551e-02,-8.694245666265487671e-02,-2.236801832914352417e-01,5.279646515846252441e-01,9.072311222553253174e-02,-2.197046391665935516e-02,2.593177370727062225e-02,0.000000000000000000e+00,0.000000000000000000e+00,2.404719442129135132e-01,4.089537635445594788e-02,-3.101336956024169922e-01,-4.159039855003356934e-01,-1.397094279527664185e-01,-1.767290681600570679e-01,-1.746980696916580200e-01,-2.043315209448337555e-02,-1.092186868190765381e-01,3.450613319873809814e-01,-5.902938246726989746e-01,-1.666758768260478973e-02,-2.045072317123413086e-01,9.821329265832901001e-02
3.104569435119628906e+00,-2.630140781402587891e+00,8.145291209220886230e-01,-3.015427477657794952e-02,2.904199808835983276e-02,9.261208176612854004e-01,3.748967051506042480e-01,-2.930746376514434814e-01,-7.461232692003250122e-02,1.878515481948852539e-01,1.612381190061569214e-01,-1.179797425866127014e-01,1.320309042930603027e-01,1.082240976393222809e-02,-6.176504492759704590e-02,-1.182250306010246277e-01,4.772289991378784180e-01,1.575764864683151245e-01,1.332743559032678604e-02,7.783304154872894287e-02,0.000000000000000000e+00,0.000000000000000000e+00,2.646278440952301025e-01,2.350845560431480408e-02,-3.049914240837097168e-01,-4.012225568294525146e-01,-1.482827514410018921e-01,-1.786183863878250122e-01,-1.933430284261703491e-01,-3.615150973200798035e-02,-1.251951605081558228e-01,3.423042595386505127e-01,-6.029433012008666992e-01,-3.939720243215560913e-02,-2.155560255050659180e-01,8.004469424486160278e-02
3.138656616210937500e+00,-2.654731512069702148e+00,8.050751090049743652e-01,-2.855329588055610657e-02,3.685143962502479553e-02,9.189409613609313965e-01,3.916301429271697998e-01,-3.709571063518524170e-01,-6.338468194007873535e-02,2.215748429298400879e-01,2.207289785146713257e-01,-1.081746667623519897e-01,1.329905241727828979e-01,7.823123782873153687e-02,-3.824242576956748962e-02,8.614475838840007782e-03,4.115925431251525879e-01,2.008670121431350708e-01,5.893772095441818237e-02,1.353888213634490967e-01,0.000000000000000000e+00,0.000000000000000000e+00,2.739104628562927246e-01,2.927926834672689438e-03,-2.717613875865936279e-01,-3.892864286899566650e-01,-1.494258195161819458e-01,-1.855332851409912109e-01,-2.012232244014739990e-01,-7.631144672632217407e-02,-1.612992882728576660e-01,3.523508608341217041e-01,-6.245512366294860840e-01,6.869117915630340576e-02,-2.362932562828063965e-01,2.222880534827709198e-02
3.173346281051635742e+00,-2.679131269454956055e+00,7.974389791488647461e-01,-2.621521428227424622e-02,4.232574999332427979e-02,9.137369394302368164e-01,4.032444059848785400e-01,-4.444712400436401367e-01,-4.798172414302825928e-02,2.428899705410003662e-01,2.805277407169342041e-01,-9.942805767059326172e-02,1.331252902746200562e-01,1.260052025318145752e-01,-3.194467350840568542e-02,9.871710091829299927e-02,3.595274686813354492e-01,1.957844197750091553e-01,6.236881762742996216e-02,1.811437159776687622e-01,0.000000000000000000e+00,0.000000000000000000e+00,2.797712087631225586e-01,-9.405474178493022919e-03,-2.581498622894287109e-01,-3.855285942554473877e-01,-1.364655196666717529e-01,-1.853186935186386108e-01,-1.938045918941497803e-01,-9.399512410163879395e-02,-1.663749963045120239e-01,3.507089316844940186e-01,-6.253593564033508301e-01,4.718929156661033630e-02,-2.467730194330215454e-01,6.011718884110450745e-03
3.208832025527954102e+00,-2.706425428390502930e+00,7.901799678802490234e-01,-2.117028459906578064e-02,5.147944018244743347e-02,9.083477854728698730e-01,4.144948720932006836e-01,-4.988189041614532471e-01,-4.060207679867744446e-02,2.747169435024261475e-01,3.022822141647338867e-01,-1.065099686384201050e-01,1.358096003532409668e-01,1.535156667232513428e-01,-4.424147307872772217e-02,1.649115383625030518e-01,2.953228354454040527e-01,1.978206932544708252e-01,6.698925048112869263e-02,2.186690568923950195e-01,0.000000000000000000e+00,0.000000000000000000e+00,2.689833343029022217e-01,-2.505548298358917236e-02,-2.765329778194427490e-01,-3.579732477664947510e-01,-1.314470022916793823e-01,-2.001751959323883057e-01,-1.763685196638107300e-01,-1.343401372432708740e-01,-1.887074559926986694e-01,3.774689137935638428e-01,-6.062878370285034180e-01,5.506674572825431824e-02,-2.557489573955535889e-01,-1.699513942003250122e-02
3.246805667877197266e+00,-2.732743024826049805e+00,7.866069078445434570e-01,-2.424612455070018768e-02,5.414485931396484375e-02,9.055486917495727539e-01,4.200738370418548584e-01,-5.533844232559204102e-01,-2.154838666319847107e-02,2.825649380683898926e-01,3.025548458099365234e-01,-1.234989836812019348e-01,1.210940778255462646e-01,1.351850777864456177e-01,-3.074171580374240875e-02,2.099573910236358643e-01,2.424941360950469971e-01,9.122257679700851440e-02,7.128149271011352539e-02,2.400678098201751709e-01,0.000000000000000000e+00,0.000000000000000000e+00,2.605910301208496094e-01,-2.796015888452529907e-02,-2.713106572628021240e-01,-3.724354207515716553e-01,-1.065405681729316711e-01,-2.116784006357192993e-01,-1.482885926961898804e-01,-1.642692685127258301e-01,-1.934227794408798218e-01,3.919447660446166992e-01,-6.136242151260375977e-01,6.714682281017303467e-02,-2.786376178264617920e-01,-2.544805407524108887e-02
3.287268638610839844e+00,-2.761301517486572266e+00,7.883711457252502441e-01,-3.016246668994426727e-02,5.413932725787162781e-02,9.056217074394226074e-01,4.195336997509002686e-01,-6.002810597419738770e-01,-6.008517462760210037e-03,2.762842178344726562e-01,2.797817885875701904e-01,-1.775445342063903809e-01,9.822905808687210083e-02,7.906141132116317749e-02,-2.273011580109596252e-02,1.350724548101425171e-01,2.552864849567413330e-01,-4.313737526535987854e-02,5.616068840026855469e-02,2.437369078397750854e-01,0.000000000000000000e+00,0.000000000000000000e+00,2.424137443304061890e-01,-2.340112067759037018e-02,-2.657611966133117676e-01,-3.923326730728149414e-01,-7.995443791151046753e-02,-2.158261537551879883e-01,-1.257012039422988892e-01,-1.982643157243728638e-01,-1.943120956420898438e-01,4.202924370765686035e-01,-6.134968996047973633e-01,5.773514881730079651e-02,-2.787261009216308594e-01,-3.636880964040756226e-02
3.325974464416503906e+00,-2.788201093673706055e+00,7.926149368286132812e-01,-2.978810109198093414e-02,6.027917936444282532e-02,9.131377935409545898e-01,4.020677208900451660e-01,-6.192635297775268555e-01,-2.433849312365055084e-02,2.745527029037475586e-01,2.273652106523513794e-01,-2.612277269363403320e-01,8.189065009355545044e-02,4.542262852191925049e-02,-2.729675173759460449e-02,4.123095050454139709e-02,2.268174588680267334e-01,-1.290296316146850586e-01,5.352162942290306091e-02,2.086753845214843750e-01,0.000000000000000000e+00,0.000000000000000000e+00,2.284782826900482178e-01,-2.134511992335319519e-02,-2.721295356750488281e-01,-4.259473085403442383e-01,-5.490003526210784912e-02,-2.104540467262268066e-01,-1.087267622351646423e-01,-2.147230207920074463e-01,-2.107851058244705200e-01,4.503067433834075928e-01,-6.168199181556701660e-01,4.020114615559577942e-02,-2.643156349658966064e-01,-3.037527389824390411e-02
3.362932443618774414e+00,-2.812586545944213867e+00,7.976264357566833496e-01,-3.034039400517940521e-02,6.150018796324729919e-02,9.217285513877868652e-01,3.817246258258819580e-01,-5.938315391540527344e-01,-4.392685741186141968e-02,2.935882210731506348e-01,1.360969543457031250e-01,-2.878020405769348145e-01,7.537961751222610474e-02,3.917932044714689255e-03,-1.759154535830020905e-02,-1.770878583192825317e-02,2.192411273717880249e-01,-1.822610199451446533e-01,5.048189684748649597e-02,1.688929051160812378e-01,0.000000000000000000e+00,0.000000000000000000e+00,2.040538191795349121e-01,-7.392362225800752640e-03,-2.934321761131286621e-01,-4.561898410320281982e-01,-5.167038366198539734e-02,-2.089362889528274536e-01,-9.745693951845169067e-02,-2.113596200942993164e-01,-2.104899436235427856e-01,4.627395272254943848e-01,-6.173933148384094238e-01,2.091226354241371155e-02,-2.561200857162475586e-01,-3.956563398241996765e-02
3.396558523178100586e+00,-2.835074424743652344e+00,7.992315292358398438e-01,-3.512053191661834717e-02,5.782349035143852234e-02,9.247691035270690918e-01,3.744664788246154785e-01,-5.846951007843017578e-01,-3.158775344491004944e-02,3.139510452747344971e-01,1.692424416542053223e-01,-2.637394070625305176e-01,7.694553583860397339e-02,-4.546955227851867676e-02,-2.443971578031778336e-03,-3.929792717099189758e-02,2.205256670713424683e-01,-2.075260281562805176e-01,3.000252880156040192e-02,1.508808434009552002e-01,0.000000000000000000e+00,0.000000000000000000e+00,1.815443933010101318e-01,6.136626005172729492e-03,-2.920726537704467773e-01,-4.865113496780395508e-01,-4.274785146117210388e-02,-2.071370929479598999e-01,-7.410982996225357056e-02,-2.058263868093490601e-01,-2.084104269742965698e-01,4.668835699558258057e-01,-6.165648102760314941e-01,2.752153947949409485e-02,-2.575691044330596924e-01,-2.517306245863437653e-02
3.426494121551513672e+00,-2.853343963623046875e+00,8.013323545455932617e-01,-3.964686021208763123e-02,5.071003735065460205e-02,9.232747554779052734e-01,3.787088692188262939e-01,-5.602674484252929688e-01,-7.186924107372760773e-03,2.835711538791656494e-01,2.555517852306365967e-01,-1.933550983667373657e-01,6.286045908927917480e-02,-8.019044995307922363e-02,2.023246325552463531e-02,-4.485479742288589478e-02,2.043665796518325806e-01,-1.889136582612991333e-01,6.112802773714065552e-03,1.517499834299087524e-01,0.000000000000000000e+00,0.000000000000000000e+00,1.637821048498153687e-01,2.493518963456153870e-02,-2.828555703163146973e-01,-5.138254761695861816e-01,-2.519909664988517761e-02,-2.100208699703216553e-01,-7.322299480438232422e-02,-1.899903714656829834e-01,-1.890579313039779663e-01,4.641493260860443115e-01,-5.985597968101501465e-01,1.979671046137809753e-02,-2.455447912216186523e-01,2.198476716876029968e-02
3.451242923736572266e+00,-2.869979381561279297e+00,8.074312210083007812e-01,-3.394261747598648071e-02,4.811958596110343933e-02,9.242095351219177246e-01,3.773182928562164307e-01,-4.879201352596282959e-01,-4.948317073285579681e-03,2.800812721252441406e-01,3.184760212898254395e-01,-1.511792689561843872e-01,5.241714790463447571e-02,-9.167931228876113892e-02,2.499751560389995575e-02,-4.931299760937690735e-02,1.801821589469909668e-01,-1.584402769804000854e-01,-1.374261546880006790e-02,1.428854763507843018e-01,0.000000000000000000e+00,0.000000000000000000e+00,1.449391394853591919e-01,3.300358355045318604e-02,-2.893094718456268311e-01,-5.171693563461303711e-01,-2.490706555545330048e-02,-2.206442356109619141e-01,-7.789836823940277100e-02,-1.556082218885421753e-01,-1.836921870708465576e-01,4.619786739349365234e-01,-5.750124454498291016e-01,2.701772190630435944e-02,-2.519813179969787598e-01,3.571076318621635437e-02
3.474845409393310547e+00,-2.886857509613037109e+00,8.134689331054687500e-01,-2.654276601970195770e-02,4.852694272994995117e-02,9.277825951576232910e-01,3.689987063407897949e-01,-4.015357494354248047e-01,-1.072975620627403259e-02,2.733215093612670898e-01,3.761819303035736084e-01,-1.195868179202079773e-01,6.580697745084762573e-02,-9.426379203796386719e-02,2.187982946634292603e-02,-6.368591636419296265e-02,1.462416797876358032e-01,-1.198243126273155212e-01,-1.935982145369052887e-02,1.170723065733909607e-01,0.000000000000000000e+00,0.000000000000000000e+00,1.244676187634468079e-01,3.678176552057266235e-02,-2.913253605365753174e-01,-5.160637497901916504e-01,-3.354051709175109863e-02,-2.312892377376556396e-01,-9.876972436904907227e-02,-1.160864755511283875e-01,-1.807535737752914429e-01,4.425451457500457764e-01,-5.495673418045043945e-01,3.862445801496505737e-02,-2.547599673271179199e-01,6.939899921417236328e-02
3.498235225677490234e+00,-2.905603408813476562e+00,8.194190859794616699e-01,-1.965894363820552826e-02,5.203393101692199707e-02,9.302940368652343750e-01,3.625727295875549316e-01,-3.138460218906402588e-01,-1.387060061097145081e-02,2.910017073154449463e-01,4.385068118572235107e-01,-8.889354020357131958e-02,7.103658467531204224e-02,-1.057294532656669617e-01,9.880526922643184662e-03,-7.777987420558929443e-02,1.286079585552215576e-01,-8.579222857952117920e-02,-2.031932584941387177e-02,9.350118041038513184e-02,0.000000000000000000e+00,0.000000000000000000e+00,1.077006608247756958e-01,3.317702561616897583e-02,-2.974070012569427490e-01,-5.239490270614624023e-01,-3.685989230871200562e-02,-2.279919683933258057e-01,-7.575737684965133667e-02,-7.043612748384475708e-02,-1.707499176263809204e-01,3.960516154766082764e-01,-5.239661931991577148e-01,2.321786060929298401e-02,-2.051853984594345093e-01,-5.466765724122524261e-03
3.519577980041503906e+00,-2.921160459518432617e+00,8.218333125114440918e-01,-1.264691539108753204e-02,5.045251175761222839e-02,9.362713694572448730e-01,3.474054336547851562e-01,-2.098670750856399536e-01,-1.616929657757282257e-02,2.808219492435455322e-01,4.701545834541320801e-01,-3.784010186791419983e-02,6.090633943676948547e-02,-1.135385408997535706e-01,1.164850965142250061e-02,-1.010199487209320068e-01,1.186749041080474854e-01,-6.510695070028305054e-02,-1.008848939090967178e-02,5.110749974846839905e-02,0.000000000000000000e+00,0.000000000000000000e+00,9.789457917213439941e-02,4.403455927968025208e-02,-2.917704880237579346e-01,-5.382883548736572266e-01,-5.458611994981765747e-02,-2.494787275791168213e-01,-9.787763655185699463e-02,-3.767254948616027832e-02,-1.828658729791641235e-01,3.898664116859436035e-01,-5.292210578918457031e-01,1.093081384897232056e-01,-2.343111485242843628e-01,-9.934708476066589355e-03
