-3.934200048446655273e+00,2.468035936355590820e+00,7.867970466613769531e-01,5.492593720555305481e-02,8.146254718303680420e-02,9.018982648849487305e-01,4.206263422966003418e-01,1.863693892955780029e-01,-1.535851210355758667e-01,6.273914575576782227e-01,2.524591237306594849e-02,-1.951386630535125732e-01,8.064197003841400146e-02,-5.075139552354812622e-02,-1.831395477056503296e-01,-1.326340883970260620e-01,6.045074015855789185e-02,3.923685252666473389e-01,9.021823108196258545e-02,-6.579314917325973511e-02,0.000000000000000000e+00,0.000000000000000000e+00,-7.540549617260694504e-03,-1.647216528654098511e-01,-4.862913191318511963e-01,-2.935132086277008057e-01,-3.377450406551361084e-01,-1.730879992246627808e-01,-9.070855379104614258e-02,-7.409496605396270752e-02,-4.411068186163902283e-02,3.709098100662231445e-01,-2.770553231239318848e-01,2.191215455532073975e-01,-1.161794513463973999e-01,-3.894486650824546814e-02
-3.929588317871093750e+00,2.465747356414794922e+00,7.879619002342224121e-01,3.377710655331611633e-02,9.908599406480789185e-02,9.196097254753112793e-01,3.786278367042541504e-01,1.507076621055603027e-01,-1.534981131553649902e-01,5.533189177513122559e-01,5.990114528685808182e-03,-1.890999972820281982e-01,8.988513052463531494e-02,-1.017145216464996338e-01,-2.093552201986312866e-01,-2.232245653867721558e-01,8.641546219587326050e-02,3.635420501232147217e-01,1.052023172378540039e-01,-1.594648361206054688e-01,0.000000000000000000e+00,0.000000000000000000e+00,-6.563691049814224243e-02,-1.800501644611358643e-01,-4.607985913753509521e-01,-3.264280855655670166e-01,-3.961755335330963135e-01,-1.331690996885299683e-01,-8.941645175218582153e-02,-1.287271529436111450e-01,-1.102451533079147339e-01,3.772069513797760010e-01,-3.364410102367401123e-01,2.487309724092483521e-01,-1.057336926460266113e-01,1.385151036083698273e-02
-3.927165985107421875e+00,2.467148303985595703e+00,7.890688180923461914e-01,1.583687029778957367e-02,1.073817908763885498e-01,9.240254759788513184e-01,3.665995895862579346e-01,9.538691490888595581e-02,-1.688446402549743652e-01,4.887920916080474854e-01,3.743821608281905355e-08,-1.978147029876708984e-01,8.973067998886108398e-02,-1.494366824626922607e-01,-2.102960199117660522e-01,-2.691442668437957764e-01,8.319851011037826538e-02,3.510619401931762695e-01,1.156718358397483826e-01,-1.652179807424545288e-01,0.000000000000000000e+00,0.000000000000000000e+00,-1.007219254970550537e-01,-1.901910901069641113e-01,-3.969517648220062256e-01,-3.386122286319732666e-01,-3.061022162437438965e-01,-1.226517707109451294e-01,-1.063485592603683472e-01,-1.090998724102973938e-01,-1.138614937663078308e-01,3.486724495887756348e-01,-4.043987095355987549e-01,9.659513831138610840e-02,-1.061168238520622253e-01,4.193435236811637878e-02
-3.929434776306152344e+00,2.474667787551879883e+00,7.799208760261535645e-01,-4.822205286473035812e-03,9.669072926044464111e-02,9.137409329414367676e-01,3.945949673652648926e-01,-3.227001428604125977e-01,-1.649055778980255127e-01,5.383946299552917480e-01,1.555568277835845947e-01,4.453404992818832397e-02,5.212785676121711731e-02,-1.540945619344711304e-01,-2.541730105876922607e-01,-6.102237701416015625e-01,1.026895195245742798e-01,4.877724647521972656e-01,1.092597376555204391e-02,2.081826031208038330e-01,0.000000000000000000e+00,0.000000000000000000e+00,-2.577922642230987549e-01,-1.219654232263565063e-01,-6.490609645843505859e-01,-3.089339733123779297e-01,-3.018544316291809082e-01,-2.716284990310668945e-01,-1.892183125019073486e-01,1.783504784107208252e-01,-1.035745739936828613e-01,-1.448832154273986816e-01,-5.638772249221801758e-01,1.363653093576431274e-01,-1.388132721185684204e-01,4.470508545637130737e-02
-3.924791097640991211e+00,2.470195055007934570e+00,7.865684032440185547e-01,8.241493254899978638e-03,1.108377724885940552e-01,9.253181219100952148e-01,3.625374436378479004e-01,8.260458707809448242e-03,-1.624160856008529663e-01,5.360558032989501953e-01,1.257100794464349747e-02,-1.726417392492294312e-01,7.791599631309509277e-02,-1.685089170932769775e-01,-2.252191156148910522e-01,-3.401154577732086182e-01,8.393014967441558838e-02,3.688262999057769775e-01,1.159047633409500122e-01,-1.092481389641761780e-01,0.000000000000000000e+00,0.000000000000000000e+00,-7.794125378131866455e-02,-1.695185303688049316e-01,-4.105175137519836426e-01,-3.834171891212463379e-01,-3.806243240833282471e-01,-1.185546219348907471e-01,-7.382165174931287766e-03,-2.645960822701454163e-02,-1.499601602554321289e-01,2.996343076229095459e-01,-4.626694917678833008e-01,2.503997683525085449e-01,-9.254910051822662354e-02,-1.111258659511804581e-02
-3.920539855957031250e+00,2.469169855117797852e+00,7.879079580307006836e-01,6.068853195756673813e-03,1.095526516437530518e-01,9.299190640449523926e-01,3.510154783725738525e-01,6.433560512959957123e-03,-1.745299249887466431e-01,5.176951289176940918e-01,3.082273341715335846e-02,-1.853012144565582275e-01,8.454990386962890625e-02,-1.679358035326004028e-01,-2.142279893159866333e-01,-3.312285244464874268e-01,8.222913742065429688e-02,3.785445988178253174e-01,1.134327650070190430e-01,-1.273757517337799072e-01,0.000000000000000000e+00,0.000000000000000000e+00,-8.307432383298873901e-02,-1.786386519670486450e-01,-3.645843267440795898e-01,-3.671310245990753174e-01,-2.672007977962493896e-01,-1.196006461977958679e-01,-5.742129683494567871e-02,-2.706243284046649933e-02,-1.256973147392272949e-01,2.608706951141357422e-01,-4.669903218746185303e-01,9.314794093370437622e-02,-9.919267892837524414e-02,3.487313911318778992e-02
-3.914459705352783203e+00,2.462285041809082031e+00,7.886730432510375977e-01,3.205289132893085480e-03,1.146143600344657898e-01,9.358510375022888184e-01,3.332207500934600830e-01,1.542878430336713791e-02,-1.688845306634902954e-01,5.379503965377807617e-01,1.576816476881504059e-02,-1.718827188014984131e-01,7.620509713888168335e-02,-1.746075451374053955e-01,-2.291854321956634521e-01,-3.428417146205902100e-01,8.948802947998046875e-02,3.869071304798126221e-01,1.189010813832283020e-01,-1.469133943319320679e-01,0.000000000000000000e+00,0.000000000000000000e+00,-9.636651724576950073e-02,-1.730816960334777832e-01,-4.175159335136413574e-01,-3.521331250667572021e-01,-3.234564363956451416e-01,-1.234313324093818665e-01,-4.023861885070800781e-02,-2.873426303267478943e-02,-1.479176580905914307e-01,2.892762422561645508e-01,-4.473356604576110840e-01,1.712774336338043213e-01,-9.881014376878738403e-02,6.885049864649772644e-03
-3.915015697479248047e+00,2.464529037475585938e+00,7.904142141342163086e-01,5.819592159241437912e-03,1.139533966779708862e-01,9.342932105064392090e-01,3.377527296543121338e-01,-1.461241953074932098e-02,-1.745294630527496338e-01,5.000981092453002930e-01,9.949200786650180817e-03,-1.802007555961608887e-01,7.818045467138290405e-02,-1.723581254482269287e-01,-2.202024459838867188e-01,-3.049179315567016602e-01,8.609401434659957886e-02,3.792676627635955811e-01,1.221681311726570129e-01,-1.315743774175643921e-01,0.000000000000000000e+00,0.000000000000000000e+00,-8.687666058540344238e-02,-1.770749241113662720e-01,-4.552195966243743896e-01,-3.365530967712402344e-01,-3.538645505905151367e-01,-1.416862756013870239e-01,-4.004640877246856689e-02,-1.921277493238449097e-02,-1.489057242870330811e-01,3.214590549468994141e-01,-4.371285140514373779e-01,1.880184412002563477e-01,-1.149048060178756714e-01,-4.628769122064113617e-03
-3.917316913604736328e+00,2.464847564697265625e+00,7.913236021995544434e-01,9.283328428864479065e-03,1.134736612439155579e-01,9.360342025756835938e-01,3.329827785491943359e-01,-3.942555934190750122e-02,-1.745299994945526123e-01,5.033174753189086914e-01,8.170874789357185364e-03,-1.840715110301971436e-01,7.472450286149978638e-02,-1.581914573907852173e-01,-2.221138775348663330e-01,-2.928435504436492920e-01,8.336228877305984497e-02,3.822237849235534668e-01,1.207022368907928467e-01,-1.221617162227630615e-01,0.000000000000000000e+00,0.000000000000000000e+00,-7.405498623847961426e-02,-1.858158707618713379e-01,-4.710002541542053223e-01,-3.303266763687133789e-01,-3.618081808090209961e-01,-1.459069103002548218e-01,-2.920612879097461700e-02,3.312917659059166908e-03,-1.567164063453674316e-01,3.323059678077697754e-01,-4.373383522033691406e-01,1.983080059289932251e-01,-1.207119822502136230e-01,-3.003553720191121101e-03
-3.917632341384887695e+00,2.464632272720336914e+00,7.913866639137268066e-01,1.110425870865583420e-02,1.135273799300193787e-01,9.356691837310791016e-01,3.339332044124603271e-01,-5.409795418381690979e-02,-1.745299994945526123e-01,4.847472310066223145e-01,1.259074173867702484e-02,-1.868479847908020020e-01,7.626317441463470459e-02,-1.551680564880371094e-01,-2.209038585424423218e-01,-2.752895951271057129e-01,8.353489637374877930e-02,3.841194808483123779e-01,1.194558963179588318e-01,-1.045175343751907349e-01,0.000000000000000000e+00,0.000000000000000000e+00,-6.387270987033843994e-02,-1.893283128738403320e-01,-4.667759239673614502e-01,-3.309034407138824463e-01,-3.641934692859649658e-01,-1.527643352746963501e-01,-3.130036592483520508e-02,1.917123980820178986e-02,-1.631564050912857056e-01,3.372263312339782715e-01,-4.369173347949981689e-01,2.085007876157760620e-01,-1.255593895912170410e-01,6.727066822350025177e-03
-3.919601917266845703e+00,2.464452743530273438e+00,7.946383953094482422e-01,2.125958539545536041e-02,1.194050535559654236e-01,9.320789575576782227e-01,3.413491845130920410e-01,-1.547152549028396606e-01,-1.556863784790039062e-01,5.268040895462036133e-01,1.603777259588241577e-01,-2.043118923902511597e-01,1.050887405872344971e-01,-1.477301865816116333e-01,-2.396257817745208740e-01,-2.531671822071075439e-01,9.027206152677536011e-02,3.673284351825714111e-01,1.081255003809928894e-01,-7.979375869035720825e-02,0.000000000000000000e+00,0.000000000000000000e+00,-3.928829729557037354e-02,-2.113042920827865601e-01,-4.569105505943298340e-01,-3.289798200130462646e-01,-3.584525287151336670e-01,-1.608405113220214844e-01,-6.108009442687034607e-02,3.987081721425056458e-02,-1.854366660118103027e-01,3.373801410198211670e-01,-4.343384802341461182e-01,2.035468071699142456e-01,-1.244962438941001892e-01,2.404884248971939087e-02
-3.918954133987426758e+00,2.460269927978515625e+00,7.934609055519104004e-01,1.962708495557308197e-02,1.190325096249580383e-01,9.342363476753234863e-01,3.356314003467559814e-01,-1.592521369457244873e-01,-1.480674743652343750e-01,5.441806316375732422e-01,1.821016520261764526e-01,-2.121326774358749390e-01,1.034926250576972961e-01,-1.605818867683410645e-01,-2.393212765455245972e-01,-2.739158272743225098e-01,9.239415824413299561e-02,3.757243156433105469e-01,1.103515699505805969e-01,-7.886394113302230835e-02,0.000000000000000000e+00,0.000000000000000000e+00,-3.003958798944950104e-02,-2.106921225786209106e-01,-4.539084732532501221e-01,-3.396739959716796875e-01,-3.535351455211639404e-01,-1.621509492397308350e-01,-6.911046057939529419e-02,4.790236428380012512e-02,-1.891377866268157959e-01,3.299580514430999756e-01,-4.367645978927612305e-01,2.050960361957550049e-01,-1.218081936240196228e-01,3.354492411017417908e-02
-3.917159557342529297e+00,2.456852197647094727e+00,7.933099865913391113e-01,1.736339740455150604e-02,1.188569962978363037e-01,9.337598681449890137e-01,3.371409177780151367e-01,-1.771642863750457764e-01,-1.498399227857589722e-01,5.124193429946899414e-01,2.049007564783096313e-01,-2.327683269977569580e-01,1.113137751817703247e-01,-1.721298545598983765e-01,-2.371471226215362549e-01,-2.517147064208984375e-01,1.092620268464088440e-01,3.697513341903686523e-01,1.062367856502532959e-01,-7.586669176816940308e-02,0.000000000000000000e+00,0.000000000000000000e+00,-2.454248256981372833e-02,-2.055508792400360107e-01,-4.604782462120056152e-01,-3.516580164432525635e-01,-3.361377716064453125e-01,-1.704127490520477295e-01,-9.109379351139068604e-02,4.707987606525421143e-02,-1.920458972454071045e-01,3.279687762260437012e-01,-4.421195387840270996e-01,1.735075265169143677e-01,-1.287879198789596558e-01,4.695783182978630066e-02
-3.917798042297363281e+00,2.450503349304199219e+00,7.933962941169738770e-01,1.583141274750232697e-02,1.186316385865211487e-01,9.416086077690124512e-01,3.147207796573638916e-01,-1.783986389636993408e-01,-1.547496914863586426e-01,5.109368562698364258e-01,1.865142881870269775e-01,-2.502869069576263428e-01,1.130963787436485291e-01,-1.649017632007598877e-01,-2.331709712743759155e-01,-2.054460048675537109e-01,1.181046292185783386e-01,3.695795238018035889e-01,1.022057756781578064e-01,-1.162063106894493103e-01,0.000000000000000000e+00,0.000000000000000000e+00,-2.136299572885036469e-02,-2.075401693582534790e-01,-4.688128530979156494e-01,-3.560847342014312744e-01,-3.218166828155517578e-01,-1.637087017297744751e-01,-8.692990243434906006e-02,5.146359279751777649e-02,-1.964880079030990601e-01,3.162720799446105957e-01,-4.403564929962158203e-01,1.680842339992523193e-01,-1.213306188583374023e-01,4.176392778754234314e-02
-3.916392803192138672e+00,2.447159051895141602e+00,7.934938073158264160e-01,1.184721942991018295e-02,1.164363622665405273e-01,9.402116537094116211e-01,3.198504149913787842e-01,-1.928780525922775269e-01,-1.650153398513793945e-01,4.611262381076812744e-01,1.864381879568099976e-01,-2.726085484027862549e-01,1.213151887059211731e-01,-1.869391351938247681e-01,-2.202166765928268433e-01,-1.635971963405609131e-01,1.325144618749618530e-01,3.577446341514587402e-01,1.011220440268516541e-01,-1.197201386094093323e-01,0.000000000000000000e+00,0.000000000000000000e+00,-1.654721423983573914e-02,-2.027365863323211670e-01,-4.668404757976531982e-01,-3.553127348423004150e-01,-3.388808071613311768e-01,-1.585879623889923096e-01,-7.594537734985351562e-02,4.724668711423873901e-02,-2.014225870370864868e-01,3.352058231830596924e-01,-4.430539309978485107e-01,1.785775423049926758e-01,-1.267710924148559570e-01,3.416420519351959229e-02
-3.912901639938354492e+00,2.441745758056640625e+00,7.931336164474487305e-01,6.156601477414369583e-03,1.141700819134712219e-01,9.435017704963684082e-01,3.110171854496002197e-01,-2.148308008909225464e-01,-1.583011001348495483e-01,4.576813578605651855e-01,1.952986270189285278e-01,-2.831262052059173584e-01,1.263856887817382812e-01,-2.051527798175811768e-01,-2.060814052820205688e-01,-1.363025307655334473e-01,1.428251266479492188e-01,3.489308655261993408e-01,1.011676415801048279e-01,-1.490059643983840942e-01,0.000000000000000000e+00,0.000000000000000000e+00,-1.650278642773628235e-02,-1.949863433837890625e-01,-4.524693787097930908e-01,-3.551464378833770752e-01,-3.384406268596649170e-01,-1.548815071582794189e-01,-5.360884219408035278e-02,3.807551041245460510e-02,-1.942804008722305298e-01,3.260803222656250000e-01,-4.451749324798583984e-01,1.759965121746063232e-01,-1.308301836252212524e-01,8.395132608711719513e-03
-3.905852794647216797e+00,2.432805299758911133e+00,7.936346530914306641e-01,-4.139518365263938904e-03,1.128818616271018982e-01,9.481937885284423828e-01,2.969328761100769043e-01,-2.375335842370986938e-01,-1.465800106525421143e-01,4.890753328800201416e-01,1.919331103563308716e-01,-2.872262895107269287e-01,1.258810162544250488e-01,-2.362898141145706177e-01,-2.022738754749298096e-01,-1.502872109413146973e-01,1.545303314924240112e-01,3.485705256462097168e-01,1.012370586395263672e-01,-1.902504861354827881e-01,0.000000000000000000e+00,0.000000000000000000e+00,-2.802342735230922699e-02,-1.842664629220962524e-01,-4.625202417373657227e-01,-3.501093685626983643e-01,-3.124938309192657471e-01,-1.475335806608200073e-01,-4.819767177104949951e-02,1.551132835447788239e-02,-1.861143708229064941e-01,3.268806338310241699e-01,-4.457260668277740479e-01,1.491380333900451660e-01,-1.250382214784622192e-01,-1.031526643782854080e-02
-3.896937608718872070e+00,2.430124759674072266e+00,7.996294498443603516e-01,-1.576432585716247559e-02,9.909819811582565308e-02,9.377530813217163086e-01,3.324908912181854248e-01,-3.601117432117462158e-01,-1.731048226356506348e-01,2.126868665218353271e-01,3.577525317668914795e-01,-3.921009004116058350e-01,1.613352447748184204e-01,-2.626118659973144531e-01,-1.373326927423477173e-01,-1.211678516119718552e-02,1.660379171371459961e-01,3.067951202392578125e-01,8.324573934078216553e-02,-1.445043236017227173e-01,0.000000000000000000e+00,0.000000000000000000e+00,-1.858490519225597382e-02,-1.349621266126632690e-01,-4.875866770744323730e-01,-3.566216826438903809e-01,-3.338115513324737549e-01,-1.729246079921722412e-01,-3.076010011136531830e-02,6.423546001315116882e-03,-1.490553468465805054e-01,3.556411266326904297e-01,-4.449482560157775879e-01,1.156385093927383423e-01,-1.604137569665908813e-01,-4.613031819462776184e-02
-3.889967679977416992e+00,2.422157287597656250e+00,8.023808002471923828e-01,-2.257152646780014038e-02,9.890320152044296265e-02,9.377344846725463867e-01,3.322087824344635010e-01,-3.765144348144531250e-01,-1.644822359085083008e-01,2.304208427667617798e-01,3.509586751461029053e-01,-3.884530663490295410e-01,1.650994718074798584e-01,-2.826148867607116699e-01,-1.426196545362472534e-01,-2.095653861761093140e-02,1.850401461124420166e-01,3.003789782524108887e-01,8.652934432029724121e-02,-1.558767110109329224e-01,0.000000000000000000e+00,0.000000000000000000e+00,-2.004788257181644440e-02,-1.300797611474990845e-01,-4.886775612831115723e-01,-3.659182190895080566e-01,-3.156395554542541504e-01,-1.768657714128494263e-01,-7.686239201575517654e-03,-9.091763757169246674e-03,-1.508490890264511108e-01,3.658619225025177002e-01,-4.579695165157318115e-01,1.029133424162864685e-01,-1.687530726194381714e-01,-7.894248515367507935e-02
-3.878899335861206055e+00,2.415490150451660156e+00,8.036076426506042480e-01,-2.810860238969326019e-02,9.991137683391571045e-02,9.383810162544250488e-01,3.296493887901306152e-01,-3.951221704483032227e-01,-1.541602611541748047e-01,2.483665645122528076e-01,3.432346582412719727e-01,-3.819978833198547363e-01,1.665996760129928589e-01,-3.098895251750946045e-01,-1.450650393962860107e-01,-5.545745417475700378e-02,2.009174227714538574e-01,2.925807535648345947e-01,8.868207037448883057e-02,-1.592918932437896729e-01,0.000000000000000000e+00,0.000000000000000000e+00,-1.817313022911548615e-02,-1.245277896523475647e-01,-4.431388080120086670e-01,-4.037857651710510254e-01,-3.120020627975463867e-01,-1.682270616292953491e-01,3.904563561081886292e-02,-2.478432282805442810e-02,-1.555287539958953857e-01,3.771938681602478027e-01,-4.725766181945800781e-01,1.176976785063743591e-01,-1.670507192611694336e-01,-1.135855987668037415e-01
-3.871279239654541016e+00,2.408663034439086914e+00,8.077718019485473633e-01,-3.204673901200294495e-02,9.494727849960327148e-02,9.379278421401977539e-01,3.320381939411163330e-01,-4.099235236644744873e-01,-1.501829326152801514e-01,2.265599370002746582e-01,3.390980660915374756e-01,-4.137680232524871826e-01,1.797515451908111572e-01,-2.934549748897552490e-01,-1.303607970476150513e-01,-3.368760272860527039e-02,2.599955499172210693e-01,2.944885194301605225e-01,9.616263955831527710e-02,-1.597876101732254028e-01,0.000000000000000000e+00,0.000000000000000000e+00,1.807511970400810242e-02,-1.159223541617393494e-01,-4.171726703643798828e-01,-4.536980986595153809e-01,-2.568697333335876465e-01,-1.717402487993240356e-01,1.871813274919986725e-02,-3.455831483006477356e-02,-1.493623852729797363e-01,3.840798437595367432e-01,-5.263815522193908691e-01,3.733252733945846558e-02,-1.810746490955352783e-01,-1.021623015403747559e-01
-3.863502740859985352e+00,2.402256965637207031e+00,8.105341792106628418e-01,-3.144962713122367859e-02,8.758011460304260254e-02,9.375815391540527344e-01,3.350842893123626709e-01,-4.150051474571228027e-01,-1.351931691169738770e-01,2.308793962001800537e-01,3.396307229995727539e-01,-4.213500618934631348e-01,1.851437389850616455e-01,-2.659995555877685547e-01,-1.209599375724792480e-01,-6.241015344858169556e-02,3.168688416481018066e-01,3.089020848274230957e-01,9.519605338573455811e-02,-1.475955992937088013e-01,0.000000000000000000e+00,0.000000000000000000e+00,4.763036221265792847e-02,-1.160240024328231812e-01,-3.998634517192840576e-01,-4.626223146915435791e-01,-1.951616257429122925e-01,-1.714907437562942505e-01,-2.228387445211410522e-02,-4.079997912049293518e-02,-1.400968283414840698e-01,3.752231001853942871e-01,-5.726952552795410156e-01,-5.022407695651054382e-02,-1.915877014398574829e-01,-7.020089775323867798e-02
-3.854654073715209961e+00,2.396787643432617188e+00,8.134910464286804199e-01,-2.723475173115730286e-02,7.739545404911041260e-02,9.359496235847473145e-01,3.424420058727264404e-01,-4.165243804454803467e-01,-1.166607141494750977e-01,2.254815548658370972e-01,3.423835039138793945e-01,-4.346927702426910400e-01,1.903643608093261719e-01,-2.116421908140182495e-01,-1.047504618763923645e-01,-6.139910593628883362e-02,3.957260549068450928e-01,3.378791213035583496e-01,1.031958311796188354e-01,-1.165108531713485718e-01,0.000000000000000000e+00,0.000000000000000000e+00,8.400166779756546021e-02,-1.209477707743644714e-01,-3.532156646251678467e-01,-5.212194323539733887e-01,-5.928794667124748230e-02,-2.086230814456939697e-01,-4.019703716039657593e-02,-4.636680334806442261e-02,-1.358505636453628540e-01,3.907381296157836914e-01,-6.061192750930786133e-01,-8.093549311161041260e-02,-2.057479172945022583e-01,-6.331083178520202637e-02
-3.845289707183837891e+00,2.391387939453125000e+00,8.161720633506774902e-01,-2.223451621830463409e-02,6.596650183200836182e-02,9.336588382720947266e-01,3.513335585594177246e-01,-4.156411886215209961e-01,-8.998250961303710938e-02,2.379988729953765869e-01,3.531177043914794922e-01,-4.381809234619140625e-01,1.889797151088714600e-01,-1.639045178890228271e-01,-9.980457276105880737e-02,-9.381136298179626465e-02,4.728299975395202637e-01,3.438663780689239502e-01,9.824065864086151123e-02,-7.669949531555175781e-02,0.000000000000000000e+00,0.000000000000000000e+00,1.262742578983306885e-01,-1.186945289373397827e-01,-3.319668471813201904e-01,-5.257869362831115723e-01,-6.525038927793502808e-02,-1.990011185407638550e-01,-4.027191177010536194e-02,-5.732543393969535828e-02,-1.308277845382690430e-01,3.981941938400268555e-01,-6.109687089920043945e-01,-6.165770813822746277e-02,-2.071316242218017578e-01,-6.714322417974472046e-02
-3.834040403366088867e+00,2.385689496994018555e+00,8.169590830802917480e-01,-3.166216611862182617e-02,2.251612208783626556e-02,9.219822883605957031e-01,3.852780461311340332e-01,-3.633322119712829590e-01,-1.133928894996643066e-01,-1.356026530265808105e-01,2.781628966331481934e-01,-2.407562881708145142e-01,1.207889914512634277e-01,-2.272987216711044312e-01,-7.395552098751068115e-02,-1.322269439697265625e-01,6.356458663940429688e-01,5.309182032942771912e-02,-6.751175504177808762e-03,9.320970624685287476e-03,0.000000000000000000e+00,0.000000000000000000e+00,1.735315173864364624e-01,-5.377136170864105225e-02,-3.156903088092803955e-01,-5.082443952560424805e-01,-3.311919793486595154e-02,-2.347060441970825195e-01,-4.802533239126205444e-02,-7.388437539339065552e-02,-5.425238981842994690e-02,4.172673225402832031e-01,-6.109461188316345215e-01,-1.265094280242919922e-01,-2.747837007045745850e-01,-5.324864387512207031e-02
-3.826145172119140625e+00,2.380363464355468750e+00,8.185562491416931152e-01,-2.492686174809932709e-02,3.585888072848320007e-02,9.251559972763061523e-01,3.770666122436523438e-01,-3.898652195930480957e-01,-9.675319492816925049e-02,3.234103322029113770e-02,3.052174448966979980e-01,-3.383674621582031250e-01,1.486886292695999146e-01,-1.573165357112884521e-01,-1.378566473722457886e-01,-1.668756306171417236e-01,6.170426011085510254e-01,8.038178831338882446e-02,2.020686399191617966e-03,2.341087721288204193e-02,0.000000000000000000e+00,0.000000000000000000e+00,1.957726478576660156e-01,-7.896232604980468750e-02,-2.950916588306427002e-01,-5.044462084770202637e-01,-5.201710015535354614e-02,-2.406559288501739502e-01,-4.727598279714584351e-02,-8.408694714307785034e-02,-9.153362363576889038e-02,4.003138244152069092e-01,-6.377355456352233887e-01,-4.806049913167953491e-02,-2.642308771610260010e-01,-6.943131983280181885e-02
-3.810335159301757812e+00,2.374162435531616211e+00,8.076224327087402344e-01,-3.351918607950210571e-02,9.278764948248863220e-03,9.180546402931213379e-01,3.949254155158996582e-01,-3.539033234119415283e-01,-2.227627485990524292e-02,1.037039682269096375e-01,2.214006930589675903e-01,-6.390702724456787109e-02,1.122408434748649597e-01,-9.634412080049514771e-02,-8.840416371822357178e-02,-1.467654705047607422e-01,5.936779379844665527e-01,1.437168270349502563e-01,-1.699173636734485626e-02,9.271649271249771118e-02,0.000000000000000000e+00,0.000000000000000000e+00,2.188387811183929443e-01,-3.386370092630386353e-02,-2.825931906700134277e-01,-5.039019584655761719e-01,-6.919966638088226318e-02,-2.355978637933731079e-01,-5.476274341344833374e-02,-1.046146601438522339e-01,-4.723939299583435059e-02,3.816023170948028564e-01,-6.538366675376892090e-01,-1.363595481961965561e-02,-2.522246539592742920e-01,-6.156177073717117310e-02
-3.795386314392089844e+00,2.366214036941528320e+00,8.018754720687866211e-01,-2.617252990603446960e-02,8.194498717784881592e-03,9.140785336494445801e-01,4.046087265014648438e-01,-3.534578680992126465e-01,-1.842115446925163269e-02,1.085840016603469849e-01,2.185931056737899780e-01,-4.269976168870925903e-02,1.030470430850982666e-01,-4.135133698582649231e-02,-8.821186423301696777e-02,-1.188605353236198425e-01,5.635604262351989746e-01,1.667607575654983521e-01,1.261679921299219131e-03,1.378663331270217896e-01,0.000000000000000000e+00,0.000000000000000000e+00,2.301622331142425537e-01,-3.665631264448165894e-02,-2.858008146286010742e-01,-4.702350199222564697e-01,-6.990019977092742920e-02,-2.499222606420516968e-01,-6.549609452486038208e-02,-1.282500773668289185e-01,-5.029473826289176941e-02,3.823170065879821777e-01,-6.528304815292358398e-01,-1.201473176479339600e-03,-2.611955702304840088e-01,-6.721413135528564453e-02
-3.779190540313720703e+00,2.356576919555664062e+00,7.970113158226013184e-01,-1.369519624859094620e-02,1.586299017071723938e-02,9.108900427818298340e-01,4.121167063713073730e-01,-3.599714934825897217e-01,-3.547379747033119202e-02,8.838711678981781006e-02,2.351173162460327148e-01,-8.776083588600158691e-02,1.147339046001434326e-01,1.263398025184869766e-02,-1.002527028322219849e-01,-7.134744524955749512e-02,5.098294019699096680e-01,1.870164573192596436e-01,3.485664725303649902e-02,1.771075278520584106e-01,0.000000000000000000e+00,0.000000000000000000e+00,2.474403083324432373e-01,-5.191991105675697327e-02,-2.954766154289245605e-01,-4.493141472339630127e-01,-7.123088836669921875e-02,-2.618684768676757812e-01,-7.486178725957870483e-02,-1.415105462074279785e-01,-7.073026150465011597e-02,3.853070437908172607e-01,-6.614131927490234375e-01,-3.949210513383150101e-03,-2.770638465881347656e-01,-7.064475119113922119e-02
-3.759155750274658203e+00,2.346904039382934570e+00,7.902432084083557129e-01,-6.526371464133262634e-03,1.612311601638793945e-02,9.078121781349182129e-01,4.190160930156707764e-01,-3.833438158035278320e-01,-7.540053222328424454e-03,1.624124646186828613e-01,2.543106675148010254e-01,-7.313798367977142334e-02,1.138518005609512329e-01,3.691545128822326660e-02,-9.579970687627792358e-02,-2.503034844994544983e-02,4.622704088687896729e-01,1.570867747068405151e-01,4.855574294924736023e-02,2.002050280570983887e-01,0.000000000000000000e+00,0.000000000000000000e+00,2.663825452327728271e-01,-5.141860246658325195e-02,-2.758666574954986572e-01,-4.463664889335632324e-01,-9.803158789873123169e-02,-2.684854865074157715e-01,-7.124818861484527588e-02,-1.665457338094711304e-01,-7.587324827909469604e-02,3.996352255344390869e-01,-6.622327566146850586e-01,2.989148534834384918e-02,-2.760376036167144775e-01,-6.857537478208541870e-02
-3.737468719482421875e+00,2.335958242416381836e+00,7.848681211471557617e-01,-3.697095671668648720e-03,1.304638292640447617e-02,9.062821269035339355e-01,4.224556684494018555e-01,-4.073553979396820068e-01,1.663435995578765869e-02,1.862303018569946289e-01,2.683812379837036133e-01,-5.332458019256591797e-02,1.088591367006301880e-01,2.771242521703243256e-02,-7.178032398223876953e-02,3.447044268250465393e-02,4.488475322723388672e-01,7.353622466325759888e-02,5.142878368496894836e-02,2.065311074256896973e-01,0.000000000000000000e+00,0.000000000000000000e+00,2.706549167633056641e-01,-5.111629143357276917e-02,-2.650452852249145508e-01,-4.224354922771453857e-01,-6.902310997247695923e-02,-2.580101490020751953e-01,-9.394999593496322632e-02,-1.926217228174209595e-01,-6.840100884437561035e-02,4.156942069530487061e-01,-6.627379059791564941e-01,1.439695712178945541e-02,-2.767896950244903564e-01,-5.542765185236930847e-02
-3.710801124572753906e+00,2.320076942443847656e+00,7.826228141784667969e-01,-1.037977449595928192e-02,5.855855997651815414e-03,9.076061844825744629e-01,4.196533858776092529e-01,-4.382815062999725342e-01,4.577954113483428955e-02,1.929100751876831055e-01,2.428722530603408813e-01,1.024542725645005703e-03,1.030883193016052246e-01,-1.663669012486934662e-02,-2.846170403063297272e-02,6.850375235080718994e-02,4.747849106788635254e-01,-2.964395843446254730e-02,3.709292039275169373e-02,1.949915885925292969e-01,0.000000000000000000e+00,0.000000000000000000e+00,2.615973651409149170e-01,-3.995718434453010559e-02,-2.433039546012878418e-01,-4.077011942863464355e-01,-8.121786266565322876e-02,-2.615072429180145264e-01,-8.106232434511184692e-02,-2.205906063318252563e-01,-5.284814909100532532e-02,4.206295609474182129e-01,-6.643143892288208008e-01,5.763842537999153137e-02,-2.843531072139739990e-01,-6.396516412496566772e-02
-3.682164669036865234e+00,2.304702043533325195e+00,7.846016287803649902e-01,-2.590245753526687622e-02,-6.920920219272375107e-03,9.063034653663635254e-01,4.217762351036071777e-01,-4.640776515007019043e-01,8.712615817785263062e-02,1.760609298944473267e-01,2.187207788228988647e-01,6.451691687107086182e-02,7.434032112360000610e-02,-1.313437372446060181e-01,2.526828460395336151e-02,4.951904341578483582e-02,5.804349184036254883e-01,-2.814322710037231445e-01,2.751903980970382690e-02,1.932586282491683960e-01,0.000000000000000000e+00,0.000000000000000000e+00,2.306866943836212158e-01,-9.203768335282802582e-03,-2.372654378414154053e-01,-3.976046144962310791e-01,-9.136232733726501465e-02,-2.505181431770324707e-01,-7.137503474950790405e-02,-2.461736500263214111e-01,-1.642292365431785583e-02,4.158147871494293213e-01,-6.612595319747924805e-01,7.194846123456954956e-02,-2.834998071193695068e-01,-7.077595591545104980e-02
-3.647614717483520508e+00,2.287623882293701172e+00,7.858918309211730957e-01,-3.107343427836894989e-02,-1.180952042341232300e-02,9.025760293006896973e-01,4.292453229427337646e-01,-4.660679101943969727e-01,1.101407632231712341e-01,1.509261280298233032e-01,1.550843417644500732e-01,1.500009000301361084e-01,3.571116179227828979e-02,-1.576135158538818359e-01,5.014369636774063110e-02,2.312474884092807770e-02,5.477425456047058105e-01,-2.566951215267181396e-01,5.231591407209634781e-03,1.932556927204132080e-01,0.000000000000000000e+00,0.000000000000000000e+00,2.063325792551040649e-01,2.583737950772047043e-03,-2.533880174160003662e-01,-3.880814015865325928e-01,-7.336188852787017822e-02,-2.496894598007202148e-01,-4.826759919524192810e-02,-2.484252303838729858e-01,1.484474632889032364e-02,4.082614183425903320e-01,-6.582542657852172852e-01,2.411350049078464508e-02,-2.774887084960937500e-01,-8.059620857238769531e-02
-3.614337921142578125e+00,2.269955873489379883e+00,7.866698503494262695e-01,-4.663554951548576355e-02,-2.027573250234127045e-02,8.997163176536560059e-01,4.335027039051055908e-01,-4.842902123928070068e-01,1.512718200683593750e-01,1.212011203169822693e-01,9.322427213191986084e-02,2.593007385730743408e-01,-4.367486573755741119e-03,-2.019375264644622803e-01,8.795410394668579102e-02,-2.695194911211729050e-03,5.070511698722839355e-01,-2.823985219001770020e-01,-2.025034464895725250e-02,2.022719681262969971e-01,0.000000000000000000e+00,0.000000000000000000e+00,1.567574441432952881e-01,3.328128159046173096e-02,-2.858779430389404297e-01,-3.901852071285247803e-01,-5.879893526434898376e-02,-2.532291412353515625e-01,-3.531766682863235474e-02,-2.403420060873031616e-01,4.186631366610527039e-02,3.987748920917510986e-01,-6.495215296745300293e-01,-4.255161155015230179e-03,-2.772520780563354492e-01,-1.098148822784423828e-01
-3.587941884994506836e+00,2.247406482696533203e+00,8.153707385063171387e-01,7.248505018651485443e-03,5.183535814285278320e-02,9.298965334892272949e-01,3.640782237052917480e-01,-5.173261165618896484e-01,1.677775010466575623e-02,3.092313110828399658e-01,1.797406375408172607e-01,-3.995730280876159668e-01,1.200233176350593567e-01,-1.641588658094406128e-01,-1.064213961362838745e-01,-1.424548029899597168e-01,4.744853079319000244e-01,-3.106556832790374756e-01,4.224611073732376099e-02,3.935948014259338379e-02,0.000000000000000000e+00,0.000000000000000000e+00,1.596577614545822144e-01,-9.126383811235427856e-02,-3.099177777767181396e-01,-4.113219678401947021e-01,-5.834242329001426697e-02,-2.547751665115356445e-01,-4.845840483903884888e-02,-1.832091957330703735e-01,-8.616388589143753052e-02,4.429073035717010498e-01,-6.134667992591857910e-01,-3.418366238474845886e-02,-2.754143178462982178e-01,-1.423443704843521118e-01
-3.559458971023559570e+00,2.230785846710205078e+00,8.258814811706542969e-01,8.898410946130752563e-03,5.627471581101417542e-02,9.271690845489501953e-01,3.702856898307800293e-01,-5.263651013374328613e-01,4.166845977306365967e-02,3.226813375949859619e-01,3.117102086544036865e-01,-4.409942626953125000e-01,1.334614157676696777e-01,-1.788250207901000977e-01,-1.021328866481781006e-01,-1.416548490524291992e-01,4.290228188037872314e-01,-2.730636298656463623e-01,2.700945921242237091e-02,3.378935903310775757e-02,0.000000000000000000e+00,0.000000000000000000e+00,1.489832252264022827e-01,-9.625878185033798218e-02,-2.774890661239624023e-01,-4.621696472167968750e-01,-3.117512166500091553e-02,-2.543370723724365234e-01,-4.971548914909362793e-02,-1.469748318195343018e-01,-8.712485432624816895e-02,4.398617148399353027e-01,-5.809573531150817871e-01,-3.477502241730690002e-02,-2.633162438869476318e-01,-1.288761645555496216e-01
-3.536693811416625977e+00,2.213215827941894531e+00,8.336104750633239746e-01,9.070224128663539886e-03,5.833541601896286011e-02,9.241459965705871582e-01,3.774504363536834717e-01,-5.194299221038818359e-01,5.520709604024887085e-02,3.190665543079376221e-01,4.714295566082000732e-01,-4.770600795745849609e-01,1.486100852489471436e-01,-1.988617181777954102e-01,-9.647352248430252075e-02,-1.246742829680442810e-01,3.930478692054748535e-01,-2.217064201831817627e-01,1.042107678949832916e-02,3.664580360054969788e-02,0.000000000000000000e+00,0.000000000000000000e+00,1.223558932542800903e-01,-9.057428687810897827e-02,-2.696411907672882080e-01,-4.987994134426116943e-01,-3.478822857141494751e-02,-2.500618398189544678e-01,-5.341600254178047180e-02,-9.997374564409255981e-02,-8.848438411951065063e-02,4.221872985363006592e-01,-5.389861464500427246e-01,-4.697870090603828430e-02,-2.394440025091171265e-01,-8.195494115352630615e-02
-3.515654802322387695e+00,2.197342872619628906e+00,8.391187787055969238e-01,8.397744968533515930e-03,5.256114900112152100e-02,9.272494316101074219e-01,3.706416785717010498e-01,-4.246362149715423584e-01,1.382298469543457031e-01,4.984080493450164795e-01,5.499752759933471680e-01,-3.497886657714843750e-01,1.788901686668395996e-01,-2.008958309888839722e-01,-7.852149754762649536e-02,-1.366266310214996338e-01,3.467819392681121826e-01,-1.697656810283660889e-01,-9.294650517404079437e-03,1.722539216279983521e-02,0.000000000000000000e+00,0.000000000000000000e+00,8.206564933061599731e-02,-6.512212753295898438e-02,-2.999181449413299561e-01,-5.147345662117004395e-01,-3.396441042423248291e-02,-2.542240619659423828e-01,-3.405760973691940308e-02,-4.752907902002334595e-02,-7.833349704742431641e-02,3.986494541168212891e-01,-5.002170801162719727e-01,-2.306072786450386047e-02,-2.185664921998977661e-01,-5.814448371529579163e-02
-3.495848655700683594e+00,2.179280042648315430e+00,8.460501432418823242e-01,1.533231046050786972e-02,5.771484971046447754e-02,9.284357428550720215e-01,3.666619658470153809e-01,-3.524250090122222900e-01,1.023842245340347290e-01,4.696653783321380615e-01,6.454920172691345215e-01,-3.254736959934234619e-01,1.757660508155822754e-01,-2.033086121082305908e-01,-9.673448652029037476e-02,-1.686946898698806763e-01,3.062820136547088623e-01,-1.207550317049026489e-01,-1.663293316960334778e-02,-9.361162083223462105e-04,0.000000000000000000e+00,0.000000000000000000e+00,7.004149258136749268e-02,-3.930489346385002136e-02,-3.672679662704467773e-01,-5.383518934249877930e-01,-2.493121922016143799e-01,-3.176660239696502686e-01,4.666472598910331726e-02,1.059350650757551193e-02,-9.269598126411437988e-02,3.737629950046539307e-01,-4.449690282344818115e-01,1.239395886659622192e-02,-2.436174899339675903e-01,-4.547332227230072021e-02
-3.475407361984252930e+00,2.163114309310913086e+00,8.464354276657104492e-01,1.461804751306772232e-02,4.899540916085243225e-02,9.295838475227355957e-01,3.650474846363067627e-01,-2.325810790061950684e-01,5.405700579285621643e-02,4.100778698921203613e-01,5.981287360191345215e-01,-9.543474763631820679e-02,1.177395358681678772e-01,-2.081969082355499268e-01,-7.008019089698791504e-02,-1.520307660102844238e-01,2.727558314800262451e-01,-7.928173989057540894e-02,-4.470405727624893188e-02,-2.008820883929729462e-02,0.000000000000000000e+00,0.000000000000000000e+00,5.274501815438270569e-02,8.557914406992495060e-04,-3.859644532203674316e-01,-5.815581679344177246e-01,-3.096452951431274414e-01,-3.313908576965332031e-01,7.289765030145645142e-02,6.898805499076843262e-02,-7.728281617164611816e-02,3.375693857669830322e-01,-4.099600017070770264e-01,3.411374613642692566e-02,-2.321751117706298828e-01,-7.735910359770059586e-03
-3.453691005706787109e+00,2.144825696945190430e+00,8.471515774726867676e-01,1.967344991862773895e-02,5.115209519863128662e-02,9.332916736602783203e-01,3.549127578735351562e-01,-1.445347815752029419e-01,2.618883922696113586e-02,3.747774958610534668e-01,6.252112388610839844e-01,-4.703994840383529663e-02,9.857068210840225220e-02,-2.152186930179595947e-01,-7.924111932516098022e-02,-1.673126071691513062e-01,2.490601539611816406e-01,-5.073010548949241638e-02,-6.163496896624565125e-02,-6.361506134271621704e-02,0.000000000000000000e+00,0.000000000000000000e+00,3.972904384136199951e-02,-1.192189939320087433e-02,-3.195340037345886230e-01,-6.498786211013793945e-01,-9.858696162700653076e-02,-2.975031435489654541e-01,-3.649703925475478172e-03,1.262556761503219604e-01,-8.981170505285263062e-02,3.149302899837493896e-01,-3.840421736240386963e-01,3.690504282712936401e-02,-1.981944739818572998e-01,3.752372413873672485e-02
-3.432146072387695312e+00,2.124998092651367188e+00,8.438896536827087402e-01,2.244769781827926636e-02,5.254820361733436584e-02,9.363650679588317871e-01,3.463455438613891602e-01,-6.940469890832901001e-02,-9.007520042359828949e-03,3.048870563507080078e-01,6.448140740394592285e-01,-1.709928922355175018e-02,9.847656637430191040e-02,-2.392508685588836670e-01,-9.021424502134323120e-02,-1.833532005548477173e-01,2.482510209083557129e-01,-3.142230212688446045e-02,-6.177171692252159119e-02,-1.051208600401878357e-01,0.000000000000000000e+00,0.000000000000000000e+00,2.471099421381950378e-02,-4.331610398367047310e-04,-3.005516231060028076e-01,-7.019994854927062988e-01,-7.356515526771545410e-02,-3.036627471446990967e-01,-6.333902478218078613e-03,1.711525470018386841e-01,-9.901933372020721436e-02,2.867740392684936523e-01,-3.514932096004486084e-01,4.895226657390594482e-02,-1.841071397066116333e-01,5.300322175025939941e-02
-3.412008047103881836e+00,2.102745294570922852e+00,8.412850499153137207e-01,2.713134698569774628e-02,6.978400796651840210e-02,9.398471117019653320e-01,3.332889080047607422e-01,-1.078186258673667908e-01,-5.565274041146039963e-03,2.925126850605010986e-01,8.183630108833312988e-01,-3.710052371025085449e-01,1.467317044734954834e-01,-2.906812131404876709e-01,-1.383323073387145996e-01,-1.920910775661468506e-01,2.827284336090087891e-01,-3.222171217203140259e-02,-3.486322984099388123e-02,-1.596154868602752686e-01,0.000000000000000000e+00,0.000000000000000000e+00,-5.961129441857337952e-03,2.121954225003719330e-03,-3.322434127330780029e-01,-7.098516821861267090e-01,-2.862273454666137695e-01,-3.714077472686767578e-01,1.176609471440315247e-01,1.894152313470840454e-01,-1.422651410102844238e-01,2.470392137765884399e-01,-3.120517134666442871e-01,5.320097133517265320e-02,-2.287445068359375000e-01,3.122223168611526489e-02
-3.385271787643432617e+00,2.078392267227172852e+00,8.323222398757934570e-01,2.567074820399284363e-02,6.386455893516540527e-02,9.499990344047546387e-01,3.045721054077148438e-01,-2.107173204421997070e-02,-1.250936929136514664e-02,2.225399017333984375e-01,7.343713045120239258e-01,-2.970391511917114258e-01,7.543546706438064575e-02,-3.342891931533813477e-01,-1.522331684827804565e-01,-2.415813803672790527e-01,3.140599727630615234e-01,-2.463373541831970215e-02,-3.483166173100471497e-02,-2.485514581203460693e-01,0.000000000000000000e+00,0.000000000000000000e+00,-1.960455253720283508e-02,2.902373671531677246e-02,-3.377445340156555176e-01,-7.274345755577087402e-01,-3.302319943904876709e-01,-3.306179046630859375e-01,1.324473470449447632e-01,2.109085768461227417e-01,-1.403285264968872070e-01,2.013013511896133423e-01,-2.878809869289398193e-01,4.976336285471916199e-02,-2.127024531364440918e-01,2.860940061509609222e-02
-3.355950355529785156e+00,2.053768634796142578e+00,8.178249597549438477e-01,1.559957861900329590e-02,4.740490391850471497e-02,9.497670531272888184e-01,3.089530169963836670e-01,6.025745347142219543e-02,-1.059133410453796387e-01,1.200615894049406052e-02,6.448013782501220703e-01,-9.022711217403411865e-02,3.441581502556800842e-02,-4.099309146404266357e-01,-1.195325031876564026e-01,-2.342465370893478394e-01,3.595310151576995850e-01,-2.562497183680534363e-02,-8.374907076358795166e-02,-2.569798529148101807e-01,0.000000000000000000e+00,0.000000000000000000e+00,-4.321206361055374146e-02,4.661742597818374634e-02,-2.744218111038208008e-01,-7.820677161216735840e-01,-8.332800120115280151e-02,-3.052155971527099609e-01,7.645957171916961670e-02,2.379461973905563354e-01,-1.129332855343818665e-01,1.720239967107772827e-01,-2.901559472084045410e-01,3.007505275309085846e-02,-1.743777841329574585e-01,3.683907166123390198e-02
-3.325450658798217773e+00,2.026448488235473633e+00,8.069762587547302246e-01,1.132840197533369064e-02,4.682612791657447815e-02,9.545138478279113770e-01,2.942487895488739014e-01,1.066345274448394775e-01,-1.072572022676467896e-01,-3.672972694039344788e-02,5.812460184097290039e-01,-8.893283456563949585e-02,1.431868690997362137e-02,-4.623830020427703857e-01,-1.374494284391403198e-01,-2.657023072242736816e-01,3.748050630092620850e-01,-6.758122239261865616e-03,-8.201929181814193726e-02,-3.010077476501464844e-01,0.000000000000000000e+00,0.000000000000000000e+00,-7.376372814178466797e-02,9.031923115253448486e-02,-3.042905032634735107e-01,-7.906414866447448730e-01,-1.161673218011856079e-01,-2.908518910408020020e-01,8.544608205556869507e-02,2.579067051410675049e-01,-1.146399155259132385e-01,1.477534770965576172e-01,-2.990097105503082275e-01,1.162226591259241104e-02,-1.767736971378326416e-01,1.536381430923938751e-03
-3.294317722320556641e+00,1.995773196220397949e+00,8.000991344451904297e-01,6.530427839607000351e-03,5.538204312324523926e-02,9.573823809623718262e-01,2.833887636661529541e-01,9.971538931131362915e-02,-1.448274999856948853e-01,-1.239355653524398804e-01,5.232236385345458984e-01,-1.549696773290634155e-01,2.878221496939659119e-02,-5.032403469085693359e-01,-1.613024473190307617e-01,-2.719931602478027344e-01,3.372270762920379639e-01,5.466099083423614502e-02,-6.880878657102584839e-02,-3.199481368064880371e-01,0.000000000000000000e+00,0.000000000000000000e+00,-1.099178791046142578e-01,8.296544104814529419e-02,-3.277514278888702393e-01,-7.954255938529968262e-01,-1.107332408428192139e-01,-2.262071371078491211e-01,6.792338937520980835e-02,2.651220560073852539e-01,-1.142800077795982361e-01,1.101437285542488098e-01,-3.207521140575408936e-01,-1.859235018491744995e-02,-1.496198177337646484e-01,-1.287287939339876175e-02
-3.261102914810180664e+00,1.960194587707519531e+00,7.977496385574340820e-01,-1.451095216907560825e-03,6.476038694381713867e-02,9.620891213417053223e-01,2.649312019348144531e-01,8.425332605838775635e-02,-1.702917814254760742e-01,-1.820358037948608398e-01,4.413091838359832764e-01,-2.029713392257690430e-01,-1.947480067610740662e-02,-5.223009586334228516e-01,-1.872405707836151123e-01,-2.900219559669494629e-01,2.413872629404067993e-01,1.524518728256225586e-01,-3.649710491299629211e-02,-3.489646911621093750e-01,0.000000000000000000e+00,0.000000000000000000e+00,-1.506438553333282471e-01,5.696753039956092834e-02,-3.405189514160156250e-01,-7.636237144470214844e-01,-6.422518193721771240e-02,-2.428837716579437256e-01,1.307267993688583374e-01,2.544305920600891113e-01,-1.090461313724517822e-01,1.032352149486541748e-01,-3.452632129192352295e-01,-2.011821232736110687e-02,-1.757665574550628662e-01,-6.997603923082351685e-02
-3.226446151733398438e+00,1.924888849258422852e+00,8.013482093811035156e-01,-1.742411591112613678e-02,7.292903959751129150e-02,9.667012691497802734e-01,2.446761131286621094e-01,1.261091604828834534e-02,-1.745299696922302246e-01,-1.653442680835723877e-01,4.164755046367645264e-01,-2.870328128337860107e-01,7.964646443724632263e-03,-5.321513414382934570e-01,-2.027632445096969604e-01,-3.078857064247131348e-01,1.164125651121139526e-01,2.934689223766326904e-01,1.665197126567363739e-02,-3.789227306842803955e-01,0.000000000000000000e+00,0.000000000000000000e+00,-2.018781602382659912e-01,5.768753960728645325e-02,-3.772841989994049072e-01,-6.936163902282714844e-01,-5.592783540487289429e-02,-3.321128487586975098e-01,1.003271415829658508e-01,2.222001850605010986e-01,-9.521523863077163696e-02,1.118593886494636536e-01,-3.793508708477020264e-01,-2.495989017188549042e-02,-1.978329420089721680e-01,-7.869250327348709106e-02
-3.190816402435302734e+00,1.889484882354736328e+00,8.076648116111755371e-01,-3.073404729366302490e-02,7.525798678398132324e-02,9.669867157936096191e-01,2.415125966072082520e-01,-5.055553466081619263e-02,-1.745299994945526123e-01,-1.401278823614120483e-01,3.769222199916839600e-01,-3.230225443840026855e-01,3.331169858574867249e-02,-5.655214786529541016e-01,-2.032082676887512207e-01,-2.774110734462738037e-01,5.975336953997612000e-02,3.430286943912506104e-01,8.410307765007019043e-02,-3.783133924007415771e-01,0.000000000000000000e+00,0.000000000000000000e+00,-2.082670778036117554e-01,4.526490345597267151e-02,-3.772183954715728760e-01,-6.502734422683715820e-01,-7.163260132074356079e-03,-3.387196362018585205e-01,1.244329884648323059e-01,1.882180422544479370e-01,-7.663060724735260010e-02,1.345391273498535156e-01,-4.337588250637054443e-01,-4.420132562518119812e-02,-2.059908062219619751e-01,-4.593518376350402832e-02
-3.156471729278564453e+00,1.852592110633850098e+00,8.216103911399841309e-01,-3.056278079748153687e-02,6.929517537355422974e-02,9.641494750976562500e-01,2.543224990367889404e-01,-5.820906534790992737e-02,-1.745299994945526123e-01,-1.061322167515754700e-01,2.849999368190765381e-01,-2.715066075325012207e-01,4.609814286231994629e-02,-5.677881836891174316e-01,-1.732501685619354248e-01,-1.599501967430114746e-01,7.927482575178146362e-02,2.107729315757751465e-01,1.194662600755691528e-01,-3.502580821514129639e-01,0.000000000000000000e+00,0.000000000000000000e+00,-1.798231601715087891e-01,4.901578649878501892e-02,-3.656619787216186523e-01,-6.120407581329345703e-01,5.265406332910060883e-03,-3.580564558506011963e-01,9.581954777240753174e-02,1.724614500999450684e-01,-6.618808954954147339e-02,1.561812758445739746e-01,-5.043329000473022461e-01,-3.617132827639579773e-02,-2.341256886720657349e-01,-2.071033231914043427e-02
-3.124090433120727539e+00,1.819823622703552246e+00,8.354605436325073242e-01,-2.537849918007850647e-02,5.999265983700752258e-02,9.610961675643920898e-01,2.684230208396911621e-01,-6.308694183826446533e-02,-1.698243767023086548e-01,-7.684655487537384033e-02,2.237539142370223999e-01,-2.178485989570617676e-01,5.119559913873672485e-02,-5.363856554031372070e-01,-1.311965137720108032e-01,-5.090426281094551086e-02,1.641427874565124512e-01,1.035051569342613220e-01,1.134185567498207092e-01,-3.134755194187164307e-01,0.000000000000000000e+00,0.000000000000000000e+00,-1.207271069288253784e-01,6.734196841716766357e-02,-4.134711921215057373e-01,-5.612106323242187500e-01,-1.471980959177017212e-01,-4.343912899494171143e-01,1.814651787281036377e-01,1.560773700475692749e-01,-6.778978556394577026e-02,1.914512664079666138e-01,-5.575435161590576172e-01,-1.738796383142471313e-02,-2.942358851432800293e-01,-4.773756489157676697e-02
-3.095074892044067383e+00,1.792685627937316895e+00,8.462345600128173828e-01,-2.411994151771068573e-02,3.858290985226631165e-02,9.584065675735473633e-01,2.817559242248535156e-01,-6.259203702211380005e-02,-1.355864703655242920e-01,-4.425535351037979126e-02,1.605402231216430664e-01,-1.627928912639617920e-01,5.566599965095520020e-02,-4.949546158313751221e-01,-7.864238321781158447e-02,-5.991918593645095825e-02,3.030606806278228760e-01,3.920735791325569153e-02,1.152255460619926453e-01,-2.825926244258880615e-01,0.000000000000000000e+00,0.000000000000000000e+00,-5.066493153572082520e-02,8.582156151533126831e-02,-3.816279768943786621e-01,-5.473493337631225586e-01,-7.468415796756744385e-02,-3.891171216964721680e-01,1.165654361248016357e-01,1.281795650720596313e-01,-5.491381511092185974e-02,2.471182793378829956e-01,-6.022343039512634277e-01,-7.702603470534086227e-03,-2.947413921356201172e-01,-2.793747000396251678e-02
-3.065197467803955078e+00,1.769143700599670410e+00,8.553962707519531250e-01,-2.082224562764167786e-02,2.206264249980449677e-02,9.559667110443115234e-01,2.919030189514160156e-01,-6.690790504217147827e-02,-1.084076911211013794e-01,-1.262352522462606430e-02,1.205847486853599548e-01,-1.144805625081062317e-01,6.655333936214447021e-02,-4.196832180023193359e-01,-4.480500146746635437e-02,-9.123514592647552490e-02,4.194784760475158691e-01,4.162666946649551392e-02,1.062279343605041504e-01,-2.539831101894378662e-01,0.000000000000000000e+00,0.000000000000000000e+00,3.881525248289108276e-02,9.494652599096298218e-02,-3.129438459873199463e-01,-5.779239535331726074e-01,2.581058070063591003e-02,-2.594823539257049561e-01,1.749115437269210815e-02,9.666844457387924194e-02,-4.705260321497917175e-02,2.883997559547424316e-01,-6.440834999084472656e-01,-9.333459456684067845e-05,-2.718115150928497314e-01,-1.293406705372035503e-03
-3.036129713058471680e+00,1.745460391044616699e+00,8.601132631301879883e-01,-1.711290143430233002e-02,1.185476500540971756e-02,9.529150724411010742e-01,3.025218248367309570e-01,-8.436112850904464722e-02,-9.239775687456130981e-02,2.178737893700599670e-02,1.041882783174514771e-01,-9.253655374050140381e-02,7.114347815513610840e-02,-3.389167487621307373e-01,-2.938198484480381012e-02,-1.142512783408164978e-01,5.216121077537536621e-01,6.904315948486328125e-02,7.390519976615905762e-02,-2.159866839647293091e-01,0.000000000000000000e+00,0.000000000000000000e+00,1.008800044655799866e-01,1.122894287109375000e-01,-3.381492793560028076e-01,-5.485496520996093750e-01,-6.215531006455421448e-02,-2.395206987857818604e-01,-3.857360919937491417e-03,6.526762247085571289e-02,-4.881904646754264832e-02,3.014037311077117920e-01,-6.835225224494934082e-01,2.431239746510982513e-02,-2.779237926006317139e-01,-8.650036528706550598e-03
-3.008651494979858398e+00,1.722753286361694336e+00,8.610178232192993164e-01,-1.162768155336380005e-02,7.523222826421260834e-03,9.497945308685302734e-01,3.125675916671752930e-01,-1.047228723764419556e-01,-8.692137897014617920e-02,4.894497990608215332e-02,9.590590000152587891e-02,-8.669327199459075928e-02,8.982055634260177612e-02,-2.397675961256027222e-01,-2.943025529384613037e-02,-1.260251253843307495e-01,5.856249928474426270e-01,1.126400530338287354e-01,6.979677081108093262e-02,-1.666987091302871704e-01,0.000000000000000000e+00,0.000000000000000000e+00,1.491979062557220459e-01,1.059461608529090881e-01,-3.320841789245605469e-01,-5.165904164314270020e-01,-7.588651776313781738e-02,-2.264108508825302124e-01,-4.778353124856948853e-02,3.686567395925521851e-02,-5.435838550329208374e-02,2.972783744335174561e-01,-7.138647437095642090e-01,2.483242936432361603e-02,-2.848978042602539062e-01,-1.325889676809310913e-02
-2.978785991668701172e+00,1.698121786117553711e+00,8.557983040809631348e-01,-8.153139613568782806e-03,1.075090747326612473e-02,9.451764225959777832e-01,3.262811899185180664e-01,-1.494821012020111084e-01,-9.178150445222854614e-02,7.819429039955139160e-02,1.100883334875106812e-01,-9.421791881322860718e-02,1.069844141602516174e-01,-1.288382261991500854e-01,-5.079422146081924438e-02,-1.437467038631439209e-01,5.997232198715209961e-01,2.200011610984802246e-01,6.209718436002731323e-02,-1.014670729637145996e-01,0.000000000000000000e+00,0.000000000000000000e+00,1.882950365543365479e-01,9.909369796514511108e-02,-3.198269605636596680e-01,-5.035702586174011230e-01,-9.813309460878372192e-02,-2.214318811893463135e-01,-1.014390960335731506e-01,2.138925017789006233e-03,-7.412867248058319092e-02,2.915645539760589600e-01,-7.389969825744628906e-01,3.539164736866950989e-02,-2.924771308898925781e-01,-2.477548643946647644e-02
-2.949027299880981445e+00,1.673685669898986816e+00,8.468186855316162109e-01,-4.668429028242826462e-03,1.329989265650510788e-02,9.396393299102783203e-01,3.418761491775512695e-01,-2.038123160600662231e-01,-8.994070440530776978e-02,1.166496053338050842e-01,1.426320075988769531e-01,-9.952431172132492065e-02,1.219153478741645813e-01,-3.199669718742370605e-02,-5.717692151665687561e-02,-1.123151779174804688e-01,5.990768671035766602e-01,2.794958055019378662e-01,4.299247637391090393e-02,-2.502335980534553528e-02,0.000000000000000000e+00,0.000000000000000000e+00,2.188411951065063477e-01,9.079178422689437866e-02,-2.872349619865417480e-01,-4.807253777980804443e-01,-1.378283500671386719e-01,-2.275288552045822144e-01,-1.464070975780487061e-01,-2.792954072356224060e-02,-9.985134005546569824e-02,2.884397208690643311e-01,-7.581881880760192871e-01,5.775019526481628418e-02,-2.998806536197662354e-01,-3.380232304334640503e-02
-2.916416883468627930e+00,1.646778345108032227e+00,8.361220955848693848e-01,-3.952557453885674477e-04,1.927342824637889862e-02,9.336769580841064453e-01,3.575971424579620361e-01,-2.775770127773284912e-01,-8.878913521766662598e-02,1.581308692693710327e-01,2.027829289436340332e-01,-1.215950921177864075e-01,1.380530297756195068e-01,5.494534969329833984e-02,-5.427363142371177673e-02,-4.149438440799713135e-02,5.673118233680725098e-01,3.020505905151367188e-01,6.178103759884834290e-02,5.212975665926933289e-02,0.000000000000000000e+00,0.000000000000000000e+00,2.366715520620346069e-01,8.833779394626617432e-02,-2.924668490886688232e-01,-4.350465238094329834e-01,-1.256580352783203125e-01,-2.491938024759292603e-01,-1.665241718292236328e-01,-7.467125356197357178e-02,-1.262218952178955078e-01,2.874987125396728516e-01,-7.471780776977539062e-01,4.662705212831497192e-02,-3.138967752456665039e-01,-4.383360594511032104e-02
-2.880786180496215820e+00,1.618537902832031250e+00,8.230050206184387207e-01,-1.134943333454430103e-03,2.453076094388961792e-02,9.299945235252380371e-01,3.667522072792053223e-01,-3.705991804599761963e-01,-7.787849754095077515e-02,2.022552490234375000e-01,2.798075675964355469e-01,-1.265340298414230347e-01,1.489331126213073730e-01,1.255826652050018311e-01,-5.031761154532432556e-02,2.115677855908870697e-02,5.099592208862304688e-01,2.995024025440216064e-01,7.837707549333572388e-02,1.205008178949356079e-01,0.000000000000000000e+00,0.000000000000000000e+00,2.606299817562103271e-01,9.146824479103088379e-02,-2.645926177501678467e-01,-4.275060296058654785e-01,-1.154466718435287476e-01,-2.298499643802642822e-01,-1.777283251285552979e-01,-1.072734370827674866e-01,-1.595006138086318970e-01,2.817774415016174316e-01,-7.428624033927917480e-01,4.422348737716674805e-02,-2.979594171047210693e-01,-4.077336937189102173e-02
-2.843321561813354492e+00,1.592254757881164551e+00,8.098069429397583008e-01,-2.671859401743859053e-04,2.920160628855228424e-02,9.244115948677062988e-01,3.802767992019653320e-01,-4.583333134651184082e-01,-5.633897706866264343e-02,2.345634847879409790e-01,3.501130044460296631e-01,-1.102264896035194397e-01,1.370801776647567749e-01,1.866481006145477295e-01,-4.723709449172019958e-02,9.559948742389678955e-02,4.300818741321563721e-01,2.824758589267730713e-01,8.966229110956192017e-02,1.941563189029693604e-01,0.000000000000000000e+00,0.000000000000000000e+00,2.808076441287994385e-01,9.424306452274322510e-02,-2.284889817237854004e-01,-4.275412857532501221e-01,-9.547802060842514038e-02,-2.485938966274261475e-01,-1.751121431589126587e-01,-1.318481117486953735e-01,-1.957038938999176025e-01,3.061369955539703369e-01,-7.322070598602294922e-01,4.200006276369094849e-02,-2.934533357620239258e-01,-5.061449855566024780e-02
-2.803662538528442383e+00,1.564458489418029785e+00,8.007100820541381836e-01,-2.424743259325623512e-03,3.151935711503028870e-02,9.190862178802490234e-01,3.927864134311676025e-01,-5.250278115272521973e-01,-2.878160402178764343e-02,2.658520340919494629e-01,3.769985437393188477e-01,-1.076631471514701843e-01,1.312136054039001465e-01,2.028650343418121338e-01,-4.107243567705154419e-02,1.593852490186691284e-01,3.642315566539764404e-01,2.029234319925308228e-01,1.059700325131416321e-01,2.520124614238739014e-01,0.000000000000000000e+00,0.000000000000000000e+00,2.989013493061065674e-01,8.947789669036865234e-02,-1.851936131715774536e-01,-4.456594884395599365e-01,-7.149533182382583618e-02,-2.498017400503158569e-01,-1.560724973678588867e-01,-1.595692038536071777e-01,-2.184789329767227173e-01,3.254436850547790527e-01,-7.198657393455505371e-01,4.593229666352272034e-02,-2.890571653842926025e-01,-5.951499193906784058e-02
-2.762865543365478516e+00,1.534526824951171875e+00,7.975602746009826660e-01,-7.990561425685882568e-03,3.100102394819259644e-02,9.141299724578857422e-01,4.041553139686584473e-01,-5.700381994247436523e-01,2.141154836863279343e-03,2.926416099071502686e-01,3.549197912216186523e-01,-1.159796565771102905e-01,1.091936752200126648e-01,1.701713651418685913e-01,-2.953464351594448090e-02,1.922070384025573730e-01,3.196647465229034424e-01,7.846570760011672974e-02,9.799759089946746826e-02,2.847877740859985352e-01,0.000000000000000000e+00,0.000000000000000000e+00,3.249049186706542969e-01,7.417380064725875854e-02,-1.402193009853363037e-01,-4.774669408798217773e-01,-3.785073384642601013e-02,-2.592147588729858398e-01,-1.028084903955459595e-01,-1.999738365411758423e-01,-2.225186228752136230e-01,3.541045188903808594e-01,-6.912758946418762207e-01,6.188549101352691650e-02,-2.842446863651275635e-01,-7.206523418426513672e-02
-2.718957424163818359e+00,1.502624034881591797e+00,8.050949573516845703e-01,-1.180499885231256485e-02,2.989325672388076782e-02,9.117836952209472656e-01,4.094111919403076172e-01,-5.936347842216491699e-01,2.030514925718307495e-02,3.034041225910186768e-01,3.005749881267547607e-01,-1.929542720317840576e-01,8.723570406436920166e-02,1.058353632688522339e-01,-2.763940580189228058e-02,1.113777607679367065e-01,3.290798962116241455e-01,-5.319683253765106201e-02,6.832650303840637207e-02,2.901019454002380371e-01,0.000000000000000000e+00,0.000000000000000000e+00,3.517454564571380615e-01,6.042388454079627991e-02,-1.080571338534355164e-01,-5.222425460815429688e-01,1.240934827364981174e-03,-2.611419856548309326e-01,-6.340265274047851562e-02,-2.413393855094909668e-01,-2.166867554187774658e-01,3.975493907928466797e-01,-6.406760811805725098e-01,5.313313007354736328e-02,-2.872178256511688232e-01,-7.627302408218383789e-02
-2.673351526260375977e+00,1.469833016395568848e+00,8.154724240303039551e-01,-1.098319701850414276e-02,3.566499799489974976e-02,9.141119718551635742e-01,4.037408530712127686e-01,-5.836046934127807617e-01,6.742346566170454025e-03,3.238302469253540039e-01,2.068822830915451050e-01,-2.875508964061737061e-01,4.683626443147659302e-02,6.198482960462570190e-02,-4.550274088978767395e-02,-8.580625988543033600e-03,2.977623641490936279e-01,-1.282016932964324951e-01,6.380584836006164551e-02,2.710531949996948242e-01,0.000000000000000000e+00,0.000000000000000000e+00,3.643432259559631348e-01,3.924637660384178162e-02,-9.800750017166137695e-02,-5.600333213806152344e-01,3.555770963430404663e-02,-2.623923122882843018e-01,-2.776764705777168274e-02,-2.509357929229736328e-01,-2.239808589220046997e-01,4.254334568977355957e-01,-6.152255535125732422e-01,2.820855006575584412e-02,-2.651844024658203125e-01,-5.603605136275291443e-02
-2.629290342330932617e+00,1.437476634979248047e+00,8.211967349052429199e-01,-1.998079009354114532e-02,3.605475276708602905e-02,9.186606407165527344e-01,3.928911387920379639e-01,-5.702137351036071777e-01,9.541092440485954285e-03,3.836185634136199951e-01,1.528387069702148438e-01,-2.624915242195129395e-01,3.740698471665382385e-02,8.772539906203746796e-03,-3.009881824254989624e-02,-3.667549788951873779e-02,2.693115174770355225e-01,-1.639966368675231934e-01,5.202506855130195618e-02,2.369871139526367188e-01,0.000000000000000000e+00,0.000000000000000000e+00,3.545105457305908203e-01,3.122331388294696808e-02,-9.878347814083099365e-02,-5.965107083320617676e-01,3.264479339122772217e-02,-2.618270814418792725e-01,-4.229201935231685638e-03,-2.454714179039001465e-01,-2.234114259481430054e-01,4.259137213230133057e-01,-6.174882650375366211e-01,2.350986748933792114e-02,-2.555845975875854492e-01,-4.918674379587173462e-02
-2.591714143753051758e+00,1.409972906112670898e+00,8.251978754997253418e-01,-2.818237990140914917e-02,3.291152417659759521e-02,9.213515520095825195e-01,3.863080739974975586e-01,-5.570722818374633789e-01,2.509853057563304901e-02,3.962217569351196289e-01,2.200931906700134277e-01,-2.279448807239532471e-01,4.827755689620971680e-02,-4.856851324439048767e-02,-9.654960595071315765e-03,-3.743590787053108215e-02,2.585648596286773682e-01,-1.775950938463211060e-01,2.327758818864822388e-02,2.026482075452804565e-01,0.000000000000000000e+00,0.000000000000000000e+00,3.510939478874206543e-01,3.077900409698486328e-02,-8.415445685386657715e-02,-6.341030001640319824e-01,2.640172280371189117e-02,-2.697224617004394531e-01,6.142445490695536137e-04,-2.181802093982696533e-01,-2.174241691827774048e-01,4.154299795627593994e-01,-6.341161727905273438e-01,3.566542267799377441e-02,-2.659845650196075439e-01,-3.693908825516700745e-02
-2.560326337814331055e+00,1.384822845458984375e+00,8.297868371009826660e-01,-3.098263218998908997e-02,3.216132149100303650e-02,9.218674302101135254e-01,3.849235773086547852e-01,-5.136458277702331543e-01,2.775467000901699066e-02,3.793800473213195801e-01,2.939615249633789062e-01,-1.903958022594451904e-01,4.487203061580657959e-02,-8.505103737115859985e-02,-5.781573243439197540e-03,-6.032616645097732544e-02,2.322308272123336792e-01,-1.646350324153900146e-01,-8.663183078169822693e-03,1.800290048122406006e-01,0.000000000000000000e+00,0.000000000000000000e+00,3.340314626693725586e-01,3.063724376261234283e-02,-8.873858302831649780e-02,-6.377426385879516602e-01,2.688851952552795410e-02,-2.810497283935546875e-01,-9.750264696776866913e-03,-1.623246669769287109e-01,-2.143762558698654175e-01,4.020808339118957520e-01,-6.388622522354125977e-01,4.068087413907051086e-02,-2.724586427211761475e-01,-3.940302133560180664e-02
-2.530384302139282227e+00,1.360465049743652344e+00,8.381458520889282227e-01,-2.670478448271751404e-02,3.346943110227584839e-02,9.267253279685974121e-01,3.732918500900268555e-01,-4.453296959400177002e-01,1.873032934963703156e-02,3.653564155101776123e-01,3.661065101623535156e-01,-1.654624342918395996e-01,5.836177989840507507e-02,-9.707593917846679688e-02,-6.936118472367525101e-03,-9.853337705135345459e-02,1.872295737266540527e-01,-1.386255621910095215e-01,-2.755857631564140320e-02,1.437393724918365479e-01,0.000000000000000000e+00,0.000000000000000000e+00,3.082705140113830566e-01,3.361093625426292419e-02,-1.132760494947433472e-01,-6.231259107589721680e-01,1.373888831585645676e-02,-2.802712023258209229e-01,-1.569147035479545593e-02,-7.772269845008850098e-02,-2.088590115308761597e-01,3.606149256229400635e-01,-6.399148702621459961e-01,4.273522645235061646e-02,-2.774418890476226807e-01,-3.036603331565856934e-02
-2.502175807952880859e+00,1.333817362785339355e+00,8.455249667167663574e-01,-2.067255601286888123e-02,3.734797984361648560e-02,9.313004016876220703e-01,3.617421090602874756e-01,-3.640046417713165283e-01,1.178965903818607330e-02,3.745598793029785156e-01,4.343423843383789062e-01,-1.417290419340133667e-01,6.959768384695053101e-02,-1.139359772205352783e-01,-2.120724134147167206e-02,-1.284122169017791748e-01,1.596690714359283447e-01,-1.070512682199478149e-01,-3.622400015592575073e-02,1.046985983848571777e-01,0.000000000000000000e+00,0.000000000000000000e+00,2.750126421451568604e-01,3.306858986616134644e-02,-1.281323730945587158e-01,-6.022275090217590332e-01,2.536901505663990974e-03,-2.894889712333679199e-01,-2.735584601759910583e-02,-6.208945997059345245e-03,-2.114259302616119385e-01,3.379189372062683105e-01,-6.023164391517639160e-01,1.102858483791351318e-01,-2.833928763866424561e-01,-4.376843944191932678e-02
-2.476052761077880859e+00,1.308329224586486816e+00,8.493179082870483398e-01,-1.502436213195323944e-02,3.784377500414848328e-02,9.361015558242797852e-01,3.493650555610656738e-01,-2.662205398082733154e-01,5.088969599455595016e-03,3.571932613849639893e-01,4.782386124134063721e-01,-1.077406033873558044e-01,6.244805455207824707e-02,-1.317888796329498291e-01,-2.961441129446029663e-02,-1.594218760728836060e-01,1.424310207366943359e-01,-8.742485195398330688e-02,-4.291557520627975464e-02,6.516512483358383179e-02,0.000000000000000000e+00,0.000000000000000000e+00,2.376760989427566528e-01,4.247445613145828247e-02,-1.446454972028732300e-01,-5.907545089721679688e-01,-9.527457877993583679e-03,-2.830702960491180420e-01,-4.202307760715484619e-02,6.265977025032043457e-02,-2.021909356117248535e-01,3.010862171649932861e-01,-5.696901679039001465e-01,8.796432614326477051e-02,-2.603372335433959961e-01,-1.739170635119080544e-03
-2.448727130889892578e+00,1.281481385231018066e+00,8.500319123268127441e-01,-9.563274681568145752e-03,3.765325620770454407e-02,9.411184191703796387e-01,3.358376324176788330e-01,-1.691992729902267456e-01,4.810482729226350784e-03,3.353639543056488037e-01,5.104152560234069824e-01,-8.097838610410690308e-02,7.123262435197830200e-02,-1.567318886518478394e-01,-3.882783651351928711e-02,-1.906070262193679810e-01,1.379912644624710083e-01,-8.037584275007247925e-02,-5.682751908898353577e-02,1.924011856317520142e-02,0.000000000000000000e+00,0.000000000000000000e+00,2.013647705316543579e-01,4.971621558070182800e-02,-1.468304693698883057e-01,-5.830312371253967285e-01,-1.547591388225555420e-02,-2.862851917743682861e-01,-5.193687975406646729e-02,1.176659688353538513e-01,-1.960135549306869507e-01,2.765813171863555908e-01,-5.165005922317504883e-01,8.639095723628997803e-02,-2.459264099597930908e-01,3.006808087229728699e-02
-2.419891119003295898e+00,1.253680229187011719e+00,8.459605574607849121e-01,-6.412775255739688873e-03,3.510155901312828064e-02,9.467041492462158203e-01,3.201218247413635254e-01,-7.469123601913452148e-02,1.316167879849672318e-02,3.051333129405975342e-01,5.197447538375854492e-01,-5.074357613921165466e-02,7.051463425159454346e-02,-1.944814920425415039e-01,-4.782738536596298218e-02,-2.255603373050689697e-01,1.523641347885131836e-01,-8.768790960311889648e-02,-7.472099363803863525e-02,-3.295692056417465210e-02,0.000000000000000000e+00,0.000000000000000000e+00,1.636557281017303467e-01,6.439830362796783447e-02,-1.507767140865325928e-01,-5.805109143257141113e-01,-3.165967389941215515e-02,-2.836296558380126953e-01,-5.334807187318801880e-02,1.572361290454864502e-01,-1.831027418375015259e-01,2.395590990781784058e-01,-4.515192806720733643e-01,8.399931341409683228e-02,-2.335018515586853027e-01,6.612610071897506714e-02
-2.391725301742553711e+00,1.223697543144226074e+00,8.381065726280212402e-01,-5.268294829875230789e-03,3.118518181145191193e-02,9.524102210998535156e-01,3.031740188598632812e-01,1.486851926892995834e-02,2.300979942083358765e-02,2.608950436115264893e-01,5.060349702835083008e-01,-2.375608123838901520e-02,6.394276022911071777e-02,-2.561773657798767090e-01,-6.397037208080291748e-02,-2.536288201808929443e-01,2.076757848262786865e-01,-9.565001726150512695e-02,-8.277812600135803223e-02,-9.334298968315124512e-02,0.000000000000000000e+00,0.000000000000000000e+00,1.339458972215652466e-01,8.123191446065902710e-02,-1.490374952554702759e-01,-5.911144018173217773e-01,-2.253768034279346466e-02,-2.847774326801300049e-01,-4.755700752139091492e-02,1.879795193672180176e-01,-1.769169270992279053e-01,2.129009515047073364e-01,-3.971930444240570068e-01,8.035677671432495117e-02,-2.164171189069747925e-01,8.553727716207504272e-02
-2.361786365509033203e+00,1.193197607994079590e+00,8.286750912666320801e-01,-4.770652856677770615e-03,2.707128599286079407e-02,9.592781662940979004e-01,2.811222970485687256e-01,8.936958014965057373e-02,2.860067412257194519e-02,1.780233681201934814e-01,4.789783060550689697e-01,-5.632667336612939835e-03,4.804048314690589905e-02,-3.331098258495330811e-01,-8.874578028917312622e-02,-2.773401141166687012e-01,2.864168882369995117e-01,-9.139554202556610107e-02,-9.124069660902023315e-02,-1.674133539199829102e-01,0.000000000000000000e+00,0.000000000000000000e+00,1.065853312611579895e-01,1.011607795953750610e-01,-1.505733430385589600e-01,-6.034005880355834961e-01,-1.358810067176818848e-02,-2.879218757152557373e-01,-2.395325340330600739e-02,2.115424275398254395e-01,-1.744025647640228271e-01,1.981287747621536255e-01,-3.507315218448638916e-01,6.933350116014480591e-02,-1.982596665620803833e-01,9.018734097480773926e-02
-2.331361055374145508e+00,1.160355091094970703e+00,8.176322579383850098e-01,-4.537492059171199799e-03,2.407334186136722565e-02,9.650566577911376953e-01,2.608937323093414307e-01,1.504548639059066772e-01,2.864407002925872803e-02,8.628415316343307495e-02,4.384004771709442139e-01,1.196060422807931900e-02,2.231912128627300262e-02,-4.037813842296600342e-01,-1.179726198315620422e-01,-2.971520125865936279e-01,3.469000458717346191e-01,-7.826294749975204468e-02,-1.023256182670593262e-01,-2.358436584472656250e-01,0.000000000000000000e+00,0.000000000000000000e+00,7.698189467191696167e-02,1.211007162928581238e-01,-1.597007215023040771e-01,-6.131635308265686035e-01,-6.394115276634693146e-03,-2.860335111618041992e-01,-1.013517472892999649e-02,2.302025854587554932e-01,-1.720617115497589111e-01,1.784163713455200195e-01,-3.153517842292785645e-01,5.411221832036972046e-02,-1.886377930641174316e-01,7.681966572999954224e-02
-2.298739433288574219e+00,1.125739812850952148e+00,8.087642192840576172e-01,-5.858896765857934952e-03,2.792541123926639557e-02,9.693202972412109375e-01,2.441391944885253906e-01,1.734512150287628174e-01,1.317010447382926941e-02,-1.155500020831823349e-02,4.116513133049011230e-01,-2.691928669810295105e-02,6.000658497214317322e-03,-4.648735225200653076e-01,-1.541481167078018188e-01,-3.060258924961090088e-01,3.715352118015289307e-01,-5.008934438228607178e-02,-9.824917465448379517e-02,-2.921303808689117432e-01,0.000000000000000000e+00,0.000000000000000000e+00,4.206502065062522888e-02,1.271443068981170654e-01,-1.740219444036483765e-01,-6.212626695632934570e-01,-1.515286788344383240e-02,-2.826939821243286133e-01,2.119219861924648285e-02,2.409787178039550781e-01,-1.742047816514968872e-01,1.578555256128311157e-01,-2.904864549636840820e-01,5.280519649386405945e-02,-1.789910644292831421e-01,5.235337093472480774e-02
-2.265552043914794922e+00,1.088936448097229004e+00,8.028784990310668945e-01,-8.820509538054466248e-03,2.941858768463134766e-02,9.731311798095703125e-01,2.281939834356307983e-01,1.757384389638900757e-01,-4.922663792967796326e-03,-1.091213077306747437e-01,3.691963851451873779e-01,-8.774702996015548706e-02,-3.805262502282857895e-03,-5.152950882911682129e-01,-1.790179908275604248e-01,-3.017158210277557373e-01,3.611632883548736572e-01,-3.494709730148315430e-02,-7.673072814941406250e-02,-3.320122957229614258e-01,0.000000000000000000e+00,0.000000000000000000e+00,-6.516679655760526657e-03,1.368584632873535156e-01,-2.118659466505050659e-01,-6.071454882621765137e-01,-1.138031296432018280e-02,-2.868117392063140869e-01,5.861638113856315613e-02,2.453663051128387451e-01,-1.647143065929412842e-01,1.500085294246673584e-01,-2.733920812606811523e-01,2.179945260286331177e-02,-1.648643314838409424e-01,2.487413026392459869e-02
-2.229753494262695312e+00,1.048215866088867188e+00,8.048298954963684082e-01,-1.321211270987987518e-02,3.162819147109985352e-02,9.746436476707458496e-01,2.211219072341918945e-01,1.381315439939498901e-01,-3.140629082918167114e-02,-1.472733318805694580e-01,3.412186503410339355e-01,-2.018407434225082397e-01,-1.192817930132150650e-03,-5.722640752792358398e-01,-1.931426823139190674e-01,-2.718566060066223145e-01,3.381094932556152344e-01,-8.986199647188186646e-02,-4.624004289507865906e-02,-3.416844904422760010e-01,0.000000000000000000e+00,0.000000000000000000e+00,-6.628095358610153198e-02,1.398583203554153442e-01,-2.544595003128051758e-01,-5.794883966445922852e-01,-2.397292293608188629e-02,-2.953696548938751221e-01,8.498472720384597778e-02,2.414852976799011230e-01,-1.516443938016891479e-01,1.520589739084243774e-01,-2.622688412666320801e-01,8.545009419322013855e-03,-1.711659282445907593e-01,1.053112093359231949e-02
-2.192325830459594727e+00,1.005754470825195312e+00,8.122659921646118164e-01,-1.751750148832798004e-02,2.830184809863567352e-02,9.730936288833618164e-01,2.279933243989944458e-01,9.669218212366104126e-02,-3.749380633234977722e-02,-7.694521546363830566e-02,3.039952516555786133e-01,-2.787759900093078613e-01,1.916819438338279724e-02,-6.172428727149963379e-01,-1.948998123407363892e-01,-2.729817926883697510e-01,3.038202226161956787e-01,-1.878546774387359619e-01,-2.759275585412979126e-02,-3.190613687038421631e-01,0.000000000000000000e+00,0.000000000000000000e+00,-1.058592349290847778e-01,1.366722583770751953e-01,-2.677222192287445068e-01,-5.716426968574523926e-01,6.854252889752388000e-03,-2.834662497043609619e-01,9.121935069561004639e-02,2.239298671483993530e-01,-1.292144209146499634e-01,1.778755187988281250e-01,-2.514534890651702881e-01,-2.086640521883964539e-02,-1.598425805568695068e-01,2.339028008282184601e-02
-2.156227350234985352e+00,9.651815295219421387e-01,8.204388022422790527e-01,-2.178806439042091370e-02,2.249937132000923157e-02,9.687349796295166016e-01,2.461129128932952881e-01,7.097431272268295288e-02,-4.204779490828514099e-02,8.994118310511112213e-03,2.418182045221328735e-01,-3.048515021800994873e-01,1.241487730294466019e-02,-6.115477681159973145e-01,-1.779473125934600830e-01,-3.258729279041290283e-01,2.050581127405166626e-01,-2.375207692384719849e-01,-4.219605587422847748e-03,-2.792733609676361084e-01,0.000000000000000000e+00,0.000000000000000000e+00,-1.107828691601753235e-01,1.432852596044540405e-01,-2.859410345554351807e-01,-5.744202733039855957e-01,1.645219139754772186e-02,-2.838051319122314453e-01,8.643128722906112671e-02,1.929808557033538818e-01,-1.077288314700126648e-01,2.271830737590789795e-01,-2.499708533287048340e-01,-3.129095211625099182e-02,-1.564004123210906982e-01,6.715968996286392212e-02
-2.122052431106567383e+00,9.280311465263366699e-01,8.236782550811767578e-01,-2.670569717884063721e-02,3.015666268765926361e-02,9.651229977607727051e-01,2.586793899536132812e-01,1.697921566665172577e-02,-7.011938840150833130e-02,4.811843484640121460e-02,2.221882045269012451e-01,-3.207602798938751221e-01,3.196882829070091248e-02,-6.057275533676147461e-01,-1.850044429302215576e-01,-3.648577928543090820e-01,1.775600612163543701e-01,-1.920839846134185791e-01,1.316113304346799850e-02,-2.479529976844787598e-01,0.000000000000000000e+00,0.000000000000000000e+00,-1.058079376816749573e-01,1.346954554319381714e-01,-2.916375100612640381e-01,-5.890098214149475098e-01,4.240966867655515671e-03,-2.862156927585601807e-01,8.033039420843124390e-02,1.538629084825515747e-01,-1.055486127734184265e-01,2.564737200736999512e-01,-2.697900235652923584e-01,8.853501640260219574e-03,-1.641039252281188965e-01,9.982658922672271729e-02
-2.092240571975708008e+00,8.965562582015991211e-01,8.267232179641723633e-01,-3.068501316010951996e-02,3.680895641446113586e-02,9.648244976997375488e-01,2.584902048110961914e-01,-3.496782109141349792e-02,-9.202665090560913086e-02,6.080955266952514648e-02,2.081188708543777466e-01,-2.942995727062225342e-01,4.899949207901954651e-02,-5.703882575035095215e-01,-1.984110325574874878e-01,-3.581806421279907227e-01,1.964879781007766724e-01,-1.213999316096305847e-01,5.683893803507089615e-03,-2.317748665809631348e-01,0.000000000000000000e+00,0.000000000000000000e+00,-8.737327158451080322e-02,1.285089999437332153e-01,-2.961881458759307861e-01,-6.123563051223754883e-01,1.164058595895767212e-02,-2.907595038414001465e-01,5.593098327517509460e-02,1.395687460899353027e-01,-1.053445115685462952e-01,2.754983007907867432e-01,-3.357796967029571533e-01,2.205600216984748840e-02,-1.821437180042266846e-01,1.046735048294067383e-01
-2.063793659210205078e+00,8.669448494911193848e-01,8.340367078781127930e-01,-2.950410917401313782e-02,3.574809432029724121e-02,9.621805548667907715e-01,2.684403359889984131e-01,-6.552474945783615112e-02,-1.032438501715660095e-01,8.229104429483413696e-02,1.881510615348815918e-01,-2.495184093713760376e-01,6.678209453821182251e-02,-5.205065011978149414e-01,-1.888072192668914795e-01,-3.294839859008789062e-01,2.567025423049926758e-01,-9.202746301889419556e-02,-1.250016689300537109e-02,-1.955936551094055176e-01,0.000000000000000000e+00,0.000000000000000000e+00,-5.097233131527900696e-02,1.216304302215576172e-01,-2.906065881252288818e-01,-6.204888224601745605e-01,7.120009046047925949e-03,-2.846526205539703369e-01,3.385177627205848694e-02,1.222731620073318481e-01,-9.898356348276138306e-02,3.034103512763977051e-01,-3.880966007709503174e-01,1.603568345308303833e-02,-1.925404369831085205e-01,1.094981208443641663e-01
-2.036209821701049805e+00,8.396269679069519043e-01,8.427027463912963867e-01,-2.541631646454334259e-02,2.950933203101158142e-02,9.582341909408569336e-01,2.833204567432403564e-01,-8.267606794834136963e-02,-1.019033938646316528e-01,1.123701781034469604e-01,1.646452099084854126e-01,-2.049179375171661377e-01,7.356042414903640747e-02,-4.507187306880950928e-01,-1.693434864282608032e-01,-3.107083141803741455e-01,3.268086314201354980e-01,-8.002850413322448730e-02,-2.594284713268280029e-02,-1.559575349092483521e-01,0.000000000000000000e+00,0.000000000000000000e+00,7.108380552381277084e-03,1.210706308484077454e-01,-2.779470980167388916e-01,-6.186590790748596191e-01,-7.576147909276187420e-04,-2.761958241462707520e-01,8.581033907830715179e-03,9.030837565660476685e-02,-8.729456365108489990e-02,3.271924555301666260e-01,-4.200843572616577148e-01,2.367689646780490875e-02,-2.068473547697067261e-01,1.041263118386268616e-01
-2.008930683135986328e+00,8.138182759284973145e-01,8.491255044937133789e-01,-2.085393480956554413e-02,2.223801426589488983e-02,9.536018967628479004e-01,2.995229065418243408e-01,-9.826614707708358765e-02,-9.637556970119476318e-02,1.443338394165039062e-01,1.443342864513397217e-01,-1.673361212015151978e-01,7.726932317018508911e-02,-3.639647662639617920e-01,-1.555336713790893555e-01,-3.192560970783233643e-01,3.927512764930725098e-01,-7.013963162899017334e-02,-4.166452586650848389e-02,-1.130544990301132202e-01,0.000000000000000000e+00,0.000000000000000000e+00,6.062996387481689453e-02,1.177863329648971558e-01,-2.615114450454711914e-01,-6.092905998229980469e-01,2.204085700213909149e-02,-2.521444857120513916e-01,-3.113673999905586243e-02,5.929664149880409241e-02,-7.706576585769653320e-02,3.463475108146667480e-01,-4.666889607906341553e-01,1.752384938299655914e-02,-2.070361077785491943e-01,1.015989556908607483e-01
-1.980999588966369629e+00,7.891962528228759766e-01,8.519924879074096680e-01,-1.626425795257091522e-02,1.489172223955392838e-02,9.493328928947448730e-01,3.134976029396057129e-01,-1.165022030472755432e-01,-8.761205524206161499e-02,1.772686094045639038e-01,1.298657357692718506e-01,-1.409779638051986694e-01,8.094815164804458618e-02,-2.715475261211395264e-01,-1.458465009927749634e-01,-3.283827602863311768e-01,4.604319036006927490e-01,-5.934692919254302979e-02,-4.624650254845619202e-02,-7.578366249799728394e-02,0.000000000000000000e+00,0.000000000000000000e+00,1.143577545881271362e-01,1.115605831146240234e-01,-2.468764334917068481e-01,-5.933970808982849121e-01,2.669387124478816986e-02,-2.326112091541290283e-01,-5.612347647547721863e-02,2.456669509410858154e-02,-6.765320152044296265e-02,3.608097136020660400e-01,-5.141707062721252441e-01,2.559809386730194092e-02,-2.097139954566955566e-01,8.610433340072631836e-02
-1.953265070915222168e+00,7.647881507873535156e-01,8.504092693328857422e-01,-1.196833048015832901e-02,1.058968249708414078e-02,9.457724690437316895e-01,3.244365155696868896e-01,-1.429848223924636841e-01,-8.035649359226226807e-02,2.146313637495040894e-01,1.263238638639450073e-01,-1.314971596002578735e-01,9.272890537977218628e-02,-1.768076568841934204e-01,-1.436571627855300903e-01,-3.332437574863433838e-01,5.169341564178466797e-01,-4.208980873227119446e-02,-6.134566292166709900e-02,-4.407832399010658264e-02,0.000000000000000000e+00,0.000000000000000000e+00,1.624632030725479126e-01,1.064909324049949646e-01,-2.468477338552474976e-01,-5.667449831962585449e-01,6.726277526468038559e-03,-2.328271269798278809e-01,-7.745901495218276978e-02,-1.471461076289415359e-02,-6.599384546279907227e-02,3.735130429267883301e-01,-5.613639950752258301e-01,2.645305171608924866e-02,-2.224550247192382812e-01,7.106754928827285767e-02
-1.925096154212951660e+00,7.393326759338378906e-01,8.443018198013305664e-01,-8.135624229907989502e-03,1.061207801103591919e-02,9.420998692512512207e-01,3.350657224655151367e-01,-1.809352487325668335e-01,-7.860447466373443604e-02,2.395156919956207275e-01,1.315747648477554321e-01,-1.202381998300552368e-01,1.018978804349899292e-01,-8.171069622039794922e-02,-1.243259012699127197e-01,-2.935984730720520020e-01,5.358783006668090820e-01,8.845395408570766449e-03,-3.036394156515598297e-02,-6.768475752323865891e-03,0.000000000000000000e+00,0.000000000000000000e+00,2.004837542772293091e-01,9.618552774190902710e-02,-2.462662011384963989e-01,-5.427039861679077148e-01,-1.507680024951696396e-02,-2.287622243165969849e-01,-9.711464494466781616e-02,-5.100425705313682556e-02,-7.082140445709228516e-02,3.737863302230834961e-01,-6.090658307075500488e-01,1.868168264627456665e-02,-2.468569278717041016e-01,4.165674000978469849e-02
-1.893974065780639648e+00,7.130488157272338867e-01,8.358723521232604980e-01,-3.332025837153196335e-03,1.537745073437690735e-02,9.367983937263488770e-01,3.495156168937683105e-01,-2.253273278474807739e-01,-8.035670220851898193e-02,2.759235799312591553e-01,1.438397169113159180e-01,-1.154379248619079590e-01,1.144708096981048584e-01,7.725893519818782806e-03,-8.921503275632858276e-02,-1.944848299026489258e-01,5.226083993911743164e-01,8.703196048736572266e-02,5.289904307574033737e-03,4.330877214670181274e-02,0.000000000000000000e+00,0.000000000000000000e+00,2.260890752077102661e-01,7.875686883926391602e-02,-2.516870796680450439e-01,-5.084367394447326660e-01,-4.888324812054634094e-02,-2.257563769817352295e-01,-1.127367466688156128e-01,-8.327140659093856812e-02,-9.144992381334304810e-02,3.840138614177703857e-01,-6.578503251075744629e-01,2.184392139315605164e-02,-2.580408751964569092e-01,9.218760766088962555e-03
-1.860148072242736816e+00,6.858546733856201172e-01,8.263989686965942383e-01,-7.478755433112382889e-04,2.117685973644256592e-02,9.308013916015625000e-01,3.649106025695800781e-01,-2.881120741367340088e-01,-7.561931014060974121e-02,3.102924525737762451e-01,1.756540387868881226e-01,-1.059011071920394897e-01,1.245766654610633850e-01,8.448173105716705322e-02,-5.074463784694671631e-02,-7.452437281608581543e-02,4.864350855350494385e-01,1.471472084522247314e-01,5.465830489993095398e-02,9.998062998056411743e-02,0.000000000000000000e+00,0.000000000000000000e+00,2.514359652996063232e-01,6.357835978269577026e-02,-2.332996129989624023e-01,-4.968321025371551514e-01,-9.544035047292709351e-02,-2.175127416849136353e-01,-1.363814920186996460e-01,-1.248754337430000305e-01,-1.152416467666625977e-01,3.907573521137237549e-01,-6.946918368339538574e-01,6.736131012439727783e-02,-2.658752799034118652e-01,3.280251985415816307e-03
-1.824884891510009766e+00,6.571988463401794434e-01,8.183488845825195312e-01,2.641027793288230896e-03,2.716015465557575226e-02,9.243047833442687988e-01,3.806783854961395264e-01,-3.540543019771575928e-01,-6.454691290855407715e-02,3.472163677215576172e-01,2.132090926170349121e-01,-8.263409882783889771e-02,1.287657320499420166e-01,1.541155725717544556e-01,-2.310095541179180145e-02,4.560142010450363159e-02,4.223450422286987305e-01,1.832721382379531860e-01,9.033056348562240601e-02,1.502437591552734375e-01,0.000000000000000000e+00,0.000000000000000000e+00,2.595123946666717529e-01,3.996759280562400818e-02,-2.216677516698837280e-01,-4.433689415454864502e-01,-9.506981074810028076e-02,-2.115404605865478516e-01,-1.384832113981246948e-01,-1.570149511098861694e-01,-1.336969435214996338e-01,3.995577692985534668e-01,-7.192745208740234375e-01,8.710056543350219727e-02,-2.654593586921691895e-01,-2.454020269215106964e-02
-1.786517500877380371e+00,6.278719305992126465e-01,8.100348711013793945e-01,3.900728654116392136e-03,3.265354409813880920e-02,9.167063236236572266e-01,3.982060849666595459e-01,-4.091476500034332275e-01,-5.046842992305755615e-02,3.834132850170135498e-01,2.229995876550674438e-01,-3.939941152930259705e-02,1.198796480894088745e-01,2.039288431406021118e-01,-1.783274672925472260e-02,1.347602605819702148e-01,3.364643752574920654e-01,2.081980258226394653e-01,1.034217476844787598e-01,1.977553516626358032e-01,0.000000000000000000e+00,0.000000000000000000e+00,2.680537104606628418e-01,1.884645223617553711e-02,-2.104800939559936523e-01,-4.044135510921478271e-01,-8.493708819150924683e-02,-2.075062692165374756e-01,-1.192533969879150391e-01,-1.962825804948806763e-01,-1.478311121463775635e-01,4.242526888847351074e-01,-7.233507037162780762e-01,9.089230000972747803e-02,-2.640393376350402832e-01,-4.465654119849205017e-02
-1.745881795883178711e+00,5.979776978492736816e-01,8.043631911277770996e-01,-2.872074954211711884e-03,2.848646417260169983e-02,9.096927642822265625e-01,4.142938554286956787e-01,-4.524035453796386719e-01,-2.004866488277912140e-02,3.929006755352020264e-01,1.943199038505554199e-01,2.713901922106742859e-02,1.051225662231445312e-01,1.902310252189636230e-01,1.500935613876208663e-04,1.871045678853988647e-01,2.696362733840942383e-01,1.155492663383483887e-01,9.708578884601593018e-02,2.361263036727905273e-01,0.000000000000000000e+00,0.000000000000000000e+00,2.694538831710815430e-01,1.329914573580026627e-02,-1.993734538555145264e-01,-3.773710429668426514e-01,-6.019350513815879822e-02,-1.956025362014770508e-01,-1.051207631826400757e-01,-2.381265610456466675e-01,-1.413135826587677002e-01,4.427152872085571289e-01,-7.234660387039184570e-01,9.165041893720626831e-02,-2.644121944904327393e-01,-5.051463842391967773e-02
-1.702713370323181152e+00,5.688458681106567383e-01,8.033664822578430176e-01,-1.679352112114429474e-02,1.259706262499094009e-02,9.025291204452514648e-01,4.301168322563171387e-01,-4.835609793663024902e-01,3.662465885281562805e-02,3.816220164299011230e-01,1.403732299804687500e-01,1.083847060799598694e-01,6.510331481695175171e-02,1.401724219322204590e-01,3.542073443531990051e-02,1.474645137786865234e-01,2.487596571445465088e-01,-2.631392143666744232e-02,6.367854773998260498e-02,2.662930786609649658e-01,0.000000000000000000e+00,0.000000000000000000e+00,2.703901231288909912e-01,3.337084874510765076e-02,-1.842839419841766357e-01,-3.852194845676422119e-01,-3.049840591847896576e-02,-1.967855542898178101e-01,-8.403334021568298340e-02,-2.765881121158599854e-01,-1.160078272223472595e-01,4.550742805004119873e-01,-7.210354208946228027e-01,8.303116261959075928e-02,-2.687076926231384277e-01,-4.419245943427085876e-02
-1.658957123756408691e+00,5.391736030578613281e-01,8.057467341423034668e-01,-2.588548883795738220e-02,4.190855659544467926e-03,8.980895280838012695e-01,4.390302300453186035e-01,-5.089804530143737793e-01,7.856603711843490601e-02,3.533725440502166748e-01,9.199965000152587891e-02,1.371123939752578735e-01,-2.455179207026958466e-02,9.932296723127365112e-02,5.771462619304656982e-02,9.136228263378143311e-02,2.036746591329574585e-01,-1.012322455644607544e-01,4.680094495415687561e-02,2.819938063621520996e-01,0.000000000000000000e+00,0.000000000000000000e+00,2.641587257385253906e-01,4.656602814793586731e-02,-1.978029310703277588e-01,-3.944553434848785400e-01,-1.234557200223207474e-02,-2.034439742565155029e-01,-7.920468598604202271e-02,-2.955116629600524902e-01,-1.077716723084449768e-01,4.687564373016357422e-01,-7.124881148338317871e-01,7.231630384922027588e-02,-2.695045173168182373e-01,-3.981447964906692505e-02
-1.618160486221313477e+00,5.088926553726196289e-01,8.132406473159790039e-01,-2.049551904201507568e-02,1.161758322268724442e-02,9.025604724884033203e-01,4.299180507659912109e-01,-5.150576829910278320e-01,6.902272254228591919e-02,2.944845855236053467e-01,9.011299908161163330e-02,7.034068554639816284e-02,-6.805401295423507690e-02,5.219164490699768066e-02,5.455878376960754395e-02,6.447204202413558960e-02,2.040365636348724365e-01,-1.393660604953765869e-01,2.141388878226280212e-02,2.499788701534271240e-01,0.000000000000000000e+00,0.000000000000000000e+00,2.518822848796844482e-01,2.963056229054927826e-02,-2.325871139764785767e-01,-3.814990520477294922e-01,-2.014150284230709076e-02,-2.107107788324356079e-01,-8.418843895196914673e-02,-2.936099767684936523e-01,-1.185749992728233337e-01,4.792993962764739990e-01,-6.840167045593261719e-01,7.594593614339828491e-02,-2.721792161464691162e-01,-3.136167302727699280e-02
-1.582205653190612793e+00,4.824881255626678467e-01,8.233658075332641602e-01,-9.102765470743179321e-03,2.119779773056507111e-02,9.082781672477722168e-01,4.177303016185760498e-01,-4.956253767013549805e-01,5.191509798169136047e-02,2.535828053951263428e-01,1.725607812404632568e-01,-1.401750463992357254e-02,-4.690358415246009827e-02,1.849890686571598053e-02,3.920646384358406067e-02,2.066214382648468018e-02,1.968768090009689331e-01,-1.572417616844177246e-01,-5.155574530363082886e-03,2.094659209251403809e-01,0.000000000000000000e+00,0.000000000000000000e+00,2.462663799524307251e-01,1.129277702420949936e-02,-2.543246448040008545e-01,-3.853344619274139404e-01,-2.186547033488750458e-02,-2.141648083925247192e-01,-1.107070967555046082e-01,-2.540924251079559326e-01,-1.390035152435302734e-01,4.959524273872375488e-01,-6.601113677024841309e-01,6.575892865657806396e-02,-2.689228653907775879e-01,-2.733887359499931335e-02
-1.549854278564453125e+00,4.582794904708862305e-01,8.338612318038940430e-01,5.873141344636678696e-03,3.090067580342292786e-02,9.121974706649780273e-01,4.085417687892913818e-01,-4.515128433704376221e-01,3.770202770829200745e-02,2.575601637363433838e-01,2.972145378589630127e-01,-7.858999073505401611e-02,-2.446918748319149017e-02,9.638859890401363373e-03,1.818560063838958740e-02,-2.042835764586925507e-02,1.662379205226898193e-01,-1.331808269023895264e-01,-1.948688924312591553e-02,1.738021373748779297e-01,0.000000000000000000e+00,0.000000000000000000e+00,2.384679764509201050e-01,-7.275763433426618576e-03,-2.717285454273223877e-01,-3.815922737121582031e-01,-2.852052822709083557e-02,-2.206528484821319580e-01,-1.250998526811599731e-01,-2.022910714149475098e-01,-1.539894789457321167e-01,4.826573729515075684e-01,-6.283431053161621094e-01,7.889821380376815796e-02,-2.665118575096130371e-01,-3.689840668812394142e-03
-1.519950866699218750e+00,4.334034323692321777e-01,8.431732058525085449e-01,1.778307184576988220e-02,3.638185933232307434e-02,9.177669882774353027e-01,3.950492739677429199e-01,-3.840249478816986084e-01,3.311558067798614502e-02,2.863144278526306152e-01,4.075548052787780762e-01,-9.056270867586135864e-02,2.070493763312697411e-03,-2.386306179687380791e-03,2.729091327637434006e-03,-5.686905235052108765e-02,1.416040211915969849e-01,-1.040450334548950195e-01,-3.101726435124874115e-02,1.405396759510040283e-01,0.000000000000000000e+00,0.000000000000000000e+00,2.125219851732254028e-01,-1.786387898027896881e-02,-2.858235538005828857e-01,-3.727196753025054932e-01,-3.863113373517990112e-02,-2.211305052042007446e-01,-1.299138814210891724e-01,-1.287277042865753174e-01,-1.699667870998382568e-01,4.531108140945434570e-01,-5.975486636161804199e-01,6.428735703229904175e-02,-2.556346058845520020e-01,1.010486669838428497e-02
-1.491732001304626465e+00,4.084904789924621582e-01,8.501052856445312500e-01,2.842576801776885986e-02,4.066885635256767273e-02,9.227032661437988281e-01,3.823044896125793457e-01,-2.921533286571502686e-01,2.905692160129547119e-02,3.145907223224639893e-01,4.904939830303192139e-01,-7.276638597249984741e-02,2.525095082819461823e-02,-1.957760192453861237e-02,-1.083086337894201279e-02,-8.291210234165191650e-02,1.292487531900405884e-01,-6.905223429203033447e-02,-3.506773337721824646e-02,1.107332408428192139e-01,0.000000000000000000e+00,0.000000000000000000e+00,1.812714785337448120e-01,-2.806530706584453583e-02,-2.852914929389953613e-01,-3.659965693950653076e-01,-4.299603402614593506e-02,-2.218043506145477295e-01,-1.295174658298492432e-01,-6.168088689446449280e-02,-1.767288297414779663e-01,4.018593132495880127e-01,-5.526757836341857910e-01,3.567998111248016357e-02,-2.406528145074844360e-01,4.633959755301475525e-02
-1.464208245277404785e+00,3.831855356693267822e-01,8.539619445800781250e-01,3.625715896487236023e-02,4.187030345201492310e-02,9.279072284698486328e-01,3.686738908290863037e-01,-1.897463351488113403e-01,2.790751680731773376e-02,3.324227929115295410e-01,5.460835099220275879e-01,-2.875000983476638794e-02,3.899091482162475586e-02,-4.147092998027801514e-02,-1.836735941469669342e-02,-1.060855537652969360e-01,1.216896623373031616e-01,-5.188345536589622498e-02,-4.420363157987594604e-02,7.412257045507431030e-02,0.000000000000000000e+00,0.000000000000000000e+00,1.554632782936096191e-01,-3.221377357840538025e-02,-2.659060657024383545e-01,-3.755636811256408691e-01,-2.829460799694061279e-02,-2.311312258243560791e-01,-1.258937269449234009e-01,2.690039575099945068e-03,-1.859671473503112793e-01,3.760387003421783447e-01,-5.099738240242004395e-01,4.226999357342720032e-02,-2.384222745895385742e-01,6.425474584102630615e-02
-1.433533310890197754e+00,3.580278456211090088e-01,8.518378138542175293e-01,3.879433125257492065e-02,3.937699645757675171e-02,9.340307116508483887e-01,3.528896272182464600e-01,-8.659027516841888428e-02,2.365120314061641693e-02,3.124439716339111328e-01,5.653618574142456055e-01,4.445077478885650635e-02,3.508613258600234985e-02,-7.562319189310073853e-02,-1.790701411664485931e-02,-1.491912901401519775e-01,1.265083253383636475e-01,-4.842693731188774109e-02,-6.208210811018943787e-02,2.630805782973766327e-02,0.000000000000000000e+00,0.000000000000000000e+00,1.273137331008911133e-01,-2.358132414519786835e-02,-2.576976716518402100e-01,-3.964129984378814697e-01,-1.987576298415660858e-02,-2.330820709466934204e-01,-1.260612308979034424e-01,5.358405411243438721e-02,-1.884052008390426636e-01,3.495743572711944580e-01,-4.624332785606384277e-01,4.261885210871696472e-02,-2.235386520624160767e-01,9.418238699436187744e-02
-1.403374195098876953e+00,3.318609595298767090e-01,8.456193804740905762e-01,4.003280773758888245e-02,3.604027256369590759e-02,9.403835535049438477e-01,3.358231782913208008e-01,1.308241765946149826e-02,1.228197710588574409e-03,2.432631403207778931e-01,5.545326471328735352e-01,1.010720133781433105e-01,1.010772027075290680e-02,-1.157561391592025757e-01,-2.128363773226737976e-02,-1.944259703159332275e-01,1.391165852546691895e-01,-5.831792950630187988e-02,-7.450747489929199219e-02,-3.125501796603202820e-02,0.000000000000000000e+00,0.000000000000000000e+00,1.051800251007080078e-01,-1.158238947391510010e-02,-2.531563937664031982e-01,-4.305913746356964111e-01,-1.549002341926097870e-02,-2.438597977161407471e-01,-1.171924471855163574e-01,9.476527571678161621e-02,-1.919358819723129272e-01,3.279552459716796875e-01,-4.138771593570709229e-01,7.375300675630569458e-02,-2.112544476985931396e-01,1.029248759150505066e-01
-1.370532393455505371e+00,3.040464222431182861e-01,8.364833593368530273e-01,3.780170902609825134e-02,3.146963194012641907e-02,9.472877383232116699e-01,3.165859878063201904e-01,9.174525737762451172e-02,-2.742407470941543579e-02,1.306293457746505737e-01,5.389861464500427246e-01,1.233392134308815002e-01,-2.891813218593597412e-02,-1.762810945510864258e-01,-2.499735541641712189e-02,-2.321436703205108643e-01,1.749722361564636230e-01,-7.891016453504562378e-02,-9.391918778419494629e-02,-9.429477155208587646e-02,0.000000000000000000e+00,0.000000000000000000e+00,8.013579249382019043e-02,8.721997030079364777e-03,-2.588051855564117432e-01,-4.730754792690277100e-01,-1.615120284259319305e-02,-2.529605031013488770e-01,-1.062719672918319702e-01,1.309384852647781372e-01,-1.933787018060684204e-01,2.975155711174011230e-01,-3.727976679801940918e-01,8.116615563631057739e-02,-2.065220177173614502e-01,1.173145622014999390e-01
-1.336268544197082520e+00,2.744134962558746338e-01,8.240081071853637695e-01,3.386390954256057739e-02,2.871195226907730103e-02,9.537281990051269531e-01,2.973741292953491211e-01,1.622473448514938354e-01,-5.124809592962265015e-02,2.580334246158599854e-02,5.072481036186218262e-01,1.283505856990814209e-01,-6.228921934962272644e-02,-2.608232796192169189e-01,-4.097519442439079285e-02,-2.623432874679565430e-01,2.406338155269622803e-01,-6.638573110103607178e-02,-1.060466244816780090e-01,-1.540856361389160156e-01,0.000000000000000000e+00,0.000000000000000000e+00,4.660321772098541260e-02,2.679960615932941437e-02,-2.822099328041076660e-01,-5.116568207740783691e-01,-2.044952102005481720e-02,-2.587824165821075439e-01,-5.967143923044204712e-02,1.620883345603942871e-01,-1.939931362867355347e-01,2.652077972888946533e-01,-3.409639894962310791e-01,6.471031159162521362e-02,-1.876699775457382202e-01,8.719860762357711792e-02
-1.302435278892517090e+00,2.437676191329956055e-01,8.127272725105285645e-01,3.027375973761081696e-02,2.385194785892963409e-02,9.593854546546936035e-01,2.794532477855682373e-01,2.324706763029098511e-01,-6.474062055349349976e-02,-8.002092689275741577e-02,4.454903006553649902e-01,1.366876214742660522e-01,-9.354256093502044678e-02,-3.379792869091033936e-01,-5.809476971626281738e-02,-2.944703698158264160e-01,2.927801907062530518e-01,-5.336560308933258057e-02,-9.602415561676025391e-02,-2.076192200183868408e-01,0.000000000000000000e+00,0.000000000000000000e+00,7.739034947007894516e-03,5.221844837069511414e-02,-3.050763905048370361e-01,-5.386396050453186035e-01,-2.992647141218185425e-02,-2.659006714820861816e-01,-3.533813357353210449e-02,1.900448650121688843e-01,-1.886460483074188232e-01,2.362899184226989746e-01,-3.062058091163635254e-01,4.721910506486892700e-02,-1.885650157928466797e-01,6.175532937049865723e-02
-1.264680743217468262e+00,2.110133767127990723e-01,8.039841055870056152e-01,2.404695376753807068e-02,2.577773854136466980e-02,9.628910422325134277e-01,2.675782144069671631e-01,2.609580755233764648e-01,-8.032748848199844360e-02,-1.626462042331695557e-01,3.934396505355834961e-01,8.566258847713470459e-02,-9.842105954885482788e-02,-4.074114859104156494e-01,-7.697719335556030273e-02,-3.093047738075256348e-01,3.022634387016296387e-01,-3.142730146646499634e-02,-8.774856477975845337e-02,-2.419612556695938110e-01,0.000000000000000000e+00,0.000000000000000000e+00,-4.240899905562400818e-02,6.666108220815658569e-02,-3.271640241146087646e-01,-5.552226305007934570e-01,-5.308299139142036438e-02,-2.733045220375061035e-01,-1.362089067697525024e-02,2.046409249305725098e-01,-1.833458840847015381e-01,2.179395705461502075e-01,-2.810244858264923096e-01,3.917781636118888855e-02,-1.907337903976440430e-01,3.317298740148544312e-02
-1.224061250686645508e+00,1.757130920886993408e-01,7.999347448348999023e-01,1.554588321596384048e-02,2.700020931661128998e-02,9.676561951637268066e-01,2.503414154052734375e-01,2.546724677085876465e-01,-8.515060693025588989e-02,-2.241002023220062256e-01,3.372707068920135498e-01,3.310175240039825439e-02,-8.826902508735656738e-02,-4.585079252719879150e-01,-9.980402886867523193e-02,-3.494444787502288818e-01,2.726483643054962158e-01,-2.861469797790050507e-02,-4.827699437737464905e-02,-2.753955423831939697e-01,0.000000000000000000e+00,0.000000000000000000e+00,-9.767604619264602661e-02,7.096114754676818848e-02,-3.478238284587860107e-01,-5.610285401344299316e-01,-6.738323718309402466e-02,-2.734630405902862549e-01,2.017049118876457214e-02,2.179901003837585449e-01,-1.657585203647613525e-01,2.049627304077148438e-01,-2.719670832157135010e-01,1.956842653453350067e-02,-1.843949556350708008e-01,1.288494933396577835e-02
-1.180943965911865234e+00,1.380310952663421631e-01,8.035823702812194824e-01,5.321768578141927719e-03,2.734502032399177551e-02,9.702408909797668457e-01,2.405339777469635010e-01,2.056937813758850098e-01,-8.995682001113891602e-02,-2.218270003795623779e-01,3.055042922496795654e-01,-7.744549959897994995e-02,-5.900828167796134949e-02,-5.156519412994384766e-01,-9.886733442544937134e-02,-3.303750753402709961e-01,2.277625650167465210e-01,-1.017114445567131042e-01,1.571309007704257965e-02,-2.894701063632965088e-01,0.000000000000000000e+00,0.000000000000000000e+00,-1.530274450778961182e-01,6.736302375793457031e-02,-3.527719676494598389e-01,-5.569027662277221680e-01,-4.386664554476737976e-02,-2.683972716331481934e-01,2.973157912492752075e-02,2.173448503017425537e-01,-1.403733640909194946e-01,2.098690718412399292e-01,-2.698839902877807617e-01,8.128568879328668118e-04,-1.867318749427795410e-01,2.439281530678272247e-02
-1.135790705680847168e+00,9.884615987539291382e-02,8.100166320800781250e-01,-5.997371859848499298e-03,2.488239668309688568e-02,9.692308306694030762e-01,2.448192834854125977e-01,1.397782415151596069e-01,-7.687015831470489502e-02,-1.017865315079689026e-01,2.793884873390197754e-01,-1.779291629791259766e-01,-2.084109373390674591e-02,-5.571010708808898926e-01,-9.440755099058151245e-02,-3.557225763797760010e-01,1.655493676662445068e-01,-1.883586347103118896e-01,3.618746623396873474e-02,-2.735206782817840576e-01,0.000000000000000000e+00,0.000000000000000000e+00,-1.818518787622451782e-01,7.521619647741317749e-02,-3.627514839172363281e-01,-5.788931846618652344e-01,-2.818186581134796143e-02,-2.722362577915191650e-01,4.535540193319320679e-02,2.110946923494338989e-01,-1.155019178986549377e-01,2.343289703130722046e-01,-2.906442582607269287e-01,-1.789696887135505676e-02,-1.904779821634292603e-01,5.821638181805610657e-02
-1.094007492065429688e+00,6.247928366065025330e-02,8.143670558929443359e-01,-1.343211531639099121e-02,2.737114205956459045e-02,9.665797948837280273e-01,2.545464932918548584e-01,1.013468801975250244e-01,-8.284546434879302979e-02,-2.439907006919384003e-02,2.165229618549346924e-01,-2.347555458545684814e-01,-2.673324663192033768e-03,-5.647258162498474121e-01,-1.024364233016967773e-01,-4.360293745994567871e-01,1.091222539544105530e-01,-2.120318859815597534e-01,5.551650002598762512e-02,-2.453969717025756836e-01,0.000000000000000000e+00,0.000000000000000000e+00,-1.843523979187011719e-01,7.430144399404525757e-02,-3.611401617527008057e-01,-6.096940636634826660e-01,-1.574004814028739929e-02,-2.861629426479339600e-01,4.222695529460906982e-02,1.990782022476196289e-01,-1.052996888756752014e-01,2.685818970203399658e-01,-3.247058391571044922e-01,-2.125989645719528198e-02,-1.991576999425888062e-01,9.698198735713958740e-02
-1.056369304656982422e+00,3.009337186813354492e-02,8.166208863258361816e-01,-2.028333954513072968e-02,3.882473707199096680e-02,9.659100770950317383e-01,2.551449537277221680e-01,3.948682174086570740e-02,-1.112464815378189087e-01,-1.367694791406393051e-02,1.970187723636627197e-01,-2.602952122688293457e-01,2.604417875409126282e-02,-5.677556991577148438e-01,-1.373729109764099121e-01,-4.507065713405609131e-01,1.449124366044998169e-01,-1.686016917228698730e-01,3.521010652184486389e-02,-2.250906080007553101e-01,0.000000000000000000e+00,0.000000000000000000e+00,-1.712388247251510620e-01,6.827352195978164673e-02,-3.615901768207550049e-01,-6.562618017196655273e-01,-1.055475603789091110e-02,-2.933379411697387695e-01,3.777157142758369446e-02,1.884593516588211060e-01,-1.130722761154174805e-01,2.869715392589569092e-01,-3.792250752449035645e-01,-1.223381143063306808e-03,-2.201969623565673828e-01,1.005671396851539612e-01
-1.021749734878540039e+00,6.085069617256522179e-04,8.215160965919494629e-01,-2.556756325066089630e-02,4.453642293810844421e-02,9.655710458755493164e-01,2.550202608108520508e-01,-1.131018437445163727e-02,-1.263200938701629639e-01,7.808051072061061859e-03,1.740402132272720337e-01,-2.479861974716186523e-01,5.577253922820091248e-02,-5.475685000419616699e-01,-1.534634381532669067e-01,-4.043010175228118896e-01,2.011384218931198120e-01,-1.150625124573707581e-01,1.492805965244770050e-02,-2.021539658308029175e-01,0.000000000000000000e+00,0.000000000000000000e+00,-1.425976604223251343e-01,6.200668588280677795e-02,-3.555935621261596680e-01,-6.808173656463623047e-01,-2.453945390880107880e-02,-2.999809980392456055e-01,2.632919885218143463e-02,1.707201600074768066e-01,-1.173077151179313660e-01,3.094131350517272949e-01,-4.258284270763397217e-01,2.483128011226654053e-02,-2.366773635149002075e-01,7.615212351083755493e-02
-9.872598648071289062e-01,-2.573877386748790741e-02,8.291045427322387695e-01,-2.757153846323490143e-02,4.306323453783988953e-02,9.642624258995056152e-01,2.599678635597229004e-01,-4.271528124809265137e-02,-1.294679194688796997e-01,3.306347131729125977e-02,1.399198174476623535e-01,-2.075763940811157227e-01,7.036668807268142700e-02,-5.022138953208923340e-01,-1.443199515342712402e-01,-3.470135927200317383e-01,2.511681318283081055e-01,-6.282410025596618652e-02,1.906777499243617058e-03,-1.760669499635696411e-01,0.000000000000000000e+00,0.000000000000000000e+00,-8.771780133247375488e-02,6.455609947443008423e-02,-3.511981666088104248e-01,-6.873459219932556152e-01,-2.883880212903022766e-02,-3.021254837512969971e-01,4.213426634669303894e-02,1.375674009323120117e-01,-1.133501604199409485e-01,3.444284796714782715e-01,-4.574300646781921387e-01,2.974293939769268036e-02,-2.657597064971923828e-01,3.002998977899551392e-02
-9.527958035469055176e-01,-4.940262809395790100e-02,8.384921550750732422e-01,-2.773095294833183289e-02,3.714532405138015747e-02,9.606887102127075195e-01,2.737306356430053711e-01,-7.216414809226989746e-02,-1.199878081679344177e-01,5.163411796092987061e-02,1.154740080237388611e-01,-1.689017415046691895e-01,8.067554980516433716e-02,-4.412055909633636475e-01,-1.256744116544723511e-01,-3.045727312564849854e-01,3.095545172691345215e-01,-3.766717389225959778e-02,-1.243733707815408707e-02,-1.357559561729431152e-01,0.000000000000000000e+00,0.000000000000000000e+00,-2.196288853883743286e-02,6.987924128770828247e-02,-3.449832797050476074e-01,-6.746374368667602539e-01,-2.068243548274040222e-02,-2.904466986656188965e-01,3.819764405488967896e-02,9.386276453733444214e-02,-1.050125956535339355e-01,3.691465854644775391e-01,-4.979603886604309082e-01,5.951793398708105087e-03,-2.666084170341491699e-01,5.827670102007687092e-04
-9.187119007110595703e-01,-7.135302573442459106e-02,8.455010056495666504e-01,-2.715568616986274719e-02,2.882604859769344330e-02,9.563228487968444824e-01,2.896173596382141113e-01,-1.005100533366203308e-01,-1.035354509949684143e-01,7.825352996587753296e-02,1.013803705573081970e-01,-1.285276561975479126e-01,8.399635553359985352e-02,-3.652752935886383057e-01,-1.126314401626586914e-01,-2.857500314712524414e-01,3.746349215507507324e-01,-1.140656415373086929e-02,-2.641097269952297211e-02,-9.265088289976119995e-02,0.000000000000000000e+00,0.000000000000000000e+00,4.847146570682525635e-02,6.542427092790603638e-02,-3.093187510967254639e-01,-6.528893113136291504e-01,8.040419779717922211e-03,-2.750195562839508057e-01,1.446686778217554092e-02,4.407839104533195496e-02,-9.250148385763168335e-02,3.834497332572937012e-01,-5.419242978096008301e-01,1.912089413963258266e-03,-2.793737649917602539e-01,-1.445158198475837708e-02
-8.853973746299743652e-01,-9.208932518959045410e-02,8.493736386299133301e-01,-2.526904270052909851e-02,2.028965204954147339e-02,9.516400694847106934e-01,3.055011928081512451e-01,-1.304667443037033081e-01,-8.288458734750747681e-02,1.115400344133377075e-01,9.796907752752304077e-02,-1.017848104238510132e-01,9.204974025487899780e-02,-2.798283696174621582e-01,-1.030759289860725403e-01,-2.672502100467681885e-01,4.418076872825622559e-01,6.977505516260862350e-03,-2.890533767640590668e-02,-5.097321420907974243e-02,0.000000000000000000e+00,0.000000000000000000e+00,1.200578510761260986e-01,6.857034564018249512e-02,-2.857667505741119385e-01,-6.218061447143554688e-01,1.165707875043153763e-02,-2.658114135265350342e-01,-7.055799476802349091e-03,-1.134480442851781845e-02,-8.679477125406265259e-02,3.935063779354095459e-01,-5.979075431823730469e-01,2.593518933281302452e-03,-2.884172201156616211e-01,-2.010386250913143158e-02
-8.511050939559936523e-01,-1.132737249135971069e-01,8.492446541786193848e-01,-2.361265011131763458e-02,1.461983099579811096e-02,9.472029209136962891e-01,3.194296360015869141e-01,-1.724576503038406372e-01,-6.210396811366081238e-02,1.629415899515151978e-01,1.098207682371139526e-01,-1.002721637487411499e-01,9.626380354166030884e-02,-1.962114274501800537e-01,-1.127581000328063965e-01,-2.654545009136199951e-01,5.104129314422607422e-01,2.220527268946170807e-02,-5.043298006057739258e-02,-8.732061833143234253e-03,0.000000000000000000e+00,0.000000000000000000e+00,1.814648956060409546e-01,5.741359665989875793e-02,-2.205212414264678955e-01,-5.903218984603881836e-01,-1.872012950479984283e-02,-2.484171241521835327e-01,-4.568579792976379395e-02,-7.008991390466690063e-02,-9.464559704065322876e-02,4.119130373001098633e-01,-6.654983162879943848e-01,2.445448376238346100e-02,-2.886532247066497803e-01,-1.304573193192481995e-02
-8.157219886779785156e-01,-1.348870694637298584e-01,8.439614772796630859e-01,-2.235934510827064514e-02,1.305939722806215286e-02,9.422000050544738770e-01,3.340489566326141357e-01,-2.237424254417419434e-01,-4.622438549995422363e-02,2.048101574182510376e-01,1.317387223243713379e-01,-9.451761096715927124e-02,1.095967814326286316e-01,-1.138368174433708191e-01,-1.167253330349922180e-01,-2.397329211235046387e-01,5.507196187973022461e-01,4.644647240638732910e-02,-4.118032380938529968e-02,3.943540528416633606e-02,0.000000000000000000e+00,0.000000000000000000e+00,2.373535335063934326e-01,7.231561094522476196e-02,-2.314437925815582275e-01,-5.666478872299194336e-01,-2.927617542445659637e-02,-2.363899350166320801e-01,-9.246692806482315063e-02,-1.294431686401367188e-01,-1.093042045831680298e-01,4.241858422756195068e-01,-7.275741696357727051e-01,2.960057742893695831e-02,-2.962057888507843018e-01,-1.551751233637332916e-02
-7.778379321098327637e-01,-1.571252197027206421e-01,8.341083526611328125e-01,-2.149833366274833679e-02,1.691738143563270569e-02,9.357379674911499023e-01,3.516333997249603271e-01,-2.847791016101837158e-01,-2.825597114861011505e-02,2.354869097471237183e-01,1.649046391248703003e-01,-8.934867382049560547e-02,1.202357262372970581e-01,-2.686030603945255280e-02,-1.126602217555046082e-01,-1.735546439886093140e-01,5.403190851211547852e-01,1.223135292530059814e-01,-1.432954706251621246e-02,9.830328077077865601e-02,0.000000000000000000e+00,0.000000000000000000e+00,2.765069007873535156e-01,5.980340391397476196e-02,-2.188173681497573853e-01,-5.279410481452941895e-01,-5.854509025812149048e-02,-2.123259007930755615e-01,-1.034629121422767639e-01,-1.977504193782806396e-01,-1.250862330198287964e-01,4.407522082328796387e-01,-7.798740863800048828e-01,3.933300077915191650e-02,-2.913931310176849365e-01,-1.929417997598648071e-02
-7.377509474754333496e-01,-1.805168539285659790e-01,8.222678899765014648e-01,-1.876920089125633240e-02,2.287070080637931824e-02,9.289200305938720703e-01,3.690964877605438232e-01,-3.597122430801391602e-01,-1.159533113241195679e-02,2.685475945472717285e-01,2.188332527875900269e-01,-7.804760336875915527e-02,1.290933042764663696e-01,6.146481260657310486e-02,-9.841033816337585449e-02,-7.270238548517227173e-02,4.865801930427551270e-01,1.958986222743988037e-01,3.337765112519264221e-02,1.656081974506378174e-01,0.000000000000000000e+00,0.000000000000000000e+00,3.134581446647644043e-01,7.330190390348434448e-02,-2.538795769214630127e-01,-5.003885626792907715e-01,-7.590691000223159790e-02,-2.217750847339630127e-01,-1.093816831707954407e-01,-2.565048038959503174e-01,-1.580874323844909668e-01,4.602455794811248779e-01,-8.235837221145629883e-01,5.144259333610534668e-02,-2.916120290756225586e-01,-5.751499533653259277e-02
-6.951868534088134766e-01,-2.048240005970001221e-01,8.129018545150756836e-01,-1.726638898253440857e-02,2.812800556421279907e-02,9.226107597351074219e-01,3.843176066875457764e-01,-4.410940706729888916e-01,1.722582988440990448e-02,2.991175055503845215e-01,2.809942960739135742e-01,-6.925830245018005371e-02,1.433715373277664185e-01,1.239701509475708008e-01,-9.544532001018524170e-02,6.168179679661989212e-03,4.341860413551330566e-01,2.045913934707641602e-01,5.793006718158721924e-02,2.219216227531433105e-01,0.000000000000000000e+00,0.000000000000000000e+00,3.127538859844207764e-01,5.781247466802597046e-02,-2.374727725982666016e-01,-4.102256596088409424e-01,-8.631922304630279541e-02,-2.136002331972122192e-01,-1.263687759637832642e-01,-3.172857463359832764e-01,-1.722705513238906860e-01,4.656198322772979736e-01,-8.335048556327819824e-01,8.387290686368942261e-02,-2.884884774684906006e-01,-8.191656321287155151e-02
-6.510543823242187500e-01,-2.290478050708770752e-01,8.040865063667297363e-01,-1.361074391752481461e-02,3.588632866740226746e-02,9.157214760780334473e-01,3.999763727188110352e-01,-5.082774162292480469e-01,4.497905075550079346e-02,3.344625234603881836e-01,3.255142271518707275e-01,-8.526796102523803711e-02,1.473742872476577759e-01,1.731596887111663818e-01,-1.103961020708084106e-01,6.524294614791870117e-02,3.634039461612701416e-01,2.151854932308197021e-01,8.400629460811614990e-02,2.759312093257904053e-01,0.000000000000000000e+00,0.000000000000000000e+00,3.169463276863098145e-01,4.914458096027374268e-02,-2.617003917694091797e-01,-3.486011624336242676e-01,-6.103556975722312927e-02,-2.202286273241043091e-01,-1.226778849959373474e-01,-3.628809750080108643e-01,-1.901460289955139160e-01,4.924191236495971680e-01,-8.367437124252319336e-01,5.607911944389343262e-02,-2.811718583106994629e-01,-9.578756988048553467e-02
-6.058358550071716309e-01,-2.543837130069732666e-01,8.014667630195617676e-01,-1.110334601253271103e-02,4.144806042313575745e-02,9.128927588462829590e-01,4.059378504753112793e-01,-5.602538585662841797e-01,5.918301641941070557e-02,3.364577293395996094e-01,3.304330110549926758e-01,-1.443745344877243042e-01,1.434925943613052368e-01,1.755561679601669312e-01,-1.017687544226646423e-01,1.337798088788986206e-01,3.046243488788604736e-01,1.137574464082717896e-01,1.061902046203613281e-01,2.997246682643890381e-01,0.000000000000000000e+00,0.000000000000000000e+00,3.195124864578247070e-01,3.779226541519165039e-02,-2.874010205268859863e-01,-3.052109777927398682e-01,-1.899581961333751678e-02,-2.351894378662109375e-01,-8.606842905282974243e-02,-3.940421640872955322e-01,-2.067776471376419067e-01,5.315372347831726074e-01,-8.346975445747375488e-01,4.266090691089630127e-02,-2.813189327716827393e-01,-1.535209268331527710e-01
-5.550701022148132324e-01,-2.809898555278778076e-01,8.052297234535217285e-01,-1.298678852617740631e-02,4.504219815135002136e-02,9.148918390274047852e-01,4.009681940078735352e-01,-6.107173562049865723e-01,6.890504062175750732e-02,3.335008919239044189e-01,3.195427358150482178e-01,-2.443551421165466309e-01,1.176516711711883545e-01,1.378684192895889282e-01,-8.815476298332214355e-02,1.064939200878143311e-01,2.732336521148681641e-01,-3.523638844490051270e-02,1.184628382325172424e-01,2.847350835800170898e-01,0.000000000000000000e+00,0.000000000000000000e+00,3.064457178115844727e-01,2.241235040128231049e-02,-2.683331370353698730e-01,-2.717053592205047607e-01,-3.209628537297248840e-02,-2.385033965110778809e-01,-9.203590452671051025e-02,-4.276457428932189941e-01,-1.947250515222549438e-01,5.545258522033691406e-01,-8.089436292648315430e-01,1.917786151170730591e-02,-2.818761169910430908e-01,-1.568633913993835449e-01
-5.068359375000000000e-01,-3.067122995853424072e-01,8.123100996017456055e-01,-1.250819396227598190e-02,4.681658372282981873e-02,9.217031598091125488e-01,3.848572075366973877e-01,-6.245606541633605957e-01,6.083725392818450928e-02,3.423770070075988770e-01,2.636270523071289062e-01,-3.427781164646148682e-01,8.195788413286209106e-02,1.002732217311859131e-01,-8.317785710096359253e-02,-6.807649508118629456e-03,2.597070336341857910e-01,-1.439687162637710571e-01,9.203013032674789429e-02,2.465202510356903076e-01,0.000000000000000000e+00,0.000000000000000000e+00,2.988786101341247559e-01,1.567238755524158478e-02,-2.598000764846801758e-01,-2.673343420028686523e-01,-4.346388205885887146e-02,-2.624883353710174561e-01,-9.113918989896774292e-02,-4.210756123065948486e-01,-1.810034662485122681e-01,5.473541617393493652e-01,-7.885767817497253418e-01,-1.107550598680973053e-02,-3.020206391811370850e-01,-1.164976656436920166e-01
-4.619565904140472412e-01,-3.322395086288452148e-01,8.163308501243591309e-01,-1.665069535374641418e-02,4.366891831159591675e-02,9.271003007888793945e-01,3.718882203102111816e-01,-6.049681901931762695e-01,6.317684054374694824e-02,3.905148804187774658e-01,2.139774858951568604e-01,-3.327102065086364746e-01,6.087861210107803345e-02,6.045741215348243713e-02,-6.015009805560112000e-02,-6.661897897720336914e-02,2.348832190036773682e-01,-1.916429996490478516e-01,8.313821256160736084e-02,2.134207636117935181e-01,0.000000000000000000e+00,0.000000000000000000e+00,2.829794585704803467e-01,1.899630017578601837e-02,-2.689631879329681396e-01,-2.842019200325012207e-01,-4.301020130515098572e-02,-2.782059013843536377e-01,-7.541166990995407104e-02,-3.894134461879730225e-01,-1.718124151229858398e-01,5.322161316871643066e-01,-7.812324166297912598e-01,-2.444228716194629669e-02,-3.124836385250091553e-01,-1.305067986249923706e-01
-4.227374196052551270e-01,-3.545387685298919678e-01,8.195443749427795410e-01,-2.342447638511657715e-02,3.530230373144149780e-02,9.279901981353759766e-01,3.701880574226379395e-01,-5.821073651313781738e-01,8.473414927721023560e-02,4.077046811580657959e-01,2.600933909416198730e-01,-2.719179093837738037e-01,5.939157679677009583e-02,-8.611141238361597061e-04,-2.905063703656196594e-02,-7.274212688207626343e-02,2.488075047731399536e-01,-2.199390232563018799e-01,3.787919133901596069e-02,1.964337974786758423e-01,0.000000000000000000e+00,0.000000000000000000e+00,2.648450434207916260e-01,3.105973452329635620e-02,-2.724041044712066650e-01,-3.152027726173400879e-01,-4.571314528584480286e-02,-2.983367741107940674e-01,-5.752383917570114136e-02,-3.469660282135009766e-01,-1.569029837846755981e-01,5.373623371124267578e-01,-7.680361270904541016e-01,-3.328385576605796814e-02,-3.152554333209991455e-01,-1.250511854887008667e-01
-3.885111808776855469e-01,-3.751215040683746338e-01,8.270068764686584473e-01,-2.363998070359230042e-02,3.235147148370742798e-02,9.291555881500244141e-01,3.675110638141632080e-01,-5.266699194908142090e-01,7.759098708629608154e-02,3.844717144966125488e-01,3.013612329959869385e-01,-2.038662582635879517e-01,7.425920665264129639e-02,-3.654750809073448181e-02,-1.982397213578224182e-02,-1.053855717182159424e-01,2.357282638549804688e-01,-2.080543935298919678e-01,-8.723175269551575184e-04,1.782307177782058716e-01,0.000000000000000000e+00,0.000000000000000000e+00,2.430450916290283203e-01,2.997010201215744019e-02,-2.782088816165924072e-01,-3.411217629909515381e-01,-4.708311334252357483e-02,-3.094911873340606689e-01,-3.545266762375831604e-02,-2.709886729717254639e-01,-1.450438350439071655e-01,5.230391025543212891e-01,-7.387823462486267090e-01,-1.152128912508487701e-03,-3.173465430736541748e-01,-1.211989745497703552e-01
-3.561452329158782959e-01,-3.966980576515197754e-01,8.359116315841674805e-01,-1.982777751982212067e-02,3.658387437462806702e-02,9.341291189193725586e-01,3.545014560222625732e-01,-4.593567550182342529e-01,5.164484307169914246e-02,3.788481056690216064e-01,3.571095764636993408e-01,-1.666076779365539551e-01,8.310268819332122803e-02,-5.798203125596046448e-02,-2.475416846573352814e-02,-1.326219737529754639e-01,2.083172798156738281e-01,-1.550660878419876099e-01,-1.984334364533424377e-02,1.485004127025604248e-01,0.000000000000000000e+00,0.000000000000000000e+00,1.975558251142501831e-01,2.132165618240833282e-02,-3.001632988452911377e-01,-3.585217297077178955e-01,-4.097942262887954712e-02,-3.133637309074401855e-01,-2.966809831559658051e-02,-1.818358600139617920e-01,-1.498191058635711670e-01,5.002154707908630371e-01,-6.988934874534606934e-01,1.229651737958192825e-02,-3.082417845726013184e-01,-7.215813547372817993e-02
-3.257961273193359375e-01,-4.192738533020019531e-01,8.444295525550842285e-01,-1.402428932487964630e-02,4.572433978319168091e-02,9.400599002838134766e-01,3.376388549804687500e-01,-3.795531690120697021e-01,2.551427856087684631e-02,4.019357264041900635e-01,4.210542142391204834e-01,-1.455741673707962036e-01,9.737386554479598999e-02,-8.047641813755035400e-02,-4.158195480704307556e-02,-1.427203267812728882e-01,1.863057762384414673e-01,-9.215044975280761719e-02,-2.124325744807720184e-02,1.114221364259719849e-01,0.000000000000000000e+00,0.000000000000000000e+00,1.569642871618270874e-01,1.197586767375469208e-02,-3.252976834774017334e-01,-4.037261903285980225e-01,-3.393635153770446777e-02,-3.200057744979858398e-01,-1.728709228336811066e-02,-8.748592436313629150e-02,-1.576417237520217896e-01,4.753604531288146973e-01,-6.544027924537658691e-01,2.759261243045330048e-02,-3.023656606674194336e-01,-3.514236211776733398e-02
-2.965584099292755127e-01,-4.391268491744995117e-01,8.500391840934753418e-01,-4.877486731857061386e-03,4.995784163475036621e-02,9.447868466377258301e-01,3.238182365894317627e-01,-2.722136378288269043e-01,-3.990652912762016058e-04,3.873430788516998291e-01,4.576386511325836182e-01,-9.218037128448486328e-02,9.564854949712753296e-02,-9.167456626892089844e-02,-5.584694072604179382e-02,-1.647995263338088989e-01,1.652163714170455933e-01,-3.901480883359909058e-02,-2.681127563118934631e-02,7.246521860361099243e-02,0.000000000000000000e+00,0.000000000000000000e+00,1.349361091852188110e-01,1.621850579977035522e-02,-3.060770928859710693e-01,-4.741639792919158936e-01,-5.297946557402610779e-02,-3.044853806495666504e-01,-5.316478759050369263e-02,1.192059018649160862e-03,-1.577035039663314819e-01,4.394192397594451904e-01,-5.878243446350097656e-01,7.692971080541610718e-02,-2.722854018211364746e-01,2.904492989182472229e-02
-2.670531868934631348e-01,-4.589775800704956055e-01,8.510993719100952148e-01,1.290002721361815929e-03,5.060576647520065308e-02,9.503656029701232910e-01,3.069895803928375244e-01,-1.691359132528305054e-01,-1.753698475658893585e-02,3.530645668506622314e-01,4.856909811496734619e-01,-3.937774151563644409e-02,7.447768747806549072e-02,-1.123001873493194580e-01,-6.238454952836036682e-02,-1.925318390130996704e-01,1.576697081327438354e-01,-1.041011884808540344e-02,-3.184655681252479553e-02,2.230978757143020630e-02,0.000000000000000000e+00,0.000000000000000000e+00,1.192500665783882141e-01,2.975907921791076660e-02,-2.795461416244506836e-01,-5.609835982322692871e-01,-7.346631586551666260e-02,-2.955638766288757324e-01,-7.253091782331466675e-02,8.051893860101699829e-02,-1.498967856168746948e-01,4.086057543754577637e-01,-5.229553580284118652e-01,1.169538497924804688e-01,-2.550075650215148926e-01,7.117254287004470825e-02
-2.371748387813568115e-01,-4.801385700702667236e-01,8.490157723426818848e-01,5.407286807894706726e-03,4.792680963873863220e-02,9.552532434463500977e-01,2.918305397033691406e-01,-6.966146826744079590e-02,-2.873225510120391846e-02,2.979746460914611816e-01,5.021639466285705566e-01,9.849810972809791565e-03,5.547545477747917175e-02,-1.426543146371841431e-01,-6.699579954147338867e-02,-2.243609279394149780e-01,1.651366204023361206e-01,-1.148325856775045395e-02,-4.393837973475456238e-02,-2.781243622303009033e-02,0.000000000000000000e+00,0.000000000000000000e+00,8.729327470064163208e-02,4.483186081051826477e-02,-2.622436881065368652e-01,-6.200056076049804688e-01,-7.011076807975769043e-02,-3.230085074901580811e-01,-7.517641037702560425e-02,1.478064954280853271e-01,-1.406918615102767944e-01,3.829192221164703369e-01,-4.574899673461914062e-01,1.320686191320419312e-01,-2.439469844102859497e-01,1.037766933441162109e-01
-2.055075317621231079e-01,-5.035322904586791992e-01,8.426496386528015137e-01,7.239200640469789505e-03,4.568812623620033264e-02,9.600585699081420898e-01,2.759487330913543701e-01,2.067771367728710175e-02,-4.623076692223548889e-02,2.166168540716171265e-01,4.967441260814666748e-01,4.072346910834312439e-02,2.417608909308910370e-02,-1.846686154603958130e-01,-7.602535933256149292e-02,-2.597146034240722656e-01,1.856053918600082397e-01,-1.097987685352563858e-02,-4.404538869857788086e-02,-8.417586237192153931e-02,0.000000000000000000e+00,0.000000000000000000e+00,6.375440955162048340e-02,7.504008710384368896e-02,-2.703772187232971191e-01,-7.065926790237426758e-01,-8.867409825325012207e-02,-3.225291073322296143e-01,-6.442192941904067993e-02,2.074252814054489136e-01,-1.344129294157028198e-01,3.551574349403381348e-01,-4.031605422496795654e-01,1.391589194536209106e-01,-2.277699708938598633e-01,1.188731119036674500e-01
-1.725035905838012695e-01,-5.288233757019042969e-01,8.343057632446289062e-01,8.344261907041072845e-03,4.075927287340164185e-02,9.640425443649291992e-01,2.624710798263549805e-01,1.029807999730110168e-01,-6.103748828172683716e-02,1.208886727690696716e-01,4.743656814098358154e-01,4.959845915436744690e-02,-1.976103335618972778e-02,-2.412351965904235840e-01,-8.433224260807037354e-02,-2.880498468875885010e-01,2.227518409490585327e-01,-2.863713726401329041e-02,-5.613311380147933960e-02,-1.394443362951278687e-01,0.000000000000000000e+00,0.000000000000000000e+00,3.253594040870666504e-02,1.117858737707138062e-01,-2.838367819786071777e-01,-7.715369462966918945e-01,-9.246257692575454712e-02,-3.147454857826232910e-01,-3.882515430450439453e-02,2.493419200181961060e-01,-1.293432116508483887e-01,3.234136700630187988e-01,-3.490277528762817383e-01,1.357239633798599243e-01,-2.023918032646179199e-01,1.212024912238121033e-01
-1.375800371170043945e-01,-5.556414723396301270e-01,8.230000138282775879e-01,7.357528433203697205e-03,3.535575792193412781e-02,9.688538312911987305e-01,2.449860125780105591e-01,1.772334426641464233e-01,-6.731010228395462036e-02,1.546552963554859161e-02,4.246386289596557617e-01,7.023964822292327881e-02,-5.257144942879676819e-02,-3.037616908550262451e-01,-9.588391333818435669e-02,-3.180388510227203369e-01,2.628393769264221191e-01,-3.134178742766380310e-02,-6.374242901802062988e-02,-2.030961215496063232e-01,0.000000000000000000e+00,0.000000000000000000e+00,-3.971994854509830475e-03,1.326038688421249390e-01,-2.795202136039733887e-01,-8.065871596336364746e-01,-6.372132897377014160e-02,-3.133934438228607178e-01,-8.947619237005710602e-03,2.792095541954040527e-01,-1.236471235752105713e-01,2.838174104690551758e-01,-3.050495088100433350e-01,1.284389495849609375e-01,-1.834293305873870850e-01,1.150383800268173218e-01
-1.014922261238098145e-01,-5.843105912208557129e-01,8.118159770965576172e-01,5.398679058998823166e-03,2.993525937199592590e-02,9.729198813438415527e-01,2.291324585676193237e-01,2.321768701076507568e-01,-6.286935508251190186e-02,-7.841548323631286621e-02,3.678106069564819336e-01,8.037485182285308838e-02,-6.325998157262802124e-02,-3.705692589282989502e-01,-1.098247841000556946e-01,-3.416562378406524658e-01,3.003603219985961914e-01,-3.243363276124000549e-02,-8.034011721611022949e-02,-2.592194676399230957e-01,0.000000000000000000e+00,0.000000000000000000e+00,-4.633673280477523804e-02,1.570347249507904053e-01,-2.850565016269683838e-01,-8.238481879234313965e-01,-5.663027241826057434e-02,-3.090562522411346436e-01,2.175085991621017456e-02,3.033153414726257324e-01,-1.182299330830574036e-01,2.436672896146774292e-01,-2.845156490802764893e-01,1.179236322641372681e-01,-1.666917353868484497e-01,7.987377047538757324e-02
-6.279295682907104492e-02,-6.164839863777160645e-01,8.026660680770874023e-01,1.854509027907624841e-04,3.429179638624191284e-02,9.762195348739624023e-01,2.140548974275588989e-01,2.400852143764495850e-01,-6.968452036380767822e-02,-1.591891795396804810e-01,3.162931501865386963e-01,3.427922353148460388e-02,-5.905563756823539734e-02,-4.276982843875885010e-01,-1.373645812273025513e-01,-3.580787479877471924e-01,2.946891784667968750e-01,1.292596291750669479e-02,-6.708611547946929932e-02,-3.045367002487182617e-01,0.000000000000000000e+00,0.000000000000000000e+00,-1.004070937633514404e-01,1.598902344703674316e-01,-2.939126491546630859e-01,-8.207693099975585938e-01,-4.485251381993293762e-02,-3.105037510395050049e-01,4.665343463420867920e-02,3.141176402568817139e-01,-1.216156855225563049e-01,2.082610577344894409e-01,-2.797128558158874512e-01,8.726393431425094604e-02,-1.644356846809387207e-01,5.106928199529647827e-02
-2.218622155487537384e-02,-6.525820493698120117e-01,7.991101145744323730e-01,-6.426146253943443298e-03,4.787241294980049133e-02,9.780789017677307129e-01,2.025551646947860718e-01,2.085138112306594849e-01,-1.085580810904502869e-01,-2.481126487255096436e-01,2.688535451889038086e-01,-7.209683954715728760e-02,-4.645751044154167175e-02,-4.764385819435119629e-01,-1.730139702558517456e-01,-3.546974658966064453e-01,2.417724281549453735e-01,8.499307185411453247e-02,-4.418285936117172241e-02,-3.345544040203094482e-01,0.000000000000000000e+00,0.000000000000000000e+00,-1.582760661840438843e-01,1.431802958250045776e-01,-3.125160336494445801e-01,-7.958816289901733398e-01,-3.535563871264457703e-02,-3.085386753082275391e-01,6.600832194089889526e-02,3.044022321701049805e-01,-1.341043859720230103e-01,1.937512606382369995e-01,-2.807375788688659668e-01,5.058191716670989990e-02,-1.585396975278854370e-01,6.552544236183166504e-02
1.874322630465030670e-02,-6.901655197143554688e-01,7.981126308441162109e-01,-1.448019500821828842e-02,7.044681906700134277e-02,9.789274334907531738e-01,1.911246925592422485e-01,1.478226482868194580e-01,-1.565709710121154785e-01,-2.406480014324188232e-01,2.423517704010009766e-01,-1.778842657804489136e-01,-2.059557102620601654e-02,-5.165625810623168945e-01,-2.199988365173339844e-01,-3.362643420696258545e-01,1.571789532899856567e-01,1.816061735153198242e-01,5.014103371649980545e-03,-3.604297041893005371e-01,0.000000000000000000e+00,0.000000000000000000e+00,-2.005529552698135376e-01,1.125479489564895630e-01,-3.211720883846282959e-01,-7.733608484268188477e-01,-1.551599241793155670e-02,-3.095711469650268555e-01,7.980751246213912964e-02,2.734373211860656738e-01,-1.563882827758789062e-01,1.905927807092666626e-01,-2.941588163375854492e-01,3.475705534219741821e-02,-1.612502783536911011e-01,6.803894788026809692e-02
5.910098925232887268e-02,-7.253263592720031738e-01,7.993867993354797363e-01,-2.524511888623237610e-02,7.884061336517333984e-02,9.786641001701354980e-01,1.880516707897186279e-01,9.378474950790405273e-02,-1.745298951864242554e-01,-1.900286972522735596e-01,1.909165084362030029e-01,-2.321455180644989014e-01,2.034503966569900513e-03,-5.527536273002624512e-01,-2.370479106903076172e-01,-3.096815347671508789e-01,8.241190761327743530e-02,2.480940520763397217e-01,8.802048116922378540e-02,-3.662064373493194580e-01,0.000000000000000000e+00,0.000000000000000000e+00,-2.227827459573745728e-01,1.003486141562461853e-01,-3.309714496135711670e-01,-7.473873496055603027e-01,-1.898510009050369263e-02,-3.112658262252807617e-01,8.206138014793395996e-02,2.336809635162353516e-01,-1.595330238342285156e-01,2.069652825593948364e-01,-3.197769820690155029e-01,3.990135341882705688e-02,-1.722600013017654419e-01,7.171373814344406128e-02
9.865543991327285767e-02,-7.592546939849853516e-01,8.067632317543029785e-01,-2.945327199995517731e-02,7.031479477882385254e-02,9.752721786499023438e-01,2.074429243803024292e-01,4.698400571942329407e-02,-1.745299994945526123e-01,-1.161222308874130249e-01,1.657325327396392822e-01,-2.573913931846618652e-01,2.163894660770893097e-02,-5.749837756156921387e-01,-2.071172744035720825e-01,-2.171121388673782349e-01,5.939340218901634216e-02,1.754007935523986816e-01,1.346552073955535889e-01,-3.251608014106750488e-01,0.000000000000000000e+00,0.000000000000000000e+00,-1.976734697818756104e-01,1.071029454469680786e-01,-3.421318233013153076e-01,-7.292690873146057129e-01,-1.926104165613651276e-02,-3.136576712131500244e-01,7.670652121305465698e-02,2.030534893274307251e-01,-1.446561068296432495e-01,2.238725274801254272e-01,-3.487396836280822754e-01,4.228531941771507263e-02,-1.786572784185409546e-01,7.477644830942153931e-02
1.346481442451477051e-01,-7.889946103096008301e-01,8.168734908103942871e-01,-2.692644298076629639e-02,5.933845788240432739e-02,9.721832275390625000e-01,2.249747812747955322e-01,1.391378138214349747e-02,-1.704722493886947632e-01,-7.962068915367126465e-02,1.495050191879272461e-01,-2.493271827697753906e-01,4.186655580997467041e-02,-5.522276759147644043e-01,-1.862270236015319824e-01,-1.463547646999359131e-01,9.508886188268661499e-02,8.596646785736083984e-02,1.051765605807304382e-01,-2.823663651943206787e-01,0.000000000000000000e+00,0.000000000000000000e+00,-1.476093977689743042e-01,1.033928096294403076e-01,-3.457029461860656738e-01,-7.031164169311523438e-01,-2.085414342582225800e-02,-3.090072572231292725e-01,7.216297090053558350e-02,1.847208142280578613e-01,-1.315905451774597168e-01,2.380112409591674805e-01,-3.874246776103973389e-01,2.748343162238597870e-02,-1.943688988685607910e-01,9.001419693231582642e-02
1.674239635467529297e-01,-8.145168423652648926e-01,8.277521729469299316e-01,-2.221768349409103394e-02,4.477125033736228943e-02,9.696030020713806152e-01,2.395244985818862915e-01,-2.997068455442786217e-03,-1.539453715085983276e-01,-4.944597929716110229e-02,1.224400475621223450e-01,-2.132481783628463745e-01,4.924859851598739624e-02,-4.940158724784851074e-01,-1.713373214006423950e-01,-1.641868501901626587e-01,1.622512042522430420e-01,3.202757984399795532e-02,8.281080424785614014e-02,-2.454921156167984009e-01,0.000000000000000000e+00,0.000000000000000000e+00,-8.360705524682998657e-02,1.055524274706840515e-01,-3.545615971088409424e-01,-6.562861204147338867e-01,-2.567115426063537598e-02,-3.009549379348754883e-01,6.351460516452789307e-02,1.568822711706161499e-01,-1.160685569047927856e-01,2.705869674682617188e-01,-4.179555773735046387e-01,1.640631817281246185e-02,-2.072138339281082153e-01,7.276948541402816772e-02
1.990080177783966064e-01,-8.382497429847717285e-01,8.381667733192443848e-01,-1.675753295421600342e-02,3.338233381509780884e-02,9.661949276924133301e-01,2.550924420356750488e-01,-1.693424396216869354e-02,-1.402443796396255493e-01,-1.304718572646379471e-02,9.625287353992462158e-02,-1.768284738063812256e-01,6.093240901827812195e-02,-4.186418354511260986e-01,-1.694149821996688843e-01,-2.142022252082824707e-01,2.402873039245605469e-01,1.049055252224206924e-02,6.185665726661682129e-02,-2.078251689672470093e-01,0.000000000000000000e+00,0.000000000000000000e+00,-9.517729282379150391e-03,9.524750709533691406e-02,-3.520636856555938721e-01,-6.014135479927062988e-01,-1.780657470226287842e-02,-2.745403051376342773e-01,2.872143127024173737e-02,1.188385486602783203e-01,-1.024842560291290283e-01,3.004073202610015869e-01,-4.501129388809204102e-01,6.601423956453800201e-03,-2.160573154687881470e-01,5.945993214845657349e-02
2.309810221195220947e-01,-8.607816100120544434e-01,8.457991480827331543e-01,-1.286262180656194687e-02,2.155945636332035065e-02,9.624413847923278809e-01,2.703262567520141602e-01,-3.719909489154815674e-02,-1.227241158485412598e-01,2.253581024706363678e-02,8.140123635530471802e-02,-1.383524537086486816e-01,5.273715406656265259e-02,-3.347222506999969482e-01,-1.721108257770538330e-01,-2.698753476142883301e-01,3.198960125446319580e-01,5.210141185671091080e-03,2.708191424608230591e-02,-1.671314835548400879e-01,0.000000000000000000e+00,0.000000000000000000e+00,5.554772540926933289e-02,8.428152650594711304e-02,-3.338144421577453613e-01,-5.400739908218383789e-01,-3.692825511097908020e-02,-2.556197047233581543e-01,2.036140859127044678e-02,7.533498108386993408e-02,-8.736095577478408813e-02,3.246436715126037598e-01,-4.860972166061401367e-01,8.842011913657188416e-03,-2.217463999986648560e-01,4.473124444484710693e-02
2.630617320537567139e-01,-8.823656439781188965e-01,8.510639071464538574e-01,-7.390453480184078217e-03,1.426052488386631012e-02,9.585461020469665527e-01,2.844845056533813477e-01,-6.036676093935966492e-02,-1.099820956587791443e-01,5.860286578536033630e-02,7.489550113677978516e-02,-1.232694685459136963e-01,6.338802725076675415e-02,-2.377468794584274292e-01,-1.788983643054962158e-01,-3.078009188175201416e-01,3.862058520317077637e-01,2.033369429409503937e-02,1.445021107792854309e-02,-1.231208071112632751e-01,0.000000000000000000e+00,0.000000000000000000e+00,1.270772069692611694e-01,7.886318862438201904e-02,-3.159323632717132568e-01,-5.093336701393127441e-01,-5.556052178144454956e-02,-2.195780873298645020e-01,-6.089235469698905945e-02,3.397831320762634277e-02,-8.111785352230072021e-02,3.388912975788116455e-01,-5.350440740585327148e-01,4.210205588606186211e-05,-2.308563590049743652e-01,5.296547710895538330e-02
2.946188747882843018e-01,-9.038283228874206543e-01,8.515130877494812012e-01,-4.984225146472454071e-03,6.056622136384248734e-03,9.554790854454040527e-01,2.949545085430145264e-01,-9.319625049829483032e-02,-9.211517125368118286e-02,9.910720586776733398e-02,7.412157952785491943e-02,-1.134735867381095886e-01,8.040902763605117798e-02,-1.613787263631820679e-01,-1.652176976203918457e-01,-2.903749644756317139e-01,4.589547216892242432e-01,7.578473072499036789e-03,-4.007440526038408279e-03,-8.004108816385269165e-02,0.000000000000000000e+00,0.000000000000000000e+00,1.655441224575042725e-01,7.717820256948471069e-02,-3.262170553207397461e-01,-4.320980608463287354e-01,-5.556398630142211914e-02,-1.983825862407684326e-01,-1.033720821142196655e-01,-1.675284653902053833e-02,-7.320351898670196533e-02,3.512389063835144043e-01,-5.754547715187072754e-01,4.808967467397451401e-03,-2.420347929000854492e-01,3.181831911206245422e-02
3.286243677139282227e-01,-9.257261753082275391e-01,8.469186425209045410e-01,-3.238393459469079971e-03,4.641086794435977936e-03,9.514406919479370117e-01,3.077800571918487549e-01,-1.389564871788024902e-01,-8.231186866760253906e-02,1.412511169910430908e-01,8.567804843187332153e-02,-1.161078512668609619e-01,9.745176881551742554e-02,-8.698171377182006836e-02,-1.453883945941925049e-01,-2.409109175205230713e-01,5.019046068191528320e-01,3.378909081220626831e-02,8.476572693325579166e-04,-2.232820168137550354e-02,0.000000000000000000e+00,0.000000000000000000e+00,2.096958011388778687e-01,8.355233073234558105e-02,-3.397793173789978027e-01,-4.033531844615936279e-01,-7.437196373939514160e-02,-1.972474008798599243e-01,-1.448439806699752808e-01,-6.727687269449234009e-02,-8.224477618932723999e-02,3.606882989406585693e-01,-6.174685955047607422e-01,1.273179892450571060e-02,-2.497840076684951782e-01,1.701723411679267883e-02
3.637112379074096680e-01,-9.480980634689331055e-01,8.396764397621154785e-01,-1.316654961556196213e-03,7.499585393816232681e-03,9.459916353225708008e-01,3.241016268730163574e-01,-1.943408101797103882e-01,-7.585105299949645996e-02,1.784919202327728271e-01,1.112404614686965942e-01,-1.192610487341880798e-01,1.167682260274887085e-01,-9.398677386343479156e-03,-1.198614686727523804e-01,-1.629815548658370972e-01,5.030044317245483398e-01,8.489257842302322388e-02,2.556682005524635315e-02,4.522323608398437500e-02,0.000000000000000000e+00,0.000000000000000000e+00,2.557395994663238525e-01,7.764063775539398193e-02,-3.066930770874023438e-01,-3.919677138328552246e-01,-1.061901748180389404e-01,-1.845452338457107544e-01,-1.561284512281417847e-01,-1.161047965288162231e-01,-9.935140609741210938e-02,3.739242255687713623e-01,-6.562377214431762695e-01,2.098251506686210632e-02,-2.517403066158294678e-01,1.618555281311273575e-03
4.028495848178863525e-01,-9.717285037040710449e-01,8.304281234741210938e-01,6.857739645056426525e-04,1.419554837048053741e-02,9.390524625778198242e-01,3.434799313545227051e-01,-2.722817361354827881e-01,-6.421747058629989624e-02,2.216155230998992920e-01,1.682724058628082275e-01,-1.113510206341743469e-01,1.248093545436859131e-01,7.176366448402404785e-02,-8.550736308097839355e-02,-4.750363528728485107e-02,4.618496894836425781e-01,1.716902554035186768e-01,6.555849313735961914e-02,1.201482042670249939e-01,0.000000000000000000e+00,0.000000000000000000e+00,2.975353896617889404e-01,7.870983332395553589e-02,-2.934345602989196777e-01,-3.887327611446380615e-01,-1.080167964100837708e-01,-1.930361390113830566e-01,-1.692007929086685181e-01,-1.743261367082595825e-01,-1.287454217672348022e-01,4.001441895961761475e-01,-6.771419644355773926e-01,3.518609330058097839e-02,-2.520938217639923096e-01,-6.380460225045681000e-03
4.425072669982910156e-01,-9.952940940856933594e-01,8.205336332321166992e-01,1.711188349872827530e-03,1.970127038657665253e-02,9.327277541160583496e-01,3.600386977195739746e-01,-3.518052101135253906e-01,-4.281894117593765259e-02,2.614786624908447266e-01,2.260734289884567261e-01,-9.869968891143798828e-02,1.203184202313423157e-01,1.434774845838546753e-01,-5.329432711005210876e-02,7.457448542118072510e-02,4.041641652584075928e-01,2.176456749439239502e-01,1.070498451590538025e-01,1.862442344427108765e-01,0.000000000000000000e+00,0.000000000000000000e+00,3.361969590187072754e-01,7.195144891738891602e-02,-2.342167198657989502e-01,-3.919257223606109619e-01,-8.118598908185958862e-02,-1.948409676551818848e-01,-1.600793153047561646e-01,-2.230535894632339478e-01,-1.537446826696395874e-01,4.270931184291839600e-01,-6.942968964576721191e-01,3.028990700840950012e-02,-2.486136406660079956e-01,2.664814516901969910e-02
4.833190143108367920e-01,-1.019339323043823242e+00,8.128024935722351074e-01,2.127029700204730034e-03,2.335026673972606659e-02,9.274296164512634277e-01,3.732619583606719971e-01,-4.219111502170562744e-01,-1.773321069777011871e-02,2.951229810714721680e-01,2.683673501014709473e-01,-1.012874171137809753e-01,1.119097396731376648e-01,1.825338453054428101e-01,-3.427866101264953613e-02,1.556650102138519287e-01,3.593325614929199219e-01,1.903086006641387939e-01,1.237622424960136414e-01,2.365804165601730347e-01,0.000000000000000000e+00,0.000000000000000000e+00,3.608261942863464355e-01,6.716574728488922119e-02,-1.980413794517517090e-01,-3.836086690425872803e-01,-6.552269309759140015e-02,-1.969168484210968018e-01,-1.368008404970169067e-01,-2.731035649776458740e-01,-1.737883538007736206e-01,4.496895074844360352e-01,-7.022750973701477051e-01,5.864728242158889771e-02,-2.620772123336791992e-01,-3.364757448434829712e-02
5.268544554710388184e-01,-1.045333981513977051e+00,8.080825209617614746e-01,2.318033017218112946e-03,2.728469297289848328e-02,9.223675727844238281e-01,3.853417038917541504e-01,-4.761464893817901611e-01,6.449765991419553757e-03,3.275693655014038086e-01,2.765821814537048340e-01,-1.169906035065650940e-01,9.867261350154876709e-02,1.909070611000061035e-01,-3.491215407848358154e-02,1.747965216636657715e-01,3.087760210037231445e-01,1.314172148704528809e-01,1.269229054450988770e-01,2.708300352096557617e-01,0.000000000000000000e+00,0.000000000000000000e+00,3.683278560638427734e-01,5.822559446096420288e-02,-1.985205858945846558e-01,-3.614555299282073975e-01,-5.814429372549057007e-02,-1.941017508506774902e-01,-1.288545131683349609e-01,-3.134983479976654053e-01,-1.818144768476486206e-01,4.767542183399200439e-01,-7.028496861457824707e-01,5.552784353494644165e-02,-2.632356882095336914e-01,-5.858274921774864197e-02
5.720647573471069336e-01,-1.071704149246215820e+00,8.090648055076599121e-01,9.254299802705645561e-04,2.765958942472934723e-02,9.202163815498352051e-01,3.904304802417755127e-01,-5.198430418968200684e-01,2.626464143395423889e-02,3.344284594058990479e-01,2.649426758289337158e-01,-1.701694428920745850e-01,8.029478043317794800e-02,1.605351865291595459e-01,-2.971171028912067413e-02,1.323813349008560181e-01,2.735018134117126465e-01,2.593371900729835033e-04,1.084677949547767639e-01,2.790376543998718262e-01,0.000000000000000000e+00,0.000000000000000000e+00,3.736677169799804688e-01,5.168291181325912476e-02,-2.013937681913375854e-01,-3.618939816951751709e-01,-4.879938438534736633e-02,-1.969610005617141724e-01,-1.074961349368095398e-01,-3.392491638660430908e-01,-1.810191422700881958e-01,4.961300194263458252e-01,-7.119448184967041016e-01,5.994996801018714905e-02,-2.604134380817413330e-01,-7.166565209627151489e-02
6.178096532821655273e-01,-1.097984433174133301e+00,8.150889873504638672e-01,7.527528214268386364e-04,2.683561109006404877e-02,9.225969910621643066e-01,3.848299980163574219e-01,-5.410313606262207031e-01,3.122084029018878937e-02,3.338882923126220703e-01,2.219338417053222656e-01,-2.509732842445373535e-01,5.487337335944175720e-02,1.233771219849586487e-01,-2.845155820250511169e-02,1.024837512522935867e-02,2.502554357051849365e-01,-1.227488592267036438e-01,7.461766898632049561e-02,2.606867253780364990e-01,0.000000000000000000e+00,0.000000000000000000e+00,3.701761960983276367e-01,5.067436397075653076e-02,-2.166532278060913086e-01,-3.673971295356750488e-01,-3.511534631252288818e-02,-1.911301314830780029e-01,-1.015740334987640381e-01,-3.430771827697753906e-01,-1.771600395441055298e-01,5.051270127296447754e-01,-7.190134525299072266e-01,4.072546586394309998e-02,-2.685463130474090576e-01,-5.573324859142303467e-02
6.631177663803100586e-01,-1.125538349151611328e+00,8.208185434341430664e-01,6.442485610023140907e-04,3.019503876566886902e-02,9.263411164283752441e-01,3.754729628562927246e-01,-5.354837179183959961e-01,1.667211763560771942e-02,3.461731374263763428e-01,1.528543382883071899e-01,-2.854638397693634033e-01,3.737692907452583313e-02,8.298510313034057617e-02,-2.590717002749443054e-02,-5.542173609137535095e-02,2.252026945352554321e-01,-1.761664003133773804e-01,6.404401361942291260e-02,2.294777780771255493e-01,0.000000000000000000e+00,0.000000000000000000e+00,3.510806858539581299e-01,4.016147926449775696e-02,-2.568260431289672852e-01,-3.717493712902069092e-01,-4.249519482254981995e-02,-1.901719123125076294e-01,-8.560981601476669312e-02,-3.180026113986968994e-01,-1.819137632846832275e-01,5.061975121498107910e-01,-7.383671402931213379e-01,2.538494765758514404e-02,-2.749412059783935547e-01,-6.105552613735198975e-02
7.027884125709533691e-01,-1.151596307754516602e+00,8.223677277565002441e-01,-4.974139388650655746e-03,2.815737761557102203e-02,9.293979406356811523e-01,3.679700195789337158e-01,-5.395351648330688477e-01,2.574837207794189453e-02,3.686673045158386230e-01,1.853872090578079224e-01,-2.618236541748046875e-01,4.636368900537490845e-02,2.217283844947814941e-02,-1.296340394765138626e-02,-7.760587334632873535e-02,2.322069555521011353e-01,-2.069573700428009033e-01,3.391442075371742249e-02,1.943448185920715332e-01,0.000000000000000000e+00,0.000000000000000000e+00,3.233543932437896729e-01,3.383196890354156494e-02,-2.698874771595001221e-01,-3.818868100643157959e-01,-5.149608477950096130e-02,-1.916750520467758179e-01,-6.815842539072036743e-02,-2.860085666179656982e-01,-1.744737327098846436e-01,4.946520328521728516e-01,-7.411319017410278320e-01,3.310575708746910095e-02,-2.866922616958618164e-01,-5.089528486132621765e-02
7.371662855148315430e-01,-1.172923922538757324e+00,8.264863491058349609e-01,-7.207548245787620544e-03,2.674466557800769806e-02,9.288817644119262695e-01,3.693392276763916016e-01,-5.160284638404846191e-01,3.084495477378368378e-02,3.451192378997802734e-01,2.497292309999465942e-01,-2.229876071214675903e-01,5.026195198297500610e-02,-1.465045567601919174e-02,-3.328567603603005409e-03,-9.212847054004669189e-02,2.063284963369369507e-01,-1.988909095525741577e-01,1.009066775441169739e-02,1.714552044868469238e-01,0.000000000000000000e+00,0.000000000000000000e+00,3.059562146663665771e-01,3.028737008571624756e-02,-2.762710154056549072e-01,-3.995984792709350586e-01,-3.687700629234313965e-02,-2.017250806093215942e-01,-6.200566515326499939e-02,-2.350153774023056030e-01,-1.602432578802108765e-01,4.917839467525482178e-01,-7.200398445129394531e-01,3.173147514462471008e-02,-2.863027155399322510e-01,-3.605427220463752747e-02
7.692232131958007812e-01,-1.194610595703125000e+00,8.340062499046325684e-01,-4.655643831938505173e-03,2.909229509532451630e-02,9.302604198455810547e-01,3.657151460647583008e-01,-4.669386148452758789e-01,2.617567777633666992e-02,3.461316227912902832e-01,3.196471035480499268e-01,-1.871145367622375488e-01,4.993315041065216064e-02,-3.796144947409629822e-02,-3.130538621917366982e-03,-1.091481000185012817e-01,1.732760071754455566e-01,-1.631470918655395508e-01,-1.263383589684963226e-02,1.478555947542190552e-01,0.000000000000000000e+00,0.000000000000000000e+00,2.665420770645141602e-01,2.642515674233436584e-02,-2.984577119350433350e-01,-4.007515013217926025e-01,-4.329987242817878723e-02,-2.151978462934494019e-01,-7.513756304979324341e-02,-1.600859314203262329e-01,-1.593711376190185547e-01,4.751426875591278076e-01,-6.828901767730712891e-01,4.918105155229568481e-02,-2.897439002990722656e-01,-1.339961402118206024e-02
7.985142469406127930e-01,-1.217716336250305176e+00,8.423780202865600586e-01,1.150544732809066772e-03,3.368566557765007019e-02,9.333848357200622559e-01,3.572907149791717529e-01,-3.942142426967620850e-01,2.192890271544456482e-02,3.707404434680938721e-01,3.885722160339355469e-01,-1.552450954914093018e-01,5.876439809799194336e-02,-5.892111733555793762e-02,-1.244620233774185181e-02,-1.257246732711791992e-01,1.491915881633758545e-01,-1.207759231328964233e-01,-1.878358423709869385e-02,1.186357513070106506e-01,0.000000000000000000e+00,0.000000000000000000e+00,2.189871668815612793e-01,2.580557949841022491e-02,-3.269076049327850342e-01,-4.071757197380065918e-01,-5.523174256086349487e-02,-2.346218824386596680e-01,-8.948639780282974243e-02,-7.907192409038543701e-02,-1.575152426958084106e-01,4.485819637775421143e-01,-6.222021579742431641e-01,3.988546505570411682e-02,-2.780690789222717285e-01,1.831872016191482544e-02
8.270264863967895508e-01,-1.241179704666137695e+00,8.498492836952209473e-01,7.500029634684324265e-03,3.870548680424690247e-02,9.375247359275817871e-01,3.456775546073913574e-01,-3.144435286521911621e-01,1.204606797546148300e-02,3.744827806949615479e-01,4.566112458705902100e-01,-1.209335029125213623e-01,6.278563290834426880e-02,-8.174414932727813721e-02,-2.491468377411365509e-02,-1.418293714523315430e-01,1.353828459978103638e-01,-8.122220635414123535e-02,-2.057197690010070801e-02,8.309024572372436523e-02,0.000000000000000000e+00,0.000000000000000000e+00,1.719613820314407349e-01,2.234583906829357147e-02,-3.419144153594970703e-01,-4.306885302066802979e-01,-7.935415953397750854e-02,-2.367459982633590698e-01,-7.758918404579162598e-02,-1.052567036822438240e-03,-1.542176604270935059e-01,4.193398356437683105e-01,-5.493343472480773926e-01,6.584228575229644775e-02,-2.617951929569244385e-01,3.087258711457252502e-02
8.547268509864807129e-01,-1.265268325805664062e+00,8.536574840545654297e-01,1.357281208038330078e-02,4.281321913003921509e-02,9.412531256675720215e-01,3.347019553184509277e-01,-2.284576445817947388e-01,5.676965229213237762e-04,3.598598539829254150e-01,5.129588842391967773e-01,-7.855511456727981567e-02,7.020938396453857422e-02,-1.068404763936996460e-01,-3.925972059369087219e-02,-1.636234670877456665e-01,1.267186552286148071e-01,-5.552169680595397949e-02,-2.307954058051109314e-02,4.409859329462051392e-02,0.000000000000000000e+00,0.000000000000000000e+00,1.326890289783477783e-01,2.791381441056728363e-02,-3.357801437377929688e-01,-4.674727320671081543e-01,-8.184123039245605469e-02,-2.594382464885711670e-01,-7.560718059539794922e-02,6.747976690530776978e-02,-1.550711393356323242e-01,3.935486972332000732e-01,-4.730643033981323242e-01,7.984802126884460449e-02,-2.559333145618438721e-01,5.285325646400451660e-02
8.837858438491821289e-01,-1.289355874061584473e+00,8.523668050765991211e-01,1.659506559371948242e-02,4.363702982664108276e-02,9.451911449432373047e-01,3.231626749038696289e-01,-1.408264487981796265e-01,-6.873324979096651077e-03,3.289099037647247314e-01,5.504959821701049805e-01,-2.434660121798515320e-02,5.729058012366294861e-02,-1.378851830959320068e-01,-4.735014960169792175e-02,-1.914305090904235840e-01,1.252045929431915283e-01,-4.122630879282951355e-02,-3.147485479712486267e-02,2.595793048385530710e-04,0.000000000000000000e+00,0.000000000000000000e+00,9.477994590997695923e-02,4.298447445034980774e-02,-3.267469406127929688e-01,-5.210067629814147949e-01,-7.783929258584976196e-02,-2.852855622768402100e-01,-6.110489368438720703e-02,1.306543648242950439e-01,-1.546886712312698364e-01,3.675543665885925293e-01,-4.054821431636810303e-01,1.101894527673721313e-01,-2.425224632024765015e-01,6.519357115030288696e-02
9.142141342163085938e-01,-1.313860058784484863e+00,8.466917276382446289e-01,1.846979744732379913e-02,4.241824522614479065e-02,9.499776959419250488e-01,3.088719844818115234e-01,-5.128623917698860168e-02,-2.913150703534483910e-03,2.962975502014160156e-01,5.656566619873046875e-01,2.817081660032272339e-02,5.260428413748741150e-02,-1.752018928527832031e-01,-5.544386804103851318e-02,-2.239903807640075684e-01,1.360208243131637573e-01,-3.927890956401824951e-02,-4.626042023301124573e-02,-5.453567951917648315e-02,0.000000000000000000e+00,0.000000000000000000e+00,5.468730628490447998e-02,6.862664967775344849e-02,-3.203473687171936035e-01,-5.711700320243835449e-01,-8.493791520595550537e-02,-2.983745038509368896e-01,-6.277254968881607056e-02,1.874760985374450684e-01,-1.542666554450988770e-01,3.302954435348510742e-01,-3.533712327480316162e-01,1.229596883058547974e-01,-2.242866009473800659e-01,9.315957129001617432e-02
9.457167983055114746e-01,-1.339871644973754883e+00,8.371477723121643066e-01,1.801989227533340454e-02,3.815979138016700745e-02,9.554243087768554688e-01,2.922044694423675537e-01,3.611871600151062012e-02,-1.435240701539441943e-04,2.383438497781753540e-01,5.498169064521789551e-01,7.844031602144241333e-02,2.431103214621543884e-02,-2.241044789552688599e-01,-6.184149906039237976e-02,-2.596539855003356934e-01,1.602461934089660645e-01,-5.000960081815719604e-02,-6.444533169269561768e-02,-1.203659921884536743e-01,0.000000000000000000e+00,0.000000000000000000e+00,1.957632601261138916e-02,9.807831794023513794e-02,-3.064027130603790283e-01,-6.289078593254089355e-01,-6.033848971128463745e-02,-2.994361519813537598e-01,-5.219086259603500366e-02,2.411276698112487793e-01,-1.538728624582290649e-01,2.922580242156982422e-01,-3.237226307392120361e-01,1.197855100035667419e-01,-2.053685635328292847e-01,1.083526313304901123e-01
9.787638187408447266e-01,-1.367344975471496582e+00,8.258470892906188965e-01,1.678202673792839050e-02,3.449228778481483459e-02,9.598031044006347656e-01,2.780408263206481934e-01,1.112947613000869751e-01,-1.576727628707885742e-02,1.388258635997772217e-01,5.097203850746154785e-01,1.012386977672576904e-01,-1.641876064240932465e-02,-2.872748672962188721e-01,-7.335782796144485474e-02,-2.805426716804504395e-01,2.009136676788330078e-01,-4.605459049344062805e-02,-7.601016014814376831e-02,-1.810786426067352295e-01,0.000000000000000000e+00,0.000000000000000000e+00,-1.499521173536777496e-02,1.319796890020370483e-01,-3.029666543006896973e-01,-6.792764067649841309e-01,-4.647313058376312256e-02,-3.055300414562225342e-01,-3.670648857951164246e-02,2.933750450611114502e-01,-1.563763916492462158e-01,2.588729262351989746e-01,-3.111981749534606934e-01,1.113862469792366028e-01,-2.043587565422058105e-01,1.061124876141548157e-01
1.012272477149963379e+00,-1.396375417709350586e+00,8.148825168609619141e-01,1.479048468172550201e-02,3.145861253142356873e-02,9.648982882499694824e-01,2.603129744529724121e-01,1.771475672721862793e-01,-3.617613762617111206e-02,3.278850112110376358e-03,4.417829215526580811e-01,1.071368679404258728e-01,-4.613560810685157776e-02,-3.543413281440734863e-01,-9.451206773519515991e-02,-3.080167472362518311e-01,2.410340458154678345e-01,-2.210331149399280548e-02,-6.459462642669677734e-02,-2.433578968048095703e-01,0.000000000000000000e+00,0.000000000000000000e+00,-5.098247528076171875e-02,1.569057255983352661e-01,-2.956761717796325684e-01,-7.163925170898437500e-01,-2.907594107091426849e-02,-3.088911175727844238e-01,-1.498827617615461349e-02,3.384095132350921631e-01,-1.571470499038696289e-01,2.294260263442993164e-01,-3.026929199695587158e-01,8.755691349506378174e-02,-1.909103691577911377e-01,1.235805526375770569e-01
1.047919392585754395e+00,-1.427738308906555176e+00,8.066249489784240723e-01,1.097503956407308578e-02,2.700237743556499481e-02,9.682177305221557617e-01,2.484046667814254761e-01,2.197314351797103882e-01,-4.909553006291389465e-02,-1.187448203563690186e-01,3.705869615077972412e-01,8.186580985784530640e-02,-6.916455179452896118e-02,-4.182196855545043945e-01,-1.117974370718002319e-01,-3.381041586399078369e-01,2.635647952556610107e-01,-3.545542061328887939e-02,-4.789305105805397034e-02,-2.911989092826843262e-01,0.000000000000000000e+00,0.000000000000000000e+00,-8.332953602075576782e-02,1.771416217088699341e-01,-2.903102636337280273e-01,-7.367793917655944824e-01,-2.682466991245746613e-02,-3.130196928977966309e-01,1.930960640311241150e-02,3.664748072624206543e-01,-1.515936702489852905e-01,2.208710461854934692e-01,-2.945463955402374268e-01,9.805764257907867432e-02,-1.940769702196121216e-01,1.046673357486724854e-01
1.086697936058044434e+00,-1.462547302246093750e+00,8.036573529243469238e-01,4.600419662892818451e-03,2.614291943609714508e-02,9.711241722106933594e-01,2.370932698249816895e-01,2.145790904760360718e-01,-5.869213491678237915e-02,-2.097787410020828247e-01,3.096399009227752686e-01,-8.349929936230182648e-03,-6.523789465427398682e-02,-4.812192618846893311e-01,-1.339252591133117676e-01,-3.573479950428009033e-01,2.633895576000213623e-01,-7.657434046268463135e-02,-1.592556200921535492e-02,-3.249146938323974609e-01,0.000000000000000000e+00,0.000000000000000000e+00,-1.291357725858688354e-01,1.789933741092681885e-01,-2.968294918537139893e-01,-7.299755811691284180e-01,-8.537452667951583862e-03,-3.164832890033721924e-01,4.424335807561874390e-02,3.727304935455322266e-01,-1.375613659620285034e-01,2.170205414295196533e-01,-2.870451807975769043e-01,8.333645761013031006e-02,-1.993126869201660156e-01,8.449879288673400879e-02
1.127082467079162598e+00,-1.499729275703430176e+00,8.078580498695373535e-01,-2.260036068037152290e-03,2.624447271227836609e-02,9.721308946609497070e-01,2.329541593790054321e-01,1.719347089529037476e-01,-6.901218742132186890e-02,-2.050813883543014526e-01,2.764713764190673828e-01,-1.399607211351394653e-01,-3.789811208844184875e-02,-5.376877188682556152e-01,-1.397370547056198120e-01,-3.440124988555908203e-01,2.381647378206253052e-01,-1.612638980150222778e-01,1.909450441598892212e-02,-3.349319994449615479e-01,0.000000000000000000e+00,0.000000000000000000e+00,-1.679640412330627441e-01,1.780185252428054810e-01,-3.168004155158996582e-01,-7.252386212348937988e-01,-3.508570604026317596e-03,-3.112199008464813232e-01,7.352329045534133911e-02,3.638760149478912354e-01,-1.230832561850547791e-01,2.317466884851455688e-01,-2.892542779445648193e-01,7.607985287904739380e-02,-2.031800001859664917e-01,7.152828574180603027e-02
1.168533086776733398e+00,-1.537813186645507812e+00,8.143988847732543945e-01,-8.727292530238628387e-03,1.650696806609630585e-02,9.700887799263000488e-01,2.420311868190765381e-01,1.363735347986221313e-01,-5.142978206276893616e-02,-9.231251478195190430e-02,2.216608971357345581e-01,-2.078351676464080811e-01,-2.591864578425884247e-02,-5.613886117935180664e-01,-1.112601533532142639e-01,-3.502461612224578857e-01,1.678020358085632324e-01,-2.614288330078125000e-01,4.841451346874237061e-02,-3.144155442714691162e-01,0.000000000000000000e+00,0.000000000000000000e+00,-1.766794770956039429e-01,1.952230334281921387e-01,-3.375151455402374268e-01,-7.314248681068420410e-01,-2.291650744155049324e-03,-3.173140883445739746e-01,9.369995445013046265e-02,3.466943204402923584e-01,-9.349007159471511841e-02,2.482417076826095581e-01,-3.004069626331329346e-01,5.977708846330642700e-02,-2.073803246021270752e-01,5.980779230594635010e-02
1.208619356155395508e+00,-1.574249625205993652e+00,8.183028101921081543e-01,-1.606205292046070099e-02,1.794883422553539276e-02,9.652773141860961914e-01,2.601144015789031982e-01,9.262578934431076050e-02,-6.094961985945701599e-02,6.779777468182146549e-04,1.737891584634780884e-01,-2.523051500320434570e-01,2.492432948201894760e-03,-5.538200139999389648e-01,-9.976776689291000366e-02,-4.141000807285308838e-01,8.154045790433883667e-02,-2.570156455039978027e-01,5.177295580506324768e-02,-2.710912525653839111e-01,0.000000000000000000e+00,0.000000000000000000e+00,-1.656501144170761108e-01,1.955773830413818359e-01,-3.460555672645568848e-01,-7.453837990760803223e-01,1.486009336076676846e-03,-3.210405409336090088e-01,7.952899485826492310e-02,3.150452375411987305e-01,-7.982248812913894653e-02,2.539019882678985596e-01,-3.278015553951263428e-01,4.804764688014984131e-02,-2.142868489027023315e-01,5.984968692064285278e-02
1.244557023048400879e+00,-1.604927539825439453e+00,8.192462325096130371e-01,-2.214181423187255859e-02,2.994128130376338959e-02,9.632924199104309082e-01,2.658588886260986328e-01,3.249488398432731628e-02,-8.843801170587539673e-02,1.569240354001522064e-02,1.612721085548400879e-01,-2.661134004592895508e-01,2.501507289707660675e-02,-5.525131821632385254e-01,-1.362427622079849243e-01,-4.725681245326995850e-01,1.149489805102348328e-01,-1.978894323110580444e-01,3.954041376709938049e-02,-2.444216459989547729e-01,0.000000000000000000e+00,0.000000000000000000e+00,-1.426965594291687012e-01,1.766558885574340820e-01,-3.513425588607788086e-01,-7.599229216575622559e-01,-2.764903707429766655e-03,-3.031925261020660400e-01,7.753218710422515869e-02,2.854528725147247314e-01,-8.157161623239517212e-02,2.421199083328247070e-01,-3.748724758625030518e-01,3.686207532882690430e-02,-2.174428105354309082e-01,3.869801014661788940e-02
1.277250647544860840e+00,-1.631546854972839355e+00,8.233639597892761230e-01,-2.478680573403835297e-02,3.698989376425743103e-02,9.631277322769165039e-01,2.653342783451080322e-01,-1.148358173668384552e-02,-1.060247793793678284e-01,2.417199127376079559e-02,1.393410563468933105e-01,-2.428012043237686157e-01,4.772686958312988281e-02,-5.228849053382873535e-01,-1.553857326507568359e-01,-4.473405182361602783e-01,1.673029065132141113e-01,-1.390659809112548828e-01,2.551680803298950195e-02,-2.250401526689529419e-01,0.000000000000000000e+00,0.000000000000000000e+00,-1.011916100978851318e-01,1.552139371633529663e-01,-3.487482368946075439e-01,-7.482713460922241211e-01,5.666080396622419357e-03,-3.074696660041809082e-01,3.999752551317214966e-02,2.504480481147766113e-01,-8.122143149375915527e-02,2.481220066547393799e-01,-4.106023013591766357e-01,2.214635722339153290e-02,-2.328545749187469482e-01,2.810336276888847351e-02
1.309505462646484375e+00,-1.656937479972839355e+00,8.305896520614624023e-01,-2.408889681100845337e-02,3.813553974032402039e-02,9.610571861267089844e-01,2.726435363292694092e-01,-4.257329925894737244e-02,-1.142468452453613281e-01,3.907822817564010620e-02,1.155209094285964966e-01,-2.031883746385574341e-01,6.470028311014175415e-02,-4.741392731666564941e-01,-1.495666950941085815e-01,-3.872267007827758789e-01,2.287342399358749390e-01,-8.949791640043258667e-02,2.096757479012012482e-02,-1.974005550146102905e-01,0.000000000000000000e+00,0.000000000000000000e+00,-4.328520596027374268e-02,1.316786110401153564e-01,-3.439788520336151123e-01,-7.052097916603088379e-01,-3.372043604031205177e-03,-2.987258136272430420e-01,2.662791125476360321e-02,1.973499208688735962e-01,-7.953204214572906494e-02,2.756270468235015869e-01,-4.265414476394653320e-01,2.431454323232173920e-02,-2.476487606763839722e-01,8.475493639707565308e-03
1.342508673667907715e+00,-1.679747939109802246e+00,8.382560610771179199e-01,-2.171168476343154907e-02,3.311763331294059753e-02,9.575010538101196289e-01,2.856982946395874023e-01,-6.969583034515380859e-02,-1.066208630800247192e-01,6.533276289701461792e-02,9.956333786249160767e-02,-1.640184968709945679e-01,7.408335059881210327e-02,-4.039268493652343750e-01,-1.356737464666366577e-01,-3.554439544677734375e-01,2.957577109336853027e-01,-5.413912609219551086e-02,8.895950391888618469e-03,-1.629363596439361572e-01,0.000000000000000000e+00,0.000000000000000000e+00,2.363279461860656738e-02,1.163930371403694153e-01,-3.359595239162445068e-01,-6.456884145736694336e-01,-1.237002201378345490e-02,-2.895529270172119141e-01,1.119692809879779816e-02,1.427262574434280396e-01,-7.348705828189849854e-02,3.143212795257568359e-01,-4.526145458221435547e-01,2.101907134056091309e-02,-2.529784142971038818e-01,6.466242950409650803e-03
1.375222325325012207e+00,-1.701574802398681641e+00,8.443444967269897461e-01,-1.734856888651847839e-02,2.782244794070720673e-02,9.528174996376037598e-01,3.017677068710327148e-01,-9.753456711769104004e-02,-9.602563083171844482e-02,1.009025126695632935e-01,9.615060687065124512e-02,-1.349666416645050049e-01,8.448328822851181030e-02,-3.163272738456726074e-01,-1.325850188732147217e-01,-3.511737287044525146e-01,3.643296062946319580e-01,-1.058647315949201584e-02,1.668457174673676491e-03,-1.204768493771553040e-01,0.000000000000000000e+00,0.000000000000000000e+00,8.934169262647628784e-02,9.897692501544952393e-02,-3.272354006767272949e-01,-5.765159726142883301e-01,-3.166981786489486694e-02,-2.772010862827301025e-01,-1.317087747156620026e-02,9.537492692470550537e-02,-7.114916294813156128e-02,3.300413191318511963e-01,-5.001119971275329590e-01,2.527501620352268219e-02,-2.700885236263275146e-01,2.817834261804819107e-03
1.408830523490905762e+00,-1.722610831260681152e+00,8.466783761978149414e-01,-1.479370240122079849e-02,2.046753093600273132e-02,9.488577842712402344e-01,3.146921396255493164e-01,-1.336054056882858276e-01,-7.683767378330230713e-02,1.309953480958938599e-01,1.027169898152351379e-01,-1.152160316705703735e-01,8.904034644365310669e-02,-2.297639846801757812e-01,-1.297504305839538574e-01,-3.333731889724731445e-01,4.340988099575042725e-01,1.943163760006427765e-02,-2.063209936022758484e-02,-7.871059328317642212e-02,0.000000000000000000e+00,0.000000000000000000e+00,1.489623337984085083e-01,9.312339872121810913e-02,-3.271699249744415283e-01,-5.074234604835510254e-01,-5.889849364757537842e-02,-2.478701919317245483e-01,-5.307916551828384399e-02,4.580517858266830444e-02,-6.729917973279953003e-02,3.486405611038208008e-01,-5.546450614929199219e-01,4.381166025996208191e-02,-2.710791528224945068e-01,-1.350886450381949544e-04
1.441377043724060059e+00,-1.744600653648376465e+00,8.436926603317260742e-01,-1.156781427562236786e-02,1.628198660910129547e-02,9.433111548423767090e-01,3.313082456588745117e-01,-1.701559275388717651e-01,-6.017633527517318726e-02,1.726505756378173828e-01,1.116406172513961792e-01,-1.092134863138198853e-01,1.039293631911277771e-01,-1.412551701068878174e-01,-1.388115584850311279e-01,-3.224133849143981934e-01,4.974573254585266113e-01,5.549320951104164124e-02,-2.403875440359115601e-02,-2.665069885551929474e-02,0.000000000000000000e+00,0.000000000000000000e+00,2.055040001869201660e-01,9.227508306503295898e-02,-3.243100345134735107e-01,-4.580264687538146973e-01,-8.648353070020675659e-02,-2.267717719078063965e-01,-9.600981324911117554e-02,-4.637956153601408005e-03,-7.573816925287246704e-02,3.605997562408447266e-01,-6.134249567985534668e-01,3.662981092929840088e-02,-2.722079753875732422e-01,4.247833974659442902e-03
1.477023601531982422e+00,-1.768048644065856934e+00,8.368933796882629395e-01,-1.049832068383693695e-02,1.616633310914039612e-02,9.378531575202941895e-01,3.464966118335723877e-01,-2.216901481151580811e-01,-4.595578089356422424e-02,2.068340778350830078e-01,1.298107057809829712e-01,-1.047394946217536926e-01,1.172696948051452637e-01,-6.647032499313354492e-02,-1.347144693136215210e-01,-2.659593224525451660e-01,5.289372801780700684e-01,9.360758215188980103e-02,-5.192053969949483871e-03,3.348378837108612061e-02,0.000000000000000000e+00,0.000000000000000000e+00,2.548244297504425049e-01,9.181401133537292480e-02,-3.130056262016296387e-01,-4.284811615943908691e-01,-1.168259978294372559e-01,-2.064519673585891724e-01,-1.215593963861465454e-01,-5.984972789883613586e-02,-1.009123995900154114e-01,3.785645067691802979e-01,-6.743887662887573242e-01,7.370954006910324097e-02,-2.644798755645751953e-01,7.472608704119920731e-03
1.514107823371887207e+00,-1.791459441184997559e+00,8.271307349205017090e-01,-1.042420696467161179e-02,1.754595711827278137e-02,9.314756393432617188e-01,3.632307648658752441e-01,-2.850213050842285156e-01,-2.463156543672084808e-02,2.389393001794815063e-01,1.641954779624938965e-01,-9.983080625534057617e-02,1.302492767572402954e-01,-2.931785769760608673e-03,-1.317826956510543823e-01,-2.010791152715682983e-01,5.345049500465393066e-01,1.037574559450149536e-01,7.570278365164995193e-03,9.828703850507736206e-02,0.000000000000000000e+00,0.000000000000000000e+00,2.959299981594085693e-01,9.367956966161727905e-02,-2.857619822025299072e-01,-4.032045304775238037e-01,-1.375261545181274414e-01,-2.015247195959091187e-01,-1.483265608549118042e-01,-1.190394833683967590e-01,-1.357389986515045166e-01,4.049903750419616699e-01,-7.238442301750183105e-01,1.133433803915977478e-01,-2.766543030738830566e-01,9.210666641592979431e-03
1.552717924118041992e+00,-1.814767718315124512e+00,8.176328539848327637e-01,-1.134119648486375809e-02,1.978082954883575439e-02,9.262004494667053223e-01,3.763413429260253906e-01,-3.603607118129730225e-01,-6.966727087274193764e-04,2.519801259040832520e-01,2.150948196649551392e-01,-8.038161695003509521e-02,1.321719437837600708e-01,5.705657601356506348e-02,-1.251796633005142212e-01,-1.314818412065505981e-01,5.006955862045288086e-01,9.663909673690795898e-02,9.694415144622325897e-03,1.587492525577545166e-01,0.000000000000000000e+00,0.000000000000000000e+00,3.285510241985321045e-01,9.717255085706710815e-02,-2.465564906597137451e-01,-3.848100602626800537e-01,-1.322901695966720581e-01,-2.009407728910446167e-01,-1.497487574815750122e-01,-1.600051075220108032e-01,-1.604351997375488281e-01,4.181194007396697998e-01,-7.725786566734313965e-01,1.435642540454864502e-01,-2.918562293052673340e-01,-3.547867387533187866e-02
1.589570403099060059e+00,-1.836045622825622559e+00,8.081073164939880371e-01,-8.221058174967765808e-03,2.221272885799407959e-02,9.226536750793457031e-01,3.849016129970550537e-01,-4.149671792984008789e-01,2.087176404893398285e-02,2.832388281822204590e-01,2.439973652362823486e-01,-5.421043932437896729e-02,1.229111030697822571e-01,1.403740793466567993e-01,-1.163003444671630859e-01,-6.467393040657043457e-02,3.949684202671051025e-01,1.200511381030082703e-01,2.209559082984924316e-02,2.083209306001663208e-01,0.000000000000000000e+00,0.000000000000000000e+00,3.484752178192138672e-01,9.668061137199401855e-02,-1.942672580480575562e-01,-3.528352379798889160e-01,-1.072997376322746277e-01,-2.112927734851837158e-01,-1.820089966058731079e-01,-1.956203579902648926e-01,-1.788894534111022949e-01,4.175565540790557861e-01,-7.897737026214599609e-01,1.187296137213706970e-01,-2.831788659095764160e-01,-2.409433759748935699e-02
1.638895273208618164e+00,-1.862604737281799316e+00,8.010697364807128906e-01,-8.628047071397304535e-03,3.022511675953865051e-02,9.134253859519958496e-01,4.057906270027160645e-01,-4.749473631381988525e-01,5.270097032189369202e-02,3.269612789154052734e-01,2.537088394165039062e-01,-5.964341387152671814e-02,1.030843257904052734e-01,1.517664343118667603e-01,-1.039992943406105042e-01,6.026970222592353821e-02,3.212570250034332275e-01,1.143769249320030212e-01,5.049110203981399536e-02,2.756320536136627197e-01,0.000000000000000000e+00,0.000000000000000000e+00,3.510640263557434082e-01,9.433387219905853271e-02,-1.748047024011611938e-01,-3.332671523094177246e-01,-7.029203325510025024e-02,-2.035889327526092529e-01,-1.600754261016845703e-01,-2.437780648469924927e-01,-2.035239636898040771e-01,4.443034231662750244e-01,-7.858588695526123047e-01,8.994141221046447754e-02,-2.728464007377624512e-01,-3.296002373099327087e-02
1.687276959419250488e+00,-1.888899087905883789e+00,8.015424013137817383e-01,-1.190251763910055161e-02,3.462854400277137756e-02,9.111739397048950195e-01,4.103915393352508545e-01,-5.330172181129455566e-01,7.057023048400878906e-02,3.277870118618011475e-01,2.511001229286193848e-01,-1.191269606351852417e-01,8.380636572837829590e-02,1.198355704545974731e-01,-9.118009358644485474e-02,8.849075436592102051e-02,2.749147117137908936e-01,-2.148981951177120209e-02,6.678384542465209961e-02,2.929384708404541016e-01,0.000000000000000000e+00,0.000000000000000000e+00,3.502125144004821777e-01,8.449844270944595337e-02,-1.597780883312225342e-01,-3.294364213943481445e-01,-4.460718855261802673e-02,-2.046989649534225464e-01,-1.424362212419509888e-01,-2.783878147602081299e-01,-2.105313539505004883e-01,4.625132083892822266e-01,-7.786686420440673828e-01,8.883639425039291382e-02,-2.714559137821197510e-01,-4.284837841987609863e-02
1.736080050468444824e+00,-1.915359258651733398e+00,8.070371747016906738e-01,-1.392674446105957031e-02,3.604524955153465271e-02,9.122499823570251465e-01,4.078072607517242432e-01,-5.690729618072509766e-01,8.291939646005630493e-02,3.292506337165832520e-01,2.257813960313796997e-01,-2.235577851533889771e-01,8.481253683567047119e-02,6.535649299621582031e-02,-8.514955639839172363e-02,-4.055096302181482315e-03,2.786130905151367188e-01,-1.691095978021621704e-01,9.160453826189041138e-02,2.850313186645507812e-01,0.000000000000000000e+00,0.000000000000000000e+00,3.295187354087829590e-01,7.516563683748245239e-02,-1.723782718181610107e-01,-2.981302440166473389e-01,-1.758520305156707764e-02,-2.526129186153411865e-01,-1.440871804952621460e-01,-2.933121025562286377e-01,-2.156354784965515137e-01,4.977180957794189453e-01,-7.868906855583190918e-01,3.578437119722366333e-02,-2.663283646106719971e-01,-5.882828682661056519e-02
1.781419515609741211e+00,-1.940069913864135742e+00,8.112584352493286133e-01,-1.711132377386093140e-02,3.092809394001960754e-02,9.172996282577514648e-01,3.966258466243743896e-01,-5.600672960281372070e-01,9.474467486143112183e-02,3.877933919429779053e-01,1.543815284967422485e-01,-2.510547339916229248e-01,4.346591606736183167e-02,3.967316076159477234e-02,-5.877656117081642151e-02,-7.754218578338623047e-02,2.322297692298889160e-01,-2.364820688962936401e-01,7.777943462133407593e-02,2.593485713005065918e-01,0.000000000000000000e+00,0.000000000000000000e+00,3.072665333747863770e-01,7.916457206010818481e-02,-1.763624846935272217e-01,-2.913206517696380615e-01,-3.293197229504585266e-02,-2.686046659946441650e-01,-1.442053765058517456e-01,-2.843230664730072021e-01,-2.123678922653198242e-01,4.908763766288757324e-01,-7.874864339828491211e-01,4.210228845477104187e-02,-2.766746878623962402e-01,-3.549552708864212036e-02
1.824996352195739746e+00,-1.965306162834167480e+00,8.126259446144104004e-01,-2.495709620416164398e-02,2.572916075587272644e-02,9.226998686790466309e-01,3.838490843772888184e-01,-5.628328919410705566e-01,1.158009916543960571e-01,4.460139274597167969e-01,1.933458447456359863e-01,-2.312222570180892944e-01,3.606251627206802368e-02,-1.834661886096000671e-02,-2.975424937903881073e-02,-1.145624145865440369e-01,2.333105504512786865e-01,-2.758436799049377441e-01,4.061067104339599609e-02,2.232366204261779785e-01,0.000000000000000000e+00,0.000000000000000000e+00,2.799364030361175537e-01,8.852832764387130737e-02,-2.147237658500671387e-01,-3.174728453159332275e-01,-2.992532774806022644e-02,-2.651586830615997314e-01,-1.321904957294464111e-01,-2.644110321998596191e-01,-2.059630751609802246e-01,4.911522269248962402e-01,-7.823640704154968262e-01,1.847269944846630096e-02,-2.803038060665130615e-01,-4.725086316466331482e-02
1.863352537155151367e+00,-1.988316059112548828e+00,8.155930638313293457e-01,-2.703405544161796570e-02,3.101682104170322418e-02,9.250321388244628906e-01,3.776541650295257568e-01,-5.348395705223083496e-01,1.106153875589370728e-01,4.736202955245971680e-01,2.683352530002593994e-01,-2.173552215099334717e-01,4.680262133479118347e-02,-5.497367307543754578e-02,-3.220086917281150818e-02,-1.537349671125411987e-01,2.043658494949340820e-01,-2.455001771450042725e-01,1.653009839355945587e-02,1.894921958446502686e-01,0.000000000000000000e+00,0.000000000000000000e+00,2.595523893833160400e-01,7.429584115743637085e-02,-2.478853911161422729e-01,-3.633503615856170654e-01,-3.348090127110481262e-02,-2.533447742462158203e-01,-1.213864833116531372e-01,-2.211550921201705933e-01,-2.095505744218826294e-01,4.851023852825164795e-01,-7.546803951263427734e-01,2.505835704505443573e-02,-2.932667434215545654e-01,-4.986137896776199341e-02
1.897562980651855469e+00,-2.011771678924560547e+00,8.226770162582397461e-01,-2.551550045609474182e-02,3.846871480345726013e-02,9.294617176055908203e-01,3.660191893577575684e-01,-4.860042929649353027e-01,9.006206691265106201e-02,4.799804389476776123e-01,3.449235260486602783e-01,-1.977105885744094849e-01,7.563752681016921997e-02,-9.157618135213851929e-02,-4.345416650176048279e-02,-1.792092025279998779e-01,1.879789531230926514e-01,-1.920788735151290894e-01,1.024974882602691650e-02,1.477248817682266235e-01,0.000000000000000000e+00,0.000000000000000000e+00,2.165408730506896973e-01,5.286779254674911499e-02,-2.703097164630889893e-01,-3.808999657630920410e-01,-4.447429254651069641e-02,-2.606682479381561279e-01,-1.504030376672744751e-01,-1.613640040159225464e-01,-2.149577438831329346e-01,4.588141739368438721e-01,-6.991690993309020996e-01,4.887145385146141052e-02,-2.671352922916412354e-01,3.019347973167896271e-02
1.928591251373291016e+00,-2.035854339599609375e+00,8.326534628868103027e-01,-1.994463615119457245e-02,4.628533124923706055e-02,9.357203245162963867e-01,3.491236269474029541e-01,-4.130917191505432129e-01,5.922725424170494080e-02,4.764248132705688477e-01,4.085364341735839844e-01,-1.865072995424270630e-01,9.351836889982223511e-02,-1.207390651106834412e-01,-6.041784957051277161e-02,-1.983989179134368896e-01,1.744289398193359375e-01,-1.339932382106781006e-01,6.235912907868623734e-03,1.033977866172790527e-01,0.000000000000000000e+00,0.000000000000000000e+00,1.642699241638183594e-01,3.873253241181373596e-02,-3.152320086956024170e-01,-3.991752564907073975e-01,-5.581664666533470154e-02,-2.596449851989746094e-01,-1.363173574209213257e-01,-8.479174226522445679e-02,-2.172833085060119629e-01,4.314643442630767822e-01,-6.262639760971069336e-01,4.074823483824729919e-02,-2.666314840316772461e-01,4.648669809103012085e-02
1.957555532455444336e+00,-2.056928157806396484e+00,8.386863470077514648e-01,-1.301039755344390869e-02,4.639359191060066223e-02,9.408616423606872559e-01,3.353471457958221436e-01,-3.070244193077087402e-01,4.210305958986282349e-02,4.798834621906280518e-01,4.296801388263702393e-01,-1.299682259559631348e-01,6.627001613378524780e-02,-1.353568434715270996e-01,-6.236531585454940796e-02,-2.217066735029220581e-01,1.506898552179336548e-01,-8.267191052436828613e-02,-1.105611771345138550e-02,5.799435079097747803e-02,0.000000000000000000e+00,0.000000000000000000e+00,1.504201591014862061e-01,4.893094301223754883e-02,-3.058050572872161865e-01,-4.742931723594665527e-01,-9.915395826101303101e-02,-2.460598796606063843e-01,-1.289210915565490723e-01,-1.174324937164783478e-02,-2.049076110124588013e-01,4.035626351833343506e-01,-5.451859235763549805e-01,7.990368455648422241e-02,-2.424745112657546997e-01,7.180105894804000854e-02
1.985076069831848145e+00,-2.079815149307250977e+00,8.419432640075683594e-01,-6.211496889591217041e-03,4.837963730096817017e-02,9.457175135612487793e-01,3.213086426258087158e-01,-2.052257210016250610e-01,2.326193451881408691e-02,4.542175829410552979e-01,4.522748589515686035e-01,-9.247262775897979736e-02,7.085676491260528564e-02,-1.591795384883880615e-01,-7.253214716911315918e-02,-2.457715272903442383e-01,1.481582224369049072e-01,-5.675182119011878967e-02,-1.819619536399841309e-02,1.656567119061946869e-02,0.000000000000000000e+00,0.000000000000000000e+00,1.136268749833106995e-01,5.263361707329750061e-02,-2.993333041667938232e-01,-5.237231254577636719e-01,-7.877095788717269897e-02,-2.827480733394622803e-01,-1.459607630968093872e-01,6.495647132396697998e-02,-1.962208449840545654e-01,3.645863831043243408e-01,-4.692174792289733887e-01,7.671898603439331055e-02,-2.430043369531631470e-01,9.465838968753814697e-02
2.014514446258544922e+00,-2.103147506713867188e+00,8.404470086097717285e-01,-1.564690726809203625e-03,4.653276130557060242e-02,9.504132270812988281e-01,3.074848055839538574e-01,-1.097023114562034607e-01,1.082076318562030792e-02,3.960297107696533203e-01,4.743204712867736816e-01,-3.397794440388679504e-02,6.842597573995590210e-02,-1.878220140933990479e-01,-7.917189598083496094e-02,-2.766276001930236816e-01,1.535979211330413818e-01,-4.800692200660705566e-02,-3.662486001849174500e-02,-2.332599088549613953e-02,0.000000000000000000e+00,0.000000000000000000e+00,7.485263049602508545e-02,7.259295135736465454e-02,-3.124474287033081055e-01,-5.933138132095336914e-01,-8.260040730237960815e-02,-2.950890958309173584e-01,-1.605330705642700195e-01,1.317534297704696655e-01,-1.920305788516998291e-01,3.455075025558471680e-01,-4.038574099540710449e-01,9.712835401296615601e-02,-2.303066700696945190e-01,1.184968054294586182e-01
2.045925378799438477e+00,-2.128223419189453125e+00,8.339357376098632812e-01,-5.482076085172593594e-04,4.155649989843368530e-02,9.555559158325195312e-01,2.918659150600433350e-01,-1.813194714486598969e-02,1.152597460895776749e-02,3.344601094722747803e-01,4.759914577007293701e-01,2.515045925974845886e-02,4.924206808209419250e-02,-2.295839339494705200e-01,-7.987187802791595459e-02,-2.982187569141387939e-01,1.711393445730209351e-01,-6.045718491077423096e-02,-4.399829730391502380e-02,-7.115782052278518677e-02,0.000000000000000000e+00,0.000000000000000000e+00,3.636620193719863892e-02,9.761398285627365112e-02,-3.128473460674285889e-01,-6.575540304183959961e-01,-7.211288064718246460e-02,-3.000897765159606934e-01,-1.534586101770401001e-01,1.955212503671646118e-01,-1.816989779472351074e-01,3.142943978309631348e-01,-3.554996550083160400e-01,1.124641671776771545e-01,-2.127106934785842896e-01,1.343162953853607178e-01
2.078536748886108398e+00,-2.154473543167114258e+00,8.235227465629577637e-01,1.910376595333218575e-04,3.875181451439857483e-02,9.599887728691101074e-01,2.773441374301910400e-01,5.768353119492530823e-02,-6.935657467693090439e-03,2.298305928707122803e-01,4.687756299972534180e-01,6.326653808355331421e-02,2.061276137828826904e-02,-2.772695124149322510e-01,-8.962160348892211914e-02,-3.143618106842041016e-01,1.918262839317321777e-01,-6.094294041395187378e-02,-5.839193239808082581e-02,-1.215217635035514832e-01,0.000000000000000000e+00,0.000000000000000000e+00,-1.035051187500357628e-03,1.196245253086090088e-01,-3.129073083400726318e-01,-7.167684435844421387e-01,-5.843644589185714722e-02,-3.077560365200042725e-01,-1.292914152145385742e-01,2.492774873971939087e-01,-1.770210415124893188e-01,2.841049432754516602e-01,-3.129478096961975098e-01,1.275910586118698120e-01,-1.989133059978485107e-01,1.346246004104614258e-01
2.112325906753540039e+00,-2.182456493377685547e+00,8.113945722579956055e-01,-2.494976797606796026e-04,3.601722791790962219e-02,9.640649557113647461e-01,2.632136940956115723e-01,1.290982961654663086e-01,-3.509781137108802795e-02,9.052763134241104126e-02,4.332743287086486816e-01,8.623022586107254028e-02,-2.217192389070987701e-02,-3.396892249584197998e-01,-1.084352135658264160e-01,-3.342280387878417969e-01,2.317904680967330933e-01,-4.539974406361579895e-02,-7.290577888488769531e-02,-1.731040775775909424e-01,0.000000000000000000e+00,0.000000000000000000e+00,-3.297398239374160767e-02,1.429996043443679810e-01,-3.056723177433013916e-01,-7.704828381538391113e-01,-5.218787491321563721e-02,-3.184426724910736084e-01,-9.370572119951248169e-02,2.936038672924041748e-01,-1.756299883127212524e-01,2.517473101615905762e-01,-2.832533717155456543e-01,1.329233795404434204e-01,-1.909282654523849487e-01,1.323024034500122070e-01
2.146823406219482422e+00,-2.212360382080078125e+00,8.002406358718872070e-01,-1.406241673976182938e-03,3.376527875661849976e-02,9.679427146911621094e-01,2.488872110843658447e-01,1.866433471441268921e-01,-5.190609022974967957e-02,-3.242239356040954590e-02,3.899897038936614990e-01,7.817729562520980835e-02,-6.017151474952697754e-02,-4.060329496860504150e-01,-1.314533650875091553e-01,-3.573244810104370117e-01,2.711073160171508789e-01,-1.989182457327842712e-02,-6.380471587181091309e-02,-2.248691916465759277e-01,0.000000000000000000e+00,0.000000000000000000e+00,-7.450444251298904419e-02,1.576724499464035034e-01,-2.999522089958190918e-01,-8.045927286148071289e-01,-5.507517233490943909e-02,-3.275531530380249023e-01,-2.255142852663993835e-02,3.192346692085266113e-01,-1.723502576351165771e-01,2.315607666969299316e-01,-2.603257298469543457e-01,1.270309388637542725e-01,-1.800151765346527100e-01,1.108098402619361877e-01
2.185260057449340820e+00,-2.245504379272460938e+00,7.925104498863220215e-01,-6.307578179985284805e-03,3.216750919818878174e-02,9.714496731758117676e-01,2.349702119827270508e-01,2.077551335096359253e-01,-5.142745003104209900e-02,-1.165879145264625549e-01,3.490057885646820068e-01,5.135854333639144897e-02,-7.060752063989639282e-02,-4.667493999004364014e-01,-1.511413156986236572e-01,-3.767861723899841309e-01,2.776077985763549805e-01,-2.056154794991016388e-02,-5.543686822056770325e-02,-2.736781537532806396e-01,0.000000000000000000e+00,0.000000000000000000e+00,-1.152477487921714783e-01,1.623012572526931763e-01,-2.999381721019744873e-01,-8.135952353477478027e-01,-4.264559224247932434e-02,-3.184796273708343506e-01,3.000962175428867340e-02,3.234533667564392090e-01,-1.633179187774658203e-01,2.242920696735382080e-01,-2.478492110967636108e-01,1.185609847307205200e-01,-1.730162799358367920e-01,9.486383944749832153e-02
2.225746631622314453e+00,-2.281309366226196289e+00,7.900475263595581055e-01,-1.318772509694099426e-02,2.989415824413299561e-02,9.735232591629028320e-01,2.262408435344696045e-01,1.965381801128387451e-01,-6.164806336164474487e-02,-2.036281228065490723e-01,3.039236068725585938e-01,-2.561235614120960236e-02,-8.935507386922836304e-02,-5.222680568695068359e-01,-1.604248881340026855e-01,-3.846439421176910400e-01,2.526292800903320312e-01,-5.590002983808517456e-02,-2.055351808667182922e-02,-3.050515651702880859e-01,0.000000000000000000e+00,0.000000000000000000e+00,-1.589169800281524658e-01,1.672791689634323120e-01,-3.120595216751098633e-01,-8.008868694305419922e-01,-3.396276757121086121e-02,-3.149991929531097412e-01,6.310348957777023315e-02,3.154746592044830322e-01,-1.456567645072937012e-01,2.267240583896636963e-01,-2.542089819908142090e-01,1.085238829255104065e-01,-1.708110272884368896e-01,7.946047186851501465e-02
2.267908334732055664e+00,-2.320422887802124023e+00,7.936960458755493164e-01,-2.020843327045440674e-02,2.618705481290817261e-02,9.726731777191162109e-01,2.298102974891662598e-01,1.532024294137954712e-01,-7.040631026029586792e-02,-1.918198466300964355e-01,2.751662135124206543e-01,-1.387833058834075928e-01,-5.829357728362083435e-02,-5.824000835418701172e-01,-1.477922350168228149e-01,-3.544628620147705078e-01,2.221033424139022827e-01,-1.554630547761917114e-01,1.573907211422920227e-02,-3.009615540504455566e-01,0.000000000000000000e+00,0.000000000000000000e+00,-1.987646222114562988e-01,1.654001027345657349e-01,-3.317549526691436768e-01,-7.741862535476684570e-01,-2.375836670398712158e-02,-3.121246099472045898e-01,7.983119040727615356e-02,3.022936284542083740e-01,-1.245797052979469299e-01,2.406561225652694702e-01,-2.779273092746734619e-01,9.513274580240249634e-02,-1.786526739597320557e-01,8.388782292604446411e-02
2.310968875885009766e+00,-2.362037897109985352e+00,7.988937497138977051e-01,-2.862354926764965057e-02,2.127389796078205109e-02,9.688718318939208984e-01,2.449805438518524170e-01,1.001333892345428467e-01,-7.060260325670242310e-02,-9.244898706674575806e-02,2.384971678256988525e-01,-2.233063578605651855e-01,-2.167663164436817169e-02,-6.142236590385437012e-01,-1.276032030582427979e-01,-3.788470625877380371e-01,1.495905965566635132e-01,-2.218248844146728516e-01,4.201047495007514954e-02,-2.719007730484008789e-01,0.000000000000000000e+00,0.000000000000000000e+00,-2.186053544282913208e-01,1.703049838542938232e-01,-3.544451296329498291e-01,-7.536208033561706543e-01,-2.547130919992923737e-02,-3.084389567375183105e-01,7.984759658575057983e-02,2.786784470081329346e-01,-1.033259630203247070e-01,2.632126212120056152e-01,-3.168447315692901611e-01,7.942729443311691284e-02,-1.877907365560531616e-01,9.577293694019317627e-02
2.349290609359741211e+00,-2.398959636688232422e+00,8.012732863426208496e-01,-3.268909081816673279e-02,2.552472986280918121e-02,9.653214216232299805e-01,2.577488720417022705e-01,5.905788019299507141e-02,-8.709615468978881836e-02,-7.387280929833650589e-03,1.978432238101959229e-01,-2.737545669078826904e-01,1.387117709964513779e-02,-6.152620315551757812e-01,-1.383722126483917236e-01,-4.505349993705749512e-01,1.159365028142929077e-01,-2.144676744937896729e-01,4.901653900742530823e-02,-2.439736872911453247e-01,0.000000000000000000e+00,0.000000000000000000e+00,-2.126176953315734863e-01,1.621276885271072388e-01,-3.669340014457702637e-01,-7.407142519950866699e-01,-1.497720927000045776e-02,-3.086245357990264893e-01,6.160020828247070312e-02,2.553080916404724121e-01,-1.028220653533935547e-01,2.904439270496368408e-01,-3.685475587844848633e-01,7.465960085391998291e-02,-2.100136876106262207e-01,1.060855314135551453e-01
2.385273218154907227e+00,-2.430041790008544922e+00,8.043783307075500488e-01,-3.638012334704399109e-02,3.254871815443038940e-02,9.641793370246887207e-01,2.607206404209136963e-01,2.197325229644775391e-03,-1.069515869021415710e-01,1.452732365578413010e-02,1.902112364768981934e-01,-2.932759821414947510e-01,4.286584630608558655e-02,-6.100518107414245605e-01,-1.613177508115768433e-01,-4.635558724403381348e-01,1.713459491729736328e-01,-1.932230442762374878e-01,4.122925922274589539e-02,-2.275527715682983398e-01,0.000000000000000000e+00,0.000000000000000000e+00,-1.910799443721771240e-01,1.459419429302215576e-01,-3.734174370765686035e-01,-7.161359786987304688e-01,-4.106626380234956741e-03,-2.987123131752014160e-01,2.919765375554561615e-02,2.305766791105270386e-01,-1.066803410649299622e-01,3.034772276878356934e-01,-4.191641509532928467e-01,6.904624402523040771e-02,-2.109666317701339722e-01,1.076515614986419678e-01
2.416795253753662109e+00,-2.456450939178466797e+00,8.081654906272888184e-01,-3.800085186958312988e-02,4.178653657436370850e-02,9.607218503952026367e-01,2.717045247554779053e-01,-4.197380691766738892e-02,-1.289356946945190430e-01,4.335685074329376221e-02,1.713139712810516357e-01,-2.732977271080017090e-01,6.537704169750213623e-02,-5.853652358055114746e-01,-1.795139908790588379e-01,-4.478223621845245361e-01,2.301194667816162109e-01,-1.440678834915161133e-01,1.184829324483871460e-02,-1.929135322570800781e-01,0.000000000000000000e+00,0.000000000000000000e+00,-1.517414897680282593e-01,1.133221834897994995e-01,-3.636280000209808350e-01,-6.648281812667846680e-01,-1.896177046000957489e-02,-2.829260230064392090e-01,-1.702993921935558319e-02,1.944090873003005981e-01,-1.155355572700500488e-01,3.138188719749450684e-01,-4.524456560611724854e-01,9.040565043687820435e-02,-2.253274619579315186e-01,9.987385571002960205e-02
2.448212146759033203e+00,-2.481440782546997070e+00,8.168390989303588867e-01,-3.684860467910766602e-02,4.027022048830986023e-02,9.580605626106262207e-01,2.813191413879394531e-01,-6.902822852134704590e-02,-1.300199329853057861e-01,6.654910743236541748e-02,1.410150676965713501e-01,-2.208769321441650391e-01,7.145297527313232422e-02,-5.278325676918029785e-01,-1.716243028640747070e-01,-4.258297979831695557e-01,2.770605087280273438e-01,-8.736614882946014404e-02,-4.049652197863906622e-04,-1.639887988567352295e-01,0.000000000000000000e+00,0.000000000000000000e+00,-9.567753225564956665e-02,9.101330488920211792e-02,-3.500778973102569580e-01,-5.947687625885009766e-01,-1.133625581860542297e-02,-2.766962051391601562e-01,-4.084277153015136719e-02,1.512896865606307983e-01,-1.098433360457420349e-01,3.390352129936218262e-01,-4.735508859157562256e-01,9.642710536718368530e-02,-2.649263143539428711e-01,7.648259401321411133e-02
2.479826927185058594e+00,-2.505717039108276367e+00,8.268977403640747070e-01,-3.461972251534461975e-02,3.557097911834716797e-02,9.533236026763916016e-01,2.978427708148956299e-01,-9.244951605796813965e-02,-1.245112493634223938e-01,9.324826300144195557e-02,1.169133186340332031e-01,-1.735669970512390137e-01,7.411205768585205078e-02,-4.571710824966430664e-01,-1.527378112077713013e-01,-3.937411904335021973e-01,3.272934556007385254e-01,-5.208366364240646362e-02,-1.026998553425073624e-02,-1.234664618968963623e-01,0.000000000000000000e+00,0.000000000000000000e+00,-3.991564363241195679e-02,7.087873667478561401e-02,-3.378927707672119141e-01,-5.119571089744567871e-01,-1.572022028267383575e-02,-2.579003274440765381e-01,-6.774071604013442993e-02,9.659444540739059448e-02,-1.006826534867286682e-01,3.785870671272277832e-01,-4.704236090183258057e-01,1.015343815088272095e-01,-2.317935377359390259e-01,8.356919884681701660e-02
2.510168552398681641e+00,-2.525658130645751953e+00,8.344110846519470215e-01,-2.881775796413421631e-02,2.601046487689018250e-02,9.487845301628112793e-01,3.135297000408172607e-01,-1.054879501461982727e-01,-1.048782393336296082e-01,1.233363077044487000e-01,9.948252141475677490e-02,-1.371265649795532227e-01,7.978598028421401978e-02,-3.655295670032501221e-01,-1.334187984466552734e-01,-3.787257373332977295e-01,3.852333724498748779e-01,-1.747905462980270386e-02,-6.887890398502349854e-03,-8.840130269527435303e-02,0.000000000000000000e+00,0.000000000000000000e+00,2.917704731225967407e-02,6.403547525405883789e-02,-3.212536871433258057e-01,-4.387952685356140137e-01,-4.192622378468513489e-02,-2.185786217451095581e-01,-9.054664522409439087e-02,4.912008717656135559e-02,-9.134130179882049561e-02,4.048811495304107666e-01,-4.671300053596496582e-01,1.320477724075317383e-01,-2.308614552021026611e-01,8.876046538352966309e-02
2.539987087249755859e+00,-2.547321319580078125e+00,8.372334241867065430e-01,-2.355232462286949158e-02,1.985105313360691071e-02,9.438347220420837402e-01,3.289790153503417969e-01,-1.249986514449119568e-01,-9.283439815044403076e-02,1.521528959274291992e-01,9.000293910503387451e-02,-1.130870655179023743e-01,8.524207025766372681e-02,-2.752610146999359131e-01,-1.219839379191398621e-01,-3.486445844173431396e-01,4.496223032474517822e-01,2.740579470992088318e-02,-2.606835914775729179e-03,-5.388440936803817749e-02,0.000000000000000000e+00,0.000000000000000000e+00,1.033981144428253174e-01,6.263730674982070923e-02,-3.332986235618591309e-01,-3.924509286880493164e-01,-7.811863720417022705e-02,-1.761879026889801025e-01,-1.229981407523155212e-01,5.069491453468799591e-03,-8.707685023546218872e-02,3.981173336505889893e-01,-5.105142593383789062e-01,5.655451864004135132e-02,-2.263400256633758545e-01,1.131568923592567444e-01
2.570818424224853516e+00,-2.569567918777465820e+00,8.355643153190612793e-01,-1.793026179075241089e-02,1.588694937527179718e-02,9.394103884696960449e-01,3.419565558433532715e-01,-1.531295329332351685e-01,-8.200994879007339478e-02,1.856798231601715088e-01,9.329609572887420654e-02,-1.050152480602264404e-01,1.012541800737380981e-01,-1.809320449829101562e-01,-1.221852973103523254e-01,-3.257579207420349121e-01,4.999496340751647949e-01,7.000631839036941528e-02,-1.038992404937744141e-02,-1.718724146485328674e-02,0.000000000000000000e+00,0.000000000000000000e+00,1.555584371089935303e-01,5.822189524769783020e-02,-3.416087031364440918e-01,-3.346397578716278076e-01,-1.036860793828964233e-01,-1.689402610063552856e-01,-1.700890511274337769e-01,-3.751358017325401306e-02,-9.932226687669754028e-02,4.114091396331787109e-01,-5.527641773223876953e-01,4.723389446735382080e-02,-2.318527996540069580e-01,1.243919506669044495e-01
2.603219985961914062e+00,-2.591507911682128906e+00,8.276161551475524902e-01,-1.406992133706808090e-02,1.498779654502868652e-02,9.349315762519836426e-01,3.542320132255554199e-01,-1.980041116476058960e-01,-6.997606903314590454e-02,2.136330753564834595e-01,1.137173175811767578e-01,-1.038807779550552368e-01,1.157901212573051453e-01,-8.660317212343215942e-02,-1.223424375057220459e-01,-2.924133539199829102e-01,5.269441604614257812e-01,1.264008432626724243e-01,-1.408877689391374588e-02,2.605673484504222870e-02,0.000000000000000000e+00,0.000000000000000000e+00,2.081348001956939697e-01,6.044070050120353699e-02,-3.609843850135803223e-01,-3.170840740203857422e-01,-1.324936747550964355e-01,-1.525916606187820435e-01,-2.002502381801605225e-01,-7.344451546669006348e-02,-1.133709847927093506e-01,4.074205160140991211e-01,-6.027231812477111816e-01,2.899468177929520607e-03,-2.142817974090576172e-01,1.130131781101226807e-01
2.637834072113037109e+00,-2.614737749099731445e+00,8.177340030670166016e-01,-1.090824138373136520e-02,1.790274865925312042e-02,9.305552244186401367e-01,3.655509054660797119e-01,-2.574339509010314941e-01,-5.944959819316864014e-02,2.423552423715591431e-01,1.481583267450332642e-01,-1.074568405747413635e-01,1.348994970321655273e-01,-6.432313937693834305e-03,-1.002200171351432800e-01,-1.963239163160324097e-01,5.201494097709655762e-01,1.679139733314514160e-01,2.570320852100849152e-03,7.331326603889465332e-02,0.000000000000000000e+00,0.000000000000000000e+00,2.513891160488128662e-01,5.499740317463874817e-02,-3.433854877948760986e-01,-3.093340992927551270e-01,-1.508008539676666260e-01,-1.453992426395416260e-01,-2.168271839618682861e-01,-1.124598830938339233e-01,-1.361441612243652344e-01,4.135967791080474854e-01,-6.590446233749389648e-01,8.925567381083965302e-03,-2.257408052682876587e-01,1.297266483306884766e-01
2.674870967864990234e+00,-2.639356851577758789e+00,8.066421747207641602e-01,-1.116040628403425217e-02,2.201728150248527527e-02,9.262278079986572266e-01,3.761551380157470703e-01,-3.445752859115600586e-01,-4.004641249775886536e-02,2.656087279319763184e-01,2.192643433809280396e-01,-9.569323807954788208e-02,1.349430978298187256e-01,6.084766611456871033e-02,-7.938167452812194824e-02,-1.012030541896820068e-01,4.871054887771606445e-01,1.791010349988937378e-01,2.449080348014831543e-02,1.283620595932006836e-01,0.000000000000000000e+00,0.000000000000000000e+00,2.792576849460601807e-01,5.628183111548423767e-02,-3.319245278835296631e-01,-3.134340047836303711e-01,-1.628551185131072998e-01,-1.514531672000885010e-01,-2.083808630704879761e-01,-1.439764201641082764e-01,-1.634258329868316650e-01,3.940867185592651367e-01,-7.045029401779174805e-01,5.569616332650184631e-02,-2.660797238349914551e-01,5.517421290278434753e-02
2.713902950286865234e+00,-2.663547992706298828e+00,7.964866757392883301e-01,-1.042493525892496109e-02,2.536641061305999756e-02,9.213851690292358398e-01,3.876818120479583740e-01,-4.182913899421691895e-01,-1.466715335845947266e-02,2.920366525650024414e-01,2.704590260982513428e-01,-7.163590937852859497e-02,1.284768581390380859e-01,1.218125820159912109e-01,-6.777717918157577515e-02,-1.770808175206184387e-02,4.274531602859497070e-01,1.780420541763305664e-01,2.725695818662643433e-02,1.848697662353515625e-01,0.000000000000000000e+00,0.000000000000000000e+00,2.981341183185577393e-01,6.213706359267234802e-02,-3.162083029747009277e-01,-3.214968740940093994e-01,-1.563899815082550049e-01,-1.684598624706268311e-01,-2.115231603384017944e-01,-1.736835688352584839e-01,-1.894809603691101074e-01,4.067263007164001465e-01,-7.215502262115478516e-01,7.040149718523025513e-02,-2.743917405605316162e-01,2.261529490351676941e-02
2.753100156784057617e+00,-2.688496589660644531e+00,7.892556190490722656e-01,-8.735156618058681488e-03,3.058540634810924530e-02,9.170142412185668945e-01,3.975840210914611816e-01,-4.728125035762786865e-01,1.809920184314250946e-03,3.165596127510070801e-01,2.827535271644592285e-01,-7.317074388265609741e-02,1.197486296296119690e-01,1.631063371896743774e-01,-5.061844736337661743e-02,9.575983136892318726e-02,3.453984558582305908e-01,1.457902193069458008e-01,4.785178229212760925e-02,2.347436547279357910e-01,0.000000000000000000e+00,0.000000000000000000e+00,2.943873405456542969e-01,4.958212748169898987e-02,-2.634353935718536377e-01,-3.160737752914428711e-01,-1.214136481285095215e-01,-1.685798466205596924e-01,-1.912376433610916138e-01,-2.015911936759948730e-01,-2.002141624689102173e-01,4.147016704082489014e-01,-7.106624245643615723e-01,6.546860188245773315e-02,-2.650504410266876221e-01,-2.396460808813571930e-02
2.796147346496582031e+00,-2.717350006103515625e+00,7.883196473121643066e-01,-1.018089428544044495e-02,3.527681529521942139e-02,9.133341908454895020e-01,4.055521190166473389e-01,-5.238004326820373535e-01,1.716276630759239197e-02,3.327646255493164062e-01,2.772987186908721924e-01,-1.046764701604843140e-01,9.477709978818893433e-02,1.544575840234756470e-01,-3.621758520603179932e-02,1.818392574787139893e-01,2.793017029762268066e-01,3.918335959315299988e-02,5.832163989543914795e-02,2.638824582099914551e-01,0.000000000000000000e+00,0.000000000000000000e+00,2.902531921863555908e-01,4.065495729446411133e-02,-2.556560039520263672e-01,-3.272712230682373047e-01,-1.098453402519226074e-01,-1.889910548925399780e-01,-1.799429357051849365e-01,-2.454153299331665039e-01,-2.059246897697448730e-01,4.448187351226806641e-01,-6.796218752861022949e-01,6.990710645914077759e-02,-2.649913728237152100e-01,-3.006304800510406494e-02
2.841595172882080078e+00,-2.745305776596069336e+00,7.933072447776794434e-01,-1.336591783910989761e-02,3.515668213367462158e-02,9.125130772590637207e-01,4.073146283626556396e-01,-5.537819266319274902e-01,3.323601186275482178e-02,3.479101955890655518e-01,2.370269298553466797e-01,-1.759064495563507080e-01,7.336714118719100952e-02,1.083780378103256226e-01,-2.736216969788074493e-02,1.198453009128570557e-01,2.656346559524536133e-01,-8.842985332012176514e-02,5.041533336043357849e-02,2.736048400402069092e-01,0.000000000000000000e+00,0.000000000000000000e+00,2.781889736652374268e-01,3.548557311296463013e-02,-2.153264731168746948e-01,-3.512662947177886963e-01,-5.555372312664985657e-02,-2.065090835094451904e-01,-1.798607259988784790e-01,-2.835669219493865967e-01,-2.026752829551696777e-01,4.798745512962341309e-01,-6.412442326545715332e-01,5.561163276433944702e-02,-2.599545121192932129e-01,-1.030388474464416504e-02
2.886772871017456055e+00,-2.773492336273193359e+00,8.000476360321044922e-01,-1.258447114378213882e-02,3.940227255225181580e-02,9.155001044273376465e-01,4.001857340335845947e-01,-5.524526238441467285e-01,2.437165379524230957e-02,3.709531426429748535e-01,1.627590209245681763e-01,-2.335542887449264526e-01,4.173487797379493713e-02,8.783548325300216675e-02,-3.407216072082519531e-02,1.899375393986701965e-02,2.036604285240173340e-01,-1.381259411573410034e-01,5.704452469944953918e-02,2.565958499908447266e-01,0.000000000000000000e+00,0.000000000000000000e+00,2.688246369361877441e-01,2.735478244721889496e-02,-2.262436896562576294e-01,-3.820506930351257324e-01,-2.568572387099266052e-02,-2.057475447654724121e-01,-1.604279279708862305e-01,-2.997564077377319336e-01,-2.136030495166778564e-01,5.223758220672607422e-01,-6.174951195716857910e-01,2.691714651882648468e-02,-2.426682114601135254e-01,4.528094083070755005e-02
2.928561449050903320e+00,-2.800381898880004883e+00,8.022909760475158691e-01,-1.894782483577728271e-02,3.980500996112823486e-02,9.207025170326232910e-01,3.877672255039215088e-01,-5.502548217773437500e-01,2.394775114953517914e-02,3.961616158485412598e-01,1.451942622661590576e-01,-2.087219804525375366e-01,2.976324036717414856e-02,3.771487623453140259e-02,-1.764320582151412964e-02,-1.519579626619815826e-02,1.865432113409042358e-01,-1.642137020826339722e-01,4.899417608976364136e-02,2.238192856311798096e-01,0.000000000000000000e+00,0.000000000000000000e+00,2.329506278038024902e-01,2.409663610160350800e-02,-2.540899515151977539e-01,-3.957519829273223877e-01,-3.679016977548599243e-02,-1.975805014371871948e-01,-1.050161197781562805e-01,-3.035839796066284180e-01,-2.210332751274108887e-01,5.306231379508972168e-01,-6.093199253082275391e-01,4.421429336071014404e-02,-2.474935650825500488e-01,4.711103066802024841e-02
2.964861631393432617e+00,-2.822269439697265625e+00,8.063760399818420410e-01,-2.255856990814208984e-02,3.971704468131065369e-02,9.223141670227050781e-01,3.837320208549499512e-01,-5.308614373207092285e-01,2.825907617807388306e-02,3.819054961204528809e-01,2.016861289739608765e-01,-1.838797777891159058e-01,3.964649513363838196e-02,-1.409988012164831161e-02,-4.887916613370180130e-03,-2.430051378905773163e-02,1.840981543064117432e-01,-1.681926548480987549e-01,3.029230609536170959e-02,1.982538104057312012e-01,0.000000000000000000e+00,0.000000000000000000e+00,2.139608561992645264e-01,1.948731020092964172e-02,-2.642148137092590332e-01,-4.260703921318054199e-01,-4.564148932695388794e-02,-2.053703516721725464e-01,-1.273252815008163452e-01,-2.741600275039672852e-01,-2.223921120166778564e-01,5.331298708915710449e-01,-6.055241227149963379e-01,4.969098418951034546e-02,-2.460214346647262573e-01,7.063261419534683228e-02
2.997677326202392578e+00,-2.842626094818115234e+00,8.140534758567810059e-01,-2.223228290677070618e-02,3.979799896478652954e-02,9.239056110382080078e-01,3.798951208591461182e-01,-4.944604635238647461e-01,2.767577767372131348e-02,3.504121005535125732e-01,2.946179211139678955e-01,-1.566951572895050049e-01,3.771709278225898743e-02,-3.751690685749053955e-02,1.505253254435956478e-03,-4.852088168263435364e-02,1.520008593797683716e-01,-1.424391567707061768e-01,5.870776716619729996e-03,1.767463237047195435e-01,0.000000000000000000e+00,0.000000000000000000e+00,1.887749731540679932e-01,2.185316383838653564e-02,-2.801663875579833984e-01,-4.361653625965118408e-01,-5.016976967453956604e-02,-2.141343802213668823e-01,-1.343961209058761597e-01,-2.156792730093002319e-01,-2.213083058595657349e-01,5.022491812705993652e-01,-6.005216836929321289e-01,5.404827371239662170e-02,-2.584121525287628174e-01,6.932923197746276855e-02
3.027138710021972656e+00,-2.864162206649780273e+00,8.225125074386596680e-01,-1.644111983478069305e-02,4.406879469752311707e-02,9.283496737480163574e-01,3.687201738357543945e-01,-4.214232265949249268e-01,9.987103752791881561e-03,3.428718745708465576e-01,3.616672754287719727e-01,-1.297871023416519165e-01,4.894677177071571350e-02,-5.794310942292213440e-02,-6.598419975489377975e-03,-8.193492144346237183e-02,1.332392841577529907e-01,-1.011105850338935852e-01,-2.565266098827123642e-03,1.471715271472930908e-01,0.000000000000000000e+00,0.000000000000000000e+00,1.567995250225067139e-01,1.835141703486442566e-02,-3.017299771308898926e-01,-4.396746158599853516e-01,-6.545841693878173828e-02,-2.123744338750839233e-01,-1.418035775423049927e-01,-1.468085348606109619e-01,-2.274609059095382690e-01,4.504155516624450684e-01,-5.809624791145324707e-01,8.460549265146255493e-02,-2.273750603199005127e-01,4.948516190052032471e-02
3.055716991424560547e+00,-2.886622667312622070e+00,8.296073675155639648e-01,-1.037307642400264740e-02,4.838538169860839844e-02,9.319744706153869629e-01,3.591307401657104492e-01,-3.327472805976867676e-01,-3.081445815041661263e-03,3.474161922931671143e-01,4.162652790546417236e-01,-9.298549592494964600e-02,5.448710545897483826e-02,-8.184552192687988281e-02,-1.674901880323886871e-02,-9.437810629606246948e-02,1.162976399064064026e-01,-6.205577775835990906e-02,-1.094811782240867615e-02,1.156323254108428955e-01,0.000000000000000000e+00,0.000000000000000000e+00,1.285793930292129517e-01,1.569605246186256409e-02,-3.084528446197509766e-01,-4.550921916961669922e-01,-5.235158652067184448e-02,-2.355397790670394897e-01,-1.951087862253189087e-01,-7.415722310543060303e-02,-2.257536798715591431e-01,4.065321683883666992e-01,-5.390155911445617676e-01,3.283138945698738098e-02,-1.868691295385360718e-01,1.047648712992668152e-01
3.082040786743164062e+00,-2.908458948135375977e+00,8.347851634025573730e-01,-4.681007470935583115e-03,4.801408201456069946e-02,9.373155236244201660e-01,3.451266288757324219e-01,-2.359628826379776001e-01,-6.788921076804399490e-03,3.444189429283142090e-01,4.644840657711029053e-01,-6.373032182455062866e-02,5.818873643875122070e-02,-1.055273786187171936e-01,-1.950142905116081238e-02,-1.088463589549064636e-01,1.063297688961029053e-01,-5.582147091627120972e-02,-2.912945859134197235e-02,7.110086828470230103e-02,0.000000000000000000e+00,0.000000000000000000e+00,1.060411557555198669e-01,2.129262685775756836e-02,-2.998842000961303711e-01,-4.679980278015136719e-01,-5.259171500802040100e-02,-2.495404928922653198e-01,-1.975523233413696289e-01,-5.047873128205537796e-03,-2.216044813394546509e-01,3.669656813144683838e-01,-4.918702840805053711e-01,2.876832336187362671e-02,-2.180776000022888184e-01,1.185643374919891357e-01
3.109792709350585938e+00,-2.930665016174316406e+00,8.333932757377624512e-01,-2.199519658461213112e-03,4.887139797210693359e-02,9.411684870719909668e-01,3.343780338764190674e-01,-1.396860331296920776e-01,-1.384336780756711960e-02,3.272496461868286133e-01,4.884460270404815674e-01,-1.662458106875419617e-02,4.796738922595977783e-02,-1.329903453588485718e-01,-2.391573786735534668e-02,-1.431620717048645020e-01,1.047493889927864075e-01,-3.878397494554519653e-02,-2.218395657837390900e-02,2.919593639671802521e-02,0.000000000000000000e+00,0.000000000000000000e+00,8.043882995843887329e-02,2.723390050232410431e-02,-2.907027900218963623e-01,-4.874662756919860840e-01,-4.939407482743263245e-02,-2.620700299739837646e-01,-2.072871625423431396e-01,4.993239790201187134e-02,-2.237900495529174805e-01,3.432058393955230713e-01,-4.661184847354888916e-01,4.586098715662956238e-02,-2.261918038129806519e-01,1.415218710899353027e-01
3.138289690017700195e+00,-2.953273534774780273e+00,8.285346627235412598e-01,-1.594356494024395943e-03,4.654973745346069336e-02,9.461528658866882324e-01,3.203519284725189209e-01,-4.321738705039024353e-02,-2.178827486932277679e-02,2.774708569049835205e-01,4.834375083446502686e-01,2.678979560732841492e-02,4.094396904110908508e-02,-1.621324419975280762e-01,-2.554069645702838898e-02,-1.745720356702804565e-01,1.035810783505439758e-01,-3.587483242154121399e-02,-2.976726368069648743e-02,-2.247101441025733948e-02,0.000000000000000000e+00,0.000000000000000000e+00,5.900758504867553711e-02,4.497333243489265442e-02,-2.880215942859649658e-01,-5.160597562789916992e-01,-5.313731357455253601e-02,-2.782081067562103271e-01,-2.145317345857620239e-01,1.044410914182662964e-01,-2.284234613180160522e-01,3.159979581832885742e-01,-4.367367327213287354e-01,7.740329951047897339e-02,-2.264578044414520264e-01,1.510735452175140381e-01
3.168462991714477539e+00,-2.977725505828857422e+00,8.201594352722167969e-01,-2.400215016677975655e-03,4.283144697546958923e-02,9.515215754508972168e-01,3.045757114887237549e-01,4.618272557854652405e-02,-3.348206728696823120e-02,1.951789706945419312e-01,4.550203979015350342e-01,6.971108168363571167e-02,2.277724258601665497e-02,-2.070695757865905762e-01,-2.610972523689270020e-02,-1.709490865468978882e-01,1.196812316775321960e-01,-3.809371590614318848e-02,-5.399611964821815491e-02,-7.996044307947158813e-02,0.000000000000000000e+00,0.000000000000000000e+00,3.812394663691520691e-02,7.240665704011917114e-02,-3.000831007957458496e-01,-5.556722879409790039e-01,-8.723209798336029053e-02,-2.385424375534057617e-01,-1.154328063130378723e-01,1.507090777158737183e-01,-2.246602475643157959e-01,2.872652709484100342e-01,-4.148034453392028809e-01,1.005059331655502319e-01,-2.370394766330718994e-01,1.409515887498855591e-01
3.198331117630004883e+00,-3.003639221191406250e+00,8.096939921379089355e-01,-4.333907272666692734e-03,3.296684473752975464e-02,9.547466635704040527e-01,2.955557405948638916e-01,1.380472779273986816e-01,-4.331259801983833313e-02,1.004596278071403503e-01,3.916710615158081055e-01,9.148686379194259644e-02,-1.820014789700508118e-02,-2.679904103279113770e-01,-2.856375463306903839e-02,-3.380935490131378174e-01,1.850658506155014038e-01,-8.331933617591857910e-02,-1.074683573096990585e-02,-1.276691257953643799e-01,0.000000000000000000e+00,0.000000000000000000e+00,2.596533484756946564e-02,9.796642512083053589e-02,-2.882344722747802734e-01,-5.812322497367858887e-01,-6.189409270882606506e-02,-2.308530807495117188e-01,-1.031185165047645569e-01,1.762202978134155273e-01,-2.072193175554275513e-01,2.462550550699234009e-01,-3.772642016410827637e-01,3.940275311470031738e-02,-1.800701469182968140e-01,1.340259909629821777e-01
3.231173992156982422e+00,-3.032313585281372070e+00,7.997488975524902344e-01,-7.455238141119480133e-03,2.820912376046180725e-02,9.587394595146179199e-01,2.827850282192230225e-01,1.994436383247375488e-01,-5.233018472790718079e-02,-3.198513295501470566e-03,3.286346197128295898e-01,7.448089867830276489e-02,-2.679357677698135376e-02,-3.482223153114318848e-01,-4.560503363609313965e-02,-3.741640150547027588e-01,2.462856471538543701e-01,-9.089583158493041992e-02,-2.954897843301296234e-02,-1.799007654190063477e-01,0.000000000000000000e+00,0.000000000000000000e+00,-1.058034878224134445e-02,1.185547709465026855e-01,-3.092490434646606445e-01,-6.040359735488891602e-01,-5.920990183949470520e-02,-2.465068250894546509e-01,-6.095433980226516724e-02,2.013408541679382324e-01,-2.019009739160537720e-01,2.290699183940887451e-01,-3.645355403423309326e-01,3.300514072179794312e-02,-1.759760677814483643e-01,1.160590276122093201e-01
3.264833450317382812e+00,-3.061967849731445312e+00,7.911294102668762207e-01,-1.043670065701007843e-02,2.802888490259647369e-02,9.669255614280700684e-01,2.532991468906402588e-01,2.143833488225936890e-01,-4.297212138772010803e-02,1.026390027254819870e-02,3.037270307540893555e-01,4.537225887179374695e-02,-3.006841987371444702e-02,-4.130700528621673584e-01,-8.151003718376159668e-02,-4.225628376007080078e-01,2.892605066299438477e-01,-6.355974823236465454e-02,-1.915515772998332977e-02,-2.603487372398376465e-01,0.000000000000000000e+00,0.000000000000000000e+00,-5.072510242462158203e-02,1.216224506497383118e-01,-3.150279521942138672e-01,-6.002089381217956543e-01,-4.196972027420997620e-02,-2.513810396194458008e-01,-4.001564532518386841e-02,2.252240628004074097e-01,-1.929842233657836914e-01,2.108017504215240479e-01,-3.481065630912780762e-01,1.202889834530651569e-03,-1.800523996353149414e-01,7.963880151510238647e-02
3.301619052886962891e+00,-3.093396902084350586e+00,7.850601077079772949e-01,-1.714879646897315979e-02,3.708508983254432678e-02,9.685416221618652344e-01,2.454745322465896606e-01,2.098956704139709473e-01,-8.219651132822036743e-02,-2.073961496353149414e-01,2.317607402801513672e-01,-5.343349650502204895e-02,-7.344458252191543579e-03,-4.833194017410278320e-01,-1.111276075243949890e-01,-4.303217232227325439e-01,2.917603850364685059e-01,-5.266643129289150238e-03,5.385779077187180519e-04,-2.869447171688079834e-01,0.000000000000000000e+00,0.000000000000000000e+00,-1.055390387773513794e-01,1.118011102080345154e-01,-3.465667963027954102e-01,-5.910004973411560059e-01,-4.383122920989990234e-02,-2.550187408924102783e-01,-2.158288843929767609e-03,2.307989001274108887e-01,-1.996116191148757935e-01,2.120960354804992676e-01,-3.428515195846557617e-01,1.117727719247341156e-03,-1.885519325733184814e-01,5.956250056624412537e-02
3.338348865509033203e+00,-3.133160114288330078e+00,7.831122875213623047e-01,-2.520382963120937347e-02,5.482670664787292480e-02,9.703999161720275879e-01,2.338434755802154541e-01,1.582418084144592285e-01,-1.199585869908332825e-01,-1.948526054620742798e-01,1.899220645427703857e-01,-1.444596946239471436e-01,2.839547954499721527e-02,-5.337490439414978027e-01,-1.503894031047821045e-01,-4.377362132072448730e-01,2.297798991203308105e-01,6.982664763927459717e-02,2.809496037662029266e-02,-3.049510121345520020e-01,0.000000000000000000e+00,0.000000000000000000e+00,-1.764733642339706421e-01,8.242958784103393555e-02,-3.718979656696319580e-01,-5.762368440628051758e-01,-5.165944993495941162e-02,-2.588008642196655273e-01,1.766121573746204376e-02,2.178499847650527954e-01,-2.116820812225341797e-01,2.073524147272109985e-01,-3.285596072673797607e-01,1.835477654822170734e-03,-1.749891042709350586e-01,4.615512862801551819e-02
3.376676797866821289e+00,-3.171135663986206055e+00,7.830446958541870117e-01,-3.321712464094161987e-02,6.779839098453521729e-02,9.708675146102905273e-01,2.274122238159179688e-01,1.010941714048385620e-01,-1.445164829492568970e-01,-5.050075054168701172e-02,1.521961987018585205e-01,-1.913563460111618042e-01,3.397878631949424744e-02,-5.765345692634582520e-01,-1.854287385940551758e-01,-4.954981803894042969e-01,1.791125684976577759e-01,1.303383558988571167e-01,4.763496667146682739e-02,-3.123743534088134766e-01,0.000000000000000000e+00,0.000000000000000000e+00,-2.088789492845535278e-01,6.539959460496902466e-02,-3.787873983383178711e-01,-5.928058624267578125e-01,-5.309069529175758362e-02,-2.748433649539947510e-01,2.247229404747486115e-02,2.003340125083923340e-01,-2.140400558710098267e-01,2.092408090829849243e-01,-3.386439085006713867e-01,-7.520206738263368607e-03,-1.902784407138824463e-01,6.159394234418869019e-02
3.414503574371337891e+00,-3.202522516250610352e+00,7.869879603385925293e-01,-4.184181988239288330e-02,6.320311874151229858e-02,9.697918295860290527e-01,2.318586111068725586e-01,5.016573891043663025e-02,-1.452965885400772095e-01,-2.141080796718597412e-02,1.204059422016143799e-01,-2.276365458965301514e-01,3.831088170409202576e-02,-5.880465507507324219e-01,-1.627477407455444336e-01,-3.859365880489349365e-01,1.007986962795257568e-01,7.540270686149597168e-02,9.430547058582305908e-02,-2.994173169136047363e-01,0.000000000000000000e+00,0.000000000000000000e+00,-2.010809034109115601e-01,8.397930115461349487e-02,-3.873842060565948486e-01,-6.267610192298889160e-01,-4.991134628653526306e-02,-2.898974120616912842e-01,2.280399575829505920e-02,1.859024465084075928e-01,-1.934735029935836792e-01,2.341787666082382202e-01,-3.559212386608123779e-01,1.184064080007374287e-03,-1.950780302286148071e-01,8.078152686357498169e-02
3.448546409606933594e+00,-3.233016490936279297e+00,7.959387898445129395e-01,-4.721616581082344055e-02,4.738333448767662048e-02,9.671940803527832031e-01,2.450735270977020264e-01,6.452805828303098679e-03,-1.264422833919525146e-01,1.105786953121423721e-02,1.063063666224479675e-01,-2.293392270803451538e-01,5.116876214742660522e-02,-6.101326942443847656e-01,-1.531447321176528931e-01,-3.653590381145477295e-01,1.979785710573196411e-01,-2.242431603372097015e-02,7.469317317008972168e-02,-2.617635130882263184e-01,0.000000000000000000e+00,0.000000000000000000e+00,-1.649840474128723145e-01,1.114834100008010864e-01,-3.935506045818328857e-01,-6.645371317863464355e-01,-5.217378214001655579e-02,-2.762731313705444336e-01,2.698041498661041260e-02,1.827535033226013184e-01,-1.622622609138488770e-01,2.611656188964843750e-01,-3.870713412761688232e-01,1.830873265862464905e-02,-1.896671205759048462e-01,7.680896669626235962e-02
3.480338096618652344e+00,-3.258381843566894531e+00,8.040763139724731445e-01,-4.804977402091026306e-02,3.607663512229919434e-02,9.627586007118225098e-01,2.636011242866516113e-01,-2.658435516059398651e-02,-1.142617613077163696e-01,4.063288122415542603e-02,9.765080362558364868e-02,-2.193421721458435059e-01,6.871804594993591309e-02,-5.862900018692016602e-01,-1.600982993841171265e-01,-3.909959495067596436e-01,3.113728463649749756e-01,-7.354567199945449829e-02,2.550651878118515015e-02,-2.172726392745971680e-01,0.000000000000000000e+00,0.000000000000000000e+00,-1.229118928313255310e-01,1.191229894757270813e-01,-3.936703801155090332e-01,-6.742776632308959961e-01,-6.359831243753433228e-02,-2.604540586471557617e-01,2.156039513647556305e-02,1.638886034488677979e-01,-1.395680308341979980e-01,2.945981323719024658e-01,-4.020047783851623535e-01,1.362356822937726974e-02,-1.935715675354003906e-01,8.368090540170669556e-02
3.512235164642333984e+00,-3.284237384796142578e+00,8.128666281700134277e-01,-4.802120849490165710e-02,3.203034400939941406e-02,9.564165472984313965e-01,2.862435877323150635e-01,-6.854826956987380981e-02,-1.106973513960838318e-01,7.457574456930160522e-02,9.743159264326095581e-02,-2.022019177675247192e-01,7.725721597671508789e-02,-5.230068564414978027e-01,-1.506512016057968140e-01,-3.174751996994018555e-01,3.512356877326965332e-01,-3.679117932915687561e-02,1.462723873555660248e-02,-1.702415347099304199e-01,0.000000000000000000e+00,0.000000000000000000e+00,-7.475091516971588135e-02,1.117551401257514954e-01,-3.789303898811340332e-01,-6.626917719841003418e-01,-5.503960698843002319e-02,-2.527116239070892334e-01,1.267761085182428360e-02,1.344696730375289917e-01,-1.339899748563766479e-01,3.364292979240417480e-01,-4.314512908458709717e-01,5.923120304942131042e-03,-2.029380798339843750e-01,7.655428349971771240e-02
3.540971755981445312e+00,-3.307783365249633789e+00,8.195009827613830566e-01,-4.321336746215820312e-02,2.756183221936225891e-02,9.517090916633605957e-01,3.026925325393676758e-01,-9.858905524015426636e-02,-1.059387624263763428e-01,1.048519089818000793e-01,1.001600027084350586e-01,-1.814295500516891479e-01,9.261557459831237793e-02,-4.541106522083282471e-01,-1.709882467985153198e-01,-3.380064070224761963e-01,4.678046107292175293e-01,9.080445393919944763e-03,-2.413520961999893188e-02,-1.314550936222076416e-01,0.000000000000000000e+00,0.000000000000000000e+00,-2.710559777915477753e-02,9.719038754701614380e-02,-3.632087707519531250e-01,-6.302713751792907715e-01,-5.198722705245018005e-02,-2.329561412334442139e-01,-1.616444997489452362e-02,1.078993529081344604e-01,-1.252490133047103882e-01,3.371469676494598389e-01,-4.504442811012268066e-01,-1.148615032434463501e-02,-2.051066905260086060e-01,7.656802237033843994e-02
