-4.291243967600166798e-04,-7.578833959996700287e-03,8.654221296310424805e-01,1.648595370352268219e-02,-1.547311060130596161e-02,6.927597522735595703e-01,7.208139300346374512e-01,-1.113109290599822998e-01,-1.954581215977668762e-02,7.207729667425155640e-02,1.422725319862365723e-01,-4.831699654459953308e-02,8.635377883911132812e-02,-1.819833964109420776e-01,1.705373264849185944e-02,-3.045801632106304169e-02,3.342089653015136719e-01,-1.523083597421646118e-01,1.326441578567028046e-02,-2.785161882638931274e-02,0.000000000000000000e+00,0.000000000000000000e+00,-1.923978142440319061e-02,4.985734447836875916e-02,-4.280115664005279541e-01,-2.989783585071563721e-01,-2.127502858638763428e-01,-1.189702674746513367e-01,-9.846962243318557739e-02,-3.259231522679328918e-02,-1.000022590160369873e-01,5.309490561485290527e-01,-3.758854568004608154e-01,1.122365798801183701e-02,-3.861842676997184753e-02,1.337495893239974976e-01
-3.692280501127243042e-03,-7.553488947451114655e-03,8.632751107215881348e-01,1.947518438100814819e-02,-1.308001577854156494e-02,6.961143016815185547e-01,7.175475358963012695e-01,-1.398347169160842896e-01,-3.091566823422908783e-02,6.348949670791625977e-02,1.977601498365402222e-01,-7.804858684539794922e-02,9.044318646192550659e-02,-2.164916694164276123e-01,3.422473790124058723e-03,-3.316377848386764526e-02,4.052925109863281250e-01,-1.868824958801269531e-01,1.405299641191959381e-02,-4.123171418905258179e-02,0.000000000000000000e+00,0.000000000000000000e+00,-1.684826798737049103e-02,4.002424702048301697e-02,-4.217558503150939941e-01,-3.057416081428527832e-01,-2.178666740655899048e-01,-1.158796101808547974e-01,-9.752530604600906372e-02,-3.480494394898414612e-02,-1.095461621880531311e-01,5.396878719329833984e-01,-3.857971131801605225e-01,1.319681294262409210e-02,-2.884867042303085327e-02,1.327342540025711060e-01
-6.594774313271045685e-03,-4.838885273784399033e-03,8.624586462974548340e-01,1.903538219630718231e-02,-1.230070833116769791e-02,6.963685750961303711e-01,7.173264026641845703e-01,-1.538861691951751709e-01,-3.417779132723808289e-02,6.364767253398895264e-02,2.286365181207656860e-01,-9.793377667665481567e-02,9.174033999443054199e-02,-2.235132455825805664e-01,-1.110987621359527111e-03,-3.325992450118064880e-02,4.215266406536102295e-01,-1.962096095085144043e-01,1.668648608028888702e-02,-4.098631069064140320e-02,0.000000000000000000e+00,0.000000000000000000e+00,-1.732545159757137299e-02,3.447480872273445129e-02,-4.166038334369659424e-01,-3.034249544143676758e-01,-2.145085781812667847e-01,-1.186624690890312195e-01,-9.748561680316925049e-02,-3.443959727883338928e-02,-1.057867035269737244e-01,5.441896915435791016e-01,-3.886394202709197998e-01,1.411766465753316879e-02,-3.025617450475692749e-02,1.359695047140121460e-01
-9.594770148396492004e-03,-5.097654648125171661e-03,8.620827794075012207e-01,1.956967264413833618e-02,-1.353710610419511795e-02,6.959230899810791016e-01,7.177219986915588379e-01,-1.579553782939910889e-01,-3.641933202743530273e-02,6.399253755807876587e-02,2.416573911905288696e-01,-1.075115129351615906e-01,9.455407410860061646e-02,-2.230590432882308960e-01,-3.512104507535696030e-03,-3.169023990631103516e-02,4.237674176692962646e-01,-1.972500830888748169e-01,1.806577853858470917e-02,-4.070826619863510132e-02,0.000000000000000000e+00,0.000000000000000000e+00,-1.969310082495212555e-02,3.025363385677337646e-02,-4.200572073459625244e-01,-3.006675541400909424e-01,-2.181089073419570923e-01,-1.196759492158889771e-01,-9.762977808713912964e-02,-3.945604711771011353e-02,-9.721010923385620117e-02,5.479887127876281738e-01,-3.874312341213226318e-01,1.582792401313781738e-02,-2.921610325574874878e-02,1.374045461416244507e-01
-1.376916933804750443e-02,-3.125638235360383987e-03,8.625597357749938965e-01,1.856924965977668762e-02,-1.397159509360790253e-02,6.956350803375244141e-01,7.180193662643432617e-01,-1.475727409124374390e-01,-4.003170505166053772e-02,6.346263736486434937e-02,2.252272516489028931e-01,-1.062128841876983643e-01,9.670123457908630371e-02,-2.140216678380966187e-01,-5.659769289195537567e-03,-2.896969765424728394e-02,4.080842733383178711e-01,-1.908321082592010498e-01,1.971913315355777740e-02,-3.788583353161811829e-02,0.000000000000000000e+00,0.000000000000000000e+00,-2.309745177626609802e-02,2.789865434169769287e-02,-4.214543104171752930e-01,-2.990909516811370850e-01,-2.189043164253234863e-01,-1.204380691051483154e-01,-1.056101396679878235e-01,-4.574673995375633240e-02,-9.030690789222717285e-02,5.527274608612060547e-01,-3.887074589729309082e-01,1.405745837837457657e-02,-2.981664054095745087e-02,1.461831331253051758e-01
-1.680514030158519745e-02,-2.254218095913529396e-03,8.627892136573791504e-01,1.891348138451576233e-02,-1.384612172842025757e-02,6.955397725105285645e-01,7.181051373481750488e-01,-1.350962221622467041e-01,-4.450401291251182556e-02,6.625892966985702515e-02,2.040777951478958130e-01,-1.025610789656639099e-01,9.858217090368270874e-02,-2.096302360296249390e-01,-1.015661377459764481e-02,-2.911790646612644196e-02,4.011257588863372803e-01,-1.893795579671859741e-01,2.169081941246986389e-02,-3.705522045493125916e-02,0.000000000000000000e+00,0.000000000000000000e+00,-2.619757317006587982e-02,2.387872152030467987e-02,-4.239321351051330566e-01,-2.940003573894500732e-01,-2.234064340591430664e-01,-1.204375326633453369e-01,-1.100675985217094421e-01,-5.201891437172889709e-02,-8.159840852022171021e-02,5.574415922164916992e-01,-3.899889290332794189e-01,1.206549163907766342e-02,-3.101125359535217285e-02,1.494128257036209106e-01
-1.959547400474548340e-02,-1.393388956785202026e-03,8.624257445335388184e-01,2.052835188806056976e-02,-1.440254878252744675e-02,6.959041357040405273e-01,7.176967263221740723e-01,-1.313852667808532715e-01,-4.925978928804397583e-02,6.742385774850845337e-02,2.044529467821121216e-01,-1.088748872280120850e-01,1.021239534020423889e-01,-2.092120498418807983e-01,-1.559337321668863297e-02,-2.962441183626651764e-02,4.071817398071289062e-01,-1.928147226572036743e-01,2.309398911893367767e-02,-3.399048373103141785e-02,0.000000000000000000e+00,0.000000000000000000e+00,-2.741801179945468903e-02,1.785425841808319092e-02,-4.276450276374816895e-01,-2.901982963085174561e-01,-2.286882996559143066e-01,-1.228822320699691772e-01,-1.080856397747993469e-01,-5.607387423515319824e-02,-7.532931119203567505e-02,5.632300972938537598e-01,-3.936363458633422852e-01,1.426087319850921631e-02,-3.494706377387046814e-02,1.479278057813644409e-01
-2.168028801679611206e-02,-1.741184387356042862e-04,8.626489043235778809e-01,2.037206292152404785e-02,-1.325242407619953156e-02,6.958571672439575195e-01,7.177688479423522949e-01,-1.172803044319152832e-01,-5.355394631624221802e-02,7.058686763048171997e-02,1.767909675836563110e-01,-1.028635948896408081e-01,1.033854261040687561e-01,-2.064201682806015015e-01,-2.061625011265277863e-02,-3.364113345742225647e-02,4.001193940639495850e-01,-1.914672702550888062e-01,2.563274465501308441e-02,-3.311341255903244019e-02,0.000000000000000000e+00,0.000000000000000000e+00,-3.112497553229331970e-02,1.600474491715431213e-02,-4.261095821857452393e-01,-2.865312099456787109e-01,-2.272331863641738892e-01,-1.232692822813987732e-01,-1.161949485540390015e-01,-6.640135496854782104e-02,-7.150278240442276001e-02,5.687876939773559570e-01,-4.028802812099456787e-01,1.133603509515523911e-02,-3.407249972224235535e-02,1.532080620527267456e-01
-2.411248534917831421e-02,-8.292093989439308643e-04,8.620688915252685547e-01,2.259186841547489166e-02,-1.344390120357275009e-02,6.974759697914123535e-01,7.161257863044738770e-01,-1.140977814793586731e-01,-5.969863757491111755e-02,6.899937242269515991e-02,1.745679676532745361e-01,-1.072358787059783936e-01,1.055029407143592834e-01,-2.099012583494186401e-01,-2.782458998262882233e-02,-3.690464049577713013e-02,4.121915102005004883e-01,-1.977725178003311157e-01,2.482411451637744904e-02,-3.102477639913558960e-02,0.000000000000000000e+00,0.000000000000000000e+00,-3.083333186805248260e-02,1.286353450268507004e-02,-4.309699535369873047e-01,-2.896396815776824951e-01,-2.294407188892364502e-01,-1.265710294246673584e-01,-1.136305928230285645e-01,-7.545605301856994629e-02,-6.958928704261779785e-02,5.807046294212341309e-01,-4.103266298770904541e-01,1.494187209755182266e-02,-3.853140026330947876e-02,1.498343497514724731e-01
-2.599552087485790253e-02,-1.422825269401073456e-03,8.616417646408081055e-01,2.383395284414291382e-02,-1.277471520006656647e-02,6.994078755378723145e-01,7.142110466957092285e-01,-1.105116158723831177e-01,-6.512750685214996338e-02,6.766805797815322876e-02,1.669489294290542603e-01,-1.090263351798057556e-01,1.065708622336387634e-01,-2.134779691696166992e-01,-3.480387479066848755e-02,-4.290526732802391052e-02,4.202222526073455811e-01,-2.017868012189865112e-01,2.547848224639892578e-02,-2.906647324562072754e-02,0.000000000000000000e+00,0.000000000000000000e+00,-3.242916613817214966e-02,1.157138403505086899e-02,-4.368992149829864502e-01,-2.923450171947479248e-01,-2.331496179103851318e-01,-1.279115229845046997e-01,-1.144882813096046448e-01,-8.499236404895782471e-02,-6.809759885072708130e-02,5.899019837379455566e-01,-4.187938868999481201e-01,1.936384849250316620e-02,-4.080440849065780640e-02,1.470292359590530396e-01
-2.658474631607532501e-02,-1.766123110428452492e-03,8.612892031669616699e-01,2.543288283050060272e-02,-1.218680106103420258e-02,7.008976936340332031e-01,7.127040624618530273e-01,-1.062103956937789917e-01,-6.939485669136047363e-02,6.610767543315887451e-02,1.599849015474319458e-01,-1.085534840822219849e-01,1.058003380894660950e-01,-2.156122773885726929e-01,-4.048975557088851929e-02,-4.828044027090072632e-02,4.267051517963409424e-01,-2.075852155685424805e-01,2.667317353188991547e-02,-2.464259043335914612e-02,0.000000000000000000e+00,0.000000000000000000e+00,-3.436036035418510437e-02,1.098307315260171890e-02,-4.387903511524200439e-01,-2.944894134998321533e-01,-2.350307554006576538e-01,-1.283766180276870728e-01,-1.157856732606887817e-01,-9.345829486846923828e-02,-6.608571112155914307e-02,5.984918475151062012e-01,-4.281715452671051025e-01,1.841853372752666473e-02,-4.198365658521652222e-02,1.490154862403869629e-01
-2.841437421739101410e-02,-2.705455524846911430e-03,8.608749508857727051e-01,2.654966711997985840e-02,-1.174385845661163330e-02,7.032641172409057617e-01,7.103356719017028809e-01,-1.045297533273696899e-01,-7.427370548248291016e-02,6.403956562280654907e-02,1.554553806781768799e-01,-1.093871742486953735e-01,1.053211316466331482e-01,-2.184715569019317627e-01,-4.661098122596740723e-02,-5.307702720165252686e-02,4.333698451519012451e-01,-2.104736268520355225e-01,2.656420879065990448e-02,-2.046143263578414917e-02,0.000000000000000000e+00,0.000000000000000000e+00,-3.694777935743331909e-02,8.707877248525619507e-03,-4.403988718986511230e-01,-2.998587787151336670e-01,-2.326144874095916748e-01,-1.288024783134460449e-01,-1.192797943949699402e-01,-1.042986437678337097e-01,-6.503591686487197876e-02,6.067298054695129395e-01,-4.332937598228454590e-01,1.514590997248888016e-02,-4.143743216991424561e-02,1.501234024763107300e-01
-2.949346601963043213e-02,-4.036433063447475433e-03,8.604408502578735352e-01,2.781523391604423523e-02,-1.125636696815490723e-02,7.063248753547668457e-01,7.072515487670898438e-01,-1.038761436939239502e-01,-7.869713753461837769e-02,6.031449884176254272e-02,1.521487683057785034e-01,-1.093614846467971802e-01,1.049196496605873108e-01,-2.212317138910293579e-01,-5.299597606062889099e-02,-6.106982752680778503e-02,4.400436580181121826e-01,-2.145318686962127686e-01,2.634268999099731445e-02,-1.686629466712474823e-02,0.000000000000000000e+00,0.000000000000000000e+00,-4.034126177430152893e-02,7.520591374486684799e-03,-4.443970918655395508e-01,-3.046183586120605469e-01,-2.303429692983627319e-01,-1.287876069545745850e-01,-1.195020228624343872e-01,-1.138868853449821472e-01,-6.502732634544372559e-02,6.154078245162963867e-01,-4.382416307926177979e-01,1.423787232488393784e-02,-4.073990508913993835e-02,1.488598883152008057e-01
-3.122409246861934662e-02,-5.553722381591796875e-03,8.599401116371154785e-01,2.899758890271186829e-02,-1.124582253396511078e-02,7.091622948646545410e-01,7.043589353561401367e-01,-1.054726764559745789e-01,-8.309578150510787964e-02,5.583086609840393066e-02,1.539750993251800537e-01,-1.113449409604072571e-01,1.053708046674728394e-01,-2.239422053098678589e-01,-5.886873602867126465e-02,-6.700289249420166016e-02,4.470582008361816406e-01,-2.169027477502822876e-01,2.613241411745548248e-02,-1.263607386499643326e-02,0.000000000000000000e+00,0.000000000000000000e+00,-4.361801221966743469e-02,4.937274847179651260e-03,-4.484254717826843262e-01,-3.092316985130310059e-01,-2.281906455755233765e-01,-1.290996223688125610e-01,-1.207037791609764099e-01,-1.210999488830566406e-01,-6.629689037799835205e-02,6.233105063438415527e-01,-4.436979591846466064e-01,1.226885896176099777e-02,-4.040097445249557495e-02,1.513712853193283081e-01
-3.227179124951362610e-02,-7.201075088232755661e-03,8.594793677330017090e-01,3.042014315724372864e-02,-1.145067252218723297e-02,7.123304009437561035e-01,7.010912299156188965e-01,-1.063080802559852600e-01,-8.675809204578399658e-02,5.128077045083045959e-02,1.552515476942062378e-01,-1.129267811775207520e-01,1.039123460650444031e-01,-2.253213673830032349e-01,-6.469410657882690430e-02,-7.561379671096801758e-02,4.528366029262542725e-01,-2.205431014299392700e-01,2.672560513019561768e-02,-7.831860333681106567e-03,0.000000000000000000e+00,0.000000000000000000e+00,-4.604562744498252869e-02,4.059258848428726196e-03,-4.522309005260467529e-01,-3.149969577789306641e-01,-2.270496934652328491e-01,-1.294097155332565308e-01,-1.226038038730621338e-01,-1.276085972785949707e-01,-6.749019026756286621e-02,6.302875280380249023e-01,-4.504174590110778809e-01,1.002091821283102036e-02,-3.895715996623039246e-02,1.557795405387878418e-01
-3.463635221123695374e-02,-7.348492275923490524e-03,8.590337634086608887e-01,3.079560957849025726e-02,-1.154051069170236588e-02,7.152737975120544434e-01,6.980701088905334473e-01,-1.095645576715469360e-01,-9.060139209032058716e-02,4.676982387900352478e-02,1.617870926856994629e-01,-1.188021600246429443e-01,1.043694540858268738e-01,-2.257807701826095581e-01,-6.977729499340057373e-02,-8.110644668340682983e-02,4.568490386009216309e-01,-2.212915271520614624e-01,2.712396718561649323e-02,-2.682319143787026405e-03,0.000000000000000000e+00,0.000000000000000000e+00,-4.673524200916290283e-02,1.180808758363127708e-03,-4.523380994796752930e-01,-3.197443783283233643e-01,-2.227603197097778320e-01,-1.308568567037582397e-01,-1.240218505263328552e-01,-1.323540210723876953e-01,-7.045438140630722046e-02,6.356865763664245605e-01,-4.531169235706329346e-01,8.314945735037326813e-03,-3.905105963349342346e-02,1.577805727720260620e-01
-3.632163256406784058e-02,-7.235677912831306458e-03,8.584750890731811523e-01,3.124586679041385651e-02,-1.122891996055841446e-02,7.184197306632995605e-01,6.948170065879821777e-01,-1.147455647587776184e-01,-9.418307244777679443e-02,4.307449981570243835e-02,1.719035208225250244e-01,-1.265374124050140381e-01,1.041241586208343506e-01,-2.277664095163345337e-01,-7.514818757772445679e-02,-8.731343597173690796e-02,4.638559818267822266e-01,-2.232830971479415894e-01,2.765586785972118378e-02,1.436484395526349545e-03,0.000000000000000000e+00,0.000000000000000000e+00,-4.693996906280517578e-02,-7.379187736660242081e-04,-4.525653123855590820e-01,-3.225913941860198975e-01,-2.197370529174804688e-01,-1.304048597812652588e-01,-1.254691928625106812e-01,-1.360480636358261108e-01,-7.308032363653182983e-02,6.384842395782470703e-01,-4.535686373710632324e-01,8.016164414584636688e-03,-3.825913742184638977e-02,1.585482954978942871e-01
-3.844784945249557495e-02,-6.601917091757059097e-03,8.578341603279113770e-01,3.161348402500152588e-02,-1.109898462891578674e-02,7.208709716796875000e-01,6.922588944435119629e-01,-1.215170323848724365e-01,-9.752774238586425781e-02,4.174125939607620239e-02,1.870661824941635132e-01,-1.371056586503982544e-01,1.048117876052856445e-01,-2.296228110790252686e-01,-8.071100711822509766e-02,-9.322603046894073486e-02,4.712736606597900391e-01,-2.245148271322250366e-01,2.817152626812458038e-02,4.870768636465072632e-03,0.000000000000000000e+00,0.000000000000000000e+00,-4.457250609993934631e-02,-1.803918275982141495e-03,-4.526647627353668213e-01,-3.263056874275207520e-01,-2.229903638362884521e-01,-1.321444064378738403e-01,-1.224433928728103638e-01,-1.382431089878082275e-01,-7.719593495130538940e-02,6.395611166954040527e-01,-4.550198614597320557e-01,1.438456028699874878e-02,-3.868210688233375549e-02,1.555825918912887573e-01
-4.036503285169601440e-02,-6.068451330065727234e-03,8.570590019226074219e-01,3.202245011925697327e-02,-1.110102888196706772e-02,7.233415842056274414e-01,6.896581053733825684e-01,-1.307961940765380859e-01,-1.006735190749168396e-01,3.909510374069213867e-02,2.073828727006912231e-01,-1.496419161558151245e-01,1.061920300126075745e-01,-2.320706248283386230e-01,-8.558581024408340454e-02,-9.777269512414932251e-02,4.799450933933258057e-01,-2.256314009428024292e-01,2.894402667880058289e-02,8.107569999992847443e-03,0.000000000000000000e+00,0.000000000000000000e+00,-4.235813766717910767e-02,-2.557551255449652672e-03,-4.509010314941406250e-01,-3.275720477104187012e-01,-2.259937226772308350e-01,-1.321993768215179443e-01,-1.197643056511878967e-01,-1.400100886821746826e-01,-8.132365345954895020e-02,6.388483047485351562e-01,-4.539303481578826904e-01,1.972478628158569336e-02,-3.695928677916526794e-02,1.547894775867462158e-01
-4.256429523229598999e-02,-5.020463839173316956e-03,8.563235998153686523e-01,3.169661387801170349e-02,-1.130705699324607849e-02,7.244535684585571289e-01,6.885015964508056641e-01,-1.411638706922531128e-01,-1.024855226278305054e-01,3.851067647337913513e-02,2.303592860698699951e-01,-1.651961803436279297e-01,1.076474934816360474e-01,-2.336424440145492554e-01,-8.888455480337142944e-02,-1.006486564874649048e-01,4.848728477954864502e-01,-2.265649884939193726e-01,3.020113520324230194e-02,9.724772535264492035e-03,0.000000000000000000e+00,0.000000000000000000e+00,-3.754632920026779175e-02,-2.446433529257774353e-03,-4.482236206531524658e-01,-3.261904418468475342e-01,-2.281134575605392456e-01,-1.318091303110122681e-01,-1.190000772476196289e-01,-1.421517133712768555e-01,-8.523913472890853882e-02,6.372847557067871094e-01,-4.557065665721893311e-01,2.024652436375617981e-02,-3.652953729033470154e-02,1.546788513660430908e-01
-4.553328081965446472e-02,-3.989969845861196518e-03,8.554453253746032715e-01,3.115710988640785217e-02,-1.175249367952346802e-02,7.262798547744750977e-01,6.865921020507812500e-01,-1.531011462211608887e-01,-1.050614342093467712e-01,3.549324721097946167e-02,2.561173439025878906e-01,-1.815176457166671753e-01,1.096791476011276245e-01,-2.348917275667190552e-01,-9.280356019735336304e-02,-1.047245487570762634e-01,4.900577068328857422e-01,-2.255411148071289062e-01,3.216358646750450134e-02,1.111278031021356583e-02,0.000000000000000000e+00,0.000000000000000000e+00,-3.291834518313407898e-02,-2.256856067106127739e-03,-4.465493559837341309e-01,-3.228994309902191162e-01,-2.353263199329376221e-01,-1.314881592988967896e-01,-1.160138398408889771e-01,-1.431572884321212769e-01,-9.026084095239639282e-02,6.326983571052551270e-01,-4.558108150959014893e-01,2.289519645273685455e-02,-3.582286462187767029e-02,1.527157574892044067e-01
-4.775144904851913452e-02,-2.756993751972913742e-03,8.550540208816528320e-01,2.965986914932727814e-02,-1.161268819123506546e-02,7.264217138290405273e-01,6.865106821060180664e-01,-1.587545424699783325e-01,-1.058219969272613525e-01,3.534727543592453003e-02,2.669076025485992432e-01,-1.917801201343536377e-01,1.123290061950683594e-01,-2.341996282339096069e-01,-9.431952238082885742e-02,-1.074187532067298889e-01,4.854417145252227783e-01,-2.208548486232757568e-01,3.356231003999710083e-02,1.003806851804256439e-02,0.000000000000000000e+00,0.000000000000000000e+00,-2.949433401226997375e-02,-3.931013343390077353e-04,-4.430628418922424316e-01,-3.141441643238067627e-01,-2.399631589651107788e-01,-1.277366280555725098e-01,-1.202127784490585327e-01,-1.468015611171722412e-01,-9.255137294530868530e-02,6.292104125022888184e-01,-4.555843472480773926e-01,2.294094674289226532e-02,-3.242322430014610291e-02,1.561250239610671997e-01
-4.965759068727493286e-02,-1.760012353770434856e-03,8.538325428962707520e-01,2.990032359957695007e-02,-1.070266868919134140e-02,7.269697189331054688e-01,6.859347224235534668e-01,-1.698081642389297485e-01,-1.095601096749305725e-01,3.594364225864410400e-02,2.898167073726654053e-01,-2.087616175413131714e-01,1.149962618947029114e-01,-2.417894601821899414e-01,-1.008645892143249512e-01,-1.102527976036071777e-01,4.992910623550415039e-01,-2.243474721908569336e-01,3.364795446395874023e-02,7.097177673131227493e-03,0.000000000000000000e+00,0.000000000000000000e+00,-2.219409495592117310e-02,-5.497971083968877792e-03,-4.382407963275909424e-01,-3.039811551570892334e-01,-2.453496009111404419e-01,-1.252124458551406860e-01,-1.161174401640892029e-01,-1.472021192312240601e-01,-9.379746764898300171e-02,6.243026256561279297e-01,-4.510284960269927979e-01,2.358636818826198578e-02,-3.287905082106590271e-02,1.504377722740173340e-01
-5.242507159709930420e-02,-2.200566668761894107e-04,8.533883094787597656e-01,2.897376753389835358e-02,-9.227149188518524170e-03,7.263536453247070312e-01,6.866481900215148926e-01,-1.691344380378723145e-01,-1.133668944239616394e-01,3.755144774913787842e-02,2.872380316257476807e-01,-2.136331796646118164e-01,1.176781505346298218e-01,-2.449260503053665161e-01,-1.070539951324462891e-01,-1.143375784158706665e-01,4.994752705097198486e-01,-2.195553928613662720e-01,3.558998182415962219e-02,2.889582188799977303e-03,0.000000000000000000e+00,0.000000000000000000e+00,-1.738370023667812347e-02,-8.875208906829357147e-03,-4.348202645778656006e-01,-2.949559092521667480e-01,-2.507451474666595459e-01,-1.221064925193786621e-01,-1.205614209175109863e-01,-1.480631232261657715e-01,-9.748258441686630249e-02,6.160567402839660645e-01,-4.502682983875274658e-01,2.088943310081958771e-02,-3.031527064740657806e-02,1.512912213802337646e-01
-5.585145205259323120e-02,6.923423497937619686e-04,8.525317907333374023e-01,2.885817363858222961e-02,-8.264437317848205566e-03,7.259678840637207031e-01,6.870731711387634277e-01,-1.712730377912521362e-01,-1.181446611881256104e-01,4.051683843135833740e-02,2.918297648429870605e-01,-2.224735766649246216e-01,1.205480843782424927e-01,-2.503719031810760498e-01,-1.151163578033447266e-01,-1.180592030286788940e-01,5.059436559677124023e-01,-2.144646942615509033e-01,3.809642419219017029e-02,-2.391378395259380341e-03,0.000000000000000000e+00,0.000000000000000000e+00,-1.133557222783565521e-02,-1.300035510212182999e-02,-4.284505546092987061e-01,-2.872686386108398438e-01,-2.544499933719635010e-01,-1.181109100580215454e-01,-1.235978901386260986e-01,-1.463873833417892456e-01,-1.018815860152244568e-01,6.082131266593933105e-01,-4.461601674556732178e-01,1.851554587483406067e-02,-2.688452973961830139e-02,1.519075930118560791e-01
-5.803848057985305786e-02,2.909495029598474503e-03,8.509920239448547363e-01,2.868784219026565552e-02,-6.780866533517837524e-03,7.249473333358764648e-01,6.881732344627380371e-01,-1.843760013580322266e-01,-1.213118806481361389e-01,4.599634930491447449e-02,3.188760578632354736e-01,-2.411589324474334717e-01,1.242725551128387451e-01,-2.605624198913574219e-01,-1.242187246680259705e-01,-1.238928362727165222e-01,5.213831663131713867e-01,-2.103187143802642822e-01,4.155172407627105713e-02,-8.481750264763832092e-03,0.000000000000000000e+00,0.000000000000000000e+00,-3.106854856014251709e-03,-1.801044307649135590e-02,-4.217913746833801270e-01,-2.767183780670166016e-01,-2.623306512832641602e-01,-1.135903075337409973e-01,-1.206639483571052551e-01,-1.388932913541793823e-01,-1.030549779534339905e-01,5.966336131095886230e-01,-4.384928941726684570e-01,2.098658122122287750e-02,-2.441802434623241425e-02,1.449497789144515991e-01
-6.252630054950714111e-02,3.852254245430231094e-03,8.499296903610229492e-01,2.827778086066246033e-02,-5.490149836987257004e-03,7.241523265838623047e-01,6.890381574630737305e-01,-1.882727742195129395e-01,-1.276577562093734741e-01,4.800913482904434204e-02,3.251064419746398926e-01,-2.499213069677352905e-01,1.282608509063720703e-01,-2.680436074733734131e-01,-1.342518478631973267e-01,-1.267711818218231201e-01,5.273469090461730957e-01,-1.916485577821731567e-01,4.614096134901046753e-02,-1.335217896848917007e-02,0.000000000000000000e+00,0.000000000000000000e+00,1.260772114619612694e-03,-2.111749537289142609e-02,-4.156057238578796387e-01,-2.726809084415435791e-01,-2.641446292400360107e-01,-1.076349467039108276e-01,-1.259889155626296997e-01,-1.330187767744064331e-01,-1.099711731076240540e-01,5.870762467384338379e-01,-4.341374933719635010e-01,1.897479221224784851e-02,-1.849842071533203125e-02,1.462551653385162354e-01
-6.831753998994827271e-02,5.984752904623746872e-03,8.480578660964965820e-01,2.739044651389122009e-02,-5.553864408284425735e-03,7.238478660583496094e-01,6.893933415412902832e-01,-2.032711803913116455e-01,-1.334377974271774292e-01,4.725408926606178284e-02,3.572556674480438232e-01,-2.717748284339904785e-01,1.328481137752532959e-01,-2.779880762100219727e-01,-1.443361490964889526e-01,-1.282831430435180664e-01,5.415446758270263672e-01,-1.700206696987152100e-01,5.225834250450134277e-02,-1.893520541489124298e-02,0.000000000000000000e+00,0.000000000000000000e+00,8.445572108030319214e-03,-2.193637192249298096e-02,-4.095415472984313965e-01,-2.679194509983062744e-01,-2.677927315235137939e-01,-1.025058701634407043e-01,-1.254000961780548096e-01,-1.223433315753936768e-01,-1.152120605111122131e-01,5.737193822860717773e-01,-4.245954155921936035e-01,1.592814363539218903e-02,-1.452275086194276810e-02,1.474276632070541382e-01
-7.240087538957595825e-02,7.630240637809038162e-03,8.464165925979614258e-01,2.686913684010505676e-02,-5.456240382045507431e-03,7.239608168601989746e-01,6.892960667610168457e-01,-2.154961824417114258e-01,-1.377911269664764404e-01,4.742623493075370789e-02,3.832311332225799561e-01,-2.882578969001770020e-01,1.370134055614471436e-01,-2.924648821353912354e-01,-1.552037447690963745e-01,-1.309800595045089722e-01,5.614129304885864258e-01,-1.536370962858200073e-01,5.377830937504768372e-02,-2.566826716065406799e-02,0.000000000000000000e+00,0.000000000000000000e+00,9.572207927703857422e-03,-1.778384298086166382e-02,-4.081782698631286621e-01,-2.647594213485717773e-01,-2.690278589725494385e-01,-9.906865656375885010e-02,-1.292901784181594849e-01,-1.110228374600410461e-01,-1.198873743414878845e-01,5.591448545455932617e-01,-4.118601977825164795e-01,1.101813279092311859e-02,-1.035312749445438385e-02,1.500370800495147705e-01
-7.635233551263809204e-02,8.909774944186210632e-03,8.451508879661560059e-01,2.645217813551425934e-02,-5.670947022736072540e-03,7.251879572868347168e-01,6.880192756652832031e-01,-2.238019257783889771e-01,-1.423395425081253052e-01,4.506946355104446411e-02,4.015775918960571289e-01,-2.988178431987762451e-01,1.409883350133895874e-01,-3.135368525981903076e-01,-1.673657447099685669e-01,-1.329052299261093140e-01,5.896761417388916016e-01,-1.445654630661010742e-01,5.180314928293228149e-02,-3.405883535742759705e-02,0.000000000000000000e+00,0.000000000000000000e+00,7.261296268552541733e-03,-1.090968120843172073e-02,-4.095877707004547119e-01,-2.630448043346405029e-01,-2.687874436378479004e-01,-9.740605950355529785e-02,-1.356087327003479004e-01,-9.754078090190887451e-02,-1.262616217136383057e-01,5.431796908378601074e-01,-3.983720839023590088e-01,6.843466311693191528e-03,-6.530679296702146530e-03,1.576032787561416626e-01
-7.999128103256225586e-02,1.050774846225976944e-02,8.452146053314208984e-01,2.641291357576847076e-02,-4.813164938241243362e-03,7.282304763793945312e-01,6.848062276840209961e-01,-2.163235098123550415e-01,-1.497108042240142822e-01,3.819323703646659851e-02,3.879944980144500732e-01,-2.923659384250640869e-01,1.418689042329788208e-01,-3.340630531311035156e-01,-1.769344508647918701e-01,-1.269696205854415894e-01,6.103450655937194824e-01,-1.478472650051116943e-01,4.903145879507064819e-02,-4.346446692943572998e-02,0.000000000000000000e+00,0.000000000000000000e+00,2.471261424943804741e-03,-7.300356868654489517e-03,-4.054011404514312744e-01,-2.605935037136077881e-01,-2.700425386428833008e-01,-9.308800101280212402e-02,-1.418308615684509277e-01,-8.639520406723022461e-02,-1.349838376045227051e-01,5.251621603965759277e-01,-3.835001289844512939e-01,5.666784010827541351e-03,-9.211412980221211910e-04,1.622176766395568848e-01
-8.397518098354339600e-02,1.216568239033222198e-02,8.453362584114074707e-01,2.595329843461513519e-02,-5.214152857661247253e-03,7.318125963211059570e-01,6.809915900230407715e-01,-2.114394605159759521e-01,-1.547829210758209229e-01,3.161810711026191711e-02,3.817698061466217041e-01,-2.877947390079498291e-01,1.394129246473312378e-01,-3.501510322093963623e-01,-1.822446882724761963e-01,-1.254748702049255371e-01,6.206313371658325195e-01,-1.497958600521087646e-01,4.795321822166442871e-02,-5.158260092139244080e-02,0.000000000000000000e+00,0.000000000000000000e+00,-3.197195939719676971e-03,-2.505752956494688988e-03,-4.015496969223022461e-01,-2.591897845268249512e-01,-2.687826156616210938e-01,-9.212744981050491333e-02,-1.443667113780975342e-01,-7.505621761083602905e-02,-1.391190588474273682e-01,5.070095062255859375e-01,-3.647733926773071289e-01,1.492584473453462124e-03,1.871064887382090092e-03,1.653469055891036987e-01
-8.765406161546707153e-02,1.345287077128887177e-02,8.456911444664001465e-01,2.523909695446491241e-02,-5.905423313379287720e-03,7.369831800460815430e-01,6.754138469696044922e-01,-2.063247561454772949e-01,-1.595913171768188477e-01,2.080096490681171417e-02,3.742041289806365967e-01,-2.820402085781097412e-01,1.362610012292861938e-01,-3.648369908332824707e-01,-1.797559708356857300e-01,-1.171123832464218140e-01,6.206630468368530273e-01,-1.478262692689895630e-01,4.782420024275779724e-02,-6.063232198357582092e-02,0.000000000000000000e+00,0.000000000000000000e+00,-1.136304996907711029e-02,3.317279508337378502e-03,-3.982085883617401123e-01,-2.596013545989990234e-01,-2.627145946025848389e-01,-9.176457673311233521e-02,-1.470048129558563232e-01,-6.389365345239639282e-02,-1.433304995298385620e-01,4.935165345668792725e-01,-3.523391485214233398e-01,-2.135893097147345543e-03,3.042088588699698448e-03,1.684166789054870605e-01
-9.141737222671508789e-02,1.563922129571437836e-02,8.468011617660522461e-01,2.462652139365673065e-02,-6.565679796040058136e-03,7.426525950431823730e-01,6.691917181015014648e-01,-1.912556588649749756e-01,-1.648714542388916016e-01,6.231900770217180252e-03,3.499063849449157715e-01,-2.673510313034057617e-01,1.317989081144332886e-01,-3.771481513977050781e-01,-1.734358370304107666e-01,-1.035899147391319275e-01,6.075248122215270996e-01,-1.488462984561920166e-01,5.109813064336776733e-02,-6.869892776012420654e-02,0.000000000000000000e+00,0.000000000000000000e+00,-2.178090251982212067e-02,7.695375476032495499e-03,-3.949649035930633545e-01,-2.594473063945770264e-01,-2.537851035594940186e-01,-9.312700480222702026e-02,-1.459746211767196655e-01,-5.281589180231094360e-02,-1.462454944849014282e-01,4.772933125495910645e-01,-3.409568071365356445e-01,-1.068507228046655655e-02,3.399038454517722130e-03,1.686706393957138062e-01
-9.398119896650314331e-02,2.000420168042182922e-02,8.479358553886413574e-01,2.255317568778991699e-02,-7.701179478317499161e-03,7.480731010437011719e-01,6.631882786750793457e-01,-1.816539764404296875e-01,-1.654231548309326172e-01,-7.516615092754364014e-03,3.382843136787414551e-01,-2.586553096771240234e-01,1.264459937810897827e-01,-3.861812055110931396e-01,-1.594087332487106323e-01,-8.649231493473052979e-02,5.817579030990600586e-01,-1.504131853580474854e-01,5.773507803678512573e-02,-7.452240586280822754e-02,0.000000000000000000e+00,0.000000000000000000e+00,-3.291044384241104126e-02,1.549391634762287140e-02,-3.935477435588836670e-01,-2.616359889507293701e-01,-2.430038452148437500e-01,-9.617558121681213379e-02,-1.432641297578811646e-01,-3.967213258147239685e-02,-1.454447805881500244e-01,4.608242511749267578e-01,-3.346915543079376221e-01,-2.028637751936912537e-02,2.559529850259423256e-03,1.679039150476455688e-01
-9.714867174625396729e-02,2.272429876029491425e-02,8.491511344909667969e-01,1.988946646451950073e-02,-9.484712965786457062e-03,7.538536787033081055e-01,6.566727161407470703e-01,-1.733699887990951538e-01,-1.650106459856033325e-01,-2.207620814442634583e-02,3.258523941040039062e-01,-2.505743503570556641e-01,1.207814142107963562e-01,-3.946440517902374268e-01,-1.423464864492416382e-01,-6.477659195661544800e-02,5.493753552436828613e-01,-1.503473669290542603e-01,6.680118292570114136e-02,-7.770539820194244385e-02,0.000000000000000000e+00,0.000000000000000000e+00,-4.608557745814323425e-02,2.368345856666564941e-02,-3.969882130622863770e-01,-2.655220925807952881e-01,-2.347165197134017944e-01,-1.020782887935638428e-01,-1.416490972042083740e-01,-2.970852144062519073e-02,-1.446125954389572144e-01,4.456519484519958496e-01,-3.318999707698822021e-01,-3.033012524247169495e-02,-1.717702980386093259e-04,1.676507592201232910e-01
-9.887870401144027710e-02,2.596522495150566101e-02,8.507233858108520508e-01,1.730051822960376740e-02,-1.063285488635301590e-02,7.602734565734863281e-01,6.492856740951538086e-01,-1.605370342731475830e-01,-1.632967442274093628e-01,-3.815339878201484680e-02,3.040362596511840820e-01,-2.382665872573852539e-01,1.143082752823829651e-01,-3.975189924240112305e-01,-1.225812435150146484e-01,-3.794686123728752136e-02,5.023117065429687500e-01,-1.419881731271743774e-01,7.658237218856811523e-02,-7.915131002664566040e-02,0.000000000000000000e+00,0.000000000000000000e+00,-5.859672278165817261e-02,3.083429113030433655e-02,-3.959745168685913086e-01,-2.697194516658782959e-01,-2.256430536508560181e-01,-1.086330339312553406e-01,-1.365964561700820923e-01,-2.163520827889442444e-02,-1.416173428297042847e-01,4.337807893753051758e-01,-3.340497612953186035e-01,-3.686491400003433228e-02,-6.600413005799055099e-03,1.634008884429931641e-01
-9.927389025688171387e-02,2.957221493124961853e-02,8.522956371307373047e-01,1.432282198220491409e-02,-1.226699911057949066e-02,7.671493291854858398e-01,6.411913037300109863e-01,-1.508560627698898315e-01,-1.588755697011947632e-01,-5.636629462242126465e-02,2.885794937610626221e-01,-2.303584963083267212e-01,1.091991886496543884e-01,-3.951865434646606445e-01,-1.000756099820137024e-01,-5.564367398619651794e-03,4.434584081172943115e-01,-1.265186071395874023e-01,8.838203549385070801e-02,-7.660806179046630859e-02,0.000000000000000000e+00,0.000000000000000000e+00,-7.117075473070144653e-02,3.837034851312637329e-02,-3.963077068328857422e-01,-2.769447267055511475e-01,-2.162735313177108765e-01,-1.149563193321228027e-01,-1.289693117141723633e-01,-1.604836992919445038e-02,-1.339177340269088745e-01,4.261554479598999023e-01,-3.361512422561645508e-01,-3.761038556694984436e-02,-1.257399003952741623e-02,1.596169024705886841e-01
-9.756878763437271118e-02,3.321092203259468079e-02,8.534455299377441406e-01,1.212246343493461609e-02,-1.312481239438056946e-02,7.748515009880065918e-01,6.318907737731933594e-01,-1.443716436624526978e-01,-1.549573242664337158e-01,-7.938344031572341919e-02,2.784860134124755859e-01,-2.270999699831008911e-01,1.056804284453392029e-01,-3.879916965961456299e-01,-7.839871942996978760e-02,3.637903928756713867e-02,3.869943916797637939e-01,-1.063929572701454163e-01,9.660733491182327271e-02,-7.478840649127960205e-02,0.000000000000000000e+00,0.000000000000000000e+00,-8.284235000610351562e-02,4.383196681737899780e-02,-3.983982801437377930e-01,-2.836259305477142334e-01,-2.027192115783691406e-01,-1.209889203310012817e-01,-1.252721995115280151e-01,-1.554590277373790741e-02,-1.302928775548934937e-01,4.222275614738464355e-01,-3.419043123722076416e-01,-4.009794816374778748e-02,-1.960530877113342285e-02,1.557288616895675659e-01
-9.548425674438476562e-02,3.735155984759330750e-02,8.543710708618164062e-01,1.051924843341112137e-02,-1.367166358977556229e-02,7.831128239631652832e-01,6.216403245925903320e-01,-1.373284459114074707e-01,-1.517391949892044067e-01,-1.045990809798240662e-01,2.686632573604583740e-01,-2.251536399126052856e-01,1.011313870549201965e-01,-3.756738901138305664e-01,-5.861252546310424805e-02,8.164729177951812744e-02,3.310159742832183838e-01,-8.738923817873001099e-02,1.033682078123092651e-01,-7.377640157938003540e-02,0.000000000000000000e+00,0.000000000000000000e+00,-9.101495891809463501e-02,4.983336105942726135e-02,-3.994295597076416016e-01,-2.901839613914489746e-01,-1.962778866291046143e-01,-1.251511722803115845e-01,-1.234887912869453430e-01,-1.786514185369014740e-02,-1.250054985284805298e-01,4.166205823421478271e-01,-3.455637097358703613e-01,-4.054449498653411865e-02,-2.407925389707088470e-02,1.523065716028213501e-01
-9.301304072141647339e-02,4.373347759246826172e-02,8.547114729881286621e-01,9.329744614660739899e-03,-1.199399773031473160e-02,7.935943007469177246e-01,6.082575321197509766e-01,-1.309029608964920044e-01,-1.523165255784988403e-01,-1.376605480909347534e-01,2.599768042564392090e-01,-2.261302471160888672e-01,9.775155782699584961e-02,-3.638364076614379883e-01,-4.223366826772689819e-02,1.383857429027557373e-01,2.889625132083892822e-01,-6.707534193992614746e-02,1.106578111648559570e-01,-7.493752241134643555e-02,0.000000000000000000e+00,0.000000000000000000e+00,-9.821709245443344116e-02,5.017155408859252930e-02,-4.009361267089843750e-01,-2.937687635421752930e-01,-1.910955160856246948e-01,-1.283971071243286133e-01,-1.178440749645233154e-01,-2.223580889403820038e-02,-1.212632432579994202e-01,4.161019027233123779e-01,-3.518741726875305176e-01,-4.306368902325630188e-02,-2.793285436928272247e-02,1.442809253931045532e-01
-9.018402546644210815e-02,5.037830024957656860e-02,8.546155095100402832e-01,8.926085196435451508e-03,-9.255734272301197052e-03,8.049110770225524902e-01,5.932561159133911133e-01,-1.237427219748497009e-01,-1.546092629432678223e-01,-1.732328236103057861e-01,2.495465576648712158e-01,-2.279172092676162720e-01,9.385728836059570312e-02,-3.532573580741882324e-01,-3.038983978331089020e-02,1.895252615213394165e-01,2.696805894374847412e-01,-5.604761838912963867e-02,1.177938729524612427e-01,-7.900263369083404541e-02,0.000000000000000000e+00,0.000000000000000000e+00,-1.038305908441543579e-01,4.680970683693885803e-02,-4.058258533477783203e-01,-2.940520942211151123e-01,-1.895292103290557861e-01,-1.270981132984161377e-01,-1.109040901064872742e-01,-3.297412022948265076e-02,-1.206928119063377380e-01,4.238927960395812988e-01,-3.548590540885925293e-01,-4.036270827054977417e-02,-2.857850864529609680e-02,1.354976296424865723e-01
-8.689969033002853394e-02,5.783443525433540344e-02,8.534585833549499512e-01,8.964805863797664642e-03,-7.279656827449798584e-03,8.162399530410766602e-01,5.775975584983825684e-01,-1.372926235198974609e-01,-1.605407148599624634e-01,-2.092739194631576538e-01,2.841247320175170898e-01,-2.514914870262145996e-01,9.312084317207336426e-02,-3.546547293663024902e-01,-1.447697728872299194e-02,2.412551045417785645e-01,2.829326391220092773e-01,-5.855863541364669800e-02,1.213979050517082214e-01,-8.102676272392272949e-02,0.000000000000000000e+00,0.000000000000000000e+00,-1.078281402587890625e-01,4.196346551179885864e-02,-4.098010659217834473e-01,-2.934563457965850830e-01,-1.921964585781097412e-01,-1.278540939092636108e-01,-1.011395528912544250e-01,-3.755958750844001770e-02,-1.169734671711921692e-01,4.306123256683349609e-01,-3.599074780941009521e-01,-4.022309556603431702e-02,-3.319282457232475281e-02,1.244699358940124512e-01
-8.260565251111984253e-02,6.569566577672958374e-02,8.523834347724914551e-01,8.250512182712554932e-03,-4.477279260754585266e-03,8.269571065902709961e-01,5.621866583824157715e-01,-1.507982462644577026e-01,-1.663175076246261597e-01,-2.465675771236419678e-01,3.152400851249694824e-01,-2.706977427005767822e-01,9.190715104341506958e-02,-3.592038452625274658e-01,-2.069212496280670166e-03,2.693148851394653320e-01,3.066938221454620361e-01,-6.915412843227386475e-02,1.196954101324081421e-01,-8.171104639768600464e-02,0.000000000000000000e+00,0.000000000000000000e+00,-1.124886274337768555e-01,3.916092589497566223e-02,-4.169597923755645752e-01,-2.931578457355499268e-01,-2.001339197158813477e-01,-1.270100176334381104e-01,-1.004052385687828064e-01,-4.830412939190864563e-02,-1.142393648624420166e-01,4.461749792098999023e-01,-3.711981773376464844e-01,-3.552805259823799133e-02,-3.631491586565971375e-02,1.210147216916084290e-01
-7.743219286203384399e-02,7.416634261608123779e-02,8.524950742721557617e-01,8.085114881396293640e-03,9.366442100144922733e-04,8.384412527084350586e-01,5.449311733245849609e-01,-1.415798217058181763e-01,-1.692719161510467529e-01,-2.899666428565979004e-01,2.978530824184417725e-01,-2.610820829868316650e-01,8.712168782949447632e-02,-3.664472103118896484e-01,5.359654896892607212e-04,2.745520472526550293e-01,3.378955423831939697e-01,-9.010019153356552124e-02,1.099181249737739563e-01,-8.363023400306701660e-02,0.000000000000000000e+00,0.000000000000000000e+00,-1.194841489195823669e-01,3.465329110622406006e-02,-4.215540587902069092e-01,-2.915026545524597168e-01,-2.114688307046890259e-01,-1.238599270582199097e-01,-1.046660095453262329e-01,-6.506457924842834473e-02,-1.131308749318122864e-01,4.667398631572723389e-01,-3.690890073776245117e-01,-2.793806418776512146e-02,-3.544478490948677063e-02,1.221968233585357666e-01
-7.111036032438278198e-02,8.357437700033187866e-02,8.517294526100158691e-01,5.799282342195510864e-03,1.998676685616374016e-03,8.476821184158325195e-01,5.304690599441528320e-01,-1.654443740844726562e-01,-1.713441461324691772e-01,-3.210678398609161377e-01,3.513553142547607422e-01,-2.813207805156707764e-01,8.224153518676757812e-02,-3.748602569103240967e-01,1.012656092643737793e-02,2.616301178932189941e-01,3.707017004489898682e-01,-1.191727742552757263e-01,9.705127775669097900e-02,-6.978853791952133179e-02,0.000000000000000000e+00,0.000000000000000000e+00,-1.221118345856666565e-01,3.343078866600990295e-02,-4.280187189579010010e-01,-2.880807220935821533e-01,-2.254801392555236816e-01,-1.241586282849311829e-01,-9.667491167783737183e-02,-7.374248653650283813e-02,-1.045195981860160828e-01,4.837902486324310303e-01,-3.688892126083374023e-01,-1.801922544836997986e-02,-3.827213868498802185e-02,1.195641979575157166e-01
-6.621930748224258423e-02,9.255445003509521484e-02,8.508128523826599121e-01,1.508238841779530048e-03,1.258130418136715889e-03,8.571772575378417969e-01,5.150177478790283203e-01,-1.959028691053390503e-01,-1.716687083244323730e-01,-3.443820774555206299e-01,4.153683781623840332e-01,-3.004851639270782471e-01,7.558573037385940552e-02,-3.816652297973632812e-01,1.750760711729526520e-02,2.339550554752349854e-01,3.965488970279693604e-01,-1.458324491977691650e-01,8.480579406023025513e-02,-5.342281982302665710e-02,0.000000000000000000e+00,0.000000000000000000e+00,-1.277409493923187256e-01,3.555946052074432373e-02,-4.320735931396484375e-01,-2.872206270694732666e-01,-2.339841574430465698e-01,-1.237204298377037048e-01,-9.128861874341964722e-02,-8.221479505300521851e-02,-9.339394420385360718e-02,4.965583682060241699e-01,-3.673370182514190674e-01,-7.546233944594860077e-03,-4.318527132272720337e-02,1.199776306748390198e-01
-6.012966483831405640e-02,1.000052988529205322e-01,8.507729172706604004e-01,-3.878935705870389938e-03,6.069556693546473980e-04,8.667621016502380371e-01,4.987063407897949219e-01,-2.192532569169998169e-01,-1.637719124555587769e-01,-3.597633242607116699e-01,4.499928653240203857e-01,-2.995361089706420898e-01,6.545700877904891968e-02,-3.814574778079986572e-01,1.986430399119853973e-02,1.948014944791793823e-01,3.991627395153045654e-01,-1.616428494453430176e-01,7.555103302001953125e-02,-3.245077654719352722e-02,0.000000000000000000e+00,0.000000000000000000e+00,-1.338745653629302979e-01,3.972781449556350708e-02,-4.394028484821319580e-01,-2.931194603443145752e-01,-2.428822368383407593e-01,-1.202302798628807068e-01,-8.768833428621292114e-02,-9.975202381610870361e-02,-7.968693226575851440e-02,5.172928571701049805e-01,-3.578802943229675293e-01,1.319153793156147003e-02,-4.645889624953269958e-02,1.188564747571945190e-01
-5.400788411498069763e-02,1.062280163168907166e-01,8.502525687217712402e-01,-1.130070909857749939e-02,-8.579003624618053436e-04,8.742094635963439941e-01,4.854166507720947266e-01,-2.522844970226287842e-01,-1.523741036653518677e-01,-3.637935519218444824e-01,4.917046725749969482e-01,-2.950164377689361572e-01,5.256185308098793030e-02,-3.851118087768554688e-01,2.569602988660335541e-02,1.557327806949615479e-01,3.985833227634429932e-01,-1.762222796678543091e-01,7.147352397441864014e-02,-1.983250025659799576e-03,0.000000000000000000e+00,0.000000000000000000e+00,-1.370168328285217285e-01,4.753481596708297729e-02,-4.534179866313934326e-01,-3.078351318836212158e-01,-2.489788383245468140e-01,-1.211363226175308228e-01,-8.220415562391281128e-02,-1.152066662907600403e-01,-6.513436883687973022e-02,5.409301519393920898e-01,-3.569285273551940918e-01,3.360339626669883728e-02,-5.180379748344421387e-02,1.175695359706878662e-01
-4.630008712410926819e-02,1.097763255238533020e-01,8.500072360038757324e-01,-1.793487183749675751e-02,-2.124243648722767830e-03,8.831627368927001953e-01,4.687189459800720215e-01,-2.860488593578338623e-01,-1.311781406402587891e-01,-3.405602872371673584e-01,5.187423229217529297e-01,-2.774649858474731445e-01,4.185844957828521729e-02,-3.874442577362060547e-01,2.630429342389106750e-02,1.075186505913734436e-01,3.921880125999450684e-01,-1.853710263967514038e-01,6.829541921615600586e-02,3.281114995479583740e-02,0.000000000000000000e+00,0.000000000000000000e+00,-1.425484865903854370e-01,5.365019664168357849e-02,-4.746456444263458252e-01,-3.234324455261230469e-01,-2.603226602077484131e-01,-1.254486888647079468e-01,-8.094126731157302856e-02,-1.270006746053695679e-01,-5.201257765293121338e-02,5.575450062751770020e-01,-3.485242724418640137e-01,6.305868178606033325e-02,-5.574239790439605713e-02,1.158263608813285828e-01
-4.062703251838684082e-02,1.121473088860511780e-01,8.497603535652160645e-01,-2.449480816721916199e-02,-5.554006434977054596e-03,8.910422325134277344e-01,4.532250165939331055e-01,-3.213619589805603027e-01,-9.627807140350341797e-02,-2.828142940998077393e-01,5.465007424354553223e-01,-2.589303553104400635e-01,3.743049874901771545e-02,-3.842668235301971436e-01,2.790451981127262115e-02,5.846017599105834961e-02,3.780711889266967773e-01,-1.862640827894210815e-01,6.863815337419509888e-02,6.357727199792861938e-02,0.000000000000000000e+00,0.000000000000000000e+00,-1.436516791582107544e-01,5.820643901824951172e-02,-4.940251111984252930e-01,-3.411062061786651611e-01,-2.618372738361358643e-01,-1.303628385066986084e-01,-7.984360307455062866e-02,-1.372058689594268799e-01,-4.385718330740928650e-02,5.764892101287841797e-01,-3.501969873905181885e-01,7.956710457801818848e-02,-5.939065665006637573e-02,1.114539876580238342e-01
-3.513249009847640991e-02,1.160490959882736206e-01,8.495280146598815918e-01,-2.950588613748550415e-02,-7.976253516972064972e-03,8.995025157928466797e-01,4.358451962471008301e-01,-3.563246428966522217e-01,-4.184295609593391418e-02,-1.812794506549835205e-01,5.716510415077209473e-01,-2.340513616800308228e-01,4.450354725122451782e-02,-3.814585804939270020e-01,2.653599716722965240e-02,6.157334893941879272e-03,3.713823854923248291e-01,-1.934151798486709595e-01,6.414379179477691650e-02,9.058026224374771118e-02,0.000000000000000000e+00,0.000000000000000000e+00,-1.422295868396759033e-01,6.104097515344619751e-02,-5.155662894248962402e-01,-3.495351672172546387e-01,-2.649754285812377930e-01,-1.361854672431945801e-01,-8.183214813470840454e-02,-1.448379606008529663e-01,-3.855604678392410278e-02,5.938986539840698242e-01,-3.535912334918975830e-01,9.244026243686676025e-02,-6.313487142324447632e-02,1.111757308244705200e-01
-2.903998270630836487e-02,1.174688711762428284e-01,8.503896594047546387e-01,-3.225700557231903076e-02,-1.076083164662122726e-02,9.090545773506164551e-01,4.152872264385223389e-01,-3.852500319480895996e-01,1.814147830009460449e-02,-7.043955475091934204e-02,5.918502807617187500e-01,-2.262206971645355225e-01,6.900204718112945557e-02,-3.636034727096557617e-01,2.219230309128761292e-02,-4.751617088913917542e-02,3.405582904815673828e-01,-1.863922029733657837e-01,6.012383848428726196e-02,1.110148802399635315e-01,0.000000000000000000e+00,0.000000000000000000e+00,-1.378423720598220825e-01,6.314639002084732056e-02,-5.338021516799926758e-01,-3.554004728794097900e-01,-2.728577852249145508e-01,-1.375059932470321655e-01,-9.266792982816696167e-02,-1.518922895193099976e-01,-3.711230680346488953e-02,6.082734465599060059e-01,-3.618620634078979492e-01,1.010112762451171875e-01,-6.565523892641067505e-02,1.112166270613670349e-01
-2.441623806953430176e-02,1.192051172256469727e-01,8.515705466270446777e-01,-3.325394913554191589e-02,-1.236329972743988037e-02,9.180807471275329590e-01,3.948025703430175781e-01,-4.023219347000122070e-01,5.824482813477516174e-02,1.076717860996723175e-02,6.004626750946044922e-01,-2.268451899290084839e-01,8.754881471395492554e-02,-3.441244065761566162e-01,1.562567614018917084e-02,-9.753189235925674438e-02,3.129667341709136963e-01,-1.805418729782104492e-01,5.556204169988632202e-02,1.267306506633758545e-01,0.000000000000000000e+00,0.000000000000000000e+00,-1.303578019142150879e-01,6.163581833243370056e-02,-5.417675971984863281e-01,-3.568420112133026123e-01,-2.813638448715209961e-01,-1.372453272342681885e-01,-1.067280247807502747e-01,-1.593497544527053833e-01,-3.645686432719230652e-02,6.205329298973083496e-01,-3.648168444633483887e-01,1.098775640130043030e-01,-6.599642336368560791e-02,1.156039908528327942e-01
-2.112456969916820526e-02,1.211979687213897705e-01,8.531022667884826660e-01,-3.504360839724540710e-02,-1.337901875376701355e-02,9.286586642265319824e-01,3.690339326858520508e-01,-4.115641117095947266e-01,7.994034886360168457e-02,6.821920722723007202e-02,5.946028232574462891e-01,-2.258110344409942627e-01,9.285362064838409424e-02,-3.214363455772399902e-01,6.809767335653305054e-03,-1.553696244955062866e-01,2.817584276199340820e-01,-1.739883273839950562e-01,5.096372961997985840e-02,1.399488449096679688e-01,0.000000000000000000e+00,0.000000000000000000e+00,-1.205944195389747620e-01,5.527100339531898499e-02,-5.457082986831665039e-01,-3.544750809669494629e-01,-2.870389521121978760e-01,-1.379874348640441895e-01,-1.169982403516769409e-01,-1.623978465795516968e-01,-3.889158740639686584e-02,6.306624412536621094e-01,-3.695653676986694336e-01,1.132030412554740906e-01,-6.786298006772994995e-02,1.204029545187950134e-01
-1.698155514895915985e-02,1.232922375202178955e-01,8.549222946166992188e-01,-3.392866998910903931e-02,-1.360843516886234283e-02,9.386190772056579590e-01,3.430129289627075195e-01,-4.134434461593627930e-01,9.280221164226531982e-02,1.189546659588813782e-01,5.747646093368530273e-01,-2.252201586961746216e-01,9.194005280733108521e-02,-2.943367063999176025e-01,-2.966881729662418365e-03,-2.169833630323410034e-01,2.497856467962265015e-01,-1.688365936279296875e-01,4.604516178369522095e-02,1.495017260313034058e-01,0.000000000000000000e+00,0.000000000000000000e+00,-1.103432103991508484e-01,4.439736157655715942e-02,-5.404229760169982910e-01,-3.400417864322662354e-01,-2.813414931297302246e-01,-1.387890726327896118e-01,-1.252762824296951294e-01,-1.604115515947341919e-01,-4.463128745555877686e-02,6.385721564292907715e-01,-3.732006847858428955e-01,1.114583685994148254e-01,-6.921362131834030151e-02,1.263996064662933350e-01
-1.419125217944383621e-02,1.262210607528686523e-01,8.569667339324951172e-01,-3.340974822640419006e-02,-1.246309466660022736e-02,9.480972886085510254e-01,3.159747123718261719e-01,-4.114244580268859863e-01,9.646339714527130127e-02,1.578431874513626099e-01,5.451156497001647949e-01,-2.231083512306213379e-01,9.234373271465301514e-02,-2.641931772232055664e-01,-1.109315454959869385e-02,-2.748925983905792236e-01,2.114181667566299438e-01,-1.608117371797561646e-01,3.896551579236984253e-02,1.594212055206298828e-01,0.000000000000000000e+00,0.000000000000000000e+00,-9.819807857275009155e-02,3.476284071803092957e-02,-5.295673012733459473e-01,-3.205494582653045654e-01,-2.747851312160491943e-01,-1.371305286884307861e-01,-1.301279067993164062e-01,-1.597772836685180664e-01,-5.072614923119544983e-02,6.496370434761047363e-01,-3.779585957527160645e-01,1.086606830358505249e-01,-6.969635933637619019e-02,1.348084062337875366e-01
-1.306186616420745850e-02,1.301060616970062256e-01,8.586980104446411133e-01,-3.295294567942619324e-02,-1.131528243422508240e-02,9.577088952064514160e-01,2.856217324733734131e-01,-4.045929610729217529e-01,9.663700312376022339e-02,1.928688436746597290e-01,5.109061002731323242e-01,-2.181421220302581787e-01,8.959816396236419678e-02,-2.369804680347442627e-01,-1.887984387576580048e-02,-3.329896926879882812e-01,1.847366839647293091e-01,-1.594686955213546753e-01,3.084360621869564056e-02,1.623180955648422241e-01,0.000000000000000000e+00,0.000000000000000000e+00,-8.417299389839172363e-02,2.572203986346721649e-02,-5.178567767143249512e-01,-3.004578053951263428e-01,-2.619654536247253418e-01,-1.391026228666305542e-01,-1.366459429264068604e-01,-1.590986698865890503e-01,-5.583044886589050293e-02,6.572540998458862305e-01,-3.799172937870025635e-01,9.834073483943939209e-02,-7.164791226387023926e-02,1.409637629985809326e-01
-1.279923133552074432e-02,1.341114342212677002e-01,8.599440455436706543e-01,-3.269400075078010559e-02,-1.057091448456048965e-02,9.658724069595336914e-01,2.567291557788848877e-01,-3.987572491168975830e-01,9.776753187179565430e-02,2.235961705446243286e-01,4.809310436248779297e-01,-2.098529189825057983e-01,8.390978723764419556e-02,-2.113420069217681885e-01,-2.402375079691410065e-02,-3.921331763267517090e-01,1.612997651100158691e-01,-1.625457257032394409e-01,2.627507224678993225e-02,1.709024608135223389e-01,0.000000000000000000e+00,0.000000000000000000e+00,-7.369294017553329468e-02,2.283267676830291748e-02,-5.115823745727539062e-01,-2.878170013427734375e-01,-2.711859047412872314e-01,-1.404222548007965088e-01,-1.410596370697021484e-01,-1.560592502355575562e-01,-6.472577154636383057e-02,6.675832867622375488e-01,-3.922099173069000244e-01,1.000556200742721558e-01,-7.395955175161361694e-02,1.537515670061111450e-01
-8.907850831747055054e-03,1.363591700792312622e-01,8.609971404075622559e-01,-3.091347590088844299e-02,-9.510865435004234314e-03,9.734743833541870117e-01,2.264983952045440674e-01,-3.931728899478912354e-01,1.018904671072959900e-01,2.549791932106018066e-01,4.537073075771331787e-01,-2.064055055379867554e-01,8.108381181955337524e-02,-1.884963512420654297e-01,-2.814299240708351135e-02,-4.482148289680480957e-01,1.394589990377426147e-01,-1.636748462915420532e-01,2.134772576391696930e-02,1.726853549480438232e-01,0.000000000000000000e+00,0.000000000000000000e+00,-6.148507073521614075e-02,1.936830207705497742e-02,-5.014459490776062012e-01,-2.748741805553436279e-01,-2.748113870620727539e-01,-1.376909464597702026e-01,-1.365551054477691650e-01,-1.481115818023681641e-01,-7.206707447767257690e-02,6.758798360824584961e-01,-4.083369970321655273e-01,9.556777030229568481e-02,-7.749719172716140747e-02,1.545694321393966675e-01
-9.901423007249832153e-03,1.359986215829849243e-01,8.613338470458984375e-01,-3.138015419244766235e-02,-1.071448996663093567e-02,9.793471693992614746e-01,1.994481533765792847e-01,-3.912374675273895264e-01,1.091153845191001892e-01,2.873872518539428711e-01,4.393502771854400635e-01,-2.021285146474838257e-01,8.099443465471267700e-02,-1.706281006336212158e-01,-3.182501345872879028e-02,-5.013059377670288086e-01,1.266124546527862549e-01,-1.620109528303146362e-01,2.036750502884387970e-02,1.766711622476577759e-01,0.000000000000000000e+00,0.000000000000000000e+00,-5.248069390654563904e-02,1.846345700323581696e-02,-4.954281449317932129e-01,-2.694567739963531494e-01,-2.778795063495635986e-01,-1.331912279129028320e-01,-1.329058408737182617e-01,-1.418849080801010132e-01,-7.286726683378219604e-02,6.804376840591430664e-01,-4.160459637641906738e-01,8.931419998407363892e-02,-7.769805192947387695e-02,1.484819501638412476e-01
-1.163824275135993958e-02,1.333291679620742798e-01,8.615905046463012695e-01,-3.052649274468421936e-02,-1.220853906124830246e-02,9.845027923583984375e-01,1.722593903541564941e-01,-3.866855204105377197e-01,1.143109053373336792e-01,3.208032250404357910e-01,4.220493137836456299e-01,-1.958648264408111572e-01,7.909056544303894043e-02,-1.513131409883499146e-01,-3.766718134284019470e-02,-5.560725331306457520e-01,1.162406131625175476e-01,-1.569413840770721436e-01,2.152845449745655060e-02,1.797515600919723511e-01,0.000000000000000000e+00,0.000000000000000000e+00,-4.881385341286659241e-02,1.738272234797477722e-02,-4.949732422828674316e-01,-2.639942169189453125e-01,-2.775274813175201416e-01,-1.310234963893890381e-01,-1.333093196153640747e-01,-1.370451003313064575e-01,-7.299360632896423340e-02,6.831936836242675781e-01,-4.215908646583557129e-01,8.203366398811340332e-02,-7.958289235830307007e-02,1.414134800434112549e-01
-1.518997456878423691e-02,1.310958564281463623e-01,8.614571094512939453e-01,-2.947385422885417938e-02,-1.433637645095586777e-02,9.883930683135986328e-01,1.483406573534011841e-01,-3.838731348514556885e-01,1.227149963378906250e-01,3.543030619621276855e-01,4.171214103698730469e-01,-1.908029466867446899e-01,7.966429740190505981e-02,-1.327805072069168091e-01,-4.199076071381568909e-02,-6.059299707412719727e-01,1.111444234848022461e-01,-1.520072817802429199e-01,2.222126908600330353e-02,1.834949404001235962e-01,0.000000000000000000e+00,0.000000000000000000e+00,-4.689986631274223328e-02,1.843777298927307129e-02,-4.935464560985565186e-01,-2.619583010673522949e-01,-2.843678891658782959e-01,-1.267613768577575684e-01,-1.367992311716079712e-01,-1.376266628503799438e-01,-6.897895783185958862e-02,6.840999126434326172e-01,-4.214463233947753906e-01,8.591698855161666870e-02,-7.711236178874969482e-02,1.384888440370559692e-01
-2.206076309084892273e-02,1.275262087583541870e-01,8.608090877532958984e-01,-2.916778065264225006e-02,-1.736718788743019104e-02,9.913824200630187988e-01,1.265248954296112061e-01,-3.799414038658142090e-01,1.332392394542694092e-01,3.906039595603942871e-01,4.188559949398040771e-01,-1.858634948730468750e-01,8.288813382387161255e-02,-1.174742951989173889e-01,-4.825888946652412415e-02,-6.470727920532226562e-01,1.164526417851448059e-01,-1.477304995059967041e-01,1.997116766870021820e-02,1.835277974605560303e-01,0.000000000000000000e+00,0.000000000000000000e+00,-4.808468744158744812e-02,2.151350863277912140e-02,-4.970280230045318604e-01,-2.617464065551757812e-01,-2.828078866004943848e-01,-1.231243312358856201e-01,-1.429820358753204346e-01,-1.407330334186553955e-01,-6.534571200609207153e-02,6.903043985366821289e-01,-4.188843965530395508e-01,8.725560456514358521e-02,-7.668209820985794067e-02,1.351021379232406616e-01
-2.912059612572193146e-02,1.225430518388748169e-01,8.599632978439331055e-01,-2.749797329306602478e-02,-1.993161439895629883e-02,9.937398433685302734e-01,1.064316928386688232e-01,-3.696767091751098633e-01,1.379195004701614380e-01,4.232553243637084961e-01,4.136505722999572754e-01,-1.797115206718444824e-01,8.449164032936096191e-02,-1.031076014041900635e-01,-5.818757042288780212e-02,-6.815224289894104004e-01,1.283793598413467407e-01,-1.454144120216369629e-01,1.953299902379512787e-02,1.804178953170776367e-01,0.000000000000000000e+00,0.000000000000000000e+00,-5.226133391261100769e-02,2.536610700190067291e-02,-4.991147518157958984e-01,-2.643092870712280273e-01,-2.793451547622680664e-01,-1.186539903283119202e-01,-1.578406244516372681e-01,-1.427199244499206543e-01,-6.478489935398101807e-02,6.939066648483276367e-01,-4.205471277236938477e-01,9.085881710052490234e-02,-7.625914365053176880e-02,1.423427611589431763e-01
-3.627895191311836243e-02,1.169073954224586487e-01,8.587229251861572266e-01,-2.531237341463565826e-02,-2.206270582973957062e-02,9.955897927284240723e-01,8.759811520576477051e-02,-3.593397736549377441e-01,1.372470557689666748e-01,4.437943100929260254e-01,4.117691218852996826e-01,-1.782190799713134766e-01,8.856823295354843140e-02,-9.372308105230331421e-02,-7.390051335096359253e-02,-7.111248373985290527e-01,1.548265963792800903e-01,-1.495465189218521118e-01,1.870860718190670013e-02,1.765200942754745483e-01,0.000000000000000000e+00,0.000000000000000000e+00,-5.783070996403694153e-02,2.973612770438194275e-02,-5.005827546119689941e-01,-2.706267833709716797e-01,-2.833248078823089600e-01,-1.154891699552536011e-01,-1.736537069082260132e-01,-1.445877403020858765e-01,-6.560402363538742065e-02,6.928915977478027344e-01,-4.271089434623718262e-01,9.450367093086242676e-02,-7.620395720005035400e-02,1.513265371322631836e-01
-4.632453620433807373e-02,1.094323396682739258e-01,8.571975231170654297e-01,-2.394236437976360321e-02,-2.222125045955181122e-02,9.970133900642395020e-01,6.998038291931152344e-02,-3.499877154827117920e-01,1.246893554925918579e-01,4.464371800422668457e-01,4.101461470127105713e-01,-1.864038556814193726e-01,9.483138471841812134e-02,-9.108515828847885132e-02,-1.018493175506591797e-01,-7.306241989135742188e-01,2.008713781833648682e-01,-1.547888517379760742e-01,1.636983267962932587e-02,1.730793714523315430e-01,0.000000000000000000e+00,0.000000000000000000e+00,-6.418196111917495728e-02,3.077181614935398102e-02,-4.977098405361175537e-01,-2.800882458686828613e-01,-2.842735946178436279e-01,-1.140735074877738953e-01,-1.879779994487762451e-01,-1.426914334297180176e-01,-6.985251605510711670e-02,6.905757188796997070e-01,-4.362914264202117920e-01,1.010503396391868591e-01,-7.782728224992752075e-02,1.649556607007980347e-01
-5.343307927250862122e-02,1.015191748738288879e-01,8.554680943489074707e-01,-2.045742981135845184e-02,-1.973883435130119324e-02,9.981926679611206055e-01,5.294614657759666443e-02,-3.388470113277435303e-01,1.008934900164604187e-01,4.348690807819366455e-01,4.021877348423004150e-01,-1.952349841594696045e-01,1.028461456298828125e-01,-9.398302435874938965e-02,-1.406923830509185791e-01,-7.434873580932617188e-01,2.634106278419494629e-01,-1.632886528968811035e-01,1.468613557517528534e-02,1.709569543600082397e-01,0.000000000000000000e+00,0.000000000000000000e+00,-7.214367389678955078e-02,2.840941399335861206e-02,-4.981403350830078125e-01,-2.889671325683593750e-01,-2.864696383476257324e-01,-1.131205484271049500e-01,-2.016872167587280273e-01,-1.417032331228256226e-01,-7.831680029630661011e-02,6.866397261619567871e-01,-4.390982985496520996e-01,1.106415838003158569e-01,-7.510785758495330811e-02,1.802760958671569824e-01
-6.045582890510559082e-02,9.096252173185348511e-02,8.531814813613891602e-01,-1.719586923718452454e-02,-1.364925596863031387e-02,9.991155266761779785e-01,3.586345538496971130e-02,-3.259391486644744873e-01,6.371812522411346436e-02,4.170645773410797119e-01,3.879878818988800049e-01,-2.045203298330307007e-01,1.134239733219146729e-01,-1.041939333081245422e-01,-1.947486251592636108e-01,-7.435879707336425781e-01,3.433217406272888184e-01,-1.593633443117141724e-01,1.362043619155883789e-02,1.658867746591567993e-01,0.000000000000000000e+00,0.000000000000000000e+00,-7.889456301927566528e-02,1.959479041397571564e-02,-4.997673630714416504e-01,-3.001534938812255859e-01,-2.967158555984497070e-01,-1.105460375547409058e-01,-2.114801853895187378e-01,-1.371144354343414307e-01,-9.358078241348266602e-02,6.810477375984191895e-01,-4.430508911609649658e-01,1.191094741225242615e-01,-7.173726707696914673e-02,1.945825815200805664e-01
-6.256723403930664062e-02,7.803296297788619995e-02,8.500961065292358398e-01,-1.257469318807125092e-02,-2.621461171656847000e-03,9.997971653938293457e-01,1.551424060016870499e-02,-3.071274459362030029e-01,7.974454201757907867e-03,3.914713859558105469e-01,3.541735410690307617e-01,-2.044648677110671997e-01,1.246806383132934570e-01,-1.217458471655845642e-01,-2.596694231033325195e-01,-7.173910140991210938e-01,4.342818558216094971e-01,-1.262286603450775146e-01,1.194060873240232468e-02,1.543824821710586548e-01,0.000000000000000000e+00,0.000000000000000000e+00,-8.529836684465408325e-02,1.619550981558859348e-03,-4.981075823307037354e-01,-3.094591796398162842e-01,-3.050855994224548340e-01,-1.084332838654518127e-01,-2.122495919466018677e-01,-1.312907040119171143e-01,-1.170290187001228333e-01,6.753452420234680176e-01,-4.437932074069976807e-01,1.282588243484497070e-01,-7.189017534255981445e-02,1.942758113145828247e-01
-6.785210967063903809e-02,6.371542811393737793e-02,8.472946286201477051e-01,-9.828893467783927917e-03,1.135815866291522980e-02,9.998672008514404297e-01,-6.323468871414661407e-03,-2.703257203102111816e-01,-6.205719709396362305e-02,3.563614487648010254e-01,2.861917912960052490e-01,-1.897630393505096436e-01,1.386819779872894287e-01,-1.438871920108795166e-01,-3.265441954135894775e-01,-6.748022437095642090e-01,5.214794278144836426e-01,-6.684797257184982300e-02,1.075354218482971191e-02,1.347533017396926880e-01,0.000000000000000000e+00,0.000000000000000000e+00,-8.868112415075302124e-02,-2.336674556136131287e-02,-4.975887537002563477e-01,-3.175934851169586182e-01,-3.075983226299285889e-01,-1.037179306149482727e-01,-2.064763009548187256e-01,-1.240904331207275391e-01,-1.498167216777801514e-01,6.719903349876403809e-01,-4.499971270561218262e-01,1.264167577028274536e-01,-6.682302802801132202e-02,1.908840537071228027e-01
-7.541340589523315430e-02,5.376264080405235291e-02,8.456172943115234375e-01,-8.745418861508369446e-03,1.960823312401771545e-02,9.992023110389709473e-01,-3.367159515619277954e-02,-2.339473962783813477e-01,-1.138540655374526978e-01,3.059917688369750977e-01,2.228125333786010742e-01,-1.758107393980026245e-01,1.472615599632263184e-01,-1.763114035129547119e-01,-3.626787960529327393e-01,-6.104184389114379883e-01,5.981647372245788574e-01,-3.939112648367881775e-02,4.085749853402376175e-03,1.065323352813720703e-01,0.000000000000000000e+00,0.000000000000000000e+00,-8.759457617998123169e-02,-3.314828872680664062e-02,-4.987540543079376221e-01,-3.270991146564483643e-01,-3.139591217041015625e-01,-1.018815115094184875e-01,-1.943112611770629883e-01,-1.154884397983551025e-01,-1.679727882146835327e-01,6.649417877197265625e-01,-4.531979858875274658e-01,1.300254613161087036e-01,-6.793763488531112671e-02,1.821072250604629517e-01
-7.602800428867340088e-02,4.839813336730003357e-02,8.439738750457763672e-01,-6.250060629099607468e-03,2.635557949542999268e-02,9.974678754806518555e-01,-6.575825065374374390e-02,-1.879363954067230225e-01,-1.583831012248992920e-01,2.431493997573852539e-01,1.353897601366043091e-01,-1.437478959560394287e-01,1.501718759536743164e-01,-2.242420464754104614e-01,-3.826687335968017578e-01,-5.285040736198425293e-01,6.708045601844787598e-01,-2.726160734891891479e-02,-3.049131715670228004e-03,7.271833717823028564e-02,0.000000000000000000e+00,0.000000000000000000e+00,-9.031796455383300781e-02,-4.215408116579055786e-02,-4.973685443401336670e-01,-3.281131088733673096e-01,-3.079771399497985840e-01,-1.050621271133422852e-01,-1.817919164896011353e-01,-1.101284921169281006e-01,-1.792790740728378296e-01,6.566072106361389160e-01,-4.475378394126892090e-01,1.265087723731994629e-01,-6.591992825269699097e-02,1.693205684423446655e-01
-7.857778668403625488e-02,4.674103111028671265e-02,8.432160615921020508e-01,-5.450348835438489914e-03,2.360280603170394897e-02,9.951947331428527832e-01,-9.487178176641464233e-02,-1.312295645475387573e-01,-1.745299994945526123e-01,1.769000142812728882e-01,2.834131382405757904e-02,-1.010699048638343811e-01,1.544322073459625244e-01,-2.638170421123504639e-01,-3.572448790073394775e-01,-4.411435425281524658e-01,7.034927606582641602e-01,-9.155445732176303864e-03,-6.893567042425274849e-04,4.712239280343055725e-02,0.000000000000000000e+00,0.000000000000000000e+00,-9.149448573589324951e-02,-3.403324633836746216e-02,-4.946378469467163086e-01,-3.313266038894653320e-01,-2.995244264602661133e-01,-1.049174293875694275e-01,-1.695399582386016846e-01,-9.973260015249252319e-02,-1.743222475051879883e-01,6.405545473098754883e-01,-4.501509368419647217e-01,1.145244017243385315e-01,-6.010438129305839539e-02,1.586040407419204712e-01
-8.059300482273101807e-02,4.687697440385818481e-02,8.424869775772094727e-01,-2.302136737853288651e-03,1.956410892307758331e-02,9.922362565994262695e-01,-1.227973327040672302e-01,-1.110863834619522095e-01,-1.745299994945526123e-01,1.159517914056777954e-01,1.117101783165708184e-04,-9.213355183601379395e-02,1.568610668182373047e-01,-3.003214895725250244e-01,-3.188630044460296631e-01,-3.537054061889648438e-01,7.263858318328857422e-01,-1.285288855433464050e-02,7.821882143616676331e-03,2.229697816073894501e-02,0.000000000000000000e+00,0.000000000000000000e+00,-9.216851741075515747e-02,-2.428253926336765289e-02,-4.937558770179748535e-01,-3.277134001255035400e-01,-2.924399673938751221e-01,-1.029380485415458679e-01,-1.584977358579635620e-01,-8.899787813425064087e-02,-1.652372628450393677e-01,6.238582730293273926e-01,-4.422836005687713623e-01,1.046010553836822510e-01,-5.258972197771072388e-02,1.523971408605575562e-01
-8.454234153032302856e-02,4.808628559112548828e-02,8.421040177345275879e-01,-6.260357331484556198e-04,1.796034164726734161e-02,9.883483648300170898e-01,-1.511439830064773560e-01,-1.058805882930755615e-01,-1.745299994945526123e-01,5.752542987465858459e-02,3.966650865550036542e-07,-9.605526179075241089e-02,1.559140980243682861e-01,-3.341750502586364746e-01,-2.844336926937103271e-01,-2.762866616249084473e-01,7.317457795143127441e-01,-3.139003738760948181e-02,2.186729200184345245e-02,-1.272689783945679665e-03,0.000000000000000000e+00,0.000000000000000000e+00,-9.295936673879623413e-02,-1.736000180244445801e-02,-4.885020554065704346e-01,-3.216977417469024658e-01,-2.834181487560272217e-01,-9.870054572820663452e-02,-1.523396074771881104e-01,-7.478757202625274658e-02,-1.615433990955352783e-01,6.074973344802856445e-01,-4.368042051792144775e-01,9.512506425380706787e-02,-4.459201917052268982e-02,1.503808200359344482e-01
-8.905133605003356934e-02,5.113010480999946594e-02,8.420186042785644531e-01,-4.338313010521233082e-05,1.761176623404026031e-02,9.837340116500854492e-01,-1.787656843662261963e-01,-1.024991944432258606e-01,-1.745299994945526123e-01,8.868487784639000893e-04,9.359340680248351418e-08,-9.663103520870208740e-02,1.522539407014846802e-01,-3.609275221824645996e-01,-2.560526430606842041e-01,-2.128067910671234131e-01,7.183781266212463379e-01,-6.082334369421005249e-02,3.586082160472869873e-02,-1.857878267765045166e-02,0.000000000000000000e+00,0.000000000000000000e+00,-9.829540550708770752e-02,-1.179202832281589508e-02,-4.810812175273895264e-01,-3.153439462184906006e-01,-2.758558094501495361e-01,-9.848513454198837280e-02,-1.462159156799316406e-01,-6.069672107696533203e-02,-1.611530333757400513e-01,5.887063741683959961e-01,-4.280928373336791992e-01,9.122859686613082886e-02,-3.691247850656509399e-02,1.513919681310653687e-01
-9.160371869802474976e-02,5.647467449307441711e-02,8.421363234519958496e-01,1.270615903194993734e-04,1.791850477457046509e-02,9.781109690666198730e-01,-2.073109447956085205e-01,-1.029832735657691956e-01,-1.745299994945526123e-01,-5.923445522785186768e-02,1.169919282978382213e-11,-9.360904991626739502e-02,1.443692594766616821e-01,-3.824586570262908936e-01,-2.263283729553222656e-01,-1.480352580547332764e-01,6.958883404731750488e-01,-1.000368371605873108e-01,4.706332087516784668e-02,-3.468999266624450684e-02,0.000000000000000000e+00,0.000000000000000000e+00,-1.045202389359474182e-01,-9.218961931765079498e-03,-4.760055840015411377e-01,-3.093663752079010010e-01,-2.651120722293853760e-01,-1.037150621414184570e-01,-1.460732221603393555e-01,-4.832342639565467834e-02,-1.602485477924346924e-01,5.744022130966186523e-01,-4.172622263431549072e-01,8.711960166692733765e-02,-3.313209488987922668e-02,1.557845771312713623e-01
-9.677686542272567749e-02,6.345925480127334595e-02,8.423061370849609375e-01,-1.596216228790581226e-03,1.951184682548046112e-02,9.720802307128906250e-01,-2.338306307792663574e-01,-1.048680990934371948e-01,-1.745299994945526123e-01,-1.176512986421585083e-01,1.468905055370620799e-15,-9.024355560541152954e-02,1.395514905452728271e-01,-4.003731608390808105e-01,-1.981059610843658447e-01,-8.314897119998931885e-02,6.619005203247070312e-01,-1.320353597402572632e-01,5.850292369723320007e-02,-4.775063693523406982e-02,0.000000000000000000e+00,0.000000000000000000e+00,-1.131578609347343445e-01,-9.870576672255992889e-03,-4.720264971256256104e-01,-3.038049042224884033e-01,-2.534778714179992676e-01,-1.070644110441207886e-01,-1.452771127223968506e-01,-3.475333377718925476e-02,-1.613922417163848877e-01,5.614930987358093262e-01,-4.079940915107727051e-01,7.942709326744079590e-02,-2.830747142434120178e-02,1.590190678834915161e-01
-1.014450415968894958e-01,7.093001902103424072e-02,8.428035974502563477e-01,-3.814140101894736290e-03,2.070325054228305817e-02,9.656783342361450195e-01,-2.588863372802734375e-01,-1.089692115783691406e-01,-1.742098778486251831e-01,-1.779816299676895142e-01,7.874865310623230252e-18,-8.594295382499694824e-02,1.264629513025283813e-01,-4.074486196041107178e-01,-1.633190959692001343e-01,-3.816334996372461319e-03,6.149885654449462891e-01,-1.601305603981018066e-01,7.472562789916992188e-02,-5.872157588601112366e-02,0.000000000000000000e+00,0.000000000000000000e+00,-1.254807263612747192e-01,-8.358158171176910400e-03,-4.685842394828796387e-01,-2.996570467948913574e-01,-2.363119274377822876e-01,-1.153855249285697937e-01,-1.514907926321029663e-01,-2.355485782027244568e-02,-1.621760427951812744e-01,5.511583089828491211e-01,-3.941932916641235352e-01,6.654849648475646973e-02,-2.306555211544036865e-02,1.638854742050170898e-01
-1.041036099195480347e-01,8.012838661670684814e-02,8.441743850708007812e-01,-3.697034204378724098e-03,1.470234710723161697e-02,9.589642882347106934e-01,-2.831212878227233887e-01,-1.160284578800201416e-01,-1.579757183790206909e-01,-2.370449602603912354e-01,4.011905380220989314e-18,-8.071158081293106079e-02,1.154218912124633789e-01,-3.953868746757507324e-01,-9.956344962120056152e-02,1.196109876036643982e-01,5.448407530784606934e-01,-1.638884693384170532e-01,8.991125226020812988e-02,-6.332712620496749878e-02,0.000000000000000000e+00,0.000000000000000000e+00,-1.367633640766143799e-01,1.309057930484414101e-03,-4.721295535564422607e-01,-2.998704910278320312e-01,-2.178173810243606567e-01,-1.245658397674560547e-01,-1.474884301424026489e-01,-1.036097109317779541e-02,-1.504087895154953003e-01,5.409106016159057617e-01,-3.827892839908599854e-01,5.004838854074478149e-02,-2.096288278698921204e-02,1.574657708406448364e-01
-1.089398860931396484e-01,8.726517856121063232e-02,8.454290628433227539e-01,-4.531892482191324234e-03,8.174526505172252655e-03,9.519342184066772461e-01,-3.061598539352416992e-01,-1.228041201829910278e-01,-1.422715783119201660e-01,-2.977905273437500000e-01,-6.518831736518099652e-18,-7.933066785335540771e-02,1.036355346441268921e-01,-3.734347820281982422e-01,-3.741635009646415710e-02,2.535586059093475342e-01,4.764244556427001953e-01,-1.583587825298309326e-01,1.046022474765777588e-01,-6.450562924146652222e-02,0.000000000000000000e+00,0.000000000000000000e+00,-1.481451094150543213e-01,9.584174491465091705e-03,-4.732030034065246582e-01,-3.058378994464874268e-01,-2.014764100313186646e-01,-1.286869049072265625e-01,-1.418142765760421753e-01,3.063724143430590630e-03,-1.387484520673751831e-01,5.262855887413024902e-01,-3.712300062179565430e-01,2.853183448314666748e-02,-1.494573708623647690e-02,1.530721485614776611e-01
-1.149814799427986145e-01,9.655652940273284912e-02,8.459897041320800781e-01,-6.211898755282163620e-03,4.709952045232057571e-03,9.448613524436950684e-01,-3.273778855800628662e-01,-1.306843608617782593e-01,-1.297334581613540649e-01,-3.527456820011138916e-01,1.427201547031232932e-17,-7.613097876310348511e-02,9.276830404996871948e-02,-3.510386645793914795e-01,5.976542364805936813e-03,3.595179319381713867e-01,4.327138364315032959e-01,-1.573186665773391724e-01,1.116291284561157227e-01,-6.488419324159622192e-02,0.000000000000000000e+00,0.000000000000000000e+00,-1.595356315374374390e-01,1.594195514917373657e-02,-4.714938998222351074e-01,-3.146074116230010986e-01,-1.806787103414535522e-01,-1.244414448738098145e-01,-1.266874521970748901e-01,1.317313965409994125e-02,-1.315312087535858154e-01,5.201663374900817871e-01,-3.734147250652313232e-01,7.457524072378873825e-03,-2.937250304967164993e-03,1.489204019308090210e-01
-1.209782734513282776e-01,1.065651625394821167e-01,8.456177711486816406e-01,-9.026894345879554749e-03,3.701770212501287460e-03,9.375954866409301758e-01,-3.475909531116485596e-01,-1.406032443046569824e-01,-1.218135356903076172e-01,-3.968287110328674316e-01,-4.214478603512775579e-18,-7.268398255109786987e-02,7.840874791145324707e-02,-3.474420011043548584e-01,2.198382467031478882e-02,3.792864978313446045e-01,4.325771331787109375e-01,-1.810633838176727295e-01,1.086829155683517456e-01,-6.364118307828903198e-02,0.000000000000000000e+00,0.000000000000000000e+00,-1.698101609945297241e-01,2.029513753950595856e-02,-4.705619513988494873e-01,-3.243005275726318359e-01,-1.686903834342956543e-01,-1.222248896956443787e-01,-1.157583370804786682e-01,1.902763172984123230e-02,-1.277130544185638428e-01,5.274934768676757812e-01,-3.786748349666595459e-01,2.076587174087762833e-03,3.817536402493715286e-03,1.519718021154403687e-01
-1.304315030574798584e-01,1.153312474489212036e-01,8.451487421989440918e-01,-1.349943410605192184e-02,3.596430411562323570e-03,9.307998418807983398e-01,-3.652622401714324951e-01,-1.496454626321792603e-01,-1.145575791597366333e-01,-4.303563535213470459e-01,8.203024403235267391e-18,-6.510335206985473633e-02,6.335905194282531738e-02,-3.580304086208343506e-01,2.668462321162223816e-02,3.468629419803619385e-01,4.554727375507354736e-01,-2.224729806184768677e-01,1.028257459402084351e-01,-5.805024504661560059e-02,0.000000000000000000e+00,0.000000000000000000e+00,-1.766528189182281494e-01,2.156143449246883392e-02,-4.696274101734161377e-01,-3.300428688526153564e-01,-1.552108079195022583e-01,-1.215032339096069336e-01,-1.061664745211601257e-01,1.921013556420803070e-02,-1.207350790500640869e-01,5.379881262779235840e-01,-3.864115178585052490e-01,-5.291784764267504215e-04,5.067137535661458969e-03,1.560042202472686768e-01
-1.407744288444519043e-01,1.238124072551727295e-01,8.452893495559692383e-01,-2.003790810704231262e-02,4.059034690726548433e-04,9.245434403419494629e-01,-3.805491924285888672e-01,-1.646515876054763794e-01,-1.018252223730087280e-01,-4.531347751617431641e-01,9.509996240848652815e-18,-4.363055899739265442e-02,4.192971438169479370e-02,-3.693787753582000732e-01,2.942862361669540405e-02,3.009607195854187012e-01,4.639150798320770264e-01,-2.522833943367004395e-01,9.943570941686630249e-02,-5.374356359243392944e-02,0.000000000000000000e+00,0.000000000000000000e+00,-1.883612573146820068e-01,2.768695168197154999e-02,-4.723804295063018799e-01,-3.380957543849945068e-01,-1.449355781078338623e-01,-1.233058869838714600e-01,-1.088569089770317078e-01,1.151969842612743378e-02,-1.154846772551536560e-01,5.562961101531982422e-01,-4.013466835021972656e-01,2.751519496086984873e-04,3.478037426248192787e-03,1.707158535718917847e-01
-1.528907120227813721e-01,1.277048736810684204e-01,8.457546830177307129e-01,-2.608468756079673767e-02,-5.067798774689435959e-03,9.176357388496398926e-01,-3.965331315994262695e-01,-1.809528917074203491e-01,-8.535209298133850098e-02,-4.493893682956695557e-01,4.067597796502959561e-18,-5.224689375609159470e-03,1.575533300638198853e-02,-3.723582029342651367e-01,2.789746969938278198e-02,2.396192252635955811e-01,4.601880013942718506e-01,-2.677320837974548340e-01,9.399781376123428345e-02,-4.758047312498092651e-02,0.000000000000000000e+00,0.000000000000000000e+00,-1.956169456243515015e-01,3.299070522189140320e-02,-4.748751223087310791e-01,-3.437501490116119385e-01,-1.389752328395843506e-01,-1.232197657227516174e-01,-1.124129518866539001e-01,1.984506816370412707e-04,-1.054854542016983032e-01,5.751851201057434082e-01,-4.193663299083709717e-01,2.259397180750966072e-03,1.427704817615449429e-03,1.788975298404693604e-01
-1.642290651798248291e-01,1.352705806493759155e-01,8.474221229553222656e-01,-3.097609244287014008e-02,-9.276556782424449921e-03,9.099311828613281250e-01,-4.134969115257263184e-01,-2.036117613315582275e-01,-6.446842849254608154e-02,-3.904326260089874268e-01,1.866335190623384264e-17,3.181793913245201111e-02,4.004490096122026443e-03,-3.666505515575408936e-01,2.790184877812862396e-02,1.861879378557205200e-01,4.393830001354217529e-01,-2.667040228843688965e-01,8.996492624282836914e-02,-4.472562670707702637e-02,0.000000000000000000e+00,0.000000000000000000e+00,-1.978446990251541138e-01,3.715135902166366577e-02,-4.768359363079071045e-01,-3.486327826976776123e-01,-1.353001147508621216e-01,-1.255509108304977417e-01,-1.145761758089065552e-01,-1.473878324031829834e-02,-9.934179484844207764e-02,5.939633846282958984e-01,-4.387935101985931396e-01,9.930520318448543549e-04,-3.798342775553464890e-03,1.812729239463806152e-01
-1.738958209753036499e-01,1.413302570581436157e-01,8.510202169418334961e-01,-3.673285990953445435e-02,-9.018048644065856934e-03,9.017340540885925293e-01,-4.306333065032958984e-01,-2.253857702016830444e-01,-5.467920005321502686e-02,-3.055837452411651611e-01,1.302088163276872348e-17,3.245127573609352112e-02,4.227280151098966599e-03,-3.511362671852111816e-01,1.572848856449127197e-02,1.328864246606826782e-01,4.032784700393676758e-01,-2.517553269863128662e-01,8.679083734750747681e-02,-4.429638013243675232e-02,0.000000000000000000e+00,0.000000000000000000e+00,-2.004634439945220947e-01,3.447646275162696838e-02,-4.786052405834197998e-01,-3.564722239971160889e-01,-1.411264389753341675e-01,-1.281173378229141235e-01,-1.163270100951194763e-01,-3.010877408087253571e-02,-1.024371609091758728e-01,6.135396361351013184e-01,-4.616014361381530762e-01,1.155412406660616398e-03,-1.081385277211666107e-02,1.839308440685272217e-01
-1.833703517913818359e-01,1.489744186401367188e-01,8.547343015670776367e-01,-4.157429561018943787e-02,-7.661089766770601273e-03,8.921182155609130859e-01,-4.498199522495269775e-01,-2.422370314598083496e-01,-5.012049525976181030e-02,-2.106648832559585571e-01,-1.358151156473266351e-18,2.668772079050540924e-02,1.009263098239898682e-03,-3.303824067115783691e-01,3.390865167602896690e-03,7.414404302835464478e-02,3.605656325817108154e-01,-2.334406524896621704e-01,8.443313091993331909e-02,-4.145012050867080688e-02,0.000000000000000000e+00,0.000000000000000000e+00,-1.973740905523300171e-01,3.208772093057632446e-02,-4.810810685157775879e-01,-3.603416979312896729e-01,-1.503416597843170166e-01,-1.277075856924057007e-01,-1.219452321529388428e-01,-5.146834626793861389e-02,-1.072743013501167297e-01,6.303749084472656250e-01,-4.828419387340545654e-01,-1.336950459517538548e-03,-1.646638289093971252e-02,1.851139068603515625e-01
-1.899733543395996094e-01,1.543229967355728149e-01,8.580319285392761230e-01,-4.577535390853881836e-02,-7.868188433349132538e-03,8.832303285598754883e-01,-4.666335582733154297e-01,-2.562652230262756348e-01,-4.498342797160148621e-02,-1.209250465035438538e-01,1.990288536286700482e-17,2.364084124565124512e-02,-4.368173424154520035e-03,-3.021523952484130859e-01,-4.965585656464099884e-03,2.600300870835781097e-02,3.020642399787902832e-01,-2.045013755559921265e-01,8.703721314668655396e-02,-4.155534878373146057e-02,0.000000000000000000e+00,0.000000000000000000e+00,-1.952654570341110229e-01,2.947009913623332977e-02,-4.864380955696105957e-01,-3.663255572319030762e-01,-1.360018104314804077e-01,-1.308564394712448120e-01,-1.245998293161392212e-01,-7.237744331359863281e-02,-1.138994395732879639e-01,6.433349251747131348e-01,-5.004803538322448730e-01,-1.750300452113151550e-02,-1.712269894778728485e-02,1.851144284009933472e-01
-1.952000409364700317e-01,1.600300371646881104e-01,8.604311347007751465e-01,-4.887467995285987854e-02,-6.554640829563140869e-03,8.742516636848449707e-01,-4.829620122909545898e-01,-2.653805315494537354e-01,-4.409037530422210693e-02,-4.376937448978424072e-02,-1.143442200978592106e-17,1.913148909807205200e-02,-3.247022861614823341e-03,-2.813454568386077881e-01,-1.158125419169664383e-02,-1.289496198296546936e-02,2.615903317928314209e-01,-1.818600445985794067e-01,8.201481401920318604e-02,-3.850317001342773438e-02,0.000000000000000000e+00,0.000000000000000000e+00,-1.877417564392089844e-01,2.796091325581073761e-02,-4.912241101264953613e-01,-3.601295053958892822e-01,-1.411923021078109741e-01,-1.329180300235748291e-01,-1.285894364118576050e-01,-9.432573616504669189e-02,-1.254437863826751709e-01,6.551920771598815918e-01,-5.151051282882690430e-01,-2.608787827193737030e-02,-2.552008815109729767e-02,1.845328807830810547e-01
-1.986162811517715454e-01,1.649091690778732300e-01,8.619272112846374512e-01,-5.105283111333847046e-02,-3.711544442921876907e-03,8.652625679969787598e-01,-4.986988306045532227e-01,-2.725231647491455078e-01,-4.982859641313552856e-02,2.335917577147483826e-02,-4.280758931635424581e-19,1.150475721806287766e-02,-1.397056621499359608e-03,-2.732575833797454834e-01,-2.051020972430706024e-02,-4.634491354227066040e-02,2.503243088722229004e-01,-1.748850345611572266e-01,7.864987105131149292e-02,-3.391294553875923157e-02,0.000000000000000000e+00,0.000000000000000000e+00,-1.836998313665390015e-01,2.218202874064445496e-02,-4.988250136375427246e-01,-3.526210784912109375e-01,-1.531769335269927979e-01,-1.372045278549194336e-01,-1.265069097280502319e-01,-1.203220263123512268e-01,-1.365541070699691772e-01,6.592582464218139648e-01,-5.181504487991333008e-01,-2.517693676054477692e-02,-3.527667373418807983e-02,1.741513460874557495e-01
-2.005212157964706421e-01,1.688500344753265381e-01,8.637294173240661621e-01,-5.245494842529296875e-02,-3.940740134567022324e-03,8.568585515022277832e-01,-5.128610134124755859e-01,-2.789683043956756592e-01,-5.010822415351867676e-02,7.472170144319534302e-02,-1.369603968362430551e-17,3.045206656679511070e-03,1.689947384875267744e-05,-2.378782033920288086e-01,-2.197258919477462769e-02,-7.624070346355438232e-02,1.817894130945205688e-01,-1.408734768629074097e-01,7.440917193889617920e-02,-2.811082266271114349e-02,0.000000000000000000e+00,0.000000000000000000e+00,-1.776306033134460449e-01,2.195106633007526398e-02,-5.045360922813415527e-01,-3.422958850860595703e-01,-1.636186540126800537e-01,-1.425475627183914185e-01,-1.276849955320358276e-01,-1.451998054981231689e-01,-1.479763835668563843e-01,6.624764204025268555e-01,-5.193765759468078613e-01,-2.940325811505317688e-02,-4.636685550212860107e-02,1.666910052299499512e-01
-2.014938592910766602e-01,1.723654866218566895e-01,8.647176027297973633e-01,-5.438064038753509521e-02,-2.739851595833897591e-03,8.463137745857238770e-01,-5.298945903778076172e-01,-2.821894586086273193e-01,-5.356439575552940369e-02,1.190740391612052917e-01,6.074344580001505125e-18,-6.751911249011754990e-03,1.865024678409099579e-03,-2.274630218744277954e-01,-2.938869781792163849e-02,-1.099505424499511719e-01,1.647910177707672119e-01,-1.333555430173873901e-01,6.852602213621139526e-02,-2.020542509853839874e-02,0.000000000000000000e+00,0.000000000000000000e+00,-1.696994900703430176e-01,1.850494928658008575e-02,-5.111650228500366211e-01,-3.300392329692840576e-01,-1.731280982494354248e-01,-1.462706625461578369e-01,-1.226638853549957275e-01,-1.707955151796340942e-01,-1.581597179174423218e-01,6.646147370338439941e-01,-5.094261169433593750e-01,-3.034123964607715607e-02,-5.431458726525306702e-02,1.513467580080032349e-01
-2.024049609899520874e-01,1.762145459651947021e-01,8.653241991996765137e-01,-5.385373160243034363e-02,-1.535404473543167114e-03,8.354536294937133789e-01,-5.469138026237487793e-01,-2.811194062232971191e-01,-5.139131098985671997e-02,1.605753898620605469e-01,1.689043253829178694e-18,-1.011527515947818756e-02,2.919180551543831825e-03,-2.091537714004516602e-01,-3.358371555805206299e-02,-1.494853794574737549e-01,1.395258754491806030e-01,-1.238893270492553711e-01,6.328454613685607910e-02,-1.154108345508575439e-02,0.000000000000000000e+00,0.000000000000000000e+00,-1.635488867759704590e-01,1.579712517559528351e-02,-5.124413967132568359e-01,-3.142395913600921631e-01,-1.779710352420806885e-01,-1.485015749931335449e-01,-1.255339235067367554e-01,-1.926850378513336182e-01,-1.636374592781066895e-01,6.593417525291442871e-01,-4.915302693843841553e-01,-3.689450025558471680e-02,-6.138942390680313110e-02,1.410068124532699585e-01
-2.030731439590454102e-01,1.800487935543060303e-01,8.657162785530090332e-01,-5.325408652424812317e-02,-5.086630117148160934e-04,8.239247202873229980e-01,-5.641912221908569336e-01,-2.759825289249420166e-01,-4.709652066230773926e-02,1.990522742271423340e-01,1.951135761788850534e-17,-1.212712004780769348e-02,4.194388631731271744e-03,-1.897895187139511108e-01,-3.671468794345855713e-02,-1.922174394130706787e-01,1.121462211012840271e-01,-1.150300875306129456e-01,5.956772714853286743e-02,-2.256988547742366791e-03,0.000000000000000000e+00,0.000000000000000000e+00,-1.587914675474166870e-01,1.602177880704402924e-02,-5.182155966758728027e-01,-3.000884950160980225e-01,-1.871919184923171997e-01,-1.515801250934600830e-01,-1.333189606666564941e-01,-2.099347263574600220e-01,-1.700689345598220825e-01,6.504631042480468750e-01,-4.724658429622650146e-01,-4.728947952389717102e-02,-6.847369670867919922e-02,1.349010467529296875e-01
-2.050386667251586914e-01,1.837410032749176025e-01,8.658303022384643555e-01,-5.203282460570335388e-02,3.556565789040178061e-04,8.100078701972961426e-01,-5.841059684753417969e-01,-2.671284675598144531e-01,-3.876885399222373962e-02,2.389446198940277100e-01,1.875368664656953369e-17,-9.866029955446720123e-03,3.850170411169528961e-03,-1.676628887653350830e-01,-3.697170689702033997e-02,-2.409225553274154663e-01,8.409719169139862061e-02,-1.077667325735092163e-01,5.429392307996749878e-02,8.172100409865379333e-03,0.000000000000000000e+00,0.000000000000000000e+00,-1.549106389284133911e-01,1.821439154446125031e-02,-5.216814875602722168e-01,-2.902846336364746094e-01,-1.901469826698303223e-01,-1.541930586099624634e-01,-1.414107978343963623e-01,-2.250299453735351562e-01,-1.740701496601104736e-01,6.428018808364868164e-01,-4.503367245197296143e-01,-5.736076831817626953e-02,-7.205395400524139404e-02,1.327603459358215332e-01
-2.050852477550506592e-01,1.903116106986999512e-01,8.657497167587280273e-01,-4.897862300276756287e-02,2.269050106406211853e-03,7.930802702903747559e-01,-6.071405410766601562e-01,-2.571574747562408447e-01,-2.959792688488960266e-02,2.817624509334564209e-01,-3.397065339632774055e-19,-6.918506231158971786e-03,4.095603246241807938e-03,-1.435868293046951294e-01,-3.691766038537025452e-02,-2.954463064670562744e-01,5.482798442244529724e-02,-9.814941138029098511e-02,4.939825460314750671e-02,2.246079035103321075e-02,0.000000000000000000e+00,0.000000000000000000e+00,-1.543970704078674316e-01,2.021278254687786102e-02,-5.249349474906921387e-01,-2.844141721725463867e-01,-2.081647664308547974e-01,-1.553974896669387817e-01,-1.620736271142959595e-01,-2.410263419151306152e-01,-1.749880462884902954e-01,6.299403905868530273e-01,-4.243398606777191162e-01,-5.468509718775749207e-02,-7.515371590852737427e-02,1.372388601303100586e-01
-2.055597007274627686e-01,1.945998370647430420e-01,8.654270172119140625e-01,-4.564980417490005493e-02,3.628121223300695419e-03,7.737851142883300781e-01,-6.317906975746154785e-01,-2.462917417287826538e-01,-1.679646223783493042e-02,3.179214596748352051e-01,-3.035600646836901810e-18,2.767534460872411728e-04,4.031136631965637207e-03,-1.123000308871269226e-01,-3.270051628351211548e-02,-3.538595438003540039e-01,1.653931848704814911e-02,-8.523254096508026123e-02,4.545297473669052124e-02,3.073295950889587402e-02,0.000000000000000000e+00,0.000000000000000000e+00,-1.507024019956588745e-01,2.263565175235271454e-02,-5.284780263900756836e-01,-2.893466651439666748e-01,-2.051712870597839355e-01,-1.553280353546142578e-01,-1.718537956476211548e-01,-2.496460080146789551e-01,-1.772882938385009766e-01,6.167514920234680176e-01,-4.049432873725891113e-01,-6.484334915876388550e-02,-7.461681962013244629e-02,1.382281035184860229e-01
-2.052123695611953735e-01,1.978310495615005493e-01,8.648603558540344238e-01,-3.947567939758300781e-02,5.813762079924345016e-03,7.558645606040954590e-01,-6.535109877586364746e-01,-2.313506901264190674e-01,-1.352184917777776718e-03,3.475869894027709961e-01,-9.853157081049951664e-18,1.068038120865821838e-02,3.167517483234405518e-03,-8.733056485652923584e-02,-2.759062312543392181e-02,-4.072892367839813232e-01,1.780085949576459825e-05,-8.110111951828002930e-02,4.107918590307235718e-02,3.924478963017463684e-02,0.000000000000000000e+00,0.000000000000000000e+00,-1.454330831766128540e-01,2.429049275815486908e-02,-5.221943259239196777e-01,-2.979745864868164062e-01,-1.917431801557540894e-01,-1.548016518354415894e-01,-1.712770760059356689e-01,-2.501487433910369873e-01,-1.774285584688186646e-01,6.024048924446105957e-01,-3.844037652015686035e-01,-7.354848831892013550e-02,-7.294331490993499756e-02,1.322994083166122437e-01
-2.057334333658218384e-01,2.003832012414932251e-01,8.643839359283447266e-01,-3.418914601206779480e-02,7.395767141133546829e-03,7.369791865348815918e-01,-6.750096678733825684e-01,-2.187322825193405151e-01,1.649846509099006653e-02,3.885629475116729736e-01,3.226513932214140597e-18,2.199500426650047302e-02,7.136150961741805077e-04,-7.130699604749679565e-02,-2.509997971355915070e-02,-4.623120129108428955e-01,2.225107431641504263e-09,-8.679174631834030151e-02,3.910738229751586914e-02,4.832483455538749695e-02,0.000000000000000000e+00,0.000000000000000000e+00,-1.420385688543319702e-01,2.705333381891250610e-02,-5.176220536231994629e-01,-3.076227009296417236e-01,-1.902009993791580200e-01,-1.538898497819900513e-01,-1.774656921625137329e-01,-2.488983273506164551e-01,-1.768974959850311279e-01,5.892967581748962402e-01,-3.745476007461547852e-01,-7.742495089769363403e-02,-7.120293378829956055e-02,1.317579597234725952e-01
-2.074954360723495483e-01,2.024849653244018555e-01,8.642464876174926758e-01,-3.067812509834766388e-02,9.529438801109790802e-03,7.141238451004028320e-01,-6.992819309234619141e-01,-2.117162197828292847e-01,3.284485265612602234e-02,4.377968609333038330e-01,-4.370895148624102900e-18,2.346236258745193481e-02,1.192002207972109318e-03,-5.530989915132522583e-02,-2.379353903234004974e-02,-5.191916227340698242e-01,2.781390569250863365e-13,-9.089046716690063477e-02,3.213262185454368591e-02,5.363646894693374634e-02,0.000000000000000000e+00,0.000000000000000000e+00,-1.395405530929565430e-01,2.742978744208812714e-02,-5.108509659767150879e-01,-3.170560300350189209e-01,-1.777737885713577271e-01,-1.551126837730407715e-01,-1.788470745086669922e-01,-2.467823475599288940e-01,-1.748204976320266724e-01,5.805891752243041992e-01,-3.646179437637329102e-01,-8.215454965829849243e-02,-7.041263580322265625e-02,1.329268366098403931e-01
-2.062097340822219849e-01,2.004832029342651367e-01,8.638651967048645020e-01,-2.724970690906047821e-02,9.553851559758186340e-03,6.955984830856323242e-01,-7.178502082824707031e-01,-2.052524834871292114e-01,4.447429999709129333e-02,4.755774438381195068e-01,2.689428869205909940e-18,2.580844983458518982e-02,1.450073090381920338e-03,-4.001352563500404358e-02,-2.188876084983348846e-02,-5.666969418525695801e-01,3.011413885725851280e-17,-9.380985796451568604e-02,2.802138775587081909e-02,6.026620790362358093e-02,0.000000000000000000e+00,0.000000000000000000e+00,-1.346778273582458496e-01,2.779482491314411163e-02,-5.029798746109008789e-01,-3.268842101097106934e-01,-1.771017760038375854e-01,-1.527800559997558594e-01,-1.771943867206573486e-01,-2.438437789678573608e-01,-1.673966050148010254e-01,5.758045315742492676e-01,-3.626785278320312500e-01,-7.466774433851242065e-02,-7.290741056203842163e-02,1.291677802801132202e-01
-2.041863054037094116e-01,1.996899694204330444e-01,8.633701205253601074e-01,-2.282151579856872559e-02,1.036071684211492538e-02,6.748977303504943848e-01,-7.374855279922485352e-01,-2.018340528011322021e-01,5.465916916728019714e-02,5.197716951370239258e-01,-2.236436641631045182e-18,2.783267386257648468e-02,2.601757412776350975e-03,-2.306035719811916351e-02,-1.957702822983264923e-02,-6.154357790946960449e-01,5.016552630113593758e-18,-9.451589733362197876e-02,2.267258800566196442e-02,6.350544840097427368e-02,0.000000000000000000e+00,0.000000000000000000e+00,-1.308819800615310669e-01,2.906892634928226471e-02,-4.980508685111999512e-01,-3.353183269500732422e-01,-1.759904175996780396e-01,-1.490589678287506104e-01,-1.762706339359283447e-01,-2.378969043493270874e-01,-1.555744111537933350e-01,5.734430551528930664e-01,-3.584653437137603760e-01,-6.760635226964950562e-02,-7.122991234064102173e-02,1.305043548345565796e-01
-2.015021741390228271e-01,1.969175636768341064e-01,8.628791570663452148e-01,-1.992619968950748444e-02,9.701666422188282013e-03,6.580721735954284668e-01,-7.526286244392395020e-01,-2.005248814821243286e-01,6.260831654071807861e-02,5.692231655120849609e-01,9.163680533791076718e-19,2.853542007505893707e-02,1.296174130402505398e-03,-9.706160984933376312e-03,-1.715813390910625458e-02,-6.552018523216247559e-01,-8.193773215264474330e-18,-9.520030021667480469e-02,1.887743361294269562e-02,6.968300789594650269e-02,0.000000000000000000e+00,0.000000000000000000e+00,-1.252267956733703613e-01,2.673792466521263123e-02,-4.917087554931640625e-01,-3.403035104274749756e-01,-1.775524020195007324e-01,-1.445948183536529541e-01,-1.788171529769897461e-01,-2.370459437370300293e-01,-1.441381573677062988e-01,5.830708742141723633e-01,-3.611025512218475342e-01,-5.698466300964355469e-02,-7.007639855146408081e-02,1.338078677654266357e-01
-1.998481452465057373e-01,1.940463781356811523e-01,8.624264001846313477e-01,-1.728775724768638611e-02,1.020554360002279282e-02,6.390647888183593750e-01,-7.688909173011779785e-01,-2.022252827882766724e-01,6.501115113496780396e-02,6.093980669975280762e-01,-2.004876528133563168e-18,2.541536092758178711e-02,2.552806399762630463e-03,5.459597334265708923e-03,-1.438958290964365005e-02,-6.932369470596313477e-01,6.653020284208902013e-18,-9.681406617164611816e-02,1.471982430666685104e-02,7.534873485565185547e-02,0.000000000000000000e+00,0.000000000000000000e+00,-1.227929517626762390e-01,2.609303779900074005e-02,-4.896725118160247803e-01,-3.482728898525238037e-01,-1.872584074735641479e-01,-1.410413086414337158e-01,-1.823638677597045898e-01,-2.304359674453735352e-01,-1.275415122509002686e-01,5.847824215888977051e-01,-3.597672879695892334e-01,-5.094980821013450623e-02,-6.705928593873977661e-02,1.381405442953109741e-01
-1.962143033742904663e-01,1.897986084222793579e-01,8.617975711822509766e-01,-1.484944112598896027e-02,9.658276103436946869e-03,6.240338683128356934e-01,-7.811964750289916992e-01,-2.031029313802719116e-01,6.372390687465667725e-02,6.386297345161437988e-01,-1.067105176404645905e-18,2.146025747060775757e-02,3.050595056265592575e-03,1.896266639232635498e-02,-1.185940671712160110e-02,-7.208913564682006836e-01,1.747005453711994449e-18,-9.594448655843734741e-02,1.278318278491497040e-02,8.331390470266342163e-02,0.000000000000000000e+00,0.000000000000000000e+00,-1.181970909237861633e-01,2.576826699078083038e-02,-4.874079227447509766e-01,-3.548662066459655762e-01,-1.948807835578918457e-01,-1.355990171432495117e-01,-1.869096904993057251e-01,-2.266883999109268188e-01,-1.125863343477249146e-01,5.951949357986450195e-01,-3.654408454895019531e-01,-3.914670273661613464e-02,-6.393882632255554199e-02,1.464639753103256226e-01
-1.910907328128814697e-01,1.843737810850143433e-01,8.611407279968261719e-01,-1.263823918998241425e-02,9.193345904350280762e-03,6.110333204269409180e-01,-7.914506196975708008e-01,-2.026585787534713745e-01,5.894111096858978271e-02,6.562730073928833008e-01,2.135076410910634830e-18,1.459436956793069839e-02,7.067833095788955688e-03,3.317209333181381226e-02,-1.078333053737878799e-02,-7.441117763519287109e-01,9.147774835582822561e-05,-9.405623376369476318e-02,1.286726631224155426e-02,9.179453551769256592e-02,0.000000000000000000e+00,0.000000000000000000e+00,-1.150544881820678711e-01,2.404997684061527252e-02,-4.879543781280517578e-01,-3.592695295810699463e-01,-2.039423286914825439e-01,-1.309533566236495972e-01,-1.895263046026229858e-01,-2.237706929445266724e-01,-9.614107757806777954e-02,6.050608754158020020e-01,-3.718337416648864746e-01,-2.934742718935012817e-02,-6.278790533542633057e-02,1.511428356170654297e-01
-1.853723824024200439e-01,1.779862940311431885e-01,8.602312803268432617e-01,-9.472126141190528870e-03,9.802496060729026794e-03,6.007104516029357910e-01,-7.993504405021667480e-01,-1.965000480413436890e-01,5.333778634667396545e-02,6.594382524490356445e-01,2.944839908485745954e-18,1.220507733523845673e-02,1.584705710411071777e-02,5.012944713234901428e-02,-1.016120612621307373e-02,-7.565356492996215820e-01,9.580101468600332737e-04,-9.245156496763229370e-02,1.206746604293584824e-02,1.017431169748306274e-01,0.000000000000000000e+00,0.000000000000000000e+00,-1.079465523362159729e-01,2.339830622076988220e-02,-4.846926927566528320e-01,-3.626275062561035156e-01,-2.087872475385665894e-01,-1.256828606128692627e-01,-1.933540850877761841e-01,-2.190268635749816895e-01,-7.791081070899963379e-02,6.153311729431152344e-01,-3.854616880416870117e-01,-2.448893524706363678e-02,-6.212483718991279602e-02,1.564938724040985107e-01
-1.756893843412399292e-01,1.707658022642135620e-01,8.595330119132995605e-01,-6.776064634323120117e-03,1.050075702369213104e-02,5.907000303268432617e-01,-8.067944645881652832e-01,-1.871250718832015991e-01,4.288741201162338257e-02,6.565757989883422852e-01,1.189152367064394926e-18,6.010450422763824463e-03,2.744972705841064453e-02,5.569076165556907654e-02,-2.572887763381004333e-02,-7.658841013908386230e-01,3.508103638887405396e-02,-9.827233850955963135e-02,1.249794196337461472e-02,1.128738224506378174e-01,0.000000000000000000e+00,0.000000000000000000e+00,-1.014811694622039795e-01,1.764029823243618011e-02,-4.835247099399566650e-01,-3.650183379650115967e-01,-2.222440242767333984e-01,-1.237346455454826355e-01,-2.039847671985626221e-01,-2.171102911233901978e-01,-6.427594274282455444e-02,6.284493803977966309e-01,-4.116623997688293457e-01,-1.694225519895553589e-02,-6.600249558687210083e-02,1.671489328145980835e-01
-1.644790321588516235e-01,1.638797074556350708e-01,8.588685393333435059e-01,-4.999525379389524460e-03,1.250327378511428833e-02,5.811108946800231934e-01,-8.137129545211791992e-01,-1.750074625015258789e-01,2.862509898841381073e-02,6.417051553726196289e-01,5.060939968963801776e-18,-1.074571162462234497e-03,4.306857660412788391e-02,5.196034163236618042e-02,-5.538191646337509155e-02,-7.645452022552490234e-01,9.663616120815277100e-02,-1.090237721800804138e-01,1.177140232175588608e-02,1.239434927701950073e-01,0.000000000000000000e+00,0.000000000000000000e+00,-9.778600931167602539e-02,9.011851623654365540e-03,-4.848577678203582764e-01,-3.615043759346008301e-01,-2.341601252555847168e-01,-1.256095170974731445e-01,-2.140105217695236206e-01,-2.168202549219131470e-01,-5.534993857145309448e-02,6.472687125205993652e-01,-4.394524395465850830e-01,-2.937441458925604820e-03,-7.229729741811752319e-02,1.794788092374801636e-01
-1.526045203208923340e-01,1.587513238191604614e-01,8.577322363853454590e-01,-5.470450501888990402e-03,1.696284674108028412e-02,5.655876994132995605e-01,-8.244955539703369141e-01,-1.652898341417312622e-01,4.907148424535989761e-03,6.100786328315734863e-01,-5.796328348941819970e-18,-1.090892683714628220e-02,5.742166936397552490e-02,3.537423908710479736e-02,-1.028446704149246216e-01,-7.475957870483398438e-01,1.943946927785873413e-01,-1.213256940245628357e-01,1.155114546418190002e-02,1.323390752077102661e-01,0.000000000000000000e+00,0.000000000000000000e+00,-9.316136687994003296e-02,-2.574422396719455719e-03,-4.875981211662292480e-01,-3.610405027866363525e-01,-2.422829121351242065e-01,-1.283212900161743164e-01,-2.246370613574981689e-01,-2.216820269823074341e-01,-5.642564222216606140e-02,6.662125587463378906e-01,-4.617475569248199463e-01,9.349551051855087280e-03,-7.570607960224151611e-02,1.874331831932067871e-01
-1.394580155611038208e-01,1.517663598060607910e-01,8.558247089385986328e-01,-1.026954688131809235e-02,2.435391582548618317e-02,5.519021153450012207e-01,-8.334899544715881348e-01,-1.518295407295227051e-01,-2.821667864918708801e-02,5.751323699951171875e-01,2.196698057823385180e-18,-2.366029843688011169e-02,7.658979296684265137e-02,9.603109210729598999e-03,-1.638718247413635254e-01,-7.153835892677307129e-01,3.105366826057434082e-01,-1.237617209553718567e-01,9.284273721277713776e-03,1.375196278095245361e-01,0.000000000000000000e+00,0.000000000000000000e+00,-8.832173794507980347e-02,-2.281890995800495148e-02,-4.906192719936370850e-01,-3.569392859935760498e-01,-2.550137341022491455e-01,-1.300819069147109985e-01,-2.365628927946090698e-01,-2.262084782123565674e-01,-6.037580966949462891e-02,6.830109953880310059e-01,-4.700366854667663574e-01,1.779452338814735413e-02,-7.890654355287551880e-02,1.924180090427398682e-01
-1.236749589443206787e-01,1.451200246810913086e-01,8.532837629318237305e-01,-1.778734847903251648e-02,3.301176428794860840e-02,5.333870649337768555e-01,-8.450396656990051270e-01,-1.386606693267822266e-01,-7.108262926340103149e-02,5.283393859863281250e-01,2.414385525267740367e-18,-3.706629946827888489e-02,9.710032492876052856e-02,-2.186252921819686890e-02,-2.187707722187042236e-01,-6.575403809547424316e-01,4.188974201679229736e-01,-1.013488173484802246e-01,1.418409124016761780e-02,1.379441469907760620e-01,0.000000000000000000e+00,0.000000000000000000e+00,-8.324102312326431274e-02,-4.320827871561050415e-02,-4.902622401714324951e-01,-3.542645573616027832e-01,-2.596901059150695801e-01,-1.318731755018234253e-01,-2.429802864789962769e-01,-2.295645773410797119e-01,-7.734219729900360107e-02,7.034784555435180664e-01,-4.819445908069610596e-01,3.086017444729804993e-02,-7.842482626438140869e-02,1.943530738353729248e-01
-1.096960306167602539e-01,1.385349929332733154e-01,8.512742519378662109e-01,-2.419253624975681305e-02,4.046289622783660889e-02,5.144905447959899902e-01,-8.561990857124328613e-01,-1.252339184284210205e-01,-1.079602539539337158e-01,4.766728878021240234e-01,-6.612444593621338347e-18,-4.691693931818008423e-02,1.164434924721717834e-01,-4.895511642098426819e-02,-2.594089508056640625e-01,-5.976563692092895508e-01,5.043590664863586426e-01,-5.911578238010406494e-02,1.716168038547039032e-02,1.376136094331741333e-01,0.000000000000000000e+00,0.000000000000000000e+00,-8.013623207807540894e-02,-5.936777219176292419e-02,-4.902067184448242188e-01,-3.488105833530426025e-01,-2.564681172370910645e-01,-1.338353753089904785e-01,-2.447684109210968018e-01,-2.349268645048141479e-01,-9.107764810323715210e-02,7.238467335700988770e-01,-4.873690307140350342e-01,3.345219790935516357e-02,-7.424247264862060547e-02,1.963403820991516113e-01
-9.548570215702056885e-02,1.328539252281188965e-01,8.498541116714477539e-01,-2.864720672369003296e-02,4.587808251380920410e-02,4.931385219097137451e-01,-8.682677745819091797e-01,-1.124484464526176453e-01,-1.397553682327270508e-01,4.207642078399658203e-01,-2.542239523827611642e-18,-5.473547056317329407e-02,1.346589326858520508e-01,-7.692489773035049438e-02,-2.836270928382873535e-01,-5.303289294242858887e-01,5.800634622573852539e-01,-2.695612376555800438e-03,2.262278832495212555e-02,1.311536282300949097e-01,0.000000000000000000e+00,0.000000000000000000e+00,-7.695119827985763550e-02,-6.828387826681137085e-02,-4.961425662040710449e-01,-3.445624709129333496e-01,-2.525695860385894775e-01,-1.323813647031784058e-01,-2.432977706193923950e-01,-2.373334467411041260e-01,-9.735698997974395752e-02,7.427895069122314453e-01,-4.779401719570159912e-01,3.731754422187805176e-02,-6.436376273632049561e-02,1.968931704759597778e-01
-8.184511214494705200e-02,1.252425014972686768e-01,8.492211699485778809e-01,-3.192028030753135681e-02,4.781576618552207947e-02,4.700231552124023438e-01,-8.807797431945800781e-01,-1.010978221893310547e-01,-1.636573523283004761e-01,3.570852279663085938e-01,4.850494406127836555e-08,-6.027377396821975708e-02,1.528425663709640503e-01,-1.083541736006736755e-01,-2.960516214370727539e-01,-4.643991291522979736e-01,6.459281444549560547e-01,5.655587092041969299e-02,3.035303950309753418e-02,1.230147257447242737e-01,0.000000000000000000e+00,0.000000000000000000e+00,-8.073097467422485352e-02,-7.218074053525924683e-02,-5.002751350402832031e-01,-3.382523953914642334e-01,-2.388584017753601074e-01,-1.347657591104507446e-01,-2.390116006135940552e-01,-2.460788488388061523e-01,-1.059987545013427734e-01,7.652196288108825684e-01,-4.834609031677246094e-01,3.762098401784896851e-02,-5.901090428233146667e-02,1.930133253335952759e-01
-6.912561506032943726e-02,1.171032637357711792e-01,8.498163223266601562e-01,-3.076541982591152191e-02,4.706503823399543762e-02,4.487412571907043457e-01,-8.918910622596740723e-01,-8.864388614892959595e-02,-1.742743849754333496e-01,2.936171591281890869e-01,5.553649771172786132e-07,-6.313790380954742432e-02,1.673709601163864136e-01,-1.371913105249404907e-01,-2.918521761894226074e-01,-4.067182540893554688e-01,6.915480494499206543e-01,9.380416572093963623e-02,3.589815646409988403e-02,1.182535514235496521e-01,0.000000000000000000e+00,0.000000000000000000e+00,-8.932531625032424927e-02,-6.350541859865188599e-02,-5.066174268722534180e-01,-3.306331932544708252e-01,-2.269037216901779175e-01,-1.391627490520477295e-01,-2.286328077316284180e-01,-2.511851489543914795e-01,-9.566754847764968872e-02,7.821068167686462402e-01,-4.708575606346130371e-01,4.241894558072090149e-02,-5.109668895602226257e-02,1.913792788982391357e-01
-6.026753038167953491e-02,1.105161234736442566e-01,8.509845733642578125e-01,-2.715363539755344391e-02,4.302870109677314758e-02,4.232419729232788086e-01,-9.045869112014770508e-01,-8.315532654523849487e-02,-1.745299994945526123e-01,2.281546443700790405e-01,1.008593790174927562e-05,-6.071460992097854614e-02,1.700223535299301147e-01,-1.690570861101150513e-01,-2.790366411209106445e-01,-3.564210236072540283e-01,7.107452154159545898e-01,9.746214002370834351e-02,3.545584529638290405e-02,1.078302189707756042e-01,0.000000000000000000e+00,0.000000000000000000e+00,-1.049397289752960205e-01,-4.867185652256011963e-02,-5.127746462821960449e-01,-3.228824436664581299e-01,-2.083521187305450439e-01,-1.455220878124237061e-01,-2.162322551012039185e-01,-2.566671967506408691e-01,-8.455233275890350342e-02,7.921264767646789551e-01,-4.661003649234771729e-01,4.040865600109100342e-02,-4.669368267059326172e-02,1.876045763492584229e-01
-5.213057249784469604e-02,1.021868661046028137e-01,8.522197604179382324e-01,-2.535243891179561615e-02,3.769735619425773621e-02,3.958465158939361572e-01,-9.171922802925109863e-01,-8.029624074697494507e-02,-1.745299994945526123e-01,1.573908478021621704e-01,4.480583083932287991e-05,-5.532407760620117188e-02,1.690814197063446045e-01,-2.015325427055358887e-01,-2.642328441143035889e-01,-3.085426986217498779e-01,7.114793062210083008e-01,8.529368042945861816e-02,3.843571245670318604e-02,1.005709320306777954e-01,0.000000000000000000e+00,0.000000000000000000e+00,-1.238115504384040833e-01,-3.594059124588966370e-02,-5.177970528602600098e-01,-3.109788596630096436e-01,-1.908115744590759277e-01,-1.441008895635604858e-01,-2.005586028099060059e-01,-2.628499269485473633e-01,-7.635998725891113281e-02,8.051148056983947754e-01,-4.634609520435333252e-01,3.768896684050559998e-02,-4.327451065182685852e-02,1.807440370321273804e-01
-4.544633626937866211e-02,9.482165426015853882e-02,8.534663915634155273e-01,-2.366377599537372589e-02,3.295504301786422729e-02,3.652897477149963379e-01,-9.300093650817871094e-01,-7.852847129106521606e-02,-1.745299994945526123e-01,8.463682234287261963e-02,3.200474384357221425e-05,-4.824372380971908569e-02,1.630616635084152222e-01,-2.368551343679428101e-01,-2.459217607975006104e-01,-2.551308572292327881e-01,6.949540972709655762e-01,5.239597335457801819e-02,4.273130744695663452e-02,8.729509264230728149e-02,0.000000000000000000e+00,0.000000000000000000e+00,-1.392109245061874390e-01,-2.215420454740524292e-02,-5.220066308975219727e-01,-3.052255213260650635e-01,-1.757791787385940552e-01,-1.446394026279449463e-01,-1.834441274404525757e-01,-2.659657895565032959e-01,-7.200397551059722900e-02,8.169444799423217773e-01,-4.552169740200042725e-01,4.850874468684196472e-02,-3.744962438941001892e-02,1.721274554729461670e-01
-4.046354815363883972e-02,8.719846606254577637e-02,8.546875119209289551e-01,-2.340387366712093353e-02,2.759450860321521759e-02,3.335263133049011230e-01,-9.420461654663085938e-01,-8.056764304637908936e-02,-1.741317361593246460e-01,9.490533731877803802e-03,8.249405073001980782e-04,-3.947382420301437378e-02,1.542131751775741577e-01,-2.756363749504089355e-01,-2.264600694179534912e-01,-1.970325112342834473e-01,6.682754755020141602e-01,1.244928035885095596e-02,5.081550031900405884e-02,7.618006318807601929e-02,0.000000000000000000e+00,0.000000000000000000e+00,-1.544784903526306152e-01,-1.319777499884366989e-02,-5.262998938560485840e-01,-3.056387007236480713e-01,-1.591014862060546875e-01,-1.427386999130249023e-01,-1.655773371458053589e-01,-2.691514194011688232e-01,-6.766801327466964722e-02,8.237721920013427734e-01,-4.466040432453155518e-01,4.485483840107917786e-02,-3.125056996941566467e-02,1.588056981563568115e-01
-3.816056624054908752e-02,8.256989717483520508e-02,8.559232950210571289e-01,-2.050912193953990936e-02,2.197049558162689209e-02,3.016707599163055420e-01,-9.529383182525634766e-01,-9.514683485031127930e-02,-1.699336618185043335e-01,-5.618155375123023987e-02,1.913923583924770355e-02,-3.407317399978637695e-02,1.399456113576889038e-01,-3.060393929481506348e-01,-1.936392337083816528e-01,-1.446430087089538574e-01,6.273406147956848145e-01,-2.143323048949241638e-02,6.030735000967979431e-02,6.576325744390487671e-02,0.000000000000000000e+00,0.000000000000000000e+00,-1.664194464683532715e-01,-8.984491432784125209e-05,-5.335880517959594727e-01,-3.113520145416259766e-01,-1.493373662233352661e-01,-1.466400474309921265e-01,-1.500787138938903809e-01,-2.686276733875274658e-01,-6.061565130949020386e-02,8.266589641571044922e-01,-4.386348724365234375e-01,5.157054215669631958e-02,-2.661496773362159729e-02,1.491314768791198730e-01
-3.730810806155204773e-02,7.721002399921417236e-02,8.571304678916931152e-01,-1.639919728040695190e-02,1.723758131265640259e-02,2.693877220153808594e-01,-9.627378582954406738e-01,-1.167925447225570679e-01,-1.648910194635391235e-01,-1.174533292651176453e-01,5.342790856957435608e-02,-3.504988551139831543e-02,1.251950412988662720e-01,-3.286210894584655762e-01,-1.548287719488143921e-01,-8.791860193014144897e-02,5.782039165496826172e-01,-4.240680485963821411e-02,7.080654799938201904e-02,5.885400995612144470e-02,0.000000000000000000e+00,0.000000000000000000e+00,-1.752614080905914307e-01,1.470678020268678665e-02,-5.447123646736145020e-01,-3.156549334526062012e-01,-1.420556306838989258e-01,-1.464630663394927979e-01,-1.256655901670455933e-01,-2.640762329101562500e-01,-5.368870496749877930e-02,8.257561326026916504e-01,-4.334409534931182861e-01,4.969322681427001953e-02,-2.502011321485042572e-02,1.336173862218856812e-01
-3.668838366866111755e-02,7.166661322116851807e-02,8.579797744750976562e-01,-1.279061380773782730e-02,1.178590208292007446e-02,2.373766601085662842e-01,-9.712619781494140625e-01,-1.451917588710784912e-01,-1.630000174045562744e-01,-1.708534806966781616e-01,9.743694961071014404e-02,-3.581053763628005981e-02,1.126803159713745117e-01,-3.497219681739807129e-01,-1.133280098438262939e-01,-3.737580031156539917e-02,5.324178338050842285e-01,-5.653424561023712158e-02,7.732638716697692871e-02,5.488353967666625977e-02,0.000000000000000000e+00,0.000000000000000000e+00,-1.822713315486907959e-01,2.872035279870033264e-02,-5.554261207580566406e-01,-3.234961926937103271e-01,-1.364191025495529175e-01,-1.498653292655944824e-01,-1.100381538271903992e-01,-2.564112842082977295e-01,-4.418135434389114380e-02,8.145931363105773926e-01,-4.208566546440124512e-01,4.500759765505790710e-02,-2.473625540733337402e-02,1.210358366370201111e-01
-3.798092156648635864e-02,6.786992400884628296e-02,8.583154082298278809e-01,-7.423052098602056503e-03,7.914888672530651093e-03,2.060097008943557739e-01,-9.784897565841674805e-01,-1.681436300277709961e-01,-1.604632735252380371e-01,-2.201213389635086060e-01,1.320477128028869629e-01,-2.930212579667568207e-02,1.012260019779205322e-01,-3.671509027481079102e-01,-7.142904400825500488e-02,1.687708497047424316e-02,4.879577457904815674e-01,-5.808420106768608093e-02,8.322492241859436035e-02,5.018203705549240112e-02,0.000000000000000000e+00,0.000000000000000000e+00,-1.889664679765701294e-01,3.903922811150550842e-02,-5.627188086509704590e-01,-3.215485513210296631e-01,-1.339067220687866211e-01,-1.498913019895553589e-01,-9.588789194822311401e-02,-2.476245462894439697e-01,-3.521360084414482117e-02,8.062477111816406250e-01,-4.112026095390319824e-01,4.286028072237968445e-02,-2.799190022051334381e-02,1.113042682409286499e-01
-3.804509714245796204e-02,6.424313783645629883e-02,8.579849600791931152e-01,-3.308944404125213623e-03,2.512939739972352982e-03,1.726916134357452393e-01,-9.849671721458435059e-01,-1.876646578311920166e-01,-1.611639559268951416e-01,-2.674668431282043457e-01,1.549843549728393555e-01,-1.904193311929702759e-02,9.309186041355133057e-02,-3.855228126049041748e-01,-2.602067776024341583e-02,8.238779753446578979e-02,4.456001222133636475e-01,-4.938897117972373962e-02,9.245163947343826294e-02,4.161254316568374634e-02,0.000000000000000000e+00,0.000000000000000000e+00,-1.873548179864883423e-01,4.944774881005287170e-02,-5.734718441963195801e-01,-3.202148675918579102e-01,-1.344614773988723755e-01,-1.503188312053680420e-01,-8.305588364601135254e-02,-2.358473241329193115e-01,-2.507392875850200653e-02,7.982054352760314941e-01,-3.992251753807067871e-01,4.392237216234207153e-02,-3.325802087783813477e-02,1.046835109591484070e-01
-3.825106471776962280e-02,6.020969897508621216e-02,8.578662276268005371e-01,1.155682257376611233e-03,-2.657267032191157341e-03,1.340781003236770630e-01,-9.909665584564208984e-01,-1.928788423538208008e-01,-1.581888943910598755e-01,-3.128123879432678223e-01,1.508470624685287476e-01,-4.112634342163801193e-03,8.391226083040237427e-02,-3.983114361763000488e-01,1.824089884757995605e-02,1.580324172973632812e-01,3.914271295070648193e-01,-3.935362026095390320e-02,1.055126935243606567e-01,3.032359108328819275e-02,0.000000000000000000e+00,0.000000000000000000e+00,-1.854563206434249878e-01,5.656978860497474670e-02,-5.813404917716979980e-01,-3.085306882858276367e-01,-1.468281596899032593e-01,-1.472325474023818970e-01,-6.674807518720626831e-02,-2.177415490150451660e-01,-1.478803250938653946e-02,7.813105583190917969e-01,-3.844035565853118896e-01,2.504991367459297180e-02,-3.572085499763488770e-02,9.745430946350097656e-02
-3.185977786779403687e-02,5.983217060565948486e-02,8.567432165145874023e-01,4.754426423460245132e-03,-8.673912845551967621e-03,9.446869790554046631e-02,-9.954786896705627441e-01,-1.903246641159057617e-01,-1.630272567272186279e-01,-3.795163631439208984e-01,1.389433592557907104e-01,1.257888972759246826e-02,7.347091287374496460e-02,-4.139940142631530762e-01,5.732658505439758301e-02,2.589824497699737549e-01,3.627266585826873779e-01,-2.227200753986835480e-02,1.245713159441947937e-01,1.332523860037326813e-02,0.000000000000000000e+00,0.000000000000000000e+00,-1.767977029085159302e-01,6.005832552909851074e-02,-5.865770578384399414e-01,-3.053060472011566162e-01,-1.610712260007858276e-01,-1.428627222776412964e-01,-5.729940161108970642e-02,-2.006925791501998901e-01,-9.567693807184696198e-03,7.658796906471252441e-01,-3.693628907203674316e-01,2.035562321543693542e-02,-3.318335488438606262e-02,9.026648849248886108e-02
-2.768554165959358215e-02,6.043628603219985962e-02,8.552590012550354004e-01,7.435974199324846268e-03,-1.158576644957065582e-02,5.788720399141311646e-02,-9.982281923294067383e-01,-1.873202025890350342e-01,-1.682801246643066406e-01,-4.351942241191864014e-01,1.314965337514877319e-01,2.236068621277809143e-02,6.414145231246948242e-02,-4.237141311168670654e-01,8.724586665630340576e-02,3.528101742267608643e-01,3.469031155109405518e-01,-1.186172757297754288e-02,1.385640352964401245e-01,9.243090171366930008e-04,0.000000000000000000e+00,0.000000000000000000e+00,-1.690547317266464233e-01,6.253402680158615112e-02,-5.902542471885681152e-01,-2.961267530918121338e-01,-1.698604971170425415e-01,-1.407192796468734741e-01,-4.957060515880584717e-02,-1.879817247390747070e-01,-9.456577710807323456e-03,7.535831332206726074e-01,-3.481343090534210205e-01,1.593803614377975464e-02,-3.314718976616859436e-02,8.261585235595703125e-02
-2.178409323096275330e-02,5.834106355905532837e-02,8.536275625228881836e-01,7.273534778505563736e-03,-1.278049685060977936e-02,2.031187899410724640e-02,-9.996855258941650391e-01,-1.819357722997665405e-01,-1.740576028823852539e-01,-4.796931445598602295e-01,1.274873912334442139e-01,2.190238051116466522e-02,5.624031648039817810e-02,-4.276031255722045898e-01,1.016015410423278809e-01,4.152859747409820557e-01,3.582854866981506348e-01,-1.224808581173419952e-02,1.499936729669570923e-01,-1.281599793583154678e-02,0.000000000000000000e+00,0.000000000000000000e+00,-1.593612879514694214e-01,6.381831318140029907e-02,-5.937174558639526367e-01,-2.868318557739257812e-01,-1.808570772409439087e-01,-1.395205706357955933e-01,-4.227968677878379822e-02,-1.729110628366470337e-01,-1.454639341682195663e-02,7.455955743789672852e-01,-3.352003097534179688e-01,2.089152857661247253e-02,-3.678404912352561951e-02,7.497728615999221802e-02
-1.691681891679763794e-02,5.176435410976409912e-02,8.522183299064636230e-01,5.651981569826602936e-03,-1.351037435233592987e-02,-1.716609112918376923e-02,-9.997453689575195312e-01,-1.726090461015701294e-01,-1.743399500846862793e-01,-5.312796235084533691e-01,1.138305738568305969e-01,2.270584367215633392e-02,4.797832667827606201e-02,-4.235748350620269775e-01,1.144518554210662842e-01,4.770478606224060059e-01,3.805681467056274414e-01,-1.586554571986198425e-02,1.550907045602798462e-01,-2.563609369099140167e-02,0.000000000000000000e+00,0.000000000000000000e+00,-1.456662565469741821e-01,6.786090135574340820e-02,-5.946810245513916016e-01,-2.761953175067901611e-01,-1.972200125455856323e-01,-1.358157545328140259e-01,-4.063376784324645996e-02,-1.626689285039901733e-01,-2.420683763921260834e-02,7.422357201576232910e-01,-3.275597691535949707e-01,3.212221339344978333e-02,-3.624022006988525391e-02,7.177546620368957520e-02
-1.023416593670845032e-02,4.106410220265388489e-02,8.511790037155151367e-01,2.288399031385779381e-03,-1.343141309916973114e-02,-5.347064137458801270e-02,-9.984764456748962402e-01,-1.643707901239395142e-01,-1.743557900190353394e-01,-5.796344280242919922e-01,1.081952005624771118e-01,2.062025479972362518e-02,4.073129221796989441e-02,-4.128114879131317139e-01,1.213670372962951660e-01,5.289494991302490234e-01,4.127528369426727295e-01,-2.759291417896747589e-02,1.585016846656799316e-01,-3.867097944021224976e-02,0.000000000000000000e+00,0.000000000000000000e+00,-1.332497596740722656e-01,6.831950694322586060e-02,-5.965142250061035156e-01,-2.650932371616363525e-01,-1.965649276971817017e-01,-1.310473978519439697e-01,-4.261857643723487854e-02,-1.504415124654769897e-01,-3.724610432982444763e-02,7.418233156204223633e-01,-3.278695940971374512e-01,3.579473122954368591e-02,-3.198944777250289917e-02,6.983088701963424683e-02
-6.887351628392934799e-03,2.948431298136711121e-02,8.504649400711059570e-01,-8.881583344191312790e-04,-1.170258875936269760e-02,-8.501257747411727905e-02,-9.963107705116271973e-01,-1.619694381952285767e-01,-1.741683483123779297e-01,-6.135802268981933594e-01,1.116904616355895996e-01,1.724588684737682343e-02,3.126844018697738647e-02,-4.020695090293884277e-01,1.243491098284721375e-01,5.576594471931457520e-01,4.399269819259643555e-01,-4.310817271471023560e-02,1.624384224414825439e-01,-5.048505589365959167e-02,0.000000000000000000e+00,0.000000000000000000e+00,-1.247720271348953247e-01,6.966534256935119629e-02,-5.894569754600524902e-01,-2.535223364830017090e-01,-1.952121108770370483e-01,-1.269708424806594849e-01,-4.783964902162551880e-02,-1.444542706012725830e-01,-4.695361852645874023e-02,7.450619935989379883e-01,-3.313576877117156982e-01,3.884638473391532898e-02,-2.672819606959819794e-02,7.822834700345993042e-02
-3.098022658377885818e-03,1.607605814933776855e-02,8.501548767089843750e-01,-4.364139866083860397e-03,-1.035553310066461563e-02,-1.144210994243621826e-01,-9.933688044548034668e-01,-1.645603030920028687e-01,-1.738787889480590820e-01,-6.362695693969726562e-01,1.229244992136955261e-01,1.575621403753757477e-02,2.200156450271606445e-02,-3.927144408226013184e-01,1.281379461288452148e-01,5.702598690986633301e-01,4.653263390064239502e-01,-6.625130772590637207e-02,1.630234420299530029e-01,-5.896999314427375793e-02,0.000000000000000000e+00,0.000000000000000000e+00,-1.166551485657691956e-01,7.230444252490997314e-02,-5.794504284858703613e-01,-2.418515533208847046e-01,-1.953570246696472168e-01,-1.223399117588996887e-01,-4.870380461215972900e-02,-1.426612138748168945e-01,-5.481702834367752075e-02,7.495292425155639648e-01,-3.389195501804351807e-01,4.243576526641845703e-02,-2.259842306375503540e-02,8.667940646409988403e-02
1.924473792314529419e-03,7.004486978985369205e-04,8.501964807510375977e-01,-8.203646168112754822e-03,-8.955721743404865265e-03,-1.474486291408538818e-01,-9.889951348304748535e-01,-1.701330095529556274e-01,-1.721596568822860718e-01,-6.396789550781250000e-01,1.374648511409759521e-01,2.027781493961811066e-02,1.170660741627216339e-02,-3.863469660282135010e-01,1.297304332256317139e-01,5.516721606254577637e-01,4.912679791450500488e-01,-1.012705489993095398e-01,1.542595177888870239e-01,-6.455602496862411499e-02,0.000000000000000000e+00,0.000000000000000000e+00,-1.061785891652107239e-01,7.250040024518966675e-02,-5.655444264411926270e-01,-2.249920666217803955e-01,-2.041227072477340698e-01,-1.148619502782821655e-01,-4.579520225524902344e-02,-1.409777998924255371e-01,-5.914177373051643372e-02,7.479311227798461914e-01,-3.529629707336425781e-01,4.125192016363143921e-02,-2.189340628683567047e-02,8.948812633752822876e-02
8.973050862550735474e-03,-9.405056945979595184e-03,8.509914278984069824e-01,-8.497861213982105255e-03,-1.044606883078813553e-02,-1.818721592426300049e-01,-9.832299947738647461e-01,-1.738163679838180542e-01,-1.647718399763107300e-01,-6.423527598381042480e-01,1.368369758129119873e-01,3.201706334948539734e-02,-1.925559830851852894e-03,-3.791431486606597900e-01,1.253703236579895020e-01,5.183318853378295898e-01,4.992850720882415771e-01,-1.302512884140014648e-01,1.459886729717254639e-01,-6.042554229497909546e-02,0.000000000000000000e+00,0.000000000000000000e+00,-9.962148964405059814e-02,7.804282754659652710e-02,-5.546854138374328613e-01,-2.162748873233795166e-01,-2.122797071933746338e-01,-1.104585453867912292e-01,-4.975861683487892151e-02,-1.421767473220825195e-01,-6.155664846301078796e-02,7.486462593078613281e-01,-3.783611655235290527e-01,3.460720181465148926e-02,-2.210894599556922913e-02,1.028872504830360413e-01
1.360175944864749908e-02,-2.476570755243301392e-02,8.525780439376831055e-01,-7.222963962703943253e-03,-1.179616991430521011e-02,-2.249948382377624512e-01,-9.742617607116699219e-01,-1.795433610677719116e-01,-1.422191262245178223e-01,-6.187974214553833008e-01,1.164795234799385071e-01,6.003313884139060974e-02,-1.890780590474605560e-02,-3.717913925647735596e-01,1.129420697689056396e-01,4.480006694793701172e-01,4.908101260662078857e-01,-1.602253019809722900e-01,1.271645426750183105e-01,-4.283701628446578979e-02,0.000000000000000000e+00,0.000000000000000000e+00,-9.162878245115280151e-02,8.680424839258193970e-02,-5.311912894248962402e-01,-2.038228958845138550e-01,-2.197917699813842773e-01,-1.070488020777702332e-01,-4.968156665563583374e-02,-1.463035792112350464e-01,-6.823348253965377808e-02,7.464979290962219238e-01,-4.270002245903015137e-01,2.626951411366462708e-02,-3.149303793907165527e-02,1.115857809782028198e-01
1.442745886743068695e-02,-3.034339472651481628e-02,8.544151782989501953e-01,-6.329877302050590515e-03,-1.374832913279533386e-02,-2.548528909683227539e-01,-9.668613672256469727e-01,-1.848235428333282471e-01,-1.217742040753364563e-01,-5.648143291473388672e-01,8.600722253322601318e-02,8.029037714004516602e-02,-2.617875672876834869e-02,-3.644670844078063965e-01,9.304792433977127075e-02,3.909916877746582031e-01,4.738155305385589600e-01,-1.677141487598419189e-01,1.173144653439521790e-01,-3.582123667001724243e-02,0.000000000000000000e+00,0.000000000000000000e+00,-8.895394951105117798e-02,9.244181215763092041e-02,-5.214962959289550781e-01,-1.990444660186767578e-01,-2.214021086692810059e-01,-1.082092821598052979e-01,-5.347457155585289001e-02,-1.571530997753143311e-01,-7.783570140600204468e-02,7.497035861015319824e-01,-4.556576907634735107e-01,1.145680528134107590e-02,-3.805661574006080627e-02,1.203641965985298157e-01
1.602789759635925293e-02,-3.444443270564079285e-02,8.569458723068237305e-01,-9.094526991248130798e-03,-1.718368381261825562e-02,-2.873180508613586426e-01,-9.576379060745239258e-01,-1.919695436954498291e-01,-1.008147299289703369e-01,-4.735930263996124268e-01,4.942944645881652832e-02,8.354404568672180176e-02,-1.150336954742670059e-02,-3.582904934883117676e-01,6.266552954912185669e-02,3.228749930858612061e-01,4.619682133197784424e-01,-1.758226007223129272e-01,1.120361238718032837e-01,-3.350409865379333496e-02,0.000000000000000000e+00,0.000000000000000000e+00,-9.194997698068618774e-02,8.862057328224182129e-02,-5.136026144027709961e-01,-1.986530870199203491e-01,-2.173595726490020752e-01,-1.125943884253501892e-01,-5.351050198078155518e-02,-1.660292148590087891e-01,-9.255047887563705444e-02,7.472274303436279297e-01,-4.706370234489440918e-01,1.535840448923408985e-03,-4.522274807095527649e-02,1.183483824133872986e-01
1.781276799738407135e-02,-3.669212758541107178e-02,8.594276309013366699e-01,-1.118853315711021423e-02,-2.047886699438095093e-02,-3.179159462451934814e-01,-9.478316903114318848e-01,-1.950321793556213379e-01,-8.479847759008407593e-02,-3.831830620765686035e-01,2.018679305911064148e-02,8.131462335586547852e-02,-8.403043029829859734e-04,-3.483226001262664795e-01,3.270933404564857483e-02,2.540816366672515869e-01,4.468642771244049072e-01,-1.779057383537292480e-01,1.109122186899185181e-01,-3.063737973570823669e-02,0.000000000000000000e+00,0.000000000000000000e+00,-1.007211357355117798e-01,8.700754493474960327e-02,-5.119588971138000488e-01,-2.041548639535903931e-01,-2.080519050359725952e-01,-1.164335608482360840e-01,-5.166246742010116577e-02,-1.772467643022537231e-01,-1.052885949611663818e-01,7.414036393165588379e-01,-4.729591012001037598e-01,-2.533317310735583305e-03,-4.714000597596168518e-02,1.151395812630653381e-01
1.971198432147502899e-02,-4.013298451900482178e-02,8.610296845436096191e-01,-1.316231768578290939e-02,-2.230364643037319183e-02,-3.476397991180419922e-01,-9.372704625129699707e-01,-1.977398991584777832e-01,-7.513318210840225220e-02,-3.095062077045440674e-01,8.184042759239673615e-03,8.094147592782974243e-02,3.848773194476962090e-04,-3.388143777847290039e-01,7.591511588543653488e-03,1.858616322278976440e-01,4.386619925498962402e-01,-1.840632408857345581e-01,1.068571880459785461e-01,-2.880766615271568298e-02,0.000000000000000000e+00,0.000000000000000000e+00,-1.046728566288948059e-01,8.104997128248214722e-02,-5.086803436279296875e-01,-2.091611176729202271e-01,-1.910396963357925415e-01,-1.205667853355407715e-01,-5.417620763182640076e-02,-1.837142705917358398e-01,-1.165263801813125610e-01,7.306668758392333984e-01,-4.731482267379760742e-01,-1.434728503227233887e-03,-4.876373335719108582e-02,1.091078370809555054e-01
1.970348693430423737e-02,-4.379208758473396301e-02,8.622008562088012695e-01,-1.430932525545358658e-02,-2.131601981818675995e-02,-3.766872882843017578e-01,-9.259846210479736328e-01,-2.097089588642120361e-01,-6.770465523004531860e-02,-2.313360124826431274e-01,3.505513072013854980e-02,7.268707454204559326e-02,-7.763601024635136127e-04,-3.230361640453338623e-01,-1.404146291315555573e-02,1.195532456040382385e-01,4.254873096942901611e-01,-1.868033260107040405e-01,1.023351326584815979e-01,-2.238510362803936005e-02,0.000000000000000000e+00,0.000000000000000000e+00,-1.085653230547904968e-01,7.347391545772552490e-02,-5.048329234123229980e-01,-2.149600088596343994e-01,-1.766139417886734009e-01,-1.252488344907760620e-01,-5.598687380552291870e-02,-1.883511394262313843e-01,-1.224004998803138733e-01,7.122378945350646973e-01,-4.660883843898773193e-01,-6.291904021054506302e-03,-4.939302057027816772e-02,1.006104797124862671e-01
2.280143089592456818e-02,-4.680922254920005798e-02,8.630120158195495605e-01,-1.586663536727428436e-02,-2.054985240101814270e-02,-4.042512774467468262e-01,-9.142794013023376465e-01,-2.305323332548141479e-01,-5.715550482273101807e-02,-1.504019647836685181e-01,8.577835559844970703e-02,5.362426489591598511e-02,8.919327519834041595e-04,-3.064617216587066650e-01,-3.168956190347671509e-02,5.643955618143081665e-02,4.173489809036254883e-01,-1.954512447118759155e-01,9.884410351514816284e-02,-1.461533643305301666e-02,0.000000000000000000e+00,0.000000000000000000e+00,-1.102660149335861206e-01,6.358427554368972778e-02,-4.955952465534210205e-01,-2.215432077646255493e-01,-1.643912196159362793e-01,-1.230318993330001831e-01,-5.673177167773246765e-02,-1.878707259893417358e-01,-1.272522658109664917e-01,6.875982880592346191e-01,-4.548571407794952393e-01,-1.336235832422971725e-02,-4.802935570478439331e-02,9.436906874179840088e-02
2.333070710301399231e-02,-4.678798094391822815e-02,8.630994558334350586e-01,-1.351169589906930923e-02,-1.703469268977642059e-02,-4.292619228363037109e-01,-9.029182791709899902e-01,-2.593457102775573730e-01,-3.561874106526374817e-02,-6.517837196588516235e-02,1.659267246723175049e-01,2.847550064325332642e-02,5.211254581809043884e-03,-2.815769612789154053e-01,-4.116482287645339966e-02,-3.154363366775214672e-04,3.973710238933563232e-01,-1.961077749729156494e-01,9.453728049993515015e-02,-4.756323993206024170e-03,0.000000000000000000e+00,0.000000000000000000e+00,-1.105930060148239136e-01,5.622820183634757996e-02,-4.822252392768859863e-01,-2.302753329277038574e-01,-1.509301066398620605e-01,-1.202958151698112488e-01,-6.095168367028236389e-02,-1.847007870674133301e-01,-1.256915926933288574e-01,6.581346988677978516e-01,-4.462676942348480225e-01,-2.291527204215526581e-02,-4.747047647833824158e-02,9.050466120243072510e-02
2.175336331129074097e-02,-4.572377726435661316e-02,8.626428246498107910e-01,-9.314891882240772247e-03,-1.303785387426614761e-02,-4.531629979610443115e-01,-8.912836313247680664e-01,-2.855726182460784912e-01,-7.892987690865993500e-03,2.364792628213763237e-03,2.381752878427505493e-01,8.832790888845920563e-03,9.061535820364952087e-03,-2.557920813560485840e-01,-4.541456699371337891e-02,-4.938322305679321289e-02,3.733248114585876465e-01,-1.928598880767822266e-01,8.853118121623992920e-02,6.045214366167783737e-03,0.000000000000000000e+00,0.000000000000000000e+00,-1.143119111657142639e-01,5.334250256419181824e-02,-4.716591238975524902e-01,-2.406117469072341919e-01,-1.337481141090393066e-01,-1.200644671916961670e-01,-6.612168997526168823e-02,-1.787872314453125000e-01,-1.246941983699798584e-01,6.369432210922241211e-01,-4.349604845046997070e-01,-2.311603352427482605e-02,-4.693469777703285217e-02,9.143712371587753296e-02
1.655827835202217102e-02,-4.193930327892303467e-02,8.621948361396789551e-01,-1.566236838698387146e-03,-7.996553555130958557e-03,-4.775821566581726074e-01,-8.785492777824401855e-01,-3.104267418384552002e-01,3.415194526314735413e-02,6.885483860969543457e-02,3.012962043285369873e-01,-1.343834883300587535e-04,1.538338884711265564e-02,-2.161193192005157471e-01,-4.462314397096633911e-02,-1.004485264420509338e-01,3.212892413139343262e-01,-1.708519309759140015e-01,8.363724499940872192e-02,2.111500501632690430e-02,0.000000000000000000e+00,0.000000000000000000e+00,-1.172984987497329712e-01,5.386321991682052612e-02,-4.619268476963043213e-01,-2.492286860942840576e-01,-1.235473155975341797e-01,-1.198221892118453979e-01,-6.544952094554901123e-02,-1.683935075998306274e-01,-1.212145909667015076e-01,6.118702292442321777e-01,-4.273818135261535645e-01,-2.767816744744777679e-02,-4.659083858132362366e-02,9.568270295858383179e-02
1.083201728761196136e-02,-3.987152129411697388e-02,8.617227673530578613e-01,3.834758885204792023e-03,-3.977876156568527222e-03,-5.010305643081665039e-01,-8.654119372367858887e-01,-3.233702778816223145e-01,6.793613731861114502e-02,1.171605736017227173e-01,3.385803103446960449e-01,-7.651680149137973785e-03,2.048868499696254730e-02,-1.809424906969070435e-01,-4.425727948546409607e-02,-1.453513652086257935e-01,2.744732201099395752e-01,-1.517135649919509888e-01,7.879409193992614746e-02,3.023120574653148651e-02,0.000000000000000000e+00,0.000000000000000000e+00,-1.178315058350563049e-01,5.748908966779708862e-02,-4.551250934600830078e-01,-2.607588171958923340e-01,-1.145803034305572510e-01,-1.215564683079719543e-01,-6.598896533250808716e-02,-1.585298776626586914e-01,-1.199241206049919128e-01,5.966796875000000000e-01,-4.193888604640960693e-01,-2.973315306007862091e-02,-4.672976210713386536e-02,1.002096310257911682e-01
6.300092674791812897e-03,-3.689061477780342102e-02,8.615576624870300293e-01,7.464998401701450348e-03,-3.098501358181238174e-03,-5.242552161216735840e-01,-8.515228033065795898e-01,-3.292907178401947021e-01,9.042108058929443359e-02,1.553281992673873901e-01,3.498063683509826660e-01,-1.065087225288152695e-02,2.289864420890808105e-02,-1.495078802108764648e-01,-4.641189426183700562e-02,-1.857830286026000977e-01,2.315127849578857422e-01,-1.354541331529617310e-01,7.098703086376190186e-02,3.703889623284339905e-02,0.000000000000000000e+00,0.000000000000000000e+00,-1.196443960070610046e-01,5.673727393150329590e-02,-4.478576779365539551e-01,-2.656607925891876221e-01,-9.981338679790496826e-02,-1.243866011500358582e-01,-6.752703338861465454e-02,-1.498304605484008789e-01,-1.183855459094047546e-01,5.852032303810119629e-01,-4.057908654212951660e-01,-3.865466266870498657e-02,-4.868913441896438599e-02,1.014624387025833130e-01
1.521937199868261814e-03,-3.417996317148208618e-02,8.612676858901977539e-01,1.030389498919248581e-02,-2.017284976318478584e-03,-5.447865128517150879e-01,-8.385090231895446777e-01,-3.291821181774139404e-01,1.041899770498275757e-01,1.895805746316909790e-01,3.489839136600494385e-01,-1.081442926079034805e-02,2.294488437473773956e-02,-1.194683313369750977e-01,-4.773724079132080078e-02,-2.255547642707824707e-01,1.910697519779205322e-01,-1.187745779752731323e-01,6.810324639081954956e-02,4.410682991147041321e-02,0.000000000000000000e+00,0.000000000000000000e+00,-1.186250075697898865e-01,5.596840009093284607e-02,-4.462235271930694580e-01,-2.761894762516021729e-01,-9.897007793188095093e-02,-1.251749396324157715e-01,-6.890526413917541504e-02,-1.402225345373153687e-01,-1.169294416904449463e-01,5.735235810279846191e-01,-3.988053798675537109e-01,-4.296052828431129456e-02,-4.620580747723579407e-02,1.070855632424354553e-01
-3.800772130489349365e-03,-3.218407928943634033e-02,8.610588908195495605e-01,1.236136257648468018e-02,-1.837165560573339462e-03,-5.652196407318115234e-01,-8.248457908630371094e-01,-3.254422545433044434e-01,1.133015379309654236e-01,2.260497361421585083e-01,3.411443531513214111e-01,-1.028157118707895279e-02,2.228106185793876648e-02,-8.659966289997100830e-02,-4.888617247343063354e-02,-2.702678740024566650e-01,1.426033526659011841e-01,-9.886419773101806641e-02,6.607109308242797852e-02,4.913360625505447388e-02,0.000000000000000000e+00,0.000000000000000000e+00,-1.158992797136306763e-01,5.456905439496040344e-02,-4.414546787738800049e-01,-2.812381982803344727e-01,-9.518841654062271118e-02,-1.285594105720520020e-01,-7.549970597028732300e-02,-1.308643221855163574e-01,-1.161810755729675293e-01,5.630713105201721191e-01,-3.906825482845306396e-01,-4.700445756316184998e-02,-4.550371319055557251e-02,1.156905516982078552e-01
-9.167572483420372009e-03,-2.862282097339630127e-02,8.607250452041625977e-01,1.348322723060846329e-02,-2.076553413644433022e-03,-5.828176736831665039e-01,-8.124884366989135742e-01,-3.203597068786621094e-01,1.172478646039962769e-01,2.571960091590881348e-01,3.301724195480346680e-01,-1.480656582862138748e-02,2.232183329761028290e-02,-6.026785820722579956e-02,-5.159662663936614990e-02,-3.043343424797058105e-01,1.087015420198440552e-01,-8.273648470640182495e-02,6.263902038335800171e-02,5.241518467664718628e-02,0.000000000000000000e+00,0.000000000000000000e+00,-1.097432747483253479e-01,5.026187375187873840e-02,-4.309984743595123291e-01,-2.776055037975311279e-01,-9.575900435447692871e-02,-1.287469118833541870e-01,-7.801039516925811768e-02,-1.239499673247337341e-01,-1.140399947762489319e-01,5.544155836105346680e-01,-3.851138055324554443e-01,-5.433616787195205688e-02,-4.476331546902656555e-02,1.176765635609626770e-01
-1.593580842018127441e-02,-2.632866799831390381e-02,8.600376844406127930e-01,1.449602004140615463e-02,-8.266757940873503685e-04,-5.989218354225158691e-01,-8.006758093833923340e-01,-3.059996068477630615e-01,1.140853464603424072e-01,2.825043797492980957e-01,3.135588765144348145e-01,-1.470943540334701538e-02,2.366989478468894958e-02,-3.579209744930267334e-02,-5.289709195494651794e-02,-3.370438814163208008e-01,7.892281562089920044e-02,-6.766955554485321045e-02,5.893188342452049255e-02,5.058450251817703247e-02,0.000000000000000000e+00,0.000000000000000000e+00,-1.011596098542213440e-01,4.797448217868804932e-02,-4.184962213039398193e-01,-2.734392285346984863e-01,-9.470471739768981934e-02,-1.268612593412399292e-01,-8.298432826995849609e-02,-1.192748770117759705e-01,-1.091322675347328186e-01,5.486687421798706055e-01,-3.797427117824554443e-01,-5.557894334197044373e-02,-4.449563100934028625e-02,1.165094226598739624e-01
-2.133318968117237091e-02,-2.354569360613822937e-02,8.589244484901428223e-01,1.519184652715921402e-02,1.252218615263700485e-03,-6.115025877952575684e-01,-7.910955548286437988e-01,-2.962279319763183594e-01,1.149669364094734192e-01,3.036628961563110352e-01,3.119129836559295654e-01,-1.902565546333789825e-02,2.558774128556251526e-02,-1.942241191864013672e-02,-5.449296534061431885e-02,-3.636590838432312012e-01,6.764995306730270386e-02,-6.216839700937271118e-02,5.697242170572280884e-02,5.306909978389739990e-02,0.000000000000000000e+00,0.000000000000000000e+00,-9.215757250785827637e-02,4.392820969223976135e-02,-4.097557067871093750e-01,-2.664155960083007812e-01,-1.028515696525573730e-01,-1.263289153575897217e-01,-8.539869636297225952e-02,-1.121475994586944580e-01,-9.982570260763168335e-02,5.371624827384948730e-01,-3.769183456897735596e-01,-6.362173706293106079e-02,-4.650735482573509216e-02,1.167534515261650085e-01
-2.840572781860828400e-02,-2.061457000672817230e-02,8.574596643447875977e-01,1.553830876946449280e-02,4.811774007976055145e-03,-6.218447685241699219e-01,-7.829715609550476074e-01,-2.810512185096740723e-01,1.139539703726768494e-01,3.195939660072326660e-01,3.146585524082183838e-01,-2.524228021502494812e-02,3.095166012644767761e-02,-6.815891247242689133e-03,-5.815177410840988159e-02,-3.843926191329956055e-01,6.680601090192794800e-02,-6.030274927616119385e-02,5.493556335568428040e-02,5.096640437841415405e-02,0.000000000000000000e+00,0.000000000000000000e+00,-8.236536383628845215e-02,4.351210966706275940e-02,-3.965075314044952393e-01,-2.577316462993621826e-01,-1.097560673952102661e-01,-1.223867386579513550e-01,-8.962868154048919678e-02,-1.080021336674690247e-01,-9.047523885965347290e-02,5.294435024261474609e-01,-3.749306797981262207e-01,-6.460587680339813232e-02,-4.634095728397369385e-02,1.165737509727478027e-01
-3.602544963359832764e-02,-1.893949508666992188e-02,8.560870289802551270e-01,1.457479968667030334e-02,8.388362824916839600e-03,-6.314083933830261230e-01,-7.752681374549865723e-01,-2.662515044212341309e-01,1.082983613014221191e-01,3.264084458351135254e-01,3.132368922233581543e-01,-3.353168070316314697e-02,3.597470372915267944e-02,-6.706012645736336708e-04,-6.665336340665817261e-02,-4.040661752223968506e-01,7.939101755619049072e-02,-6.460630148649215698e-02,5.162839591503143311e-02,4.826600477099418640e-02,0.000000000000000000e+00,0.000000000000000000e+00,-7.283931225538253784e-02,4.111274331808090210e-02,-3.888489007949829102e-01,-2.478258162736892700e-01,-1.201280206441879272e-01,-1.210849359631538391e-01,-9.323780238628387451e-02,-1.036593094468116760e-01,-8.322272449731826782e-02,5.186605453491210938e-01,-3.742968142032623291e-01,-7.031422108411788940e-02,-4.704326018691062927e-02,1.135995835065841675e-01
-4.496584460139274597e-02,-1.576958224177360535e-02,8.545461297035217285e-01,1.298085134476423264e-02,1.127224788069725037e-02,-6.392556428909301758e-01,-7.688021063804626465e-01,-2.550386190414428711e-01,9.902890026569366455e-02,3.245589733123779297e-01,3.204042017459869385e-01,-4.978200420737266541e-02,4.340020567178726196e-02,-2.641359809786081314e-03,-8.242970705032348633e-02,-4.155395925045013428e-01,1.100980937480926514e-01,-7.182464748620986938e-02,4.905894398689270020e-02,4.698285833001136780e-02,0.000000000000000000e+00,0.000000000000000000e+00,-6.435403972864151001e-02,3.936364501714706421e-02,-3.831694424152374268e-01,-2.375106811523437500e-01,-1.346554905176162720e-01,-1.196100562810897827e-01,-9.786855429410934448e-02,-1.014232411980628967e-01,-7.794427126646041870e-02,5.087436437606811523e-01,-3.726483583450317383e-01,-8.041851222515106201e-02,-4.641139134764671326e-02,1.137253865599632263e-01
-5.392684787511825562e-02,-1.423073094338178635e-02,8.530935645103454590e-01,9.638333693146705627e-03,1.305408962070941925e-02,-6.470780372619628906e-01,-7.622510790824890137e-01,-2.438704371452331543e-01,8.267677575349807739e-02,3.169755339622497559e-01,3.209274411201477051e-01,-7.117379456758499146e-02,4.998172447085380554e-02,-1.311214361339807510e-02,-1.063057631254196167e-01,-4.302288293838500977e-01,1.575204879045486450e-01,-8.531922847032546997e-02,4.450488835573196411e-02,4.467939585447311401e-02,0.000000000000000000e+00,0.000000000000000000e+00,-5.969102308154106140e-02,3.372797369956970215e-02,-3.818277716636657715e-01,-2.272490561008453369e-01,-1.458104103803634644e-01,-1.178559064865112305e-01,-1.025987789034843445e-01,-9.561613947153091431e-02,-7.476551830768585205e-02,4.983918964862823486e-01,-3.653819561004638672e-01,-8.905260264873504639e-02,-4.467230662703514099e-02,1.084261313080787659e-01
-6.449125707149505615e-02,-1.294909976422786713e-02,8.513491153717041016e-01,4.811424296349287033e-03,1.307280175387859344e-02,-6.544743776321411133e-01,-7.559558749198913574e-01,-2.358763962984085083e-01,5.776517465710639954e-02,3.004971444606781006e-01,3.206238150596618652e-01,-9.563236683607101440e-02,5.807176977396011353e-02,-3.065017238259315491e-02,-1.402111947536468506e-01,-4.419493973255157471e-01,2.188653349876403809e-01,-9.740597754716873169e-02,3.966108709573745728e-02,4.272411763668060303e-02,0.000000000000000000e+00,0.000000000000000000e+00,-5.662404000759124756e-02,2.839114330708980560e-02,-3.807925581932067871e-01,-2.224666029214859009e-01,-1.522531956434249878e-01,-1.185180991888046265e-01,-1.061050444841384888e-01,-9.220185130834579468e-02,-7.810501754283905029e-02,4.908792078495025635e-01,-3.626998364925384521e-01,-9.336121380329132080e-02,-4.446568712592124939e-02,1.076920032501220703e-01
-7.245951145887374878e-02,-7.810044568032026291e-03,8.489816188812255859e-01,-2.613764489069581032e-03,9.122244082391262054e-03,-6.593003869056701660e-01,-7.518197894096374512e-01,-2.225484699010848999e-01,2.580983377993106842e-02,2.878510355949401855e-01,3.118526935577392578e-01,-1.153462752699851990e-01,6.909912079572677612e-02,-5.335545539855957031e-02,-1.871690452098846436e-01,-4.582717120647430420e-01,2.921762764453887939e-01,-9.562653303146362305e-02,3.162713721394538879e-02,4.258948564529418945e-02,0.000000000000000000e+00,0.000000000000000000e+00,-5.730661749839782715e-02,1.638773456215858459e-02,-3.852185010910034180e-01,-2.191522717475891113e-01,-1.522423624992370605e-01,-1.143517196178436279e-01,-1.086674854159355164e-01,-9.130883216857910156e-02,-8.620801568031311035e-02,4.861469864845275879e-01,-3.539243638515472412e-01,-1.039852499961853027e-01,-3.767249360680580139e-02,1.034573391079902649e-01
-8.096036314964294434e-02,6.352866330416873097e-05,8.460370898246765137e-01,-9.975951164960861206e-03,3.835430368781089783e-03,-6.646745800971984863e-01,-7.470565438270568848e-01,-2.133670598268508911e-01,-7.404799573123455048e-03,2.746648192405700684e-01,3.101495802402496338e-01,-1.328931450843811035e-01,8.107685297727584839e-02,-7.031157612800598145e-02,-2.335686385631561279e-01,-4.767772853374481201e-01,3.493965864181518555e-01,-7.036186754703521729e-02,2.522873878479003906e-02,4.041777551174163818e-02,0.000000000000000000e+00,0.000000000000000000e+00,-5.821000412106513977e-02,4.501082934439182281e-03,-3.905611336231231689e-01,-2.209470272064208984e-01,-1.573682576417922974e-01,-1.085092350840568542e-01,-1.118128225207328796e-01,-9.252654761075973511e-02,-9.833361953496932983e-02,4.825580120086669922e-01,-3.498642742633819580e-01,-1.067400202155113220e-01,-2.943680807948112488e-02,1.011246293783187866e-01
-8.879961818456649780e-02,5.641595926135778427e-03,8.440493345260620117e-01,-1.725520938634872437e-02,-1.141034532338380814e-03,-6.705629825592041016e-01,-7.416510581970214844e-01,-1.958830952644348145e-01,-4.253461956977844238e-02,2.567579448223114014e-01,2.865512967109680176e-01,-1.336822956800460815e-01,8.910917490720748901e-02,-9.690951555967330933e-02,-2.694851458072662354e-01,-4.645336568355560303e-01,4.069533646106719971e-01,-6.156986206769943237e-02,2.438421733677387238e-02,3.548972681164741516e-02,0.000000000000000000e+00,0.000000000000000000e+00,-6.122145056724548340e-02,-5.673783831298351288e-03,-3.943853676319122314e-01,-2.220667749643325806e-01,-1.572564393281936646e-01,-1.027525663375854492e-01,-1.186209693551063538e-01,-9.154956042766571045e-02,-1.080650091171264648e-01,4.785166978836059570e-01,-3.436646163463592529e-01,-1.135832890868186951e-01,-2.011892385780811310e-02,1.043460220098495483e-01
-9.503939002752304077e-02,8.845570497214794159e-03,8.426961302757263184e-01,-2.158883586525917053e-02,-2.504250966012477875e-03,-6.768090128898620605e-01,-7.358377575874328613e-01,-1.883185654878616333e-01,-6.473258882761001587e-02,2.307485044002532959e-01,2.802841663360595703e-01,-1.380769312381744385e-01,9.674357622861862183e-02,-1.259964108467102051e-01,-2.828446328639984131e-01,-4.332673251628875732e-01,4.541957676410675049e-01,-7.031994313001632690e-02,2.131713926792144775e-02,2.695184014737606049e-02,0.000000000000000000e+00,0.000000000000000000e+00,-6.321283429861068726e-02,-1.234691403806209564e-02,-4.010977447032928467e-01,-2.200931757688522339e-01,-1.521356105804443359e-01,-9.727551043033599854e-02,-1.179134026169776917e-01,-8.728346228599548340e-02,-1.059774979948997498e-01,4.743259549140930176e-01,-3.348502218723297119e-01,-1.212569028139114380e-01,-1.112165395170450211e-02,1.058607548475265503e-01
-1.009336337447166443e-01,1.223400793969631195e-02,8.414553403854370117e-01,-2.569775842130184174e-02,-2.293101511895656586e-03,-6.845465898513793945e-01,-7.285124063491821289e-01,-1.802882999181747437e-01,-8.412940055131912231e-02,2.016697973012924194e-01,2.768022418022155762e-01,-1.438437104225158691e-01,1.062697172164916992e-01,-1.607129871845245361e-01,-2.883685231208801270e-01,-3.959804773330688477e-01,5.027112364768981934e-01,-8.381009846925735474e-02,1.622148416936397552e-02,1.641099154949188232e-02,0.000000000000000000e+00,0.000000000000000000e+00,-6.220669671893119812e-02,-1.575294695794582367e-02,-4.070294797420501709e-01,-2.234431654214859009e-01,-1.460318118333816528e-01,-9.380558878183364868e-02,-1.119084879755973816e-01,-8.569307625293731689e-02,-1.073392778635025024e-01,4.763084948062896729e-01,-3.383949995040893555e-01,-1.250086426734924316e-01,-3.218294819816946983e-03,1.047552525997161865e-01
-1.057295277714729309e-01,1.423917058855295181e-02,8.408159613609313965e-01,-2.858386933803558350e-02,-2.843862865120172501e-03,-6.915451884269714355e-01,-7.217618227005004883e-01,-1.683201193809509277e-01,-1.020661368966102600e-01,1.733356416225433350e-01,2.587733864784240723e-01,-1.393137425184249878e-01,1.132006347179412842e-01,-1.967158466577529907e-01,-2.786804437637329102e-01,-3.444722890853881836e-01,5.389697551727294922e-01,-9.786198288202285767e-02,1.715314388275146484e-02,2.135602058842778206e-03,0.000000000000000000e+00,0.000000000000000000e+00,-6.132012605667114258e-02,-1.981823705136775970e-02,-4.107330739498138428e-01,-2.260939478874206543e-01,-1.369816213846206665e-01,-9.000437706708908081e-02,-1.057662293314933777e-01,-8.660276234149932861e-02,-1.074071750044822693e-01,4.828325510025024414e-01,-3.370109796524047852e-01,-1.318345665931701660e-01,5.676630418747663498e-03,1.031097769737243652e-01
-1.095107868313789368e-01,1.596463844180107117e-02,8.407058715820312500e-01,-3.031131438910961151e-02,-1.236816169694066048e-03,-6.986462473869323730e-01,-7.148238420486450195e-01,-1.590312719345092773e-01,-1.127247512340545654e-01,1.457382887601852417e-01,2.491768002510070801e-01,-1.371852308511734009e-01,1.190087571740150452e-01,-2.258261144161224365e-01,-2.549407184123992920e-01,-2.935793697834014893e-01,5.634793639183044434e-01,-1.137718558311462402e-01,1.992699690163135529e-02,-1.268613431602716446e-02,0.000000000000000000e+00,0.000000000000000000e+00,-5.676667392253875732e-02,-2.001580409705638885e-02,-4.161217808723449707e-01,-2.299448400735855103e-01,-1.330814957618713379e-01,-9.165906906127929688e-02,-9.934160113334655762e-02,-8.649867027997970581e-02,-1.029234975576400757e-01,4.903066158294677734e-01,-3.397728502750396729e-01,-1.356451213359832764e-01,7.602222729474306107e-03,1.008825898170471191e-01
-1.123531907796859741e-01,1.711507514119148254e-02,8.414649367332458496e-01,-3.009796701371669769e-02,1.209470443427562714e-03,-7.033716440200805664e-01,-7.101837396621704102e-01,-1.472603529691696167e-01,-1.165206283330917358e-01,1.274991333484649658e-01,2.326934188604354858e-01,-1.281369924545288086e-01,1.196776106953620911e-01,-2.471374124288558960e-01,-2.221205234527587891e-01,-2.554773092269897461e-01,5.619011521339416504e-01,-1.306447535753250122e-01,2.538189291954040527e-02,-2.303514443337917328e-02,0.000000000000000000e+00,0.000000000000000000e+00,-5.350279435515403748e-02,-1.978942751884460449e-02,-4.171693325042724609e-01,-2.286895662546157837e-01,-1.303495764732360840e-01,-9.302347153425216675e-02,-9.956226497888565063e-02,-8.466049283742904663e-02,-9.482284635305404663e-02,4.969376623630523682e-01,-3.460785746574401855e-01,-1.385028958320617676e-01,8.069443516433238983e-03,1.016523912549018860e-01
-1.145219951868057251e-01,2.060922607779502869e-02,8.426293134689331055e-01,-2.916119620203971863e-02,2.400300931185483932e-03,-7.062481641769409180e-01,-7.073594331741333008e-01,-1.266494244337081909e-01,-1.202079877257347107e-01,1.114043071866035461e-01,2.002657502889633179e-01,-1.118911281228065491e-01,1.181496903300285339e-01,-2.603561580181121826e-01,-1.877834349870681763e-01,-2.188213318586349487e-01,5.485385656356811523e-01,-1.392821818590164185e-01,3.305830433964729309e-02,-2.901123091578483582e-02,0.000000000000000000e+00,0.000000000000000000e+00,-4.973268881440162659e-02,-2.029077522456645966e-02,-4.172939956188201904e-01,-2.250663042068481445e-01,-1.278399378061294556e-01,-9.519112110137939453e-02,-9.924691170454025269e-02,-8.450337499380111694e-02,-8.748693764209747314e-02,5.040091872215270996e-01,-3.478920161724090576e-01,-1.429871469736099243e-01,5.811070557683706284e-03,9.621650725603103638e-02
-1.158478409051895142e-01,2.415824308991432190e-02,8.438413143157958984e-01,-2.752224169671535492e-02,4.565007053315639496e-03,-7.084075212478637695e-01,-7.052520513534545898e-01,-1.094131916761398315e-01,-1.193458735942840576e-01,9.703861176967620850e-02,1.758528202772140503e-01,-9.873347729444503784e-02,1.177717894315719604e-01,-2.623491883277893066e-01,-1.525169461965560913e-01,-1.834693998098373413e-01,5.228946805000305176e-01,-1.459017992019653320e-01,3.863568976521492004e-02,-2.955061569809913635e-02,0.000000000000000000e+00,0.000000000000000000e+00,-4.609372094273567200e-02,-1.629446819424629211e-02,-4.160401821136474609e-01,-2.231862246990203857e-01,-1.312229335308074951e-01,-9.755790978670120239e-02,-9.295269101858139038e-02,-8.256878703832626343e-02,-7.987544685602188110e-02,5.092326402664184570e-01,-3.496224582195281982e-01,-1.429834514856338501e-01,1.786782173439860344e-03,9.074205905199050903e-02
-1.161545515060424805e-01,2.670773491263389587e-02,8.450136184692382812e-01,-2.609938755631446838e-02,5.894827190786600113e-03,-7.096912264823913574e-01,-7.040045857429504395e-01,-8.809902518987655640e-02,-1.182535290718078613e-01,8.626843988895416260e-02,1.403172612190246582e-01,-8.133345842361450195e-02,1.146960183978080750e-01,-2.574402093887329102e-01,-1.230058595538139343e-01,-1.635349243879318237e-01,4.901152253150939941e-01,-1.504148691892623901e-01,4.313769191503524780e-02,-2.762563154101371765e-02,0.000000000000000000e+00,0.000000000000000000e+00,-4.412326589226722717e-02,-1.208025217056274414e-02,-4.165880978107452393e-01,-2.226237952709197998e-01,-1.358156204223632812e-01,-1.003962233662605286e-01,-9.448894113302230835e-02,-8.046575635671615601e-02,-7.428281009197235107e-02,5.130466222763061523e-01,-3.528400063514709473e-01,-1.423597484827041626e-01,-2.132436027750372887e-03,9.131920337677001953e-02
-1.164813861250877380e-01,3.136681020259857178e-02,8.460122942924499512e-01,-2.377315238118171692e-02,6.956580094993114471e-03,-7.106702923774719238e-01,-7.030889987945556641e-01,-7.273287326097488403e-02,-1.149559840559959412e-01,8.136601746082305908e-02,1.181290373206138611e-01,-7.013412564992904663e-02,1.101436987519264221e-01,-2.421365827322006226e-01,-9.923763573169708252e-02,-1.494470238685607910e-01,4.457197487354278564e-01,-1.427643001079559326e-01,4.686585813760757446e-02,-2.372841909527778625e-02,0.000000000000000000e+00,0.000000000000000000e+00,-4.084661230444908142e-02,-1.070428825914859772e-02,-4.114160239696502686e-01,-2.184302806854248047e-01,-1.391342729330062866e-01,-1.008813753724098206e-01,-9.023061394691467285e-02,-7.784324884414672852e-02,-6.841381639242172241e-02,5.166910290718078613e-01,-3.514792025089263916e-01,-1.416265666484832764e-01,-4.775218665599822998e-03,8.632248640060424805e-02
-1.161060854792594910e-01,3.251394629478454590e-02,8.466396927833557129e-01,-2.238833531737327576e-02,8.148237131536006927e-03,-7.119353413581848145e-01,-7.018407583236694336e-01,-6.018085405230522156e-02,-1.119149327278137207e-01,7.585813105106353760e-02,9.618902206420898438e-02,-5.899053439497947693e-02,1.083966493606567383e-01,-2.277564257383346558e-01,-8.300071954727172852e-02,-1.376235634088516235e-01,4.109763801097869873e-01,-1.362961679697036743e-01,4.506222158670425415e-02,-2.160584181547164917e-02,0.000000000000000000e+00,0.000000000000000000e+00,-4.295123368501663208e-02,-7.605575956404209137e-03,-4.104351401329040527e-01,-2.162795066833496094e-01,-1.359623521566390991e-01,-1.017469763755798340e-01,-8.738170564174652100e-02,-7.787147909402847290e-02,-6.457059085369110107e-02,5.209822058677673340e-01,-3.535972833633422852e-01,-1.415327936410903931e-01,-8.828807622194290161e-03,8.325319737195968628e-02
-1.154445633292198181e-01,3.276323154568672180e-02,8.467527627944946289e-01,-2.198201045393943787e-02,8.639770559966564178e-03,-7.130618095397949219e-01,-7.007032632827758789e-01,-5.207066982984542847e-02,-1.105341017246246338e-01,7.122364640235900879e-02,8.146767318248748779e-02,-5.312306061387062073e-02,1.079081818461418152e-01,-2.193883359432220459e-01,-7.516225427389144897e-02,-1.297919601202011108e-01,3.918706476688385010e-01,-1.324799656867980957e-01,4.283434525132179260e-02,-2.031402476131916046e-02,0.000000000000000000e+00,0.000000000000000000e+00,-4.360514134168624878e-02,-6.416713818907737732e-03,-4.091888368129730225e-01,-2.159772664308547974e-01,-1.326868534088134766e-01,-1.017418652772903442e-01,-8.488560467958450317e-02,-7.811225205659866333e-02,-6.288459897041320801e-02,5.254036784172058105e-01,-3.562447428703308105e-01,-1.414981484413146973e-01,-1.176945865154266357e-02,8.117146044969558716e-02
-1.145033165812492371e-01,3.295671194791793823e-02,8.465269207954406738e-01,-2.244298346340656281e-02,8.845621719956398010e-03,-7.138258218765258789e-01,-6.999077200889587402e-01,-4.683971032500267029e-02,-1.101797595620155334e-01,6.691191345453262329e-02,7.364840060472488403e-02,-5.083589628338813782e-02,1.080638393759727478e-01,-2.161089330911636353e-01,-7.125585526227951050e-02,-1.225407421588897705e-01,3.859619200229644775e-01,-1.331523358821868896e-01,4.107985645532608032e-02,-1.862869784235954285e-02,0.000000000000000000e+00,0.000000000000000000e+00,-4.173866659402847290e-02,-7.250665221363306046e-03,-4.084856808185577393e-01,-2.168703526258468628e-01,-1.312813013792037964e-01,-1.020353063941001892e-01,-8.023989945650100708e-02,-7.769104838371276855e-02,-6.158432364463806152e-02,5.284800529479980469e-01,-3.571009039878845215e-01,-1.403705924749374390e-01,-1.345784962177276611e-02,7.845787703990936279e-02
-1.135830804705619812e-01,3.280399739742279053e-02,8.462499976158142090e-01,-2.284709736704826355e-02,9.094160050153732300e-03,-7.141380906105041504e-01,-6.995727419853210449e-01,-4.289828240871429443e-02,-1.095628142356872559e-01,6.441231817007064819e-02,6.760933995246887207e-02,-4.985918477177619934e-02,1.085831671953201294e-01,-2.140473872423171997e-01,-6.859834492206573486e-02,-1.184237897396087646e-01,3.824957907199859619e-01,-1.339898109436035156e-01,4.148324206471443176e-02,-1.714925281703472137e-02,0.000000000000000000e+00,0.000000000000000000e+00,-3.991655260324478149e-02,-8.070424199104309082e-03,-4.083947539329528809e-01,-2.184573560953140259e-01,-1.293812096118927002e-01,-1.017064824700355530e-01,-7.661724090576171875e-02,-7.849055528640747070e-02,-6.110791862010955811e-02,5.316085815429687500e-01,-3.581956624984741211e-01,-1.385019719600677490e-01,-1.320459786802530289e-02,7.607566565275192261e-02
-1.130597740411758423e-01,3.299408778548240662e-02,8.458877801895141602e-01,-2.299851551651954651e-02,9.199670515954494476e-03,-7.137251496315002441e-01,-6.999877095222473145e-01,-4.210717976093292236e-02,-1.090448945760726929e-01,6.283715367317199707e-02,6.749237328767776489e-02,-5.209835618734359741e-02,1.102000325918197632e-01,-2.137868404388427734e-01,-6.657315045595169067e-02,-1.138195991516113281e-01,3.819276094436645508e-01,-1.340728551149368286e-01,4.269479587674140930e-02,-1.537358481436967850e-02,0.000000000000000000e+00,0.000000000000000000e+00,-3.700988739728927612e-02,-9.998484514653682709e-03,-4.076241254806518555e-01,-2.203292697668075562e-01,-1.302303671836853027e-01,-1.016370952129364014e-01,-7.381432503461837769e-02,-7.874579727649688721e-02,-6.123568117618560791e-02,5.327817797660827637e-01,-3.592342436313629150e-01,-1.379522532224655151e-01,-1.384764350950717926e-02,7.335332036018371582e-02
-1.126654669642448425e-01,3.359134122729301453e-02,8.455929756164550781e-01,-2.294915355741977692e-02,9.344707243144512177e-03,-7.130368947982788086e-01,-7.006885409355163574e-01,-4.229200631380081177e-02,-1.082762703299522400e-01,6.137814745306968689e-02,6.979516148567199707e-02,-5.486155673861503601e-02,1.107396781444549561e-01,-2.122060656547546387e-01,-6.466334313154220581e-02,-1.107069179415702820e-01,3.792250752449035645e-01,-1.348072141408920288e-01,4.434669762849807739e-02,-1.232814881950616837e-02,0.000000000000000000e+00,0.000000000000000000e+00,-3.445485234260559082e-02,-1.190332230180501938e-02,-4.079738855361938477e-01,-2.219779044389724731e-01,-1.314980834722518921e-01,-1.013257130980491638e-01,-7.272333651781082153e-02,-7.874133437871932983e-02,-6.094601750373840332e-02,5.343417525291442871e-01,-3.587008714675903320e-01,-1.359227746725082397e-01,-1.350032910704612732e-02,7.263547927141189575e-02
-1.120753064751625061e-01,3.370127454400062561e-02,8.452162742614746094e-01,-2.327985502779483795e-02,9.489863179624080658e-03,-7.121694087982177734e-01,-7.015573382377624512e-01,-4.481599852442741394e-02,-1.076431050896644592e-01,6.095379218459129333e-02,7.661624997854232788e-02,-5.871330574154853821e-02,1.114352792501449585e-01,-2.125073820352554321e-01,-6.381693482398986816e-02,-1.092162504792213440e-01,3.801689445972442627e-01,-1.358224153518676758e-01,4.548772051930427551e-02,-9.846863336861133575e-03,0.000000000000000000e+00,0.000000000000000000e+00,-3.170206397771835327e-02,-1.351605448871850967e-02,-4.076328873634338379e-01,-2.244770824909210205e-01,-1.334904432296752930e-01,-1.011971309781074524e-01,-7.103499025106430054e-02,-7.859601080417633057e-02,-6.099482625722885132e-02,5.351628661155700684e-01,-3.604550659656524658e-01,-1.346503198146820068e-01,-1.348396949470043182e-02,7.229921966791152954e-02
-1.117708384990692139e-01,3.374881297349929810e-02,8.448759317398071289e-01,-2.332576364278793335e-02,9.503102861344814301e-03,-7.116672396659851074e-01,-7.020650506019592285e-01,-4.838934168219566345e-02,-1.070268154144287109e-01,6.147256121039390564e-02,8.415656536817550659e-02,-6.236834824085235596e-02,1.109119504690170288e-01,-2.127709984779357910e-01,-6.313636898994445801e-02,-1.079067438840866089e-01,3.802928626537322998e-01,-1.363771557807922363e-01,4.619289562106132507e-02,-7.311081513762474060e-03,0.000000000000000000e+00,0.000000000000000000e+00,-3.035116009414196014e-02,-1.504168193787336349e-02,-4.075635671615600586e-01,-2.268132865428924561e-01,-1.347546279430389404e-01,-1.007716879248619080e-01,-6.939190626144409180e-02,-7.862104475498199463e-02,-6.121522188186645508e-02,5.358879566192626953e-01,-3.613308966159820557e-01,-1.332032680511474609e-01,-1.322625484317541122e-02,7.303742319345474243e-02
-1.109866574406623840e-01,3.314177319407463074e-02,8.445490598678588867e-01,-2.389108575880527496e-02,9.808884933590888977e-03,-7.112516760826110840e-01,-7.024628520011901855e-01,-5.142028629779815674e-02,-1.061952933669090271e-01,6.114691495895385742e-02,9.125801920890808105e-02,-6.488166749477386475e-02,1.107110232114791870e-01,-2.126931846141815186e-01,-6.265676766633987427e-02,-1.080072671175003052e-01,3.806469142436981201e-01,-1.366103142499923706e-01,4.636717215180397034e-02,-6.297236308455467224e-03,0.000000000000000000e+00,0.000000000000000000e+00,-2.978971414268016815e-02,-1.601163670420646667e-02,-4.068651795387268066e-01,-2.272314429283142090e-01,-1.358116716146469116e-01,-1.009713932871818542e-01,-6.787692755460739136e-02,-7.936619222164154053e-02,-6.076350063085556030e-02,5.362046957015991211e-01,-3.635020554065704346e-01,-1.322035789489746094e-01,-1.395715214312076569e-02,7.325571030378341675e-02
-1.103618070483207703e-01,3.270065411925315857e-02,8.442885875701904297e-01,-2.396973222494125366e-02,9.909346699714660645e-03,-7.113179564476013184e-01,-7.023916244506835938e-01,-5.454065278172492981e-02,-1.052672192454338074e-01,5.973395705223083496e-02,9.699156880378723145e-02,-6.691446155309677124e-02,1.099752858281135559e-01,-2.124404609203338623e-01,-6.153848022222518921e-02,-1.068896055221557617e-01,3.797203302383422852e-01,-1.356162279844284058e-01,4.585566744208335876e-02,-5.640423391014337540e-03,0.000000000000000000e+00,0.000000000000000000e+00,-2.958830073475837708e-02,-1.698656380176544189e-02,-4.066086113452911377e-01,-2.278912365436553955e-01,-1.376325637102127075e-01,-1.007980853319168091e-01,-6.587843596935272217e-02,-8.003298193216323853e-02,-6.062469258904457092e-02,5.368567109107971191e-01,-3.647385835647583008e-01,-1.305033862590789795e-01,-1.504938397556543350e-02,7.277607172727584839e-02
-1.098402664065361023e-01,3.089804016053676605e-02,8.441818952560424805e-01,-2.330035716295242310e-02,1.093206182122230530e-02,-7.122139930725097656e-01,-7.014904022216796875e-01,-6.390563398599624634e-02,-1.019914597272872925e-01,5.844197794795036316e-02,1.118374168872833252e-01,-7.135724276304244995e-02,1.091220304369926453e-01,-2.079939395189285278e-01,-5.758180841803550720e-02,-1.063342690467834473e-01,3.688116371631622314e-01,-1.316005736589431763e-01,4.653188958764076233e-02,-2.270710421726107597e-03,0.000000000000000000e+00,0.000000000000000000e+00,-3.179134055972099304e-02,-1.757359877228736877e-02,-4.102111458778381348e-01,-2.293401360511779785e-01,-1.396955549716949463e-01,-1.029113456606864929e-01,-6.079675629734992981e-02,-8.225856721401214600e-02,-6.015230342745780945e-02,5.422686934471130371e-01,-3.623272478580474854e-01,-1.224697381258010864e-01,-1.786085031926631927e-02,7.028418034315109253e-02
