-5.639068549498915672e-04,-6.534312386065721512e-03,8.595424294471740723e-01,9.233105927705764771e-03,-6.162884179502725601e-03,7.018356919288635254e-01,7.122523188591003418e-01,-1.908501833677291870e-01,-6.091357022523880005e-02,1.389642804861068726e-01,3.252243697643280029e-01,-1.675823330879211426e-01,1.207272633910179138e-01,-2.331629842519760132e-01,-1.006408110260963440e-01,-2.234111428260803223e-01,4.246353507041931152e-01,-1.154469028115272522e-01,4.468935355544090271e-02,-6.723913829773664474e-03,0.000000000000000000e+00,0.000000000000000000e+00,-1.433229353278875351e-02,1.770537905395030975e-02,-4.107582867145538330e-01,-2.981776595115661621e-01,-2.340586036443710327e-01,-6.249305605888366699e-02,-2.576194144785404205e-02,-1.114980783313512802e-02,-1.092020720243453979e-01,5.028724670410156250e-01,-3.824257254600524902e-01,1.774625480175018311e-02,9.883547201752662659e-03,6.900922954082489014e-02
-1.334965578280389309e-03,-5.194101482629776001e-03,8.557528853416442871e-01,7.650590036064386368e-03,-6.128644570708274841e-03,7.034605741500854492e-01,7.106666564941406250e-01,-2.348507791757583618e-01,-5.508865788578987122e-02,1.364931166172027588e-01,4.089139997959136963e-01,-2.141842842102050781e-01,1.231396570801734924e-01,-2.597303390502929688e-01,-1.080485507845878601e-01,-2.265398800373077393e-01,4.780861735343933105e-01,-1.398338079452514648e-01,4.279344156384468079e-02,-1.466227881610393524e-02,0.000000000000000000e+00,0.000000000000000000e+00,-1.222141738981008530e-02,1.730874739587306976e-02,-4.057889580726623535e-01,-3.006574511528015137e-01,-2.327522486448287964e-01,-5.922805145382881165e-02,-2.354707755148410797e-02,-9.716310538351535797e-03,-1.117943152785301208e-01,5.050024986267089844e-01,-3.883007466793060303e-01,1.262896880507469177e-02,1.626493223011493683e-02,6.844491511583328247e-02
-2.100667450577020645e-03,-3.554482478648424149e-03,8.532155156135559082e-01,6.199512165039777756e-03,-6.360032595694065094e-03,7.032366991043090820e-01,7.109003067016601562e-01,-2.557177245616912842e-01,-5.106889083981513977e-02,1.366431415081024170e-01,4.501015841960906982e-01,-2.429853081703186035e-01,1.269520670175552368e-01,-2.736155986785888672e-01,-1.114270016551017761e-01,-2.284421026706695557e-01,5.052939057350158691e-01,-1.518020331859588623e-01,3.930276632308959961e-02,-1.776289381086826324e-02,0.000000000000000000e+00,0.000000000000000000e+00,-1.142856944352388382e-02,1.822494342923164368e-02,-4.046900272369384766e-01,-3.007822036743164062e-01,-2.304518669843673706e-01,-5.696035921573638916e-02,-2.323020808398723602e-02,-9.058262221515178680e-03,-1.131458133459091187e-01,5.048084259033203125e-01,-3.900564610958099365e-01,9.774595499038696289e-03,1.856304891407489777e-02,6.851132214069366455e-02
-2.335272496566176414e-03,-1.830327091738581657e-03,8.509011268615722656e-01,5.551652517169713974e-03,-6.144939921796321869e-03,7.020851373672485352e-01,7.120448946952819824e-01,-2.689103484153747559e-01,-4.844862967729568481e-02,1.388146132230758667e-01,4.778889417648315430e-01,-2.664429247379302979e-01,1.323736160993576050e-01,-2.857946157455444336e-01,-1.166163086891174316e-01,-2.329596281051635742e-01,5.289286971092224121e-01,-1.606903374195098877e-01,3.528820723295211792e-02,-2.018680796027183533e-02,0.000000000000000000e+00,0.000000000000000000e+00,-1.021279674023389816e-02,1.877615414559841156e-02,-4.022018611431121826e-01,-3.009909987449645996e-01,-2.283692359924316406e-01,-5.590981617569923401e-02,-2.243764512240886688e-02,-8.017807267606258392e-03,-1.148331388831138611e-01,5.033880472183227539e-01,-3.928338289260864258e-01,7.478257175534963608e-03,1.927434094250202179e-02,6.759250164031982422e-02
-1.949343131855130196e-03,-9.808470167627092451e-06,8.485161662101745605e-01,5.495119839906692505e-03,-5.539443809539079666e-03,7.002182602882385254e-01,7.138862013816833496e-01,-2.793201506137847900e-01,-4.598684608936309814e-02,1.433414816856384277e-01,5.015116930007934570e-01,-2.890522181987762451e-01,1.375611871480941772e-01,-2.983126044273376465e-01,-1.244955137372016907e-01,-2.424973994493484497e-01,5.541629195213317871e-01,-1.691442579030990601e-01,2.989756688475608826e-02,-2.329438924789428711e-02,0.000000000000000000e+00,0.000000000000000000e+00,-8.547489531338214874e-03,1.962746679782867432e-02,-4.015523791313171387e-01,-3.008155822753906250e-01,-2.267210185527801514e-01,-5.525884777307510376e-02,-2.317226119339466095e-02,-7.208641618490219116e-03,-1.167651265859603882e-01,5.029768943786621094e-01,-3.968972861766815186e-01,3.117254236713051796e-03,1.906420849263668060e-02,6.703951954841613770e-02
-1.008489867672324181e-03,1.835830742493271828e-03,8.461800217628479004e-01,5.718776956200599670e-03,-4.950688220560550690e-03,6.976667046546936035e-01,7.163825631141662598e-01,-2.880806028842926025e-01,-4.293165728449821472e-02,1.488565802574157715e-01,5.232973694801330566e-01,-3.109640777111053467e-01,1.432023644447326660e-01,-3.095652759075164795e-01,-1.331608444452285767e-01,-2.557431161403656006e-01,5.788913369178771973e-01,-1.757311820983886719e-01,2.545785345137119293e-02,-2.632690779864788055e-02,0.000000000000000000e+00,0.000000000000000000e+00,-6.618170533329248428e-03,2.063346467912197113e-02,-3.992359936237335205e-01,-3.000794053077697754e-01,-2.261203527450561523e-01,-5.620687827467918396e-02,-2.154055610299110413e-02,-5.902247037738561630e-03,-1.183233335614204407e-01,5.011471509933471680e-01,-4.008091688156127930e-01,-1.616164809092879295e-03,1.779954507946968079e-02,6.464216113090515137e-02
2.677851822227239609e-03,1.359710469841957092e-03,8.443176746368408203e-01,7.583144586533308029e-03,-3.870970802381634712e-03,6.926984786987304688e-01,7.211770415306091309e-01,-2.923456132411956787e-01,-3.842316567897796631e-02,1.594324558973312378e-01,5.360251665115356445e-01,-3.266177475452423096e-01,1.463629305362701416e-01,-3.211017847061157227e-01,-1.436992734670639038e-01,-2.766693532466888428e-01,6.033203005790710449e-01,-1.816044151782989502e-01,2.143628522753715515e-02,-3.108710236847400665e-02,0.000000000000000000e+00,0.000000000000000000e+00,-4.747999832034111023e-03,2.377590723335742950e-02,-3.969231843948364258e-01,-2.983413040637969971e-01,-2.306260019540786743e-01,-5.702220648527145386e-02,-2.602488733828067780e-02,-7.176608312875032425e-03,-1.202828437089920044e-01,5.018945336341857910e-01,-4.124837219715118408e-01,-6.100740283727645874e-03,1.747380010783672333e-02,6.676276773214340210e-02
5.329854320734739304e-03,2.443922683596611023e-03,8.431587219238281250e-01,8.701973594725131989e-03,-3.804723033681511879e-03,6.881815791130065918e-01,7.254763841629028320e-01,-2.929303050041198730e-01,-3.272103145718574524e-02,1.699813306331634521e-01,5.458727478981018066e-01,-3.377272188663482666e-01,1.474129110574722290e-01,-3.254567980766296387e-01,-1.507415026426315308e-01,-2.968369722366333008e-01,6.200561523437500000e-01,-1.912562251091003418e-01,1.783518865704536438e-02,-3.107847645878791809e-02,0.000000000000000000e+00,0.000000000000000000e+00,-2.079392550513148308e-03,2.401386573910713196e-02,-3.883969783782958984e-01,-2.947348952293395996e-01,-2.317910492420196533e-01,-5.866855010390281677e-02,-2.966618165373802185e-02,-1.934453262947499752e-03,-1.204041540622711182e-01,4.982333779335021973e-01,-4.136331081390380859e-01,-8.609863929450511932e-03,1.480714417994022369e-02,7.200957834720611572e-02
9.085823781788349152e-03,5.482663400471210480e-03,8.431687951087951660e-01,8.840272203087806702e-03,-3.900348674505949020e-03,6.817805171012878418e-01,7.314929366111755371e-01,-2.865894734859466553e-01,-2.364514395594596863e-02,1.842271238565444946e-01,5.464327335357666016e-01,-3.389325737953186035e-01,1.438984125852584839e-01,-3.220293521881103516e-01,-1.521587818861007690e-01,-3.181814849376678467e-01,6.202160120010375977e-01,-2.030512094497680664e-01,1.660416647791862488e-02,-3.026776202023029327e-02,0.000000000000000000e+00,0.000000000000000000e+00,1.121923560276627541e-03,2.450355701148509979e-02,-3.786697089672088623e-01,-2.834853231906890869e-01,-2.344273626804351807e-01,-5.729381367564201355e-02,-3.530238568782806396e-02,4.036110360175371170e-03,-1.190007403492927551e-01,4.950093924999237061e-01,-4.132920205593109131e-01,-1.345728430896997452e-02,1.409842167049646378e-02,7.823611795902252197e-02
1.386144943535327911e-02,8.568379096686840057e-03,8.438318371772766113e-01,7.913501933217048645e-03,-4.444866441190242767e-03,6.744180917739868164e-01,7.382938861846923828e-01,-2.793648242950439453e-01,-1.096706185489892960e-02,1.997459977865219116e-01,5.453663468360900879e-01,-3.347118198871612549e-01,1.406592577695846558e-01,-3.160701692104339600e-01,-1.458694487810134888e-01,-3.321060240268707275e-01,6.114400029182434082e-01,-2.143756151199340820e-01,1.550118997693061829e-02,-2.973765879869461060e-02,0.000000000000000000e+00,0.000000000000000000e+00,5.362213589251041412e-03,2.757732570171356201e-02,-3.714098334312438965e-01,-2.747523784637451172e-01,-2.397763133049011230e-01,-5.579540878534317017e-02,-3.980733454227447510e-02,9.002340957522392273e-03,-1.147877573966979980e-01,4.925747513771057129e-01,-4.099028706550598145e-01,-1.275962218642234802e-02,1.245262194424867630e-02,8.355072140693664551e-02
1.860869117081165314e-02,1.228593103587627411e-02,8.449022173881530762e-01,6.935769226402044296e-03,-5.868132691830396652e-03,6.672559380531311035e-01,7.447730898857116699e-01,-2.695040702819824219e-01,1.341580995358526707e-03,2.119868844747543335e-01,5.427824854850769043e-01,-3.253419995307922363e-01,1.377026438713073730e-01,-3.063712418079376221e-01,-1.334358304738998413e-01,-3.346906900405883789e-01,5.962222218513488770e-01,-2.236288487911224365e-01,1.446375716477632523e-02,-2.907073684036731720e-02,0.000000000000000000e+00,0.000000000000000000e+00,8.221008814871311188e-03,3.009789437055587769e-02,-3.642378151416778564e-01,-2.667827010154724121e-01,-2.377703934907913208e-01,-5.463373661041259766e-02,-4.094948247075080872e-02,1.314247213304042816e-02,-1.106905117630958557e-01,4.918823838233947754e-01,-4.048586487770080566e-01,-1.566460356116294861e-02,1.151640247553586960e-02,8.751375228166580200e-02
2.549957856535911560e-02,1.565320231020450592e-02,8.461259603500366211e-01,5.479064304381608963e-03,-7.455590181052684784e-03,6.593111157417297363e-01,7.518133521080017090e-01,-2.603251338005065918e-01,1.675397902727127075e-02,2.230237424373626709e-01,5.415882468223571777e-01,-3.120313882827758789e-01,1.355435699224472046e-01,-2.951927483081817627e-01,-1.147274076938629150e-01,-3.304016590118408203e-01,5.754528045654296875e-01,-2.322557568550109863e-01,1.592537201941013336e-02,-2.828512154519557953e-02,0.000000000000000000e+00,0.000000000000000000e+00,1.184794679284095764e-02,3.424278274178504944e-02,-3.594838976860046387e-01,-2.596978247165679932e-01,-2.400831729173660278e-01,-5.437967181205749512e-02,-3.932737186551094055e-02,1.735212653875350952e-02,-1.049630492925643921e-01,4.903333485126495361e-01,-4.050863385200500488e-01,-1.714382693171501160e-02,9.540660306811332703e-03,8.889792114496231079e-02
3.130720183253288269e-02,1.723805442452430725e-02,8.466892242431640625e-01,3.202263265848159790e-03,-1.051340624690055847e-02,6.521875858306884766e-01,7.579779624938964844e-01,-2.591407299041748047e-01,3.583156690001487732e-02,2.335525751113891602e-01,5.542055368423461914e-01,-3.008945584297180176e-01,1.357393711805343628e-01,-2.856531739234924316e-01,-9.291105717420578003e-02,-3.212004303932189941e-01,5.566290020942687988e-01,-2.388293594121932983e-01,1.638448610901832581e-02,-2.651482261717319489e-02,0.000000000000000000e+00,0.000000000000000000e+00,1.156192924827337265e-02,3.685103356838226318e-02,-3.569954037666320801e-01,-2.512342333793640137e-01,-2.364518642425537109e-01,-5.435341596603393555e-02,-3.569340333342552185e-02,2.062053792178630829e-02,-9.849718213081359863e-02,4.884391427040100098e-01,-4.024228453636169434e-01,-1.942742988467216492e-02,7.988958619534969330e-03,8.861076086759567261e-02
3.790916502475738525e-02,1.662411168217658997e-02,8.469013571739196777e-01,1.684617367573082447e-03,-1.458289753645658493e-02,6.442192196846008301e-01,7.646999955177307129e-01,-2.588700056076049805e-01,5.649795383214950562e-02,2.425266206264495850e-01,5.685744285583496094e-01,-2.876404225826263428e-01,1.373486965894699097e-01,-2.773901820182800293e-01,-6.923840939998626709e-02,-3.081357479095458984e-01,5.398311614990234375e-01,-2.437874674797058105e-01,1.462815143167972565e-02,-2.669233828783035278e-02,0.000000000000000000e+00,0.000000000000000000e+00,1.336218882352113724e-02,4.431031271815299988e-02,-3.558592498302459717e-01,-2.516693174839019775e-01,-2.342409342527389526e-01,-5.573189258575439453e-02,-3.310236707329750061e-02,2.195079810917377472e-02,-9.274803102016448975e-02,4.869191050529479980e-01,-4.056134819984436035e-01,-2.174423262476921082e-02,5.157856736332178116e-03,8.558269590139389038e-02
4.404740408062934875e-02,1.623191870748996735e-02,8.464962840080261230e-01,-1.812079106457531452e-03,-1.900135539472103119e-02,6.360113620758056641e-01,7.714435458183288574e-01,-2.653633058071136475e-01,8.068554103374481201e-02,2.469783574342727661e-01,5.920206308364868164e-01,-2.670266926288604736e-01,1.384767889976501465e-01,-2.704592943191528320e-01,-4.243160411715507507e-02,-2.931244969367980957e-01,5.226982831954956055e-01,-2.481959760189056396e-01,1.326087582856416702e-02,-2.299709059298038483e-02,0.000000000000000000e+00,0.000000000000000000e+00,1.337989512830972672e-02,5.270488560199737549e-02,-3.551099598407745361e-01,-2.487868666648864746e-01,-2.342368066310882568e-01,-5.476535111665725708e-02,-2.758527174592018127e-02,2.107559330761432648e-02,-8.353864401578903198e-02,4.864851236343383789e-01,-4.049192667007446289e-01,-2.479616180062294006e-02,6.167856045067310333e-03,8.153820037841796875e-02
5.071105062961578369e-02,1.299309916794300079e-02,8.458659648895263672e-01,-4.890500567853450775e-03,-2.426342852413654327e-02,6.254900693893432617e-01,7.798394560813903809e-01,-2.731618583202362061e-01,1.048765406012535095e-01,2.461429834365844727e-01,6.147644519805908203e-01,-2.359481304883956909e-01,1.379674673080444336e-01,-2.644829750061035156e-01,-1.342901587486267090e-02,-2.759627997875213623e-01,5.043001770973205566e-01,-2.528476119041442871e-01,1.121286395937204361e-02,-1.738974452018737793e-02,0.000000000000000000e+00,0.000000000000000000e+00,1.253121718764305115e-02,6.000662595033645630e-02,-3.567347228527069092e-01,-2.476415187120437622e-01,-2.327847033739089966e-01,-5.511270835995674133e-02,-2.518245019018650055e-02,1.892746612429618835e-02,-7.329595088958740234e-02,4.870124161243438721e-01,-4.077352583408355713e-01,-2.808956615626811981e-02,4.465845413506031036e-03,7.874032855033874512e-02
5.590186640620231628e-02,1.194866001605987549e-02,8.446189761161804199e-01,-9.904218837618827820e-03,-3.019913472235202789e-02,6.120339035987854004e-01,7.901926636695861816e-01,-2.889160811901092529e-01,1.259732991456985474e-01,2.299894690513610840e-01,6.443023085594177246e-01,-1.976854503154754639e-01,1.349236816167831421e-01,-2.589850425720214844e-01,1.805293560028076172e-02,-2.530542612075805664e-01,4.874976277351379395e-01,-2.548004388809204102e-01,8.045297116041183472e-03,-7.386801298707723618e-03,0.000000000000000000e+00,0.000000000000000000e+00,1.254471670836210251e-02,7.257158309221267700e-02,-3.569045662879943848e-01,-2.524976432323455811e-01,-2.323308289051055908e-01,-5.447718873620033264e-02,-2.258029207587242126e-02,1.643573865294456482e-02,-6.414864212274551392e-02,4.887469112873077393e-01,-4.133003950119018555e-01,-2.745254337787628174e-02,2.006882568821310997e-03,7.831057906150817871e-02
5.878954008221626282e-02,9.888832457363605499e-03,8.433251976966857910e-01,-1.439398992806673050e-02,-3.525224700570106506e-02,5.962827205657958984e-01,8.018709421157836914e-01,-3.162867426872253418e-01,1.342082321643829346e-01,1.910854727029800415e-01,6.798373460769653320e-01,-1.794559061527252197e-01,1.283309012651443481e-01,-2.579940855503082275e-01,4.564511403441429138e-02,-2.250078171491622925e-01,4.752444028854370117e-01,-2.547917068004608154e-01,4.981406033039093018e-03,5.612783599644899368e-03,0.000000000000000000e+00,0.000000000000000000e+00,1.139905676245689392e-02,7.743273675441741943e-02,-3.592441976070404053e-01,-2.572673559188842773e-01,-2.274080663919448853e-01,-5.308971926569938660e-02,-2.009378932416439056e-02,1.262887567281723022e-02,-5.826138332486152649e-02,4.978898167610168457e-01,-4.209642112255096436e-01,-2.725679799914360046e-02,1.364946248941123486e-03,7.723893225193023682e-02
5.843871459364891052e-02,8.826616220176219940e-03,8.422968983650207520e-01,-1.926046423614025116e-02,-4.040360078215599060e-02,5.797514319419860840e-01,8.135630488395690918e-01,-3.432447016239166260e-01,1.453566849231719971e-01,1.641098409891128540e-01,7.130053043365478516e-01,-1.617155075073242188e-01,1.199995875358581543e-01,-2.544610500335693359e-01,6.957489997148513794e-02,-1.975438743829727173e-01,4.592852294445037842e-01,-2.507340013980865479e-01,7.115170825272798538e-03,1.566794142127037048e-02,0.000000000000000000e+00,0.000000000000000000e+00,9.165677241981029510e-03,7.947070151567459106e-02,-3.615462183952331543e-01,-2.599733471870422363e-01,-2.228552401065826416e-01,-5.183400586247444153e-02,-2.144136279821395874e-02,7.698639761656522751e-03,-5.331251025199890137e-02,5.065811276435852051e-01,-4.269661605358123779e-01,-2.831816673278808594e-02,2.516722015570849180e-04,7.687406241893768311e-02
5.851349607110023499e-02,8.324437774717807770e-03,8.418340086936950684e-01,-2.202937938272953033e-02,-4.490138217806816101e-02,5.613175034523010254e-01,8.260878920555114746e-01,-3.646023869514465332e-01,1.529635190963745117e-01,1.389648020267486572e-01,7.353537082672119141e-01,-1.447600871324539185e-01,1.135941967368125916e-01,-2.489993870258331299e-01,9.147915989160537720e-02,-1.617895811796188354e-01,4.437949955463409424e-01,-2.439881116151809692e-01,1.300730928778648376e-02,2.354455552995204926e-02,0.000000000000000000e+00,0.000000000000000000e+00,6.393055897206068039e-03,8.130384236574172974e-02,-3.683350384235382080e-01,-2.647039294242858887e-01,-2.242528796195983887e-01,-5.219742283225059509e-02,-2.344363555312156677e-02,4.484267847146838903e-04,-5.165781080722808838e-02,5.178242325782775879e-01,-4.368779957294464111e-01,-2.321791090071201324e-02,1.283041667193174362e-03,7.656287401914596558e-02
6.002184376120567322e-02,6.699930410832166672e-03,8.417855501174926758e-01,-2.255028299987316132e-02,-4.818426072597503662e-02,5.404991507530212402e-01,8.396608829498291016e-01,-3.831281065940856934e-01,1.544751375913619995e-01,1.102991327643394470e-01,7.489507198333740234e-01,-1.335733532905578613e-01,1.076740175485610962e-01,-2.448157668113708496e-01,1.096510365605354309e-01,-1.261722743511199951e-01,4.317007660865783691e-01,-2.355065643787384033e-01,2.122804895043373108e-02,3.068127669394016266e-02,0.000000000000000000e+00,0.000000000000000000e+00,4.610532894730567932e-03,8.142264932394027710e-02,-3.796837329864501953e-01,-2.736912369728088379e-01,-2.249954342842102051e-01,-5.467008054256439209e-02,-2.481473051011562347e-02,-6.592277437448501587e-03,-5.118044465780258179e-02,5.309657454490661621e-01,-4.524397253990173340e-01,-2.255538664758205414e-02,8.618579013273119926e-04,7.449720054864883423e-02
5.985325574874877930e-02,7.066573482006788254e-03,8.422693014144897461e-01,-2.224668301641941071e-02,-4.995637759566307068e-02,5.176321268081665039e-01,8.538538813591003418e-01,-3.927189707756042480e-01,1.419990807771682739e-01,6.998128443956375122e-02,7.379651665687561035e-01,-1.323958039283752441e-01,9.931992739439010620e-02,-2.412133514881134033e-01,1.235475167632102966e-01,-8.293907344341278076e-02,4.209712147712707520e-01,-2.256021052598953247e-01,3.362813964486122131e-02,3.533219918608665466e-02,0.000000000000000000e+00,0.000000000000000000e+00,2.015090081840753555e-03,7.748576998710632324e-02,-3.922446072101593018e-01,-2.806124687194824219e-01,-2.284162789583206177e-01,-5.698372423648834229e-02,-2.279855497181415558e-02,-1.782850548624992371e-02,-5.472839996218681335e-02,5.478194952011108398e-01,-4.632040262222290039e-01,-1.519046071916818619e-02,-3.918854345101863146e-04,7.572035491466522217e-02
6.080444529652595520e-02,6.945695728063583374e-03,8.427855968475341797e-01,-1.969466917216777802e-02,-5.042185634374618530e-02,4.954071938991546631e-01,8.669725656509399414e-01,-3.959921300411224365e-01,1.191205456852912903e-01,2.223684638738632202e-02,7.146285772323608398e-01,-1.437642723321914673e-01,9.016207605600357056e-02,-2.418037801980972290e-01,1.342168003320693970e-01,-3.630242124199867249e-02,4.201952815055847168e-01,-2.203348875045776367e-01,4.575120285153388977e-02,3.457883372902870178e-02,0.000000000000000000e+00,0.000000000000000000e+00,-1.465353299863636494e-03,7.658679783344268799e-02,-4.067734777927398682e-01,-2.891553342342376709e-01,-2.307998538017272949e-01,-6.228635832667350769e-02,-1.926666498184204102e-02,-3.113313019275665283e-02,-5.997440218925476074e-02,5.699329972267150879e-01,-4.757885932922363281e-01,-2.545872703194618225e-03,-1.721463864669203758e-03,7.556798309087753296e-02
6.307873129844665527e-02,7.179075852036476135e-03,8.436709642410278320e-01,-1.677372492849826813e-02,-4.808290302753448486e-02,4.731469452381134033e-01,8.795104622840881348e-01,-3.949168920516967773e-01,8.618931472301483154e-02,-3.838416561484336853e-02,6.757993698120117188e-01,-1.540983766317367554e-01,7.515855133533477783e-02,-2.443632930517196655e-01,1.419395506381988525e-01,7.895762100815773010e-03,4.183622896671295166e-01,-2.183433920145034790e-01,5.859469249844551086e-02,3.167943656444549561e-02,0.000000000000000000e+00,0.000000000000000000e+00,-6.904317531734704971e-03,7.240663468837738037e-02,-4.252205491065979004e-01,-3.001064956188201904e-01,-2.327721565961837769e-01,-6.838159263134002686e-02,-1.808331906795501709e-02,-4.339792951941490173e-02,-6.501573324203491211e-02,5.930388569831848145e-01,-4.896867275238037109e-01,7.724107126705348492e-04,-2.075000666081905365e-03,8.086346089839935303e-02
6.315976381301879883e-02,9.985611774027347565e-03,8.443786501884460449e-01,-1.323973014950752258e-02,-4.538703709840774536e-02,4.536034464836120605e-01,8.899486660957336426e-01,-3.862767517566680908e-01,4.837873205542564392e-02,-1.043765619397163391e-01,6.297481060028076172e-01,-1.616027951240539551e-01,6.236489862203598022e-02,-2.504013180732727051e-01,1.442513614892959595e-01,5.092991888523101807e-02,4.269703626632690430e-01,-2.199799716472625732e-01,6.895061582326889038e-02,2.424307726323604584e-02,0.000000000000000000e+00,0.000000000000000000e+00,-1.365120057016611099e-02,6.295976042747497559e-02,-4.409690797328948975e-01,-3.077442646026611328e-01,-2.381556034088134766e-01,-7.131873071193695068e-02,-1.534381043165922165e-02,-5.425479263067245483e-02,-7.504992932081222534e-02,6.116574406623840332e-01,-4.970573186874389648e-01,8.821125142276287079e-03,-5.704440409317612648e-04,8.475302159786224365e-02
6.098521500825881958e-02,1.308253686875104904e-02,8.452385067939758301e-01,-9.670556522905826569e-03,-4.257146641612052917e-02,4.338325262069702148e-01,8.999352455139160156e-01,-3.731157183647155762e-01,7.147254422307014465e-03,-1.803999096155166626e-01,5.785428881645202637e-01,-1.620649248361587524e-01,5.030501633882522583e-02,-2.565849423408508301e-01,1.448972523212432861e-01,9.648181498050689697e-02,4.333609044551849365e-01,-2.216753810644149780e-01,7.812477648258209229e-02,1.502387784421443939e-02,0.000000000000000000e+00,0.000000000000000000e+00,-2.077236771583557129e-02,5.737246572971343994e-02,-4.588442742824554443e-01,-3.190107643604278564e-01,-2.436124086380004883e-01,-7.660955190658569336e-02,-1.534342579543590546e-02,-6.613339483737945557e-02,-8.789429068565368652e-02,6.293464303016662598e-01,-5.035117864608764648e-01,1.754853501915931702e-02,8.445717394351959229e-04,8.835430443286895752e-02
5.867664888501167297e-02,1.752445660531520844e-02,8.459098935127258301e-01,-7.127936929464340210e-03,-3.970245271921157837e-02,4.131289124488830566e-01,9.097787737846374512e-01,-3.586532175540924072e-01,-2.614055760204792023e-02,-2.550868988037109375e-01,5.360478162765502930e-01,-1.576581150293350220e-01,4.153950139880180359e-02,-2.618642449378967285e-01,1.476263552904129028e-01,1.461422443389892578e-01,4.380375444889068604e-01,-2.246486693620681763e-01,8.641119301319122314e-02,5.529918707907199860e-03,0.000000000000000000e+00,0.000000000000000000e+00,-2.708164416253566742e-02,5.272166803479194641e-02,-4.768415093421936035e-01,-3.279817700386047363e-01,-2.464735954999923706e-01,-7.985478639602661133e-02,-1.254925131797790527e-02,-7.576043903827667236e-02,-9.561813622713088989e-02,6.439799666404724121e-01,-5.046744942665100098e-01,2.619118988513946533e-02,1.030089217238128185e-03,8.802656829357147217e-02
5.453813821077346802e-02,2.230788767337799072e-02,8.462855219841003418e-01,-5.092391744256019592e-03,-3.618201985955238342e-02,3.928406834602355957e-01,9.188803434371948242e-01,-3.433752357959747314e-01,-4.853543639183044434e-02,-3.010346293449401855e-01,4.933394789695739746e-01,-1.485876291990280151e-01,3.527719527482986450e-02,-2.718813717365264893e-01,1.495583504438400269e-01,1.955908238887786865e-01,4.472017884254455566e-01,-2.255348265171051025e-01,9.275972843170166016e-02,-8.989151567220687866e-03,0.000000000000000000e+00,0.000000000000000000e+00,-3.523670509457588196e-02,5.134540051221847534e-02,-4.917028546333312988e-01,-3.409900963306427002e-01,-2.505404651165008545e-01,-8.429142087697982788e-02,-1.675742864608764648e-02,-8.222623169422149658e-02,-1.055446118116378784e-01,6.598975062370300293e-01,-5.145245790481567383e-01,3.562431782484054565e-02,1.843517762608826160e-03,9.803070873022079468e-02
4.944146052002906799e-02,2.625980786979198456e-02,8.466454148292541504e-01,-4.411234986037015915e-03,-3.291572257876396179e-02,3.725877404212951660e-01,9.274025559425354004e-01,-3.300049602985382080e-01,-6.195697188377380371e-02,-3.316654264926910400e-01,4.551814794540405273e-01,-1.373159438371658325e-01,3.350859135389328003e-02,-2.788501381874084473e-01,1.522334069013595581e-01,2.417640388011932373e-01,4.456430375576019287e-01,-2.224163115024566650e-01,9.855280071496963501e-02,-2.432415075600147247e-02,0.000000000000000000e+00,0.000000000000000000e+00,-4.288077726960182190e-02,5.197659879922866821e-02,-5.100981593132019043e-01,-3.482307195663452148e-01,-2.562433183193206787e-01,-8.758672326803207397e-02,-2.604534104466438293e-02,-8.894367516040802002e-02,-1.110478937625885010e-01,6.749386787414550781e-01,-5.215372443199157715e-01,4.639976471662521362e-02,6.080431863665580750e-03,1.106099635362625122e-01
4.518339782953262329e-02,3.324501961469650269e-02,8.469780683517456055e-01,-5.721262190490961075e-03,-2.888736315071582794e-02,3.514353632926940918e-01,9.357488751411437988e-01,-3.238413035869598389e-01,-6.614120304584503174e-02,-3.270571827888488770e-01,4.366148710250854492e-01,-1.380773931741714478e-01,3.950609639286994934e-02,-2.838033139705657959e-01,1.545705646276473999e-01,2.841084897518157959e-01,4.394461214542388916e-01,-2.181376814842224121e-01,1.050204560160636902e-01,-3.588157519698143005e-02,0.000000000000000000e+00,0.000000000000000000e+00,-5.158225074410438538e-02,5.218094214797019958e-02,-5.206333398818969727e-01,-3.546391427516937256e-01,-2.525326907634735107e-01,-9.064605832099914551e-02,-3.157767280936241150e-02,-9.168018400669097900e-02,-1.117388308048248291e-01,6.765541434288024902e-01,-5.213611721992492676e-01,5.236247554421424866e-02,7.031419780105352402e-03,1.093708723783493042e-01
3.751973435282707214e-02,3.897531330585479736e-02,8.476449251174926758e-01,-6.870627403259277344e-03,-2.586992457509040833e-02,3.306904733180999756e-01,9.433596134185791016e-01,-3.198036551475524902e-01,-6.403172016143798828e-02,-3.026144802570343018e-01,4.196223020553588867e-01,-1.370749175548553467e-01,4.628518596291542053e-02,-2.862874865531921387e-01,1.522464305162429810e-01,3.204609751701354980e-01,4.230593442916870117e-01,-2.028428465127944946e-01,1.130504906177520752e-01,-4.823687672615051270e-02,0.000000000000000000e+00,0.000000000000000000e+00,-6.003319844603538513e-02,5.267704278230667114e-02,-5.345953702926635742e-01,-3.550338447093963623e-01,-2.519986331462860107e-01,-9.334908425807952881e-02,-3.444328531622886658e-02,-9.712444245815277100e-02,-1.126259714365005493e-01,6.791873574256896973e-01,-5.153663754463195801e-01,5.734540894627571106e-02,8.188276551663875580e-03,1.098824366927146912e-01
3.055956959724426270e-02,4.454655200242996216e-02,8.486341238021850586e-01,-7.307073101401329041e-03,-2.281356602907180786e-02,3.128933310508728027e-01,9.494861364364624023e-01,-3.142780661582946777e-01,-5.860547348856925964e-02,-2.632972896099090576e-01,3.986934423446655273e-01,-1.343390941619873047e-01,5.392804741859436035e-02,-2.880356311798095703e-01,1.454493552446365356e-01,3.444485664367675781e-01,4.052887558937072754e-01,-1.825501322746276855e-01,1.204046681523323059e-01,-6.371172517538070679e-02,0.000000000000000000e+00,0.000000000000000000e+00,-7.043787837028503418e-02,5.178165808320045471e-02,-5.567359328269958496e-01,-3.495799303054809570e-01,-2.616001963615417480e-01,-9.242532402276992798e-02,-4.322659596800804138e-02,-1.032299995422363281e-01,-1.092992201447486877e-01,6.838920712471008301e-01,-4.966282248497009277e-01,6.415155529975891113e-02,1.010560151189565659e-02,1.106735318899154663e-01
2.637053281068801880e-02,5.035355314612388611e-02,8.500624299049377441e-01,-7.026078645139932632e-03,-1.685743965208530426e-02,2.954782545566558838e-01,9.551748633384704590e-01,-3.061663210391998291e-01,-5.359962955117225647e-02,-2.224241048097610474e-01,3.686277270317077637e-01,-1.244189888238906860e-01,5.905864387750625610e-02,-2.939321994781494141e-01,1.349267661571502686e-01,3.564049601554870605e-01,3.889029324054718018e-01,-1.630984693765640259e-01,1.295484602451324463e-01,-7.730330526828765869e-02,0.000000000000000000e+00,0.000000000000000000e+00,-7.890526950359344482e-02,4.826083779335021973e-02,-5.711116790771484375e-01,-3.431340456008911133e-01,-2.660978436470031738e-01,-9.362439811229705811e-02,-5.036498233675956726e-02,-1.038883775472640991e-01,-1.101746410131454468e-01,6.819279193878173828e-01,-4.884710907936096191e-01,6.082684174180030823e-02,1.210360229015350342e-02,1.140614226460456848e-01
1.608501747250556946e-02,5.718907341361045837e-02,8.512294292449951172e-01,-6.469379179179668427e-03,-1.439348701387643814e-02,2.794989049434661865e-01,9.600163102149963379e-01,-2.944807112216949463e-01,-5.332091450691223145e-02,-1.833681315183639526e-01,3.332728147506713867e-01,-1.090386807918548584e-01,6.336432695388793945e-02,-3.002958893775939941e-01,1.181850284337997437e-01,3.541421592235565186e-01,3.740825355052947998e-01,-1.305988878011703491e-01,1.410141438245773315e-01,-9.435328096151351929e-02,0.000000000000000000e+00,0.000000000000000000e+00,-8.249766379594802856e-02,4.555957764387130737e-02,-5.905361175537109375e-01,-3.418578505516052246e-01,-2.837898731231689453e-01,-9.472358971834182739e-02,-5.533985048532485962e-02,-1.052239909768104553e-01,-1.109165623784065247e-01,6.851276755332946777e-01,-4.782605767250061035e-01,7.008394598960876465e-02,1.634285040199756622e-02,1.175190210342407227e-01
9.950549341738224030e-03,6.514372676610946655e-02,8.524656295776367188e-01,-5.181556567549705505e-03,-9.744937531650066376e-03,2.645504176616668701e-01,9.643086791038513184e-01,-2.793496251106262207e-01,-5.503835529088973999e-02,-1.444098502397537231e-01,2.923129200935363770e-01,-9.311695396900177002e-02,6.438324600458145142e-02,-3.105858862400054932e-01,9.881000220775604248e-02,3.356240987777709961e-01,3.660312592983245850e-01,-1.063398644328117371e-01,1.479707956314086914e-01,-1.067907884716987610e-01,0.000000000000000000e+00,0.000000000000000000e+00,-8.861105144023895264e-02,4.214834794402122498e-02,-6.074783802032470703e-01,-3.405523002147674561e-01,-2.965694367885589600e-01,-9.931064397096633911e-02,-6.026520952582359314e-02,-1.039219573140144348e-01,-1.099061220884323120e-01,6.857117414474487305e-01,-4.683842957019805908e-01,7.031150162220001221e-02,1.514014042913913727e-02,1.174998581409454346e-01
4.027177114039659500e-03,7.300092279911041260e-02,8.534418940544128418e-01,-2.824072260409593582e-03,-4.647128749638795853e-03,2.489426732063293457e-01,9.685029387474060059e-01,-2.576839327812194824e-01,-5.930538848042488098e-02,-1.057309061288833618e-01,2.379470765590667725e-01,-7.122920453548431396e-02,6.496755778789520264e-02,-3.265211880207061768e-01,7.450813055038452148e-02,2.957850694656372070e-01,3.649740517139434814e-01,-8.493722975254058838e-02,1.518351435661315918e-01,-1.177805811166763306e-01,0.000000000000000000e+00,0.000000000000000000e+00,-9.459510445594787598e-02,3.792410343885421753e-02,-6.238605380058288574e-01,-3.403441607952117920e-01,-3.109030127525329590e-01,-1.033905893564224243e-01,-6.518005579710006714e-02,-1.026856377720832825e-01,-1.082597151398658752e-01,6.851350069046020508e-01,-4.600586593151092529e-01,7.198989391326904297e-02,1.428443845361471176e-02,1.168882399797439575e-01
-2.523993840441107750e-03,7.956749945878982544e-02,8.532743453979492188e-01,-5.908781313337385654e-04,-9.480220614932477474e-04,2.324563562870025635e-01,9.726061820983886719e-01,-2.530578374862670898e-01,-6.442029029130935669e-02,-6.376071274280548096e-02,2.185520678758621216e-01,-6.632006168365478516e-02,6.772781163454055786e-02,-3.504802882671356201e-01,4.784066230058670044e-02,2.328845411539077759e-01,3.811900615692138672e-01,-7.452964037656784058e-02,1.445090025663375854e-01,-1.274245083332061768e-01,0.000000000000000000e+00,0.000000000000000000e+00,-9.318213164806365967e-02,3.278115019202232361e-02,-6.309536099433898926e-01,-3.374382853507995605e-01,-3.210619688034057617e-01,-1.051340773701667786e-01,-6.341344863176345825e-02,-1.005732193589210510e-01,-9.834667295217514038e-02,6.832662820816040039e-01,-4.450516402721405029e-01,7.813847810029983521e-02,1.070718560367822647e-02,1.065277978777885437e-01
-9.456540457904338837e-03,8.353111892938613892e-02,8.528168797492980957e-01,2.776581794023513794e-03,1.255807932466268539e-03,2.173311114311218262e-01,9.760931730270385742e-01,-2.411827892065048218e-01,-6.977046281099319458e-02,-2.711033634841442108e-02,1.866221427917480469e-01,-5.306883156299591064e-02,7.170481234788894653e-02,-3.758049309253692627e-01,1.308810152113437653e-02,1.494625359773635864e-01,4.095990955829620361e-01,-7.248899340629577637e-02,1.314411610364913940e-01,-1.367576271295547485e-01,0.000000000000000000e+00,0.000000000000000000e+00,-9.373465925455093384e-02,3.028332442045211792e-02,-6.414165496826171875e-01,-3.383327126502990723e-01,-3.358836472034454346e-01,-1.064013242721557617e-01,-6.343849748373031616e-02,-1.009188219904899597e-01,-9.472852945327758789e-02,6.848689913749694824e-01,-4.351424872875213623e-01,8.748251199722290039e-02,9.990965016186237335e-03,1.055830866098403931e-01
-1.327693089842796326e-02,8.704605698585510254e-02,8.524948358535766602e-01,6.666142493486404419e-03,4.791093058884143829e-03,2.012912631034851074e-01,9.794970154762268066e-01,-2.206253856420516968e-01,-7.530409097671508789e-02,9.778140112757682800e-03,1.390387564897537231e-01,-3.689636662602424622e-02,7.254355400800704956e-02,-3.996123373508453369e-01,-2.783222123980522156e-02,5.510965362191200256e-02,4.464296698570251465e-01,-8.863317966461181641e-02,1.135988682508468628e-01,-1.401685923337936401e-01,0.000000000000000000e+00,0.000000000000000000e+00,-9.229815751314163208e-02,3.034803830087184906e-02,-6.435881257057189941e-01,-3.396538794040679932e-01,-3.470407724380493164e-01,-1.088658943772315979e-01,-6.996690481901168823e-02,-1.005941405892372131e-01,-9.211397916078567505e-02,6.789870262145996094e-01,-4.302269816398620605e-01,9.179951250553131104e-02,6.084829568862915039e-03,1.047644242644309998e-01
-1.720797643065452576e-02,8.952183276414871216e-02,8.516322374343872070e-01,1.110632810741662979e-02,7.071112282574176788e-03,1.874892413616180420e-01,9.821783900260925293e-01,-1.983926594257354736e-01,-8.325191587209701538e-02,3.883138671517372131e-02,9.033567458391189575e-02,-1.683762855827808380e-02,7.694490998983383179e-02,-4.170918166637420654e-01,-6.290070712566375732e-02,-1.815923117101192474e-02,4.892495870590209961e-01,-1.058018729090690613e-01,9.889518469572067261e-02,-1.477407068014144897e-01,0.000000000000000000e+00,0.000000000000000000e+00,-9.079059213399887085e-02,2.909900620579719543e-02,-6.421387195587158203e-01,-3.395309746265411377e-01,-3.519537746906280518e-01,-1.097767502069473267e-01,-7.098546624183654785e-02,-1.007645130157470703e-01,-9.182096272706985474e-02,6.738791465759277344e-01,-4.245714247226715088e-01,9.166737645864486694e-02,7.076826877892017365e-03,1.054268777370452881e-01
-1.944138295948505402e-02,9.261006116867065430e-02,8.510349392890930176e-01,1.395142357796430588e-02,9.959968738257884979e-03,1.715396791696548462e-01,9.850280880928039551e-01,-1.759022921323776245e-01,-8.895169943571090698e-02,7.202057540416717529e-02,4.202140867710113525e-02,-1.022538403049111366e-03,7.794722914695739746e-02,-4.257893264293670654e-01,-9.151112288236618042e-02,-8.577234297990798950e-02,5.162888169288635254e-01,-1.287694275379180908e-01,8.810486644506454468e-02,-1.478799283504486084e-01,0.000000000000000000e+00,0.000000000000000000e+00,-8.800968527793884277e-02,2.744326926767826080e-02,-6.357549428939819336e-01,-3.328204154968261719e-01,-3.552936315536499023e-01,-1.102049499750137329e-01,-8.081469684839248657e-02,-1.016976386308670044e-01,-8.867115527391433716e-02,6.650624871253967285e-01,-4.160865247249603271e-01,8.629806339740753174e-02,4.416837356984615326e-03,1.057597398757934570e-01
-2.133482508361339569e-02,9.387380629777908325e-02,8.502569794654846191e-01,1.700296439230442047e-02,1.235253363847732544e-02,1.554927825927734375e-01,9.876134395599365234e-01,-1.580783128738403320e-01,-9.402446448802947998e-02,1.026818901300430298e-01,3.510244423523545265e-03,1.008778810501098633e-02,7.917904853820800781e-02,-4.305800497531890869e-01,-1.111082881689071655e-01,-1.360053569078445435e-01,5.402175188064575195e-01,-1.496609449386596680e-01,8.118288218975067139e-02,-1.477847695350646973e-01,0.000000000000000000e+00,0.000000000000000000e+00,-8.245229721069335938e-02,2.942192554473876953e-02,-6.305603384971618652e-01,-3.281895220279693604e-01,-3.590422272682189941e-01,-1.129152104258537292e-01,-9.207197278738021851e-02,-1.045448854565620422e-01,-8.665505796670913696e-02,6.596781015396118164e-01,-4.096926450729370117e-01,8.731151372194290161e-02,2.728319494053721428e-03,1.098837107419967651e-01
-2.505483478307723999e-02,9.499812126159667969e-02,8.498271107673645020e-01,1.884528622031211853e-02,1.194908842444419861e-02,1.380517780780792236e-01,9.901736378669738770e-01,-1.554473638534545898e-01,-9.567016363143920898e-02,1.371256262063980103e-01,1.106771669583395123e-04,6.927998736500740051e-03,7.970083504915237427e-02,-4.269772469997406006e-01,-1.222419440746307373e-01,-1.740983277559280396e-01,5.489603877067565918e-01,-1.702834963798522949e-01,7.520817965269088745e-02,-1.462069302797317505e-01,0.000000000000000000e+00,0.000000000000000000e+00,-7.794833928346633911e-02,2.890056744217872620e-02,-6.226649284362792969e-01,-3.179801702499389648e-01,-3.603113293647766113e-01,-1.113664358854293823e-01,-9.560607373714447021e-02,-1.076953560113906860e-01,-8.224210143089294434e-02,6.589100956916809082e-01,-4.039948880672454834e-01,8.755276352167129517e-02,2.278004307299852371e-03,1.089686974883079529e-01
-2.723786607384681702e-02,9.591826051473617554e-02,8.500948548316955566e-01,1.850432716310024261e-02,1.277280226349830627e-02,1.198459267616271973e-01,9.925378561019897461e-01,-1.555516272783279419e-01,-9.141456335783004761e-02,1.756725460290908813e-01,2.609778837481258051e-09,-9.781068656593561172e-04,7.770977914333343506e-02,-4.152321517467498779e-01,-1.233936473727226257e-01,-2.033876627683639526e-01,5.341401100158691406e-01,-1.855715960264205933e-01,7.301069796085357666e-02,-1.398908942937850952e-01,0.000000000000000000e+00,0.000000000000000000e+00,-7.046909630298614502e-02,3.073259815573692322e-02,-6.122483611106872559e-01,-3.110975623130798340e-01,-3.537227511405944824e-01,-1.105875447392463684e-01,-1.080998256802558899e-01,-1.118665859103202820e-01,-7.680165022611618042e-02,6.601222753524780273e-01,-4.018191695213317871e-01,8.808335661888122559e-02,1.457793754525482655e-03,1.116045936942100525e-01
-2.796101011335849762e-02,9.649051725864410400e-02,8.509018421173095703e-01,1.631281338632106781e-02,1.378976646810770035e-02,1.016684100031852722e-01,9.945889711380004883e-01,-1.548838913440704346e-01,-8.272378891706466675e-02,2.111671417951583862e-01,2.664494846982279341e-09,-7.584250997751951218e-03,7.640165835618972778e-02,-3.959280550479888916e-01,-1.168956160545349121e-01,-2.298277765512466431e-01,4.989852011203765869e-01,-1.928452998399734497e-01,7.472086697816848755e-02,-1.308543980121612549e-01,0.000000000000000000e+00,0.000000000000000000e+00,-6.250527501106262207e-02,3.474657237529754639e-02,-6.031772494316101074e-01,-3.062319159507751465e-01,-3.490382730960845947e-01,-1.093596518039703369e-01,-1.171553656458854675e-01,-1.156092807650566101e-01,-6.739789247512817383e-02,6.596428155899047852e-01,-3.988542556762695312e-01,8.569139242172241211e-02,3.031902713701128960e-03,1.174095273017883301e-01
-2.942874282598495483e-02,9.464788436889648438e-02,8.521724939346313477e-01,1.250552199780941010e-02,1.375773735344409943e-02,8.266039937734603882e-02,9.964043498039245605e-01,-1.533512622117996216e-01,-6.776907294988632202e-02,2.471677064895629883e-01,3.899851435562595725e-05,-1.114282198250293732e-02,7.519365847110748291e-02,-3.714203238487243652e-01,-9.828326851129531860e-02,-2.413394451141357422e-01,4.446761906147003174e-01,-1.919761598110198975e-01,7.842873036861419678e-02,-1.189867928624153137e-01,0.000000000000000000e+00,0.000000000000000000e+00,-5.980945751070976257e-02,3.824210166931152344e-02,-5.922747254371643066e-01,-2.944991290569305420e-01,-3.368798494338989258e-01,-1.066458001732826233e-01,-1.234440729022026062e-01,-1.186065897345542908e-01,-5.322271957993507385e-02,6.614378094673156738e-01,-3.933700323104858398e-01,8.168253302574157715e-02,2.414280548691749573e-03,1.232790946960449219e-01
-2.900321595370769501e-02,9.239665418863296509e-02,8.534514904022216797e-01,9.365582838654518127e-03,1.527748070657253265e-02,6.248688697814941406e-02,9.978849291801452637e-01,-1.518032997846603394e-01,-5.329977348446846008e-02,2.817132472991943359e-01,8.976720710052177310e-05,-1.436564791947603226e-02,7.534107565879821777e-02,-3.498089313507080078e-01,-7.796687632799148560e-02,-2.465485781431198120e-01,3.907807469367980957e-01,-1.911914795637130737e-01,8.200667798519134521e-02,-1.037477850914001465e-01,0.000000000000000000e+00,0.000000000000000000e+00,-5.870022252202033997e-02,3.984968364238739014e-02,-5.812281966209411621e-01,-2.831676900386810303e-01,-3.199270069599151611e-01,-1.049474999308586121e-01,-1.236170157790184021e-01,-1.190143823623657227e-01,-3.988039121031761169e-02,6.606925725936889648e-01,-3.910502791404724121e-01,7.268044352531433105e-02,-2.147127524949610233e-04,1.215924918651580811e-01
-3.028544597327709198e-02,8.964070677757263184e-02,8.545444011688232422e-01,6.311113946139812469e-03,1.504808664321899414e-02,4.493593424558639526e-02,9.988566040992736816e-01,-1.535517424345016479e-01,-3.700154274702072144e-02,3.083061277866363525e-01,9.294911287724971771e-03,-1.713926717638969421e-02,7.920604944229125977e-02,-3.218502104282379150e-01,-5.406262353062629700e-02,-2.426738440990447998e-01,3.224766254425048828e-01,-1.734437644481658936e-01,8.112992346286773682e-02,-9.093140810728073120e-02,0.000000000000000000e+00,0.000000000000000000e+00,-6.255033612251281738e-02,4.291978850960731506e-02,-5.777172446250915527e-01,-2.785283923149108887e-01,-3.122763633728027344e-01,-1.039878204464912415e-01,-1.177391558885574341e-01,-1.241189092397689819e-01,-2.853216417133808136e-02,6.661475896835327148e-01,-3.849985301494598389e-01,7.113607227802276611e-02,-2.055303659290075302e-03,1.236164793372154236e-01
-2.977400459349155426e-02,8.476083725690841675e-02,8.549574613571166992e-01,6.038669031113386154e-03,1.460398454219102859e-02,3.269102424383163452e-02,9.993405342102050781e-01,-1.588176935911178589e-01,-2.431103587150573730e-02,3.227396607398986816e-01,2.825279347598552704e-02,-2.556709386408329010e-02,8.072531968355178833e-02,-3.049471676349639893e-01,-3.777314722537994385e-02,-2.341749370098114014e-01,2.829225659370422363e-01,-1.656284928321838379e-01,7.925003021955490112e-02,-8.461083471775054932e-02,0.000000000000000000e+00,0.000000000000000000e+00,-6.275717169046401978e-02,4.312661290168762207e-02,-5.696328878402709961e-01,-2.766092717647552490e-01,-3.020497858524322510e-01,-1.055873408913612366e-01,-1.141651272773742676e-01,-1.267460584640502930e-01,-2.067728526890277863e-02,6.691861748695373535e-01,-3.858752846717834473e-01,7.008908689022064209e-02,-5.196460057049989700e-03,1.184479147195816040e-01
-3.012026287615299225e-02,7.871676236391067505e-02,8.548571467399597168e-01,7.148270029574632645e-03,1.354562491178512573e-02,2.251328155398368835e-02,9.996291995048522949e-01,-1.683695018291473389e-01,-1.207769196480512619e-02,3.336223065853118896e-01,5.576477199792861938e-02,-3.511549159884452820e-02,8.171050995588302612e-02,-2.979122996330261230e-01,-2.637615427374839783e-02,-2.251288592815399170e-01,2.647913396358489990e-01,-1.648529767990112305e-01,7.698284089565277100e-02,-8.050660789012908936e-02,0.000000000000000000e+00,0.000000000000000000e+00,-6.288637965917587280e-02,4.259097203612327576e-02,-5.634328126907348633e-01,-2.767154574394226074e-01,-2.979786992073059082e-01,-1.063466146588325500e-01,-1.081883385777473450e-01,-1.316017955541610718e-01,-1.491456758230924606e-02,6.726272702217102051e-01,-3.855422735214233398e-01,7.179062813520431519e-02,-7.215596269816160202e-03,1.130890399217605591e-01
-3.030952438712120056e-02,7.315145432949066162e-02,8.545485734939575195e-01,8.536295965313911438e-03,1.196287572383880615e-02,1.116280537098646164e-02,9.998297095298767090e-01,-1.799097806215286255e-01,8.856346830725669861e-04,3.454248905181884766e-01,9.084169566631317139e-02,-4.614393413066864014e-02,8.354106545448303223e-02,-2.949431538581848145e-01,-1.705993339419364929e-02,-2.156922668218612671e-01,2.569759786128997803e-01,-1.667470037937164307e-01,7.673097401857376099e-02,-7.627756148576736450e-02,0.000000000000000000e+00,0.000000000000000000e+00,-6.294326484203338623e-02,4.166262224316596985e-02,-5.599802136421203613e-01,-2.784732282161712646e-01,-2.950687110424041748e-01,-1.078524589538574219e-01,-1.013868898153305054e-01,-1.372761875391006470e-01,-1.132840197533369064e-02,6.772738099098205566e-01,-3.851793706417083740e-01,7.136965543031692505e-02,-8.749678730964660645e-03,1.105745881795883179e-01
-3.040179423987865448e-02,6.795017421245574951e-02,8.540345430374145508e-01,8.710271678864955902e-03,1.017209328711032867e-02,-1.447019516490399837e-03,9.999092817306518555e-01,-2.023691684007644653e-01,2.073859237134456635e-02,3.567153513431549072e-01,1.497367918491363525e-01,-6.243149191141128540e-02,8.581365644931793213e-02,-2.907429933547973633e-01,-4.908377770334482193e-03,-2.042180597782135010e-01,2.476463913917541504e-01,-1.655424833297729492e-01,7.674237340688705444e-02,-7.041379809379577637e-02,0.000000000000000000e+00,0.000000000000000000e+00,-6.328181177377700806e-02,4.397135227918624878e-02,-5.554167628288269043e-01,-2.807785868644714355e-01,-2.902283370494842529e-01,-1.087585166096687317e-01,-9.716977924108505249e-02,-1.425873786211013794e-01,-8.656181395053863525e-03,6.818703413009643555e-01,-3.875955641269683838e-01,7.152870297431945801e-02,-9.516804479062557220e-03,1.116093769669532776e-01
-3.066370449960231781e-02,6.228353083133697510e-02,8.529074192047119141e-01,6.906582508236169815e-03,7.854783907532691956e-03,-1.365274190902709961e-02,9.998521208763122559e-01,-2.338044941425323486e-01,4.906940832734107971e-02,3.655570149421691895e-01,2.261169701814651489e-01,-7.621270418167114258e-02,8.581119030714035034e-02,-2.861511111259460449e-01,1.144427061080932617e-02,-1.922384798526763916e-01,2.399857193231582642e-01,-1.630127131938934326e-01,7.651491463184356689e-02,-6.171405315399169922e-02,0.000000000000000000e+00,0.000000000000000000e+00,-6.360290199518203735e-02,4.831540212035179138e-02,-5.487116575241088867e-01,-2.829062044620513916e-01,-2.838132679462432861e-01,-1.095191836357116699e-01,-9.284834563732147217e-02,-1.470583677291870117e-01,-2.685176441445946693e-03,6.862589120864868164e-01,-3.898819088935852051e-01,7.243204861879348755e-02,-1.062670722603797913e-02,1.138931140303611755e-01
-3.030277788639068604e-02,5.660878121852874756e-02,8.513388633728027344e-01,2.640821738168597221e-03,6.561687216162681580e-03,-2.789710275828838348e-02,9.995857477188110352e-01,-2.679538130760192871e-01,8.229610323905944824e-02,3.685449361801147461e-01,3.015447258949279785e-01,-7.731188833713531494e-02,8.294833451509475708e-02,-2.793318331241607666e-01,3.474155813455581665e-02,-1.742366850376129150e-01,2.255199402570724487e-01,-1.569912582635879517e-01,7.641293108463287354e-02,-5.091411620378494263e-02,0.000000000000000000e+00,0.000000000000000000e+00,-6.415838748216629028e-02,5.691925436258316040e-02,-5.404646396636962891e-01,-2.860842049121856689e-01,-2.780554294586181641e-01,-1.091801077127456665e-01,-8.681180328130722046e-02,-1.495730429887771606e-01,7.609100546687841415e-03,6.862826943397521973e-01,-3.945678174495697021e-01,7.174004614353179932e-02,-1.155573967844247818e-02,1.179760247468948364e-01
-2.857319079339504242e-02,5.163146927952766418e-02,8.498222231864929199e-01,-2.425066428259015083e-03,5.349616520106792450e-03,-4.364823922514915466e-02,9.990296959877014160e-01,-3.012026250362396240e-01,1.078856438398361206e-01,3.507739603519439697e-01,3.659162819385528564e-01,-7.468562573194503784e-02,7.291145622730255127e-02,-2.673577368259429932e-01,5.977294594049453735e-02,-1.520614773035049438e-01,2.040073275566101074e-01,-1.464113295078277588e-01,7.588759809732437134e-02,-3.631578385829925537e-02,0.000000000000000000e+00,0.000000000000000000e+00,-6.569748371839523315e-02,6.434684246778488159e-02,-5.327667593955993652e-01,-2.885605394840240479e-01,-2.701934576034545898e-01,-1.091324612498283386e-01,-8.312135934829711914e-02,-1.525307893753051758e-01,1.885838434100151062e-02,6.857450008392333984e-01,-3.954725265502929688e-01,7.473548501729965210e-02,-1.196085661649703979e-02,1.236281022429466248e-01
-2.586630918085575104e-02,4.731494933366775513e-02,8.488927483558654785e-01,-5.826435983180999756e-03,4.684551618993282318e-03,-6.319441646337509155e-02,9.979732036590576172e-01,-3.400205373764038086e-01,1.163399592041969299e-01,3.041501939296722412e-01,4.260658323764801025e-01,-9.123889356851577759e-02,5.924612283706665039e-02,-2.535226941108703613e-01,8.229856193065643311e-02,-1.209947541356086731e-01,1.788453757762908936e-01,-1.341839879751205444e-01,7.607328146696090698e-02,-1.858023367822170258e-02,0.000000000000000000e+00,0.000000000000000000e+00,-6.540541350841522217e-02,6.458482891321182251e-02,-5.254705548286437988e-01,-2.900045216083526611e-01,-2.614138424396514893e-01,-1.085020378232002258e-01,-7.614248245954513550e-02,-1.538909077644348145e-01,2.818731777369976044e-02,6.829192042350769043e-01,-3.966613411903381348e-01,6.809336692094802856e-02,-1.274460926651954651e-02,1.238545179367065430e-01
-2.369989268481731415e-02,4.309570416808128357e-02,8.480566143989562988e-01,-8.465916849672794342e-03,4.051232244819402695e-03,-8.180773258209228516e-02,9.966039657592773438e-01,-3.782725334167480469e-01,1.210887730121612549e-01,2.598916590213775635e-01,4.822410941123962402e-01,-1.082624644041061401e-01,5.282302573323249817e-02,-2.409666776657104492e-01,1.017580851912498474e-01,-9.077588468790054321e-02,1.568560898303985596e-01,-1.220577061176300049e-01,7.758436352014541626e-02,-1.934833708219230175e-03,0.000000000000000000e+00,0.000000000000000000e+00,-6.693895161151885986e-02,6.501534581184387207e-02,-5.216894745826721191e-01,-2.914544045925140381e-01,-2.589130699634552002e-01,-1.084128692746162415e-01,-7.255999743938446045e-02,-1.564162224531173706e-01,3.400036320090293884e-02,6.822144985198974609e-01,-4.007442891597747803e-01,6.690244376659393311e-02,-1.133170351386070251e-02,1.305462270975112915e-01
-2.288567274808883667e-02,4.131913930177688599e-02,8.476656079292297363e-01,-1.036093756556510925e-02,2.901096828281879425e-03,-9.866984933614730835e-02,9.950620532035827637e-01,-4.025641977787017822e-01,1.208799034357070923e-01,2.271530628204345703e-01,5.133358240127563477e-01,-1.201926469802856445e-01,5.050291121006011963e-02,-2.246135324239730835e-01,1.158737018704414368e-01,-6.079992651939392090e-02,1.274824440479278564e-01,-1.037513166666030884e-01,8.081735670566558838e-02,9.111595340073108673e-03,0.000000000000000000e+00,0.000000000000000000e+00,-6.705593317747116089e-02,6.451414525508880615e-02,-5.154310464859008789e-01,-2.915723919868469238e-01,-2.595717906951904297e-01,-1.086491048336029053e-01,-7.435470074415206909e-02,-1.615815758705139160e-01,3.454064577817916870e-02,6.811255216598510742e-01,-4.050805568695068359e-01,6.780882924795150757e-02,-9.175037965178489685e-03,1.364626139402389526e-01
-2.064984850585460663e-02,3.988520056009292603e-02,8.475160002708435059e-01,-1.173067465424537659e-02,3.029405372217297554e-03,-1.148137003183364868e-01,9.933131337165832520e-01,-4.241287708282470703e-01,1.156955063343048096e-01,1.965478360652923584e-01,5.338277816772460938e-01,-1.296216249465942383e-01,4.626933857798576355e-02,-2.084209322929382324e-01,1.271841078996658325e-01,-3.168897330760955811e-02,9.766630083322525024e-02,-8.628982305526733398e-02,8.556897193193435669e-02,1.793248578906059265e-02,0.000000000000000000e+00,0.000000000000000000e+00,-6.652109324932098389e-02,6.109062582254409790e-02,-5.095324516296386719e-01,-2.928252220153808594e-01,-2.555584013462066650e-01,-1.101390570402145386e-01,-7.443193346261978149e-02,-1.654171496629714966e-01,3.339830785989761353e-02,6.814737319946289062e-01,-4.083725214004516602e-01,6.486722826957702637e-02,-7.050646468997001648e-03,1.413042545318603516e-01
-1.871520094573497772e-02,4.040084034204483032e-02,8.482367396354675293e-01,-1.006129104644060135e-02,1.928454381413757801e-03,-1.302974075078964233e-01,9.914220571517944336e-01,-4.335342645645141602e-01,9.186880290508270264e-02,1.490423977375030518e-01,5.162434577941894531e-01,-1.369832307100296021e-01,3.899128362536430359e-02,-1.820359826087951660e-01,1.286919713020324707e-01,-4.085816908627748489e-03,5.056335031986236572e-02,-5.923110619187355042e-02,9.300958365201950073e-02,2.260088548064231873e-02,0.000000000000000000e+00,0.000000000000000000e+00,-6.410221755504608154e-02,5.516001209616661072e-02,-5.014155507087707520e-01,-2.952375113964080811e-01,-2.531708180904388428e-01,-1.110979244112968445e-01,-7.954592257738113403e-02,-1.704297959804534912e-01,2.409551478922367096e-02,6.864742636680603027e-01,-4.133574962615966797e-01,7.238196581602096558e-02,-4.854167811572551727e-03,1.479543000459671021e-01
-1.652005314826965332e-02,4.216687008738517761e-02,8.489038944244384766e-01,-7.921067997813224792e-03,1.226739957928657532e-03,-1.451862007379531860e-01,9.893718957901000977e-01,-4.386958777904510498e-01,6.395978480577468872e-02,9.623574465513229370e-02,4.905163645744323730e-01,-1.388368457555770874e-01,3.125675767660140991e-02,-1.662051677703857422e-01,1.265848875045776367e-01,2.345566824078559875e-02,2.197761833667755127e-02,-4.235758259892463684e-02,9.512586891651153564e-02,2.471316605806350708e-02,0.000000000000000000e+00,0.000000000000000000e+00,-6.027826294302940369e-02,4.680940136313438416e-02,-4.948664009571075439e-01,-2.962881028652191162e-01,-2.572988271713256836e-01,-1.117512956261634827e-01,-7.825773954391479492e-02,-1.750275492668151855e-01,1.452279277145862579e-02,6.905548572540283203e-01,-4.166595041751861572e-01,7.787295430898666382e-02,-3.680936060845851898e-03,1.531931012868881226e-01
-1.613502390682697296e-02,4.510853067040443420e-02,8.500695824623107910e-01,-3.537941491231322289e-03,-1.133193843998014927e-03,-1.576914191246032715e-01,9.874814748764038086e-01,-4.328533411026000977e-01,2.429913170635700226e-02,2.975442633032798767e-02,4.338300824165344238e-01,-1.294654309749603271e-01,2.314751967787742615e-02,-1.541719734668731689e-01,1.173828095197677612e-01,4.402304068207740784e-02,1.187451067380607128e-03,-2.744751423597335815e-02,9.907601028680801392e-02,2.281131409108638763e-02,0.000000000000000000e+00,0.000000000000000000e+00,-5.691845715045928955e-02,3.555972129106521606e-02,-4.904952049255371094e-01,-2.966815829277038574e-01,-2.551977634429931641e-01,-1.134172454476356506e-01,-7.662766426801681519e-02,-1.828989982604980469e-01,2.855788217857480049e-03,6.955012083053588867e-01,-4.157533645629882812e-01,8.217669278383255005e-02,-2.474885666742920876e-03,1.543412208557128906e-01
-1.381683349609375000e-02,4.735945910215377808e-02,8.511883616447448730e-01,-3.028246865142136812e-04,-1.571690430864691734e-03,-1.704251468181610107e-01,9.853693246841430664e-01,-4.199885725975036621e-01,-8.059241808950901031e-03,-3.944770246744155884e-02,3.756097853183746338e-01,-1.157606542110443115e-01,1.573053747415542603e-02,-1.536837965250015259e-01,1.114851087331771851e-01,6.885093450546264648e-02,5.117614637129008770e-04,-2.443712018430233002e-02,1.013947650790214539e-01,1.973384246230125427e-02,0.000000000000000000e+00,0.000000000000000000e+00,-4.981432110071182251e-02,2.813629992306232452e-02,-4.844837188720703125e-01,-2.999008595943450928e-01,-2.529993951320648193e-01,-1.142000257968902588e-01,-8.345195651054382324e-02,-1.882908046245574951e-01,-8.084121160209178925e-03,7.047342658042907715e-01,-4.175814390182495117e-01,8.928473293781280518e-02,-2.556000370532274246e-03,1.592493951320648193e-01
-1.212896499782800674e-02,4.997879266738891602e-02,8.524495959281921387e-01,3.659556386992335320e-03,-1.406283816322684288e-03,-1.840440332889556885e-01,9.829101562500000000e-01,-3.907548189163208008e-01,-3.800361976027488708e-02,-1.181063130497932434e-01,2.914735972881317139e-01,-8.445397019386291504e-02,7.275784853845834732e-03,-1.557215899229049683e-01,1.045134812593460083e-01,9.643501043319702148e-02,3.998261411623099670e-13,-1.989503204822540283e-02,1.051520034670829773e-01,1.639836654067039490e-02,0.000000000000000000e+00,0.000000000000000000e+00,-4.267115145921707153e-02,2.178336121141910553e-02,-4.796824455261230469e-01,-3.081848919391632080e-01,-2.482049912214279175e-01,-1.141383796930313110e-01,-9.523320943117141724e-02,-1.970980018377304077e-01,-1.971128955483436584e-02,7.163779735565185547e-01,-4.193045496940612793e-01,9.340614080429077148e-02,-2.359039150178432465e-03,1.636697798967361450e-01
-9.210910648107528687e-03,5.134936422109603882e-02,8.530706763267517090e-01,5.882523022592067719e-03,-8.289024117402732372e-05,-2.023003548383712769e-01,9.793058633804321289e-01,-3.672110140323638916e-01,-5.576887354254722595e-02,-1.882111728191375732e-01,2.299073040485382080e-01,-5.989849567413330078e-02,2.897165482863783836e-03,-1.586350351572036743e-01,1.038187220692634583e-01,1.327862441539764404e-01,2.350728186867497016e-18,-1.633360609412193298e-02,1.084512099623680115e-01,1.470803003758192062e-02,0.000000000000000000e+00,0.000000000000000000e+00,-3.562497347593307495e-02,1.837999001145362854e-02,-4.747532904148101807e-01,-3.145387768745422363e-01,-2.391278147697448730e-01,-1.150709316134452820e-01,-1.022048220038414001e-01,-2.069701999425888062e-01,-2.670308575034141541e-02,7.251529693603515625e-01,-4.247070252895355225e-01,9.402751177549362183e-02,-2.953818533569574356e-03,1.683174967765808105e-01
-6.009332835674285889e-03,5.107305571436882019e-02,8.528141379356384277e-01,5.448903888463973999e-03,2.311595482751727104e-03,-2.213974446058273315e-01,9.751657247543334961e-01,-3.661144077777862549e-01,-6.707341969013214111e-02,-2.454260885715484619e-01,2.271426767110824585e-01,-5.879979580640792847e-02,1.664305338636040688e-03,-1.616674363613128662e-01,1.106636822223663330e-01,1.719572246074676514e-01,-5.252239547687102827e-18,-1.248982641845941544e-02,1.126702502369880676e-01,1.330627594143152237e-02,0.000000000000000000e+00,0.000000000000000000e+00,-3.127312287688255310e-02,1.594792120158672333e-02,-4.688049256801605225e-01,-3.158171772956848145e-01,-2.295892238616943359e-01,-1.134516373276710510e-01,-1.035608947277069092e-01,-2.178235650062561035e-01,-2.841825969517230988e-02,7.329563498497009277e-01,-4.298562109470367432e-01,9.646982699632644653e-02,-4.126720596104860306e-03,1.681637763977050781e-01
-8.164834580384194851e-04,5.244198441505432129e-02,8.525447845458984375e-01,3.718825057148933411e-03,4.756040871143341064e-03,-2.422788441181182861e-01,9.701879024505615234e-01,-3.607760667800903320e-01,-7.324181497097015381e-02,-2.769174277782440186e-01,2.297264486551284790e-01,-5.837314575910568237e-02,1.259316806681454182e-03,-1.630971133708953857e-01,1.175375729799270630e-01,2.094150632619857788e-01,2.221979178884843364e-18,-8.493865840137004852e-03,1.200948059558868408e-01,1.052139978855848312e-02,0.000000000000000000e+00,0.000000000000000000e+00,-2.501508034765720367e-02,1.702385023236274719e-02,-4.621098339557647705e-01,-3.231010138988494873e-01,-2.229122668504714966e-01,-1.128131449222564697e-01,-1.098669990897178650e-01,-2.292537689208984375e-01,-3.873644024133682251e-02,7.365850806236267090e-01,-4.417506158351898193e-01,9.329397976398468018e-02,-5.018722731620073318e-03,1.707389503717422485e-01
2.979751909151673317e-03,5.305246263742446899e-02,8.524013161659240723e-01,3.197458572685718536e-03,5.910810548812150955e-03,-2.625578045845031738e-01,9.648928642272949219e-01,-3.547796010971069336e-01,-7.390825450420379639e-02,-2.834861278533935547e-01,2.341533750295639038e-01,-5.911328271031379700e-02,4.206627607345581055e-03,-1.635302007198333740e-01,1.226778477430343628e-01,2.456133812665939331e-01,-2.999131907990663926e-18,-4.519107751548290253e-03,1.252098530530929565e-01,7.364887278527021408e-03,0.000000000000000000e+00,0.000000000000000000e+00,-2.037378400564193726e-02,1.614219322800636292e-02,-4.544132947921752930e-01,-3.281015455722808838e-01,-2.180826067924499512e-01,-1.100059002637863159e-01,-1.100110933184623718e-01,-2.423511445522308350e-01,-4.922103881835937500e-02,7.364748120307922363e-01,-4.536562860012054443e-01,8.530101925134658813e-02,-4.860342945903539658e-03,1.659013032913208008e-01
8.633733727037906647e-03,5.223924666643142700e-02,8.526914715766906738e-01,3.472549607977271080e-03,6.927030161023139954e-03,-2.831470668315887451e-01,9.590452313423156738e-01,-3.481296896934509277e-01,-6.751769781112670898e-02,-2.602677643299102783e-01,2.394722998142242432e-01,-6.761476397514343262e-02,1.007366087287664413e-02,-1.615596264600753784e-01,1.259746402502059937e-01,2.710239887237548828e-01,-8.288005630646515243e-18,-1.664418261498212814e-03,1.330200433731079102e-01,-5.929997423663735390e-04,0.000000000000000000e+00,0.000000000000000000e+00,-1.794376224279403687e-02,1.694871671497821808e-02,-4.534353613853454590e-01,-3.279127478599548340e-01,-2.176665365695953369e-01,-1.103477999567985535e-01,-1.130763813853263855e-01,-2.530054152011871338e-01,-5.618198588490486145e-02,7.380697131156921387e-01,-4.615049958229064941e-01,7.809710502624511719e-02,-7.760335225611925125e-03,1.574718058109283447e-01
1.446727197617292404e-02,5.340100452303886414e-02,8.532214164733886719e-01,4.130645655095577240e-03,7.743978407233953476e-03,-3.047376871109008789e-01,9.523958563804626465e-01,-3.404801785945892334e-01,-5.994233489036560059e-02,-2.253829538822174072e-01,2.404562979936599731e-01,-7.908735424280166626e-02,1.713465712964534760e-02,-1.606229394674301147e-01,1.262158155441284180e-01,2.974801659584045410e-01,-9.072358139803997357e-18,3.261371282860636711e-03,1.424756497144699097e-01,-1.338366605341434479e-02,0.000000000000000000e+00,0.000000000000000000e+00,-1.389671303331851959e-02,1.781207509338855743e-02,-4.523710012435913086e-01,-3.325499892234802246e-01,-2.133812010288238525e-01,-1.111663430929183960e-01,-1.166594401001930237e-01,-2.610802650451660156e-01,-6.174225360155105591e-02,7.360293865203857422e-01,-4.724957048892974854e-01,6.334078311920166016e-02,-1.082286052405834198e-02,1.469210237264633179e-01
2.136527933180332184e-02,5.371520295739173889e-02,8.542333245277404785e-01,6.692672614008188248e-03,9.688396938145160675e-03,-3.265099823474884033e-01,9.451203942298889160e-01,-3.272839784622192383e-01,-5.148733407258987427e-02,-1.781225502490997314e-01,2.271419912576675415e-01,-8.858013898134231567e-02,2.374203875660896301e-02,-1.616187691688537598e-01,1.227065697312355042e-01,3.135707378387451172e-01,7.866606739387500824e-18,8.432660251855850220e-03,1.513703614473342896e-01,-2.744316309690475464e-02,0.000000000000000000e+00,0.000000000000000000e+00,-1.559506822377443314e-02,1.663912832736968994e-02,-4.538341164588928223e-01,-3.310261368751525879e-01,-2.066330909729003906e-01,-1.101657301187515259e-01,-1.220645904541015625e-01,-2.654339373111724854e-01,-6.666775792837142944e-02,7.304652929306030273e-01,-4.794880449771881104e-01,4.704656824469566345e-02,-1.226458884775638580e-02,1.394144892692565918e-01
2.697161957621574402e-02,5.481737479567527771e-02,8.552619814872741699e-01,9.231604635715484619e-03,9.575807489454746246e-03,-3.490400910377502441e-01,9.370133876800537109e-01,-3.066827654838562012e-01,-4.488936439156532288e-02,-1.351550668478012085e-01,2.042052000761032104e-01,-8.886726200580596924e-02,2.995255962014198303e-02,-1.610504090785980225e-01,1.170715168118476868e-01,3.232918679714202881e-01,-1.403321835363562087e-18,1.568295806646347046e-02,1.606449335813522339e-01,-3.950395807623863220e-02,0.000000000000000000e+00,0.000000000000000000e+00,-1.535128988325595856e-02,1.780900359153747559e-02,-4.553358852863311768e-01,-3.384430408477783203e-01,-2.136774361133575439e-01,-1.126080751419067383e-01,-1.199441403150558472e-01,-2.651537060737609863e-01,-7.328347116708755493e-02,7.161203026771545410e-01,-4.865006208419799805e-01,3.713859245181083679e-02,-1.335561461746692657e-02,1.253673583269119263e-01
3.419335559010505676e-02,5.539673566818237305e-02,8.569405078887939453e-01,1.385998632758855820e-02,1.023650169372558594e-02,-3.761433064937591553e-01,9.264012575149536133e-01,-2.504337430000305176e-01,-3.767941892147064209e-02,-8.056873828172683716e-02,1.124603152275085449e-01,-5.764034017920494080e-02,3.319101780652999878e-02,-1.628474295139312744e-01,1.054453998804092407e-01,3.084855675697326660e-01,-7.751622016797729553e-18,2.236094325780868530e-02,1.731030941009521484e-01,-4.487739503383636475e-02,0.000000000000000000e+00,0.000000000000000000e+00,-2.165853418409824371e-02,1.872749626636505127e-02,-4.595108628273010254e-01,-3.491724431514739990e-01,-2.171105742454528809e-01,-1.133735850453376770e-01,-1.251929849386215210e-01,-2.616923451423645020e-01,-8.524747192859649658e-02,6.995345950126647949e-01,-4.978762865066528320e-01,2.525328285992145538e-02,-1.208718586713075638e-02,1.167857423424720764e-01
3.989035263657569885e-02,5.384832620620727539e-02,8.580393791198730469e-01,1.588943228125572205e-02,9.199999272823333740e-03,-4.028231799602508545e-01,9.150936603546142578e-01,-2.188886106014251709e-01,-3.139627724885940552e-02,-2.399145625531673431e-02,7.892730087041854858e-02,-5.155266448855400085e-02,3.792682662606239319e-02,-1.604058444499969482e-01,9.455079585313796997e-02,2.613485753536224365e-01,-3.485540577951445895e-19,2.855803258717060089e-02,1.781050413846969604e-01,-5.470125749707221985e-02,0.000000000000000000e+00,0.000000000000000000e+00,-2.903006412088871002e-02,2.078059129416942596e-02,-4.629560410976409912e-01,-3.447773456573486328e-01,-2.227607071399688721e-01,-1.093662679195404053e-01,-1.199966892600059509e-01,-2.547749280929565430e-01,-8.972377330064773560e-02,6.852759122848510742e-01,-4.975756704807281494e-01,1.676006242632865906e-02,-1.208207290619611740e-02,1.107174754142761230e-01
4.486964270472526550e-02,5.488944798707962036e-02,8.590722084045410156e-01,1.665633730590343475e-02,8.452608250081539154e-03,-4.334290921688079834e-01,9.009940624237060547e-01,-1.812441796064376831e-01,-2.584284916520118713e-02,3.976244851946830750e-02,3.202827274799346924e-02,-3.693946078419685364e-02,3.990889713168144226e-02,-1.612895578145980835e-01,7.889177650213241577e-02,1.795247197151184082e-01,8.048064046306535602e-05,3.417588770389556885e-02,1.747860312461853027e-01,-5.645440891385078430e-02,0.000000000000000000e+00,0.000000000000000000e+00,-3.422439470887184143e-02,2.411425299942493439e-02,-4.626092612743377686e-01,-3.494833409786224365e-01,-2.286982685327529907e-01,-1.091329082846641541e-01,-1.142963245511054993e-01,-2.456640601158142090e-01,-9.307704120874404907e-02,6.692145466804504395e-01,-4.983191788196563721e-01,9.581072255969047546e-03,-1.216386258602142334e-02,1.008533239364624023e-01
4.762266576290130615e-02,5.749286338686943054e-02,8.600087165832519531e-01,1.544990297406911850e-02,6.679746787995100021e-03,-4.630064964294433594e-01,8.861950635910034180e-01,-1.512538343667984009e-01,-2.076506987214088440e-02,1.064921468496322632e-01,3.104960487689822912e-04,-2.667028643190860748e-02,3.934653848409652710e-02,-1.620045900344848633e-01,6.051012128591537476e-02,6.730951368808746338e-02,1.687709009274840355e-03,3.594337031245231628e-02,1.627244204282760620e-01,-5.694365501403808594e-02,0.000000000000000000e+00,0.000000000000000000e+00,-3.849338740110397339e-02,2.965523302555084229e-02,-4.650249779224395752e-01,-3.550028800964355469e-01,-2.358543276786804199e-01,-1.084692478179931641e-01,-1.115585863590240479e-01,-2.299993634223937988e-01,-9.322350472211837769e-02,6.445672512054443359e-01,-4.951283931732177734e-01,-2.600145759060978889e-03,-1.214572042226791382e-02,9.135035425424575806e-02
4.923234879970550537e-02,6.052452698349952698e-02,8.610354661941528320e-01,1.299135759472846985e-02,3.055271692574024200e-03,-4.939759671688079834e-01,8.693731427192687988e-01,-1.335764527320861816e-01,-1.399440038949251175e-02,1.810835003852844238e-01,3.881200782984706166e-08,-3.086495026946067810e-02,3.655761480331420898e-02,-1.725823283195495605e-01,4.011683911085128784e-02,-6.086876988410949707e-02,3.250465542078018188e-02,1.931000128388404846e-02,1.470025926828384399e-01,-5.569569021463394165e-02,0.000000000000000000e+00,0.000000000000000000e+00,-4.230968281626701355e-02,3.574054688215255737e-02,-4.670073688030242920e-01,-3.609639704227447510e-01,-2.378907352685928345e-01,-1.091196984052658081e-01,-1.137315481901168823e-01,-2.094894200563430786e-01,-9.498721361160278320e-02,6.183813214302062988e-01,-4.886851012706756592e-01,-2.300461195409297943e-02,-1.562922075390815735e-02,8.567003905773162842e-02
5.288518220186233521e-02,6.315333396196365356e-02,8.620337247848510742e-01,1.035656500607728958e-02,1.008081817417405546e-04,-5.233834385871887207e-01,8.520343303680419922e-01,-1.158132851123809814e-01,-9.592418558895587921e-03,2.480794191360473633e-01,4.851507216796502320e-12,-3.844172880053520203e-02,3.564026951789855957e-02,-1.908297687768936157e-01,1.623426191508769989e-02,-1.721352636814117432e-01,8.470850437879562378e-02,-1.016871165484189987e-02,1.308084875345230103e-01,-5.485080555081367493e-02,0.000000000000000000e+00,0.000000000000000000e+00,-4.899280890822410583e-02,3.925332799553871155e-02,-4.669537246227264404e-01,-3.656295239925384521e-01,-2.389692515134811401e-01,-1.099756434559822083e-01,-1.234288662672042847e-01,-1.894112974405288696e-01,-9.825467318296432495e-02,5.915871858596801758e-01,-4.790563881397247314e-01,-4.183733463287353516e-02,-1.949191652238368988e-02,8.504971116781234741e-02
5.662757158279418945e-02,6.458362936973571777e-02,8.626594543457031250e-01,8.492912165820598602e-03,-2.922236919403076172e-03,-5.514038205146789551e-01,8.341901302337646484e-01,-9.794946759939193726e-02,-7.568984758108854294e-03,3.106477558612823486e-01,6.059470416749923594e-16,-4.737563058733940125e-02,3.637276217341423035e-02,-2.076756954193115234e-01,-1.258603949099779129e-02,-2.758008837699890137e-01,1.406318396329879761e-01,-4.494066163897514343e-02,1.180588379502296448e-01,-5.498650297522544861e-02,0.000000000000000000e+00,0.000000000000000000e+00,-5.834659561514854431e-02,4.100897163152694702e-02,-4.666588008403778076e-01,-3.649593293666839600e-01,-2.376185208559036255e-01,-1.090276688337326050e-01,-1.356308311223983765e-01,-1.769399344921112061e-01,-1.066310927271842957e-01,5.706071853637695312e-01,-4.796522259712219238e-01,-5.594360828399658203e-02,-2.265706099569797516e-02,8.503135293722152710e-02
5.876629054546356201e-02,6.504169851541519165e-02,8.627796769142150879e-01,8.053517900407314301e-03,-5.841279402375221252e-03,-5.760610699653625488e-01,8.173460960388183594e-01,-8.265176415443420410e-02,-7.295085117220878601e-03,3.690424859523773193e-01,3.581705287244410681e-18,-5.471065267920494080e-02,3.738798201084136963e-02,-2.204249352216720581e-01,-4.196548089385032654e-02,-3.658524453639984131e-01,1.911346167325973511e-01,-7.806000113487243652e-02,1.087871417403221130e-01,-5.698695778846740723e-02,0.000000000000000000e+00,0.000000000000000000e+00,-6.593004614114761353e-02,4.221901297569274902e-02,-4.658650457859039307e-01,-3.628094792366027832e-01,-2.387094497680664062e-01,-1.118341609835624695e-01,-1.494708955287933350e-01,-1.645848751068115234e-01,-1.156812608242034912e-01,5.529438257217407227e-01,-4.829239547252655029e-01,-6.754228472709655762e-02,-2.571804821491241455e-02,8.865982294082641602e-02
5.955532938241958618e-02,6.367748230695724487e-02,8.625404834747314453e-01,8.191326633095741272e-03,-9.451172314584255219e-03,-5.985338687896728516e-01,8.009998798370361328e-01,-6.627903878688812256e-02,-7.904049940407276154e-03,4.239705502986907959e-01,3.386278904445082574e-19,-6.112379208207130432e-02,3.739744424819946289e-02,-2.248719483613967896e-01,-6.818740814924240112e-02,-4.387147426605224609e-01,2.302201688289642334e-01,-1.087809801101684570e-01,9.994748979806900024e-02,-5.785813927650451660e-02,0.000000000000000000e+00,0.000000000000000000e+00,-7.451546192169189453e-02,4.050348699092864990e-02,-4.611699283123016357e-01,-3.586566448211669922e-01,-2.387997508049011230e-01,-1.122935935854911804e-01,-1.563494801521301270e-01,-1.530380547046661377e-01,-1.213254705071449280e-01,5.353218317031860352e-01,-4.864205420017242432e-01,-7.995981723070144653e-02,-2.647957392036914825e-02,9.173561632633209229e-02
5.728296190500259399e-02,6.224993243813514709e-02,8.619507551193237305e-01,8.815098553895950317e-03,-1.392997894436120987e-02,-6.215458512306213379e-01,7.832043170928955078e-01,-4.959936067461967468e-02,-7.916915230453014374e-03,4.757920205593109131e-01,-1.101328119887802319e-18,-6.412671506404876709e-02,4.263920336961746216e-02,-2.241273224353790283e-01,-8.540356904268264771e-02,-4.875310063362121582e-01,2.531931698322296143e-01,-1.308968961238861084e-01,9.624909609556198120e-02,-6.358425319194793701e-02,0.000000000000000000e+00,0.000000000000000000e+00,-7.944966107606887817e-02,3.849174082279205322e-02,-4.600896835327148438e-01,-3.479990363121032715e-01,-2.366568595170974731e-01,-1.110130324959754944e-01,-1.592436581850051880e-01,-1.430751830339431763e-01,-1.205127164721488953e-01,5.281810164451599121e-01,-4.935301542282104492e-01,-9.338079392910003662e-02,-2.453208528459072113e-02,9.627999365329742432e-02
5.488246679306030273e-02,6.007788330316543579e-02,8.613776564598083496e-01,9.077566675841808319e-03,-1.730457320809364319e-02,-6.396982669830322266e-01,7.683777213096618652e-01,-3.504741564393043518e-02,-7.148975972086191177e-03,5.202652215957641602e-01,1.555814235648937845e-18,-6.638213992118835449e-02,4.326098039746284485e-02,-2.215946912765502930e-01,-9.371779859066009521e-02,-5.149070024490356445e-01,2.654223740100860596e-01,-1.474223434925079346e-01,9.464886039495468140e-02,-6.795997172594070435e-02,0.000000000000000000e+00,0.000000000000000000e+00,-8.382643014192581177e-02,3.626959398388862610e-02,-4.577083587646484375e-01,-3.414937257766723633e-01,-2.403423339128494263e-01,-1.129073575139045715e-01,-1.579593271017074585e-01,-1.397838145494461060e-01,-1.179182976484298706e-01,5.237219333648681641e-01,-4.941295683383941650e-01,-1.009960472583770752e-01,-2.238657698035240173e-02,9.654608368873596191e-02
5.079070478677749634e-02,5.698674544692039490e-02,8.608974814414978027e-01,9.176820516586303711e-03,-2.033301256597042084e-02,-6.566179394721984863e-01,7.538933753967285156e-01,-2.037561498582363129e-02,-4.665874876081943512e-03,5.560764670372009277e-01,1.198516315525921527e-06,-6.532236188650131226e-02,4.430217668414115906e-02,-2.161552160978317261e-01,-9.063189476728439331e-02,-5.194877982139587402e-01,2.623785138130187988e-01,-1.579817384481430054e-01,9.162907302379608154e-02,-7.654546946287155151e-02,0.000000000000000000e+00,0.000000000000000000e+00,-8.524265885353088379e-02,3.572171926498413086e-02,-4.536364972591400146e-01,-3.351874947547912598e-01,-2.431089729070663452e-01,-1.159901842474937439e-01,-1.610924005508422852e-01,-1.375024616718292236e-01,-1.140557676553726196e-01,5.273146033287048340e-01,-4.976090490818023682e-01,-1.018903627991676331e-01,-1.950413361191749573e-02,1.049729436635971069e-01
4.773399233818054199e-02,5.185246095061302185e-02,8.608416318893432617e-01,9.302303194999694824e-03,-2.034252695739269257e-02,-6.707607507705688477e-01,7.413364052772521973e-01,-8.397304452955722809e-03,3.260471567045897245e-04,5.826484560966491699e-01,4.500957147683948278e-04,-6.365700066089630127e-02,4.568355530500411987e-02,-2.061567008495330811e-01,-7.633011788129806519e-02,-5.070078372955322266e-01,2.399690002202987671e-01,-1.573990285396575928e-01,8.870451152324676514e-02,-8.534768968820571899e-02,0.000000000000000000e+00,0.000000000000000000e+00,-8.566663414239883423e-02,3.612428903579711914e-02,-4.495793879032135010e-01,-3.313568234443664551e-01,-2.431584447622299194e-01,-1.164585575461387634e-01,-1.577717512845993042e-01,-1.371094286441802979e-01,-1.097402423620223999e-01,5.294054150581359863e-01,-5.002110600471496582e-01,-1.072642132639884949e-01,-1.673182286322116852e-02,1.073221489787101746e-01
4.165412113070487976e-02,4.694759845733642578e-02,8.607464432716369629e-01,9.030646644532680511e-03,-2.170190587639808655e-02,-6.848294138908386230e-01,7.283241748809814453e-01,-4.394972231239080429e-03,1.394699141383171082e-02,6.081399917602539062e-01,2.491005696356296539e-02,-6.825836002826690674e-02,4.521744325757026672e-02,-1.945980042219161987e-01,-5.802190303802490234e-02,-4.844432175159454346e-01,2.157776653766632080e-01,-1.562510579824447632e-01,8.272007852792739868e-02,-9.424853324890136719e-02,0.000000000000000000e+00,0.000000000000000000e+00,-8.414729684591293335e-02,3.732623159885406494e-02,-4.456907212734222412e-01,-3.301219642162322998e-01,-2.381540089845657349e-01,-1.186445280909538269e-01,-1.541453301906585693e-01,-1.352957338094711304e-01,-1.013223901391029358e-01,5.371284484863281250e-01,-5.031031370162963867e-01,-1.076911538839340210e-01,-1.472653448581695557e-02,1.120516583323478699e-01
3.741320595145225525e-02,4.073807969689369202e-02,8.605555295944213867e-01,8.351487107574939728e-03,-2.152446471154689789e-02,-6.998834013938903809e-01,7.138838768005371094e-01,-2.589451894164085388e-02,4.621169343590736389e-02,6.229165792465209961e-01,1.119827553629875183e-01,-9.640602767467498779e-02,5.132420733571052551e-02,-1.831480413675308228e-01,-3.789793327450752258e-02,-4.504674077033996582e-01,1.903014481067657471e-01,-1.477066725492477417e-01,7.655493170022964478e-02,-1.049235984683036804e-01,0.000000000000000000e+00,0.000000000000000000e+00,-7.717432081699371338e-02,3.216814622282981873e-02,-4.356954097747802734e-01,-3.289242088794708252e-01,-2.163019478321075439e-01,-1.191306412220001221e-01,-1.344601362943649292e-01,-1.299630403518676758e-01,-9.482903033494949341e-02,5.413524508476257324e-01,-5.059298872947692871e-01,-1.243835613131523132e-01,-1.470461674034595490e-02,1.058387681841850281e-01
3.314322605729103088e-02,3.685541450977325439e-02,8.592806458473205566e-01,4.900348838418722153e-03,-1.977039501070976257e-02,-7.152051925659179688e-01,6.986176967620849609e-01,-6.912273913621902466e-02,9.556290507316589355e-02,6.045668721199035645e-01,2.484631091356277466e-01,-1.477458924055099487e-01,5.516830831766128540e-02,-1.686761230230331421e-01,-9.967377409338951111e-03,-4.085172414779663086e-01,1.576878577470779419e-01,-1.379794776439666748e-01,6.754093617200851440e-02,-1.066437661647796631e-01,0.000000000000000000e+00,0.000000000000000000e+00,-7.002010941505432129e-02,3.644251823425292969e-02,-4.294286370277404785e-01,-3.311404585838317871e-01,-2.048138827085494995e-01,-1.189122945070266724e-01,-1.336832940578460693e-01,-1.271474510431289673e-01,-8.511510491371154785e-02,5.511937737464904785e-01,-5.139824748039245605e-01,-1.218400895595550537e-01,-1.290661934763193130e-02,1.176310256123542786e-01
2.791015803813934326e-02,3.365473449230194092e-02,8.566471338272094727e-01,-1.035201479680836201e-03,-1.562185119837522507e-02,-7.293856143951416016e-01,6.839236021041870117e-01,-1.129828318953514099e-01,1.445483714342117310e-01,5.630640387535095215e-01,3.799872696399688721e-01,-1.857048571109771729e-01,6.284273415803909302e-02,-1.590320169925689697e-01,2.208127640187740326e-02,-3.644264936447143555e-01,1.376464217901229858e-01,-1.324150264263153076e-01,5.748146772384643555e-02,-1.033341959118843079e-01,0.000000000000000000e+00,0.000000000000000000e+00,-6.283059716224670410e-02,4.275330901145935059e-02,-4.199151992797851562e-01,-3.289029598236083984e-01,-1.897925436496734619e-01,-1.183105111122131348e-01,-1.272571682929992676e-01,-1.194451376795768738e-01,-6.708660721778869629e-02,5.534821748733520508e-01,-5.179304480552673340e-01,-1.263412982225418091e-01,-1.393452566117048264e-02,1.237908601760864258e-01
2.633925154805183411e-02,3.129107132554054260e-02,8.524710536003112793e-01,-1.134918909519910812e-02,-6.633014883846044540e-03,-7.447187900543212891e-01,6.672489047050476074e-01,-1.555121690034866333e-01,1.950846612453460693e-01,5.231838226318359375e-01,5.037250518798828125e-01,-1.941258460283279419e-01,7.469394803047180176e-02,-1.464031487703323364e-01,6.329961866140365601e-02,-3.188301622867584229e-01,1.108674183487892151e-01,-1.224275901913642883e-01,4.783455654978752136e-02,-9.540415555238723755e-02,0.000000000000000000e+00,0.000000000000000000e+00,-5.705660581588745117e-02,6.033274531364440918e-02,-4.149764776229858398e-01,-3.273387849330902100e-01,-1.760486215353012085e-01,-1.145519763231277466e-01,-1.245434805750846863e-01,-1.146096438169479370e-01,-4.382396489381790161e-02,5.547764301300048828e-01,-5.194786787033081055e-01,-1.274017840623855591e-01,-1.223809365183115005e-02,1.308494657278060913e-01
2.397607266902923584e-02,2.895841188728809357e-02,8.482399582862854004e-01,-2.018636837601661682e-02,4.065732471644878387e-03,-7.588563561439514160e-01,6.509324312210083008e-01,-1.951807439327239990e-01,2.233825623989105225e-01,4.617803394794464111e-01,5.978508591651916504e-01,-1.714724600315093994e-01,7.591062039136886597e-02,-1.371744126081466675e-01,1.044492572546005249e-01,-2.677820920944213867e-01,8.642371743917465210e-02,-1.127694174647331238e-01,3.564485535025596619e-02,-8.011008799076080322e-02,0.000000000000000000e+00,0.000000000000000000e+00,-5.278619378805160522e-02,7.548864930868148804e-02,-4.110486507415771484e-01,-3.278235793113708496e-01,-1.632581055164337158e-01,-1.101467162370681763e-01,-1.214292496442794800e-01,-1.134740710258483887e-01,-1.848404668271541595e-02,5.588390827178955078e-01,-5.188814997673034668e-01,-1.259217411279678345e-01,-1.291392836719751358e-02,1.346660554409027100e-01
2.159095741808414459e-02,2.538556233048439026e-02,8.448796868324279785e-01,-2.569044195115566254e-02,1.233186852186918259e-02,-7.786071300506591797e-01,6.268643140792846680e-01,-2.308730930089950562e-01,2.335470914840698242e-01,3.985987901687622070e-01,6.777178049087524414e-01,-1.396118700504302979e-01,7.747028023004531860e-02,-1.311212927103042603e-01,1.375722289085388184e-01,-2.030703276395797729e-01,6.890767812728881836e-02,-1.077177450060844421e-01,2.515388466417789459e-02,-6.179762259125709534e-02,0.000000000000000000e+00,0.000000000000000000e+00,-5.322257056832313538e-02,8.693125844001770020e-02,-4.127265214920043945e-01,-3.270084857940673828e-01,-1.712812930345535278e-01,-1.096717268228530884e-01,-1.269183307886123657e-01,-1.152343600988388062e-01,2.399813383817672729e-04,5.652400255203247070e-01,-5.177539587020874023e-01,-1.054147854447364807e-01,-1.949554868042469025e-02,1.437769681215286255e-01
1.986316032707691193e-02,1.901787146925926208e-02,8.429120779037475586e-01,-2.913522534072399139e-02,1.878466270864009857e-02,-7.909469008445739746e-01,6.109019517898559570e-01,-2.638345956802368164e-01,2.354666739702224731e-01,3.419409990310668945e-01,7.381364703178405762e-01,-1.215307712554931641e-01,7.784296572208404541e-02,-1.266670525074005127e-01,1.589228957891464233e-01,-1.529394686222076416e-01,6.445565819740295410e-02,-1.058289408683776855e-01,1.636952348053455353e-02,-5.163250863552093506e-02,0.000000000000000000e+00,0.000000000000000000e+00,-4.947196319699287415e-02,8.969569951295852661e-02,-4.097965359687805176e-01,-3.281078040599822998e-01,-1.677283644676208496e-01,-1.050046682357788086e-01,-1.123650372028350830e-01,-1.110315471887588501e-01,6.550917401909828186e-03,5.685032606124877930e-01,-5.197587013244628906e-01,-1.037343665957450867e-01,-1.819881983101367950e-02,1.399007141590118408e-01
1.623884215950965881e-02,1.518128067255020142e-02,8.417880535125732422e-01,-2.860217727720737457e-02,2.225391939282417297e-02,-8.069314956665039062e-01,5.895321965217590332e-01,-2.935163378715515137e-01,2.230909019708633423e-01,2.864186167716979980e-01,7.746335864067077637e-01,-1.111122816801071167e-01,7.737636566162109375e-02,-1.314297169446945190e-01,1.741418838500976562e-01,-9.724679589271545410e-02,6.980312615633010864e-02,-1.071776896715164185e-01,1.283717341721057892e-02,-2.940699085593223572e-02,0.000000000000000000e+00,0.000000000000000000e+00,-5.375623703002929688e-02,9.188045561313629150e-02,-4.124393463134765625e-01,-3.321518898010253906e-01,-1.886743307113647461e-01,-1.038106307387351990e-01,-1.177154108881950378e-01,-1.148151159286499023e-01,8.912852965295314789e-03,5.781081318855285645e-01,-5.221725702285766602e-01,-7.704649120569229126e-02,-1.976311951875686646e-02,1.535991728305816650e-01
1.397821586579084396e-02,9.955859743058681488e-03,8.419979810714721680e-01,-2.464834414422512054e-02,2.131807990372180939e-02,-8.199943900108337402e-01,5.714430809020996094e-01,-3.211928009986877441e-01,1.981215327978134155e-01,2.387540936470031738e-01,7.824428081512451172e-01,-1.225801333785057068e-01,7.837326079607009888e-02,-1.398886442184448242e-01,1.744602769613265991e-01,-5.149706453084945679e-02,8.577763289213180542e-02,-1.110930442810058594e-01,1.658151112496852875e-02,-1.619105599820613861e-02,0.000000000000000000e+00,0.000000000000000000e+00,-5.649146810173988342e-02,8.431268483400344849e-02,-4.097213745117187500e-01,-3.348072171211242676e-01,-1.962662637233734131e-01,-1.010209843516349792e-01,-1.112996861338615417e-01,-1.178540661931037903e-01,2.338279038667678833e-03,5.869435667991638184e-01,-5.258911848068237305e-01,-5.868696048855781555e-02,-1.726886630058288574e-02,1.557146012783050537e-01
1.213137712329626083e-02,4.867707379162311554e-03,8.427754044532775879e-01,-1.992352120578289032e-02,2.030147425830364227e-02,-8.336772322654724121e-01,5.515189766883850098e-01,-3.483939766883850098e-01,1.708628684282302856e-01,1.876609474420547485e-01,7.681605219841003418e-01,-1.424470692873001099e-01,7.804866135120391846e-02,-1.468454450368881226e-01,1.744881272315979004e-01,-4.799178801476955414e-03,9.626556932926177979e-02,-1.123645305633544922e-01,2.450892888009548187e-02,-1.765655935741961002e-03,0.000000000000000000e+00,0.000000000000000000e+00,-5.922808498144149780e-02,7.655506581068038940e-02,-4.061932265758514404e-01,-3.378444910049438477e-01,-1.967446506023406982e-01,-9.904748946428298950e-02,-1.041497662663459778e-01,-1.229460835456848145e-01,-4.947539418935775757e-03,6.000561118125915527e-01,-5.263319015502929688e-01,-4.607732221484184265e-02,-1.507062558084726334e-02,1.630854159593582153e-01
1.083720568567514420e-02,-1.275763032026588917e-03,8.440380096435546875e-01,-1.571963168680667877e-02,1.876987703144550323e-02,-8.489186167716979980e-01,5.279562473297119141e-01,-3.681971430778503418e-01,1.416782289743423462e-01,1.350583136081695557e-01,7.320108413696289062e-01,-1.736073791980743408e-01,7.336889207363128662e-02,-1.516307741403579712e-01,1.742438822984695435e-01,4.290156811475753784e-02,1.063617914915084839e-01,-1.113021075725555420e-01,3.733782470226287842e-02,1.044752635061740875e-02,0.000000000000000000e+00,0.000000000000000000e+00,-6.354873627424240112e-02,6.945896893739700317e-02,-4.040625989437103271e-01,-3.416167199611663818e-01,-1.885490715503692627e-01,-9.558100998401641846e-02,-1.015483960509300232e-01,-1.300000250339508057e-01,-1.293838024139404297e-02,6.137748360633850098e-01,-5.231287479400634766e-01,-3.773386403918266296e-02,-8.670223876833915710e-03,1.675447076559066772e-01
1.048062276095151901e-02,-7.773359306156635284e-03,8.457329869270324707e-01,-1.150739192962646484e-02,1.742462068796157837e-02,-8.636786341667175293e-01,5.036101341247558594e-01,-3.861470818519592285e-01,1.004254668951034546e-01,5.536134168505668640e-02,6.828349232673645020e-01,-2.142961025238037109e-01,6.648900359869003296e-02,-1.584492474794387817e-01,1.736975014209747314e-01,8.926028013229370117e-02,1.196549609303474426e-01,-1.128951460123062134e-01,5.174010992050170898e-02,2.046797983348369598e-02,0.000000000000000000e+00,0.000000000000000000e+00,-6.718959659337997437e-02,6.193858385086059570e-02,-4.001649618148803711e-01,-3.463673889636993408e-01,-1.861225217580795288e-01,-9.521248936653137207e-02,-9.340571612119674683e-02,-1.342159211635589600e-01,-2.630436792969703674e-02,6.332347989082336426e-01,-5.240249633789062500e-01,-2.374398708343505859e-02,-8.061637170612812042e-03,1.771995127201080322e-01
1.252103876322507858e-02,-1.732448302209377289e-02,8.483180999755859375e-01,-5.647199694067239761e-03,1.332692336291074753e-02,-8.751632571220397949e-01,4.836111962795257568e-01,-3.907978236675262451e-01,4.286944866180419922e-02,-3.953491896390914917e-02,6.166468262672424316e-01,-2.444793283939361572e-01,5.673328414559364319e-02,-1.628009080886840820e-01,1.613532006740570068e-01,1.338784396648406982e-01,1.312672197818756104e-01,-1.148622184991836548e-01,6.581673771142959595e-02,1.957935094833374023e-02,0.000000000000000000e+00,0.000000000000000000e+00,-6.950896233320236206e-02,5.046762898564338684e-02,-3.978099226951599121e-01,-3.498985171318054199e-01,-1.852652579545974731e-01,-9.725692123174667358e-02,-8.211573213338851929e-02,-1.350774765014648438e-01,-4.686215147376060486e-02,6.475301384925842285e-01,-5.203294157981872559e-01,-7.064957171678543091e-03,-3.440775210037827492e-03,1.780378222465515137e-01
1.471712440252304077e-02,-2.860016375780105591e-02,8.509988784790039062e-01,-5.665626958943903446e-04,9.285799227654933929e-03,-8.852623105049133301e-01,4.649990797042846680e-01,-3.797242343425750732e-01,-1.158444210886955261e-02,-1.349771320819854736e-01,5.421232581138610840e-01,-2.475860714912414551e-01,4.726381599903106689e-02,-1.636837124824523926e-01,1.487419903278350830e-01,1.843999624252319336e-01,1.404389888048171997e-01,-1.162114441394805908e-01,7.522300630807876587e-02,1.150426734238862991e-02,0.000000000000000000e+00,0.000000000000000000e+00,-6.799279153347015381e-02,4.355991631746292114e-02,-3.952528536319732666e-01,-3.655869364738464355e-01,-1.809777021408081055e-01,-9.976503252983093262e-02,-7.096002250909805298e-02,-1.351044774055480957e-01,-6.658674776554107666e-02,6.607768535614013672e-01,-5.135632157325744629e-01,9.223657660186290741e-03,3.047475125640630722e-03,1.781225204467773438e-01
1.839120872318744659e-02,-3.997427597641944885e-02,8.541800379753112793e-01,4.366935230791568756e-03,3.642426338046789169e-03,-8.937562108039855957e-01,4.485169649124145508e-01,-3.420178890228271484e-01,-5.266181379556655884e-02,-2.214502096176147461e-01,4.377890825271606445e-01,-2.182578891515731812e-01,3.944938629865646362e-02,-1.582380682229995728e-01,1.287665367126464844e-01,2.256937175989151001e-01,1.369568109512329102e-01,-1.129769980907440186e-01,8.109952509403228760e-02,1.009624218568205833e-03,0.000000000000000000e+00,0.000000000000000000e+00,-7.003664225339889526e-02,3.408314660191535950e-02,-3.935451209545135498e-01,-3.670009076595306396e-01,-1.676008403301239014e-01,-1.041770428419113159e-01,-5.815261602401733398e-02,-1.335459500551223755e-01,-8.585453778505325317e-02,6.696554422378540039e-01,-5.018913149833679199e-01,1.384797971695661545e-02,3.542200196534395218e-03,1.647532582283020020e-01
2.338987775146961212e-02,-5.340174213051795959e-02,8.572418689727783203e-01,8.375747129321098328e-03,-9.728436125442385674e-04,-9.026122093200683594e-01,4.303720295429229736e-01,-2.826845049858093262e-01,-7.049413770437240601e-02,-2.809889316558837891e-01,2.946450114250183105e-01,-1.595785766839981079e-01,3.220234438776969910e-02,-1.488220095634460449e-01,1.073509231209754944e-01,2.702082991600036621e-01,1.258910745382308960e-01,-1.048761606216430664e-01,8.511956036090850830e-02,-9.422521106898784637e-03,0.000000000000000000e+00,0.000000000000000000e+00,-7.202239334583282471e-02,3.251923993229866028e-02,-3.954645991325378418e-01,-3.811962008476257324e-01,-1.580221205949783325e-01,-1.092974767088890076e-01,-5.243531614542007446e-02,-1.263292878866195679e-01,-1.030172854661941528e-01,6.730064153671264648e-01,-4.911743700504302979e-01,2.008822746574878693e-02,7.127092685550451279e-03,1.544613838195800781e-01
2.798522822558879852e-02,-6.559681147336959839e-02,8.583134412765502930e-01,9.703056886792182922e-03,-7.536038174293935299e-04,-9.121378660202026367e-01,4.097680449485778809e-01,-2.439253479242324829e-01,-7.051475346088409424e-02,-3.134230971336364746e-01,2.080388218164443970e-01,-1.171059980988502502e-01,2.664481103420257568e-02,-1.434034705162048340e-01,9.869099408388137817e-02,3.187709450721740723e-01,1.190274804830551147e-01,-9.737944602966308594e-02,9.157679229974746704e-02,-1.453466434031724930e-02,0.000000000000000000e+00,0.000000000000000000e+00,-7.298281788825988770e-02,4.054111987352371216e-02,-3.948443830013275146e-01,-3.962106406688690186e-01,-1.501950472593307495e-01,-1.169436797499656677e-01,-4.512799903750419617e-02,-1.141322851181030273e-01,-1.088699996471405029e-01,6.667286753654479980e-01,-4.859832823276519775e-01,1.596994511783123016e-02,6.144589744508266449e-03,1.493788212537765503e-01
3.404090553522109985e-02,-7.692274451255798340e-02,8.582222461700439453e-01,7.899141870439052582e-03,1.478508580476045609e-03,-9.205121994018554688e-01,3.906311392784118652e-01,-2.379702776670455933e-01,-7.194009423255920410e-02,-3.111808001995086670e-01,2.042156010866165161e-01,-1.133042052388191223e-01,2.472754940390586853e-02,-1.434954404830932617e-01,9.702474623918533325e-02,3.619151711463928223e-01,1.261530965566635132e-01,-9.284462779760360718e-02,9.756196290254592896e-02,-2.273420803248882294e-02,0.000000000000000000e+00,0.000000000000000000e+00,-7.616151124238967896e-02,4.976684227585792542e-02,-3.946458697319030762e-01,-4.048158228397369385e-01,-1.461313217878341675e-01,-1.250523179769515991e-01,-4.401215538382530212e-02,-1.040392965078353882e-01,-1.091254800558090210e-01,6.611000299453735352e-01,-4.749017059803009033e-01,1.373975723981857300e-02,4.923409316688776016e-03,1.481057256460189819e-01
3.912604227662086487e-02,-8.787515014410018921e-02,8.584175109863281250e-01,7.269702386111021042e-03,2.250773832201957703e-03,-9.290040135383605957e-01,3.699913620948791504e-01,-2.250606268644332886e-01,-7.126431912183761597e-02,-2.839132249355316162e-01,1.913788616657257080e-01,-1.104853525757789612e-01,2.664818242192268372e-02,-1.475669592618942261e-01,9.314404428005218506e-02,3.972033560276031494e-01,1.379369199275970459e-01,-8.732102811336517334e-02,1.062967255711555481e-01,-3.237196803092956543e-02,0.000000000000000000e+00,0.000000000000000000e+00,-8.023482561111450195e-02,5.918657779693603516e-02,-3.973252475261688232e-01,-4.161997437477111816e-01,-1.439514309167861938e-01,-1.304630339145660400e-01,-4.559119045734405518e-02,-9.667312353849411011e-02,-1.153597831726074219e-01,6.524540185928344727e-01,-4.644704461097717285e-01,1.368038356304168701e-02,4.006352741271257401e-03,1.446595489978790283e-01
4.349369928240776062e-02,-9.482917189598083496e-02,8.587297797203063965e-01,7.642104756087064743e-03,2.099035540595650673e-03,-9.366321563720703125e-01,3.502247631549835205e-01,-2.117174416780471802e-01,-6.888772547245025635e-02,-2.437865883111953735e-01,1.735876053571701050e-01,-1.063342988491058350e-01,3.030868247151374817e-02,-1.541905254125595093e-01,8.995861560106277466e-02,4.289890229701995850e-01,1.465720534324645996e-01,-8.051092922687530518e-02,1.164561659097671509e-01,-4.321787506341934204e-02,0.000000000000000000e+00,0.000000000000000000e+00,-8.165012300014495850e-02,6.554319709539413452e-02,-4.007568657398223877e-01,-4.193290472030639648e-01,-1.421294063329696655e-01,-1.325263082981109619e-01,-5.123685300350189209e-02,-9.007976204156875610e-02,-1.214109137654304504e-01,6.412824988365173340e-01,-4.503822326660156250e-01,1.133296359330415726e-02,5.433300510048866272e-03,1.429039835929870605e-01
5.175712704658508301e-02,-1.016170755028724670e-01,8.590192198753356934e-01,7.699073757976293564e-03,2.516281558200716972e-03,-9.432469606399536133e-01,3.319933414459228516e-01,-1.996957808732986450e-01,-6.903190910816192627e-02,-2.019127756357192993e-01,1.512744575738906860e-01,-1.006772145628929138e-01,3.269407153129577637e-02,-1.614625602960586548e-01,8.311416953802108765e-02,4.531469941139221191e-01,1.490371227264404297e-01,-6.656119972467422485e-02,1.308970302343368530e-01,-5.542838945984840393e-02,0.000000000000000000e+00,0.000000000000000000e+00,-8.653718233108520508e-02,7.247700542211532593e-02,-4.103694260120391846e-01,-4.246908426284790039e-01,-1.461523175239562988e-01,-1.407334357500076294e-01,-5.322108790278434753e-02,-8.498713374137878418e-02,-1.280464231967926025e-01,6.281697750091552734e-01,-4.397915899753570557e-01,9.226576425135135651e-03,4.773482680320739746e-03,1.395244449377059937e-01
5.938079580664634705e-02,-1.084817722439765930e-01,8.592690825462341309e-01,9.463985450565814972e-03,2.749526407569646835e-03,-9.494582414627075195e-01,3.137386739253997803e-01,-1.840594708919525146e-01,-6.945464015007019043e-02,-1.531904786825180054e-01,1.169525310397148132e-01,-9.114909917116165161e-02,3.634541109204292297e-02,-1.747545450925827026e-01,7.529667019844055176e-02,4.633985161781311035e-01,1.561202555894851685e-01,-5.351615697145462036e-02,1.482736319303512573e-01,-6.969681382179260254e-02,0.000000000000000000e+00,0.000000000000000000e+00,-8.806791901588439941e-02,7.420058548450469971e-02,-4.240458309650421143e-01,-4.160534143447875977e-01,-1.560287475585937500e-01,-1.412816047668457031e-01,-6.162150204181671143e-02,-8.276492357254028320e-02,-1.332549005746841431e-01,6.165224313735961914e-01,-4.262674748897552490e-01,4.247276578098535538e-03,5.126208998262882233e-03,1.371092945337295532e-01
6.797594577074050903e-02,-1.152471527457237244e-01,8.593218922615051270e-01,1.134932320564985275e-02,2.954592462629079819e-03,-9.552469253540039062e-01,2.955769598484039307e-01,-1.671753227710723877e-01,-7.205730676651000977e-02,-1.049593612551689148e-01,7.743181288242340088e-02,-7.713226228952407837e-02,3.856735303997993469e-02,-1.912267506122589111e-01,6.722631305456161499e-02,4.678600728511810303e-01,1.655101031064987183e-01,-4.069532081484794617e-02,1.660820990800857544e-01,-8.357200771570205688e-02,0.000000000000000000e+00,0.000000000000000000e+00,-8.977143466472625732e-02,7.535715401172637939e-02,-4.413326084613800049e-01,-4.074483811855316162e-01,-1.678804457187652588e-01,-1.439160406589508057e-01,-7.423856109380722046e-02,-8.248723298311233521e-02,-1.361126899719238281e-01,6.061329245567321777e-01,-4.120781421661376953e-01,-4.201771691441535950e-03,4.027758724987506866e-03,1.371292322874069214e-01
7.555695623159408569e-02,-1.204836517572402954e-01,8.591699004173278809e-01,1.477715652436017990e-02,3.222774714231491089e-03,-9.604272246360778809e-01,2.781200706958770752e-01,-1.500271409749984741e-01,-7.482807338237762451e-02,-5.376787483692169189e-02,3.122163936495780945e-02,-5.959212407469749451e-02,3.756419196724891663e-02,-2.130610495805740356e-01,5.798935517668724060e-02,4.457021951675415039e-01,1.754588633775711060e-01,-3.031539730727672577e-02,1.877759397029876709e-01,-9.734563529491424561e-02,0.000000000000000000e+00,0.000000000000000000e+00,-9.142618626356124878e-02,7.275261729955673218e-02,-4.618923664093017578e-01,-3.879320323467254639e-01,-1.814618706703186035e-01,-1.423914581537246704e-01,-8.889239281415939331e-02,-8.235406875610351562e-02,-1.382526159286499023e-01,5.997866988182067871e-01,-4.008924663066864014e-01,-1.563220098614692688e-02,1.972293015569448471e-03,1.358055323362350464e-01
8.261006325483322144e-02,-1.271735876798629761e-01,8.587946295738220215e-01,1.753068529069423676e-02,3.412830177694559097e-03,-9.656608700752258301e-01,2.591913342475891113e-01,-1.384314596652984619e-01,-8.060066401958465576e-02,-1.096267835237085819e-03,2.334809250896796584e-04,-4.938086122274398804e-02,3.641731664538383484e-02,-2.343626916408538818e-01,4.383550211787223816e-02,3.996277153491973877e-01,1.837011575698852539e-01,-1.809198595583438873e-02,2.092038989067077637e-01,-1.128891184926033020e-01,0.000000000000000000e+00,0.000000000000000000e+00,-8.980348706245422363e-02,6.841697543859481812e-02,-4.846225380897521973e-01,-3.645873367786407471e-01,-2.005610018968582153e-01,-1.399200260639190674e-01,-1.037041693925857544e-01,-8.374260365962982178e-02,-1.383645981550216675e-01,5.921480655670166016e-01,-3.896534740924835205e-01,-2.152991853654384613e-02,1.934924861416220665e-03,1.326072216033935547e-01
8.807811141014099121e-02,-1.347763538360595703e-01,8.584267497062683105e-01,2.021230943500995636e-02,2.541472902521491051e-03,-9.711790680885314941e-01,2.374788522720336914e-01,-1.403504163026809692e-01,-8.850865811109542847e-02,5.386060476303100586e-02,2.918511476934781967e-08,-5.320999398827552795e-02,3.333285823464393616e-02,-2.590458095073699951e-01,1.893320679664611816e-02,3.084309399127960205e-01,1.950126588344573975e-01,-8.439356461167335510e-03,2.145331054925918579e-01,-1.215541809797286987e-01,0.000000000000000000e+00,0.000000000000000000e+00,-8.636269718408584595e-02,5.754700303077697754e-02,-5.044967532157897949e-01,-3.344811499118804932e-01,-2.193240076303482056e-01,-1.336495280265808105e-01,-1.158555522561073303e-01,-8.605661988258361816e-02,-1.319159418344497681e-01,5.863010883331298828e-01,-3.712552785873413086e-01,-2.162626199424266815e-02,5.248659290373325348e-03,1.260593831539154053e-01
9.067350625991821289e-02,-1.371641159057617188e-01,8.582658171653747559e-01,2.370809763669967651e-02,5.707703530788421631e-04,-9.774419665336608887e-01,2.098685204982757568e-01,-1.425756812095642090e-01,-9.035266935825347900e-02,1.183952987194061279e-01,1.823887449490385615e-13,-5.999756231904029846e-02,3.236996009945869446e-02,-3.017913401126861572e-01,-1.925117895007133484e-02,1.501584351062774658e-01,2.358164936304092407e-01,-2.376415766775608063e-02,1.924929767847061157e-01,-1.266275793313980103e-01,0.000000000000000000e+00,0.000000000000000000e+00,-8.164893835783004761e-02,4.517412558197975159e-02,-5.277487635612487793e-01,-3.050907850265502930e-01,-2.396284490823745728e-01,-1.272331476211547852e-01,-1.151917949318885803e-01,-8.494330197572708130e-02,-1.208160221576690674e-01,5.823071599006652832e-01,-3.493614196777343750e-01,-1.808128505945205688e-02,7.651441730558872223e-03,1.105222031474113464e-01
9.536726772785186768e-02,-1.384607851505279541e-01,8.580417633056640625e-01,2.390835806727409363e-02,-1.727420720271766186e-03,-9.834851622581481934e-01,1.793944686651229858e-01,-1.411451250314712524e-01,-9.064465016126632690e-02,1.844344735145568848e-01,3.752435365675355593e-18,-6.587469577789306641e-02,3.021493554115295410e-02,-3.469778001308441162e-01,-8.203043788671493530e-02,-6.147936359047889709e-02,3.058228194713592529e-01,-6.245630234479904175e-02,1.415015608072280884e-01,-1.237778812646865845e-01,0.000000000000000000e+00,0.000000000000000000e+00,-7.638349384069442749e-02,2.930214814841747284e-02,-5.437030196189880371e-01,-2.779713571071624756e-01,-2.603902518749237061e-01,-1.221821457147598267e-01,-1.158484816551208496e-01,-8.098652213811874390e-02,-1.073752939701080322e-01,5.764639377593994141e-01,-3.300305008888244629e-01,-1.099455170333385468e-02,8.246545679867267609e-03,9.489996731281280518e-02
9.950626641511917114e-02,-1.403383463621139526e-01,8.579125404357910156e-01,2.428563311696052551e-02,-4.257558844983577728e-03,-9.895952343940734863e-01,1.417508721351623535e-01,-1.381353437900543213e-01,-9.023837745189666748e-02,2.588795125484466553e-01,4.074307885631989722e-18,-7.539361715316772461e-02,2.615070156753063202e-02,-3.688538074493408203e-01,-1.465232372283935547e-01,-2.596509754657745361e-01,3.614131808280944824e-01,-9.813792258501052856e-02,1.076266318559646606e-01,-1.191707402467727661e-01,0.000000000000000000e+00,0.000000000000000000e+00,-7.305430620908737183e-02,1.934006065130233765e-02,-5.520858764648437500e-01,-2.531674802303314209e-01,-2.770901024341583252e-01,-1.175875440239906311e-01,-1.253300458192825317e-01,-8.130338042974472046e-02,-1.038704365491867065e-01,5.689855217933654785e-01,-3.160531520843505859e-01,-8.418146520853042603e-03,8.894514292478561401e-03,9.073192626237869263e-02
9.912293404340744019e-02,-1.401095539331436157e-01,8.576018214225769043e-01,2.551471814513206482e-02,-8.387031033635139465e-03,-9.933053255081176758e-01,1.123528629541397095e-01,-1.336384117603302002e-01,-9.118946641683578491e-02,3.227300047874450684e-01,1.809341784673990615e-18,-8.371584862470626831e-02,2.118761092424392700e-02,-3.716838955879211426e-01,-1.895861178636550903e-01,-3.932500183582305908e-01,4.054058790206909180e-01,-1.321914494037628174e-01,9.128021448850631714e-02,-1.185813024640083313e-01,0.000000000000000000e+00,0.000000000000000000e+00,-6.845556199550628662e-02,1.085232291370630264e-02,-5.553652644157409668e-01,-2.359856218099594116e-01,-2.940632700920104980e-01,-1.176470890641212463e-01,-1.382526904344558716e-01,-8.269384503364562988e-02,-1.052073985338211060e-01,5.645893216133117676e-01,-3.050698339939117432e-01,-3.431655233725905418e-03,7.501733023673295975e-03,9.793249517679214478e-02
9.729535132646560669e-02,-1.392052918672561646e-01,8.575745224952697754e-01,2.726326324045658112e-02,-1.209067180752754211e-02,-9.961082935333251953e-01,8.293882757425308228e-02,-1.286796927452087402e-01,-9.054271876811981201e-02,3.895361423492431641e-01,-3.385934797310260515e-18,-9.015315771102905273e-02,1.619244366884231567e-02,-3.614387214183807373e-01,-2.180130034685134888e-01,-5.015462040901184082e-01,4.292973577976226807e-01,-1.552192568778991699e-01,8.099765330553054810e-02,-1.158980056643486023e-01,0.000000000000000000e+00,0.000000000000000000e+00,-6.422363221645355225e-02,2.432936336845159531e-03,-5.559884309768676758e-01,-2.216561138629913330e-01,-3.072735369205474854e-01,-1.169309020042419434e-01,-1.440854370594024658e-01,-8.457247167825698853e-02,-1.064504981040954590e-01,5.631090402603149414e-01,-2.994552254676818848e-01,2.415485214442014694e-03,3.478983649984002113e-03,1.018706485629081726e-01
9.069926291704177856e-02,-1.375561654567718506e-01,8.582103252410888672e-01,2.961305156350135803e-02,-1.387527305632829666e-02,-9.979687333106994629e-01,5.467097088694572449e-02,-1.200294792652130127e-01,-8.535835146903991699e-02,4.519458711147308350e-01,3.977957887881813058e-18,-9.560099244117736816e-02,1.601772755384445190e-02,-3.372948169708251953e-01,-2.217431813478469849e-01,-5.697362422943115234e-01,4.228829443454742432e-01,-1.562506854534149170e-01,7.509033381938934326e-02,-1.149043142795562744e-01,0.000000000000000000e+00,0.000000000000000000e+00,-5.209966376423835754e-02,-3.581492928788065910e-03,-5.508759617805480957e-01,-2.171513140201568604e-01,-3.174553513526916504e-01,-1.145320460200309753e-01,-1.459533870220184326e-01,-8.279909938573837280e-02,-1.047044917941093445e-01,5.629460811614990234e-01,-2.959802150726318359e-01,9.742580354213714600e-03,4.320216830819845200e-03,1.083469688892364502e-01
8.637055754661560059e-02,-1.367502808570861816e-01,8.591629266738891602e-01,3.112636320292949677e-02,-1.338409818708896637e-02,-9.990264773368835449e-01,2.825087681412696838e-02,-1.123645305633544922e-01,-7.800795882940292358e-02,5.141671895980834961e-01,-3.603622264754615702e-18,-9.608747065067291260e-02,1.117918733507394791e-02,-3.119651079177856445e-01,-2.168295830488204956e-01,-6.258363127708435059e-01,4.043523073196411133e-01,-1.514706462621688843e-01,7.295556366443634033e-02,-1.078124269843101501e-01,0.000000000000000000e+00,0.000000000000000000e+00,-4.662856087088584900e-02,-9.275401011109352112e-03,-5.403975844383239746e-01,-2.164099663496017456e-01,-3.146187961101531982e-01,-1.198570281267166138e-01,-1.460105478763580322e-01,-8.127927780151367188e-02,-1.019150316715240479e-01,5.636454224586486816e-01,-2.952841520309448242e-01,1.249352563172578812e-02,-1.876934315077960491e-03,1.099913567304611206e-01
8.032152801752090454e-02,-1.321032494306564331e-01,8.604888319969177246e-01,3.224201127886772156e-02,-1.218007411807775497e-02,-9.994055628776550293e-01,8.168368367478251457e-04,-1.016631945967674255e-01,-6.556926667690277100e-02,5.673275589942932129e-01,6.822268054982151900e-18,-9.203723818063735962e-02,9.540198370814323425e-03,-2.853918969631195068e-01,-1.898733377456665039e-01,-6.477827429771423340e-01,3.649470210075378418e-01,-1.428392827510833740e-01,7.413093000650405884e-02,-1.002036184072494507e-01,0.000000000000000000e+00,0.000000000000000000e+00,-3.370811790227890015e-02,-8.797049522399902344e-03,-5.315119624137878418e-01,-2.181837856769561768e-01,-3.268671631813049316e-01,-1.199257969856262207e-01,-1.376429051160812378e-01,-8.041647076606750488e-02,-9.213725477457046509e-02,5.625584721565246582e-01,-2.892081737518310547e-01,1.970753632485866547e-02,-5.160082131624221802e-03,1.076667904853820801e-01
7.447155565023422241e-02,-1.271566152572631836e-01,8.615747094154357910e-01,3.213926032185554504e-02,-1.085277367383241653e-02,-9.991207718849182129e-01,-2.463580854237079620e-02,-8.867327123880386353e-02,-5.374427512288093567e-02,6.123729944229125977e-01,1.813463022699579597e-04,-8.671162277460098267e-02,1.392424944788217545e-02,-2.667717933654785156e-01,-1.616254299879074097e-01,-6.446984410285949707e-01,3.303249180316925049e-01,-1.381187587976455688e-01,7.380279153585433960e-02,-9.386534988880157471e-02,0.000000000000000000e+00,0.000000000000000000e+00,-2.117684110999107361e-02,-9.453511796891689301e-03,-5.187796950340270996e-01,-2.200952321290969849e-01,-3.301976323127746582e-01,-1.204233691096305847e-01,-1.289943605661392212e-01,-7.730435580015182495e-02,-8.513816446065902710e-02,5.622613430023193359e-01,-2.862907350063323975e-01,2.102125622332096100e-02,-1.059911306947469711e-02,1.014952287077903748e-01
6.628758460283279419e-02,-1.196308359503746033e-01,8.625801205635070801e-01,3.206740319728851318e-02,-9.595272131264209747e-03,-9.983560442924499512e-01,-4.652731865644454956e-02,-9.498855471611022949e-02,-2.295547910034656525e-02,6.480918526649475098e-01,5.348701402544975281e-02,-1.037483066320419312e-01,2.078485302627086639e-02,-2.466360926628112793e-01,-1.291743367910385132e-01,-6.287652850151062012e-01,2.879363894462585449e-01,-1.338921487331390381e-01,7.106730341911315918e-02,-8.681477606296539307e-02,0.000000000000000000e+00,0.000000000000000000e+00,-9.575122967362403870e-03,-8.624902926385402679e-03,-5.082156658172607422e-01,-2.224444150924682617e-01,-3.306368887424468994e-01,-1.207568496465682983e-01,-1.206317842006683350e-01,-7.319600135087966919e-02,-7.651882618665695190e-02,5.604840517044067383e-01,-2.808664143085479736e-01,2.284552529454231262e-02,-1.377206016331911087e-02,9.291227906942367554e-02
5.815649777650833130e-02,-1.125303730368614197e-01,8.623989224433898926e-01,3.159835562109947205e-02,-8.592428639531135559e-03,-9.972293972969055176e-01,-6.679239124059677124e-02,-1.132577210664749146e-01,1.668829284608364105e-02,6.732661724090576172e-01,1.389677226543426514e-01,-1.349000334739685059e-01,3.554882481694221497e-02,-2.398377209901809692e-01,-1.076215803623199463e-01,-5.974383354187011719e-01,2.756523787975311279e-01,-1.411574035882949829e-01,6.354013830423355103e-02,-8.395953476428985596e-02,0.000000000000000000e+00,0.000000000000000000e+00,-1.200450700707733631e-03,-9.328506886959075928e-03,-4.950681030750274658e-01,-2.255614697933197021e-01,-3.272037804126739502e-01,-1.175192520022392273e-01,-1.143101081252098083e-01,-7.154241204261779785e-02,-7.264488190412521362e-02,5.582885146141052246e-01,-2.773725986480712891e-01,2.819462679326534271e-02,-1.481915079057216644e-02,8.653006702661514282e-02
5.517916008830070496e-02,-1.040424928069114685e-01,8.609676361083984375e-01,2.985329926013946533e-02,-4.133914597332477570e-03,-9.955688118934631348e-01,-8.907540887594223022e-02,-1.492849290370941162e-01,8.043668419122695923e-02,6.889348626136779785e-01,2.667756974697113037e-01,-1.788060069084167480e-01,4.965982958674430847e-02,-2.321808487176895142e-01,-7.330968230962753296e-02,-5.560075044631958008e-01,2.537581026554107666e-01,-1.480274200439453125e-01,5.448746681213378906e-02,-7.788188010454177856e-02,0.000000000000000000e+00,0.000000000000000000e+00,5.924162454903125763e-03,-5.883429548703134060e-04,-4.834196269512176514e-01,-2.318382859230041504e-01,-3.109408318996429443e-01,-1.143029257655143738e-01,-1.070258766412734985e-01,-7.075340300798416138e-02,-6.406693905591964722e-02,5.621196627616882324e-01,-2.783199548721313477e-01,2.670869976282119751e-02,-1.375999394804239273e-02,8.263380080461502075e-02
5.373737588524818420e-02,-9.796782582998275757e-02,8.583359718322753906e-01,2.876789681613445282e-02,2.873179037123918533e-03,-9.934045672416687012e-01,-1.109572052955627441e-01,-1.835807710886001587e-01,1.380181312561035156e-01,6.734690070152282715e-01,3.794713914394378662e-01,-2.083422094583511353e-01,6.679232418537139893e-02,-2.310224473476409912e-01,-3.904683887958526611e-02,-5.055128931999206543e-01,2.423500418663024902e-01,-1.560978591442108154e-01,4.177377745509147644e-02,-7.129444926977157593e-02,0.000000000000000000e+00,0.000000000000000000e+00,1.281193178147077560e-02,1.084576454013586044e-02,-4.752472639083862305e-01,-2.372282445430755615e-01,-2.967745959758758545e-01,-1.137312874197959900e-01,-9.100244939327239990e-02,-6.853348761796951294e-02,-5.255784094333648682e-02,5.660894513130187988e-01,-2.762823402881622314e-01,2.957149967551231384e-02,-1.520691253244876862e-02,6.958854943513870239e-02
5.395083874464035034e-02,-9.485067427158355713e-02,8.546687960624694824e-01,2.895172871649265289e-02,1.384438760578632355e-02,-9.901604056358337402e-01,-1.362076401710510254e-01,-2.197967320680618286e-01,1.950124502182006836e-01,6.411196589469909668e-01,4.855579733848571777e-01,-2.211677879095077515e-01,8.183189481496810913e-02,-2.317274808883666992e-01,1.703617745079100132e-03,-4.513120353221893311e-01,2.276306748390197754e-01,-1.588725000619888306e-01,3.354521095752716064e-02,-5.914947390556335449e-02,0.000000000000000000e+00,0.000000000000000000e+00,1.761616580188274384e-02,2.844072878360748291e-02,-4.629442393779754639e-01,-2.438944876194000244e-01,-2.850936949253082275e-01,-1.124130263924598694e-01,-8.450067043304443359e-02,-6.989525258541107178e-02,-3.715952858328819275e-02,5.690498948097229004e-01,-2.814018726348876953e-01,3.238620609045028687e-02,-1.366206631064414978e-02,6.756096333265304565e-02
5.488837882876396179e-02,-9.119164943695068359e-02,8.507140874862670898e-01,2.971863560378551483e-02,2.662612311542034149e-02,-9.858452081680297852e-01,-1.628405004739761353e-01,-2.548001706600189209e-01,2.457649707794189453e-01,5.904923677444458008e-01,5.770913362503051758e-01,-2.077796608209609985e-01,9.367111325263977051e-02,-2.269006073474884033e-01,4.993430525064468384e-02,-3.898443579673767090e-01,2.014455944299697876e-01,-1.537136733531951904e-01,2.241592481732368469e-02,-4.305943846702575684e-02,0.000000000000000000e+00,0.000000000000000000e+00,1.956436783075332642e-02,5.522626638412475586e-02,-4.468733966350555420e-01,-2.553221583366394043e-01,-2.757524549961090088e-01,-1.087732315063476562e-01,-8.224537223577499390e-02,-7.385832816362380981e-02,-1.636940240859985352e-02,5.672703981399536133e-01,-2.846363484859466553e-01,3.636358678340911865e-02,-8.208204992115497589e-03,7.062525302171707153e-02
5.675635859370231628e-02,-9.074719995260238647e-02,8.479446768760681152e-01,2.733350358903408051e-02,3.473054245114326477e-02,-9.802590012550354004e-01,-1.927146166563034058e-01,-2.869851291179656982e-01,2.608763575553894043e-01,5.125242471694946289e-01,6.361340284347534180e-01,-1.931259930133819580e-01,9.780629724264144897e-02,-2.209155261516571045e-01,8.317548036575317383e-02,-3.251309990882873535e-01,1.813397556543350220e-01,-1.451912224292755127e-01,1.742775179445743561e-02,-2.265454083681106567e-02,0.000000000000000000e+00,0.000000000000000000e+00,2.180080115795135498e-02,6.711345911026000977e-02,-4.384909868240356445e-01,-2.656536102294921875e-01,-2.748048901557922363e-01,-1.052769795060157776e-01,-7.566247135400772095e-02,-7.891371846199035645e-02,-3.903084434568881989e-03,5.733343362808227539e-01,-2.874403893947601318e-01,4.944891482591629028e-02,-5.045057740062475204e-03,7.443287223577499390e-02
5.851272493600845337e-02,-9.223790466785430908e-02,8.458796143531799316e-01,2.488376386463642120e-02,4.067723453044891357e-02,-9.741498231887817383e-01,-2.208126485347747803e-01,-3.210702538490295410e-01,2.591693103313446045e-01,4.263277649879455566e-01,6.913612484931945801e-01,-1.915854811668395996e-01,9.546235948801040649e-02,-2.177869528532028198e-01,1.081692352890968323e-01,-2.571513950824737549e-01,1.684695631265640259e-01,-1.348030269145965576e-01,1.189106237143278122e-02,-5.702868569642305374e-03,0.000000000000000000e+00,0.000000000000000000e+00,1.994209922850131989e-02,7.058890908956527710e-02,-4.332533776760101318e-01,-2.712329924106597900e-01,-2.685872614383697510e-01,-1.029885634779930115e-01,-7.011014223098754883e-02,-8.716617524623870850e-02,5.341468378901481628e-03,5.783977508544921875e-01,-2.857489585876464844e-01,5.820815265178680420e-02,-5.524668376892805099e-03,7.350172847509384155e-02
5.701057985424995422e-02,-9.298537671566009521e-02,8.447799682617187500e-01,2.267153933644294739e-02,4.401454702019691467e-02,-9.671795964241027832e-01,-2.492236047983169556e-01,-3.456812500953674316e-01,2.480050474405288696e-01,3.506738841533660889e-01,7.273712754249572754e-01,-1.869052946567535400e-01,9.025625139474868774e-02,-2.096258997917175293e-01,1.266188323497772217e-01,-1.920603662729263306e-01,1.527086943387985229e-01,-1.225223317742347717e-01,1.024745404720306396e-02,1.213277131319046021e-02,0.000000000000000000e+00,0.000000000000000000e+00,1.593495160341262817e-02,7.107060402631759644e-02,-4.231057167053222656e-01,-2.743521630764007568e-01,-2.632828056812286377e-01,-9.838126599788665771e-02,-6.153823435306549072e-02,-9.296048432588577271e-02,1.285825110971927643e-02,5.768386125564575195e-01,-2.837300300598144531e-01,6.957755982875823975e-02,-3.965723793953657150e-03,7.401514798402786255e-02
5.582041293382644653e-02,-9.374767541885375977e-02,8.442744612693786621e-01,2.055537141859531403e-02,4.559103026986122131e-02,-9.604559540748596191e-01,-2.739038765430450439e-01,-3.682159781455993652e-01,2.344358563423156738e-01,2.853445410728454590e-01,7.510343194007873535e-01,-1.921728402376174927e-01,8.258070796728134155e-02,-1.987445801496505737e-01,1.393477469682693481e-01,-1.365414559841156006e-01,1.324634402990341187e-01,-1.089184358716011047e-01,1.083395257592201233e-02,2.645934000611305237e-02,0.000000000000000000e+00,0.000000000000000000e+00,1.046713348478078842e-02,6.915582716464996338e-02,-4.156389832496643066e-01,-2.760056555271148682e-01,-2.607205212116241455e-01,-9.416503459215164185e-02,-5.605834349989891052e-02,-1.000535264611244202e-01,1.758302189409732819e-02,5.753823518753051758e-01,-2.830197811126708984e-01,7.500381022691726685e-02,-5.312296096235513687e-03,7.359443604946136475e-02
5.427433922886848450e-02,-9.462279826402664185e-02,8.441920280456542969e-01,1.805177330970764160e-02,4.488431662321090698e-02,-9.531112313270568848e-01,-2.987282574176788330e-01,-3.860902488231658936e-01,2.124443352222442627e-01,2.225658744573593140e-01,7.549598813056945801e-01,-2.041518837213516235e-01,7.537720352411270142e-02,-1.925222575664520264e-01,1.456856578588485718e-01,-8.178634196519851685e-02,1.218232363462448120e-01,-1.001637205481529236e-01,1.414128765463829041e-02,4.197675734758377075e-02,0.000000000000000000e+00,0.000000000000000000e+00,7.366420235484838486e-03,6.618056446313858032e-02,-4.097570776939392090e-01,-2.819871604442596436e-01,-2.570658028125762939e-01,-9.187876433134078979e-02,-5.078246071934700012e-02,-1.068673729896545410e-01,1.682722009718418121e-02,5.777766704559326172e-01,-2.841828763484954834e-01,8.788861334323883057e-02,-2.634546952322125435e-03,8.051006495952606201e-02
5.069556087255477905e-02,-9.474592655897140503e-02,8.443289399147033691e-01,1.662579923868179321e-02,4.333017021417617798e-02,-9.446343779563903809e-01,-3.248261213302612305e-01,-3.992028534412384033e-01,1.870193779468536377e-01,1.586933434009552002e-01,7.507106661796569824e-01,-2.235285788774490356e-01,6.764598190784454346e-02,-1.841698884963989258e-01,1.502493917942047119e-01,-2.527582086622714996e-02,1.071021929383277893e-01,-9.303808212280273438e-02,2.181876637041568756e-02,5.737949907779693604e-02,0.000000000000000000e+00,0.000000000000000000e+00,3.042486030608415604e-03,6.484903395175933838e-02,-4.006903171539306641e-01,-2.881888747215270996e-01,-2.565107941627502441e-01,-9.170217067003250122e-02,-4.375699907541275024e-02,-1.116716042160987854e-01,1.445243321359157562e-02,5.752844810485839844e-01,-2.870078682899475098e-01,9.562025964260101318e-02,-2.858165884390473366e-03,8.420497924089431763e-02
4.618063941597938538e-02,-9.511655569076538086e-02,8.446543812751770020e-01,1.598333939909934998e-02,4.144937917590141296e-02,-9.370616674423217773e-01,-3.463262319564819336e-01,-4.070280492305755615e-01,1.603546738624572754e-01,1.018479838967323303e-01,7.331013083457946777e-01,-2.432828247547149658e-01,6.169193238019943237e-02,-1.766879558563232422e-01,1.513546854257583618e-01,2.435942180454730988e-02,9.366608411073684692e-02,-8.524365723133087158e-02,3.084545768797397614e-02,6.494231522083282471e-02,0.000000000000000000e+00,0.000000000000000000e+00,1.468934700824320316e-03,6.179004162549972534e-02,-3.954943716526031494e-01,-2.948192656040191650e-01,-2.548597455024719238e-01,-9.148599207401275635e-02,-3.626738488674163818e-02,-1.166719049215316772e-01,1.201000995934009552e-02,5.704699158668518066e-01,-2.844338119029998779e-01,9.803493320941925049e-02,-1.726381480693817139e-03,8.253277838230133057e-02
4.013754054903984070e-02,-9.598281979560852051e-02,8.450460433959960938e-01,1.503771822899580002e-02,3.933483734726905823e-02,-9.291173219680786133e-01,-3.673794269561767578e-01,-4.092147648334503174e-01,1.277973204851150513e-01,3.676347434520721436e-02,7.104470133781433105e-01,-2.624279558658599854e-01,5.907281115651130676e-02,-1.707457751035690308e-01,1.495833694934844971e-01,7.468117773532867432e-02,8.552364259958267212e-02,-8.043299615383148193e-02,3.880457207560539246e-02,6.841468811035156250e-02,0.000000000000000000e+00,0.000000000000000000e+00,-5.444102571345865726e-04,6.110303103923797607e-02,-3.945748805999755859e-01,-3.029627501964569092e-01,-2.521509826183319092e-01,-8.997002243995666504e-02,-2.623607963323593140e-02,-1.208419799804687500e-01,5.010316148400306702e-03,5.701424479484558105e-01,-2.840547263622283936e-01,1.011356562376022339e-01,1.009897096082568169e-05,7.946598529815673828e-02
3.550063446164131165e-02,-9.713019430637359619e-02,8.451030850410461426e-01,1.335488632321357727e-02,3.796793520450592041e-02,-9.207659959793090820e-01,-3.880335390567779541e-01,-4.082571268081665039e-01,9.309461712837219238e-02,-3.512251749634742737e-02,6.935400962829589844e-01,-2.762573361396789551e-01,5.971261113882064819e-02,-1.700879335403442383e-01,1.495300978422164917e-01,1.228455305099487305e-01,8.798229694366455078e-02,-8.056931197643280029e-02,4.689832776784896851e-02,7.365308701992034912e-02,0.000000000000000000e+00,0.000000000000000000e+00,-5.368276499211788177e-03,5.832877755165100098e-02,-3.970064520835876465e-01,-3.032409548759460449e-01,-2.530544996261596680e-01,-8.916999399662017822e-02,-1.704856939613819122e-02,-1.271794736385345459e-01,1.109961071051657200e-03,5.704231262207031250e-01,-2.807611823081970215e-01,9.898317605257034302e-02,1.295060850679874420e-03,7.881330698728561401e-02
2.820317447185516357e-02,-9.747448563575744629e-02,8.451296687126159668e-01,1.310242153704166412e-02,3.728530928492546082e-02,-9.126763939857482910e-01,-4.067677259445190430e-01,-4.014958143234252930e-01,5.579011887311935425e-02,-1.114030629396438599e-01,6.775905489921569824e-01,-2.904582321643829346e-01,5.934284627437591553e-02,-1.714152097702026367e-01,1.504002362489700317e-01,1.718573868274688721e-01,9.604474157094955444e-02,-8.409126847982406616e-02,5.319779738783836365e-02,7.431242614984512329e-02,0.000000000000000000e+00,0.000000000000000000e+00,-6.771133281290531158e-03,5.591021105647087097e-02,-3.943241238594055176e-01,-3.062670528888702393e-01,-2.500945627689361572e-01,-8.727139979600906372e-02,-6.336132530122995377e-03,-1.294787079095840454e-01,-3.579205600544810295e-03,5.698438286781311035e-01,-2.787745893001556396e-01,9.390466660261154175e-02,-1.170341638498939574e-04,6.999401003122329712e-02
2.017270773649215698e-02,-9.828259050846099854e-02,8.450669646263122559e-01,1.329588517546653748e-02,3.691985458135604858e-02,-9.038364887237548828e-01,-4.260747432708740234e-01,-3.890157639980316162e-01,2.363845892250537872e-02,-1.755217313766479492e-01,6.589345335960388184e-01,-2.948767840862274170e-01,5.896113812923431396e-02,-1.714179813861846924e-01,1.505578756332397461e-01,2.167387157678604126e-01,1.002975255250930786e-01,-8.700800687074661255e-02,5.925434455275535583e-02,7.378783822059631348e-02,0.000000000000000000e+00,0.000000000000000000e+00,-1.045465469360351562e-02,5.473716557025909424e-02,-3.962522447109222412e-01,-3.094865977764129639e-01,-2.467435151338577271e-01,-8.654533326625823975e-02,1.669071498326957226e-03,-1.315089911222457886e-01,-8.441087789833545685e-03,5.710312128067016602e-01,-2.791682779788970947e-01,8.707402646541595459e-02,-3.426643554121255875e-03,6.106559932231903076e-02
1.042729988694190979e-02,-9.791851788759231567e-02,8.444588184356689453e-01,1.462617889046669006e-02,3.865648806095123291e-02,-8.942586183547973633e-01,-4.456380903720855713e-01,-3.762709200382232666e-01,-5.940956907579675317e-05,-2.248611003160476685e-01,6.506067514419555664e-01,-2.995328009128570557e-01,6.023787334561347961e-02,-1.749305129051208496e-01,1.559054255485534668e-01,2.585766613483428955e-01,1.148504987359046936e-01,-9.530903398990631104e-02,6.581512093544006348e-02,7.347831130027770996e-02,0.000000000000000000e+00,0.000000000000000000e+00,-1.158530451357364655e-02,5.839320272207260132e-02,-4.004742801189422607e-01,-3.163961470127105713e-01,-2.493750751018524170e-01,-8.878085017204284668e-02,5.322616547346115112e-03,-1.311779916286468506e-01,-1.128203514963388443e-02,5.688058137893676758e-01,-2.823529839515686035e-01,8.514273166656494141e-02,-7.464652881026268005e-03,5.406165495514869690e-02
-4.117236821912229061e-04,-9.817626327276229858e-02,8.436323404312133789e-01,1.692881435155868530e-02,4.085961356759071350e-02,-8.844847083091735840e-01,-4.644681811332702637e-01,-3.659164905548095703e-01,-1.120112743228673935e-02,-2.394370287656784058e-01,6.502410769462585449e-01,-3.094494640827178955e-01,6.747566908597946167e-02,-1.804636269807815552e-01,1.614911556243896484e-01,2.973757684230804443e-01,1.313334703445434570e-01,-1.033142656087875366e-01,7.079306989908218384e-02,6.693655997514724731e-02,0.000000000000000000e+00,0.000000000000000000e+00,-1.170452404767274857e-02,6.173054873943328857e-02,-4.031679630279541016e-01,-3.190050721168518066e-01,-2.496454715728759766e-01,-8.528470993041992188e-02,5.048819817602634430e-03,-1.312036514282226562e-01,-1.604606956243515015e-02,5.630785226821899414e-01,-2.895762920379638672e-01,7.575207948684692383e-02,-7.833158597350120544e-03,4.957883059978485107e-02
-1.044665556401014328e-02,-9.841840714216232300e-02,8.428251743316650391e-01,1.901472918689250946e-02,4.267571493983268738e-02,-8.752617239952087402e-01,-4.813877046108245850e-01,-3.577033579349517822e-01,-1.533504389226436615e-02,-2.348805963993072510e-01,6.524544358253479004e-01,-3.249325752258300781e-01,7.657051086425781250e-02,-1.887530237436294556e-01,1.668545156717300415e-01,3.273375928401947021e-01,1.527420282363891602e-01,-1.144286245107650757e-01,7.667785137891769409e-02,5.888929218053817749e-02,0.000000000000000000e+00,0.000000000000000000e+00,-1.191291492432355881e-02,6.465527415275573730e-02,-4.030671417713165283e-01,-3.250495791435241699e-01,-2.548502385616302490e-01,-8.339430391788482666e-02,6.742602214217185974e-03,-1.309154331684112549e-01,-2.378361299633979797e-02,5.591623783111572266e-01,-3.027667701244354248e-01,7.168022543191909790e-02,-6.982562597841024399e-03,4.725342243909835815e-02
-1.989630609750747681e-02,-9.942461550235748291e-02,8.422137498855590820e-01,2.158313617110252380e-02,4.368463531136512756e-02,-8.655611872673034668e-01,-4.984271824359893799e-01,-3.523243069648742676e-01,-1.515454053878784180e-02,-2.159301191568374634e-01,6.542732715606689453e-01,-3.421527743339538574e-01,8.937916159629821777e-02,-1.956804394721984863e-01,1.700418591499328613e-01,3.568483889102935791e-01,1.657038033008575439e-01,-1.195364296436309814e-01,8.157852292060852051e-02,4.556452482938766479e-02,0.000000000000000000e+00,0.000000000000000000e+00,-1.175573654472827911e-02,6.799501180648803711e-02,-4.029099941253662109e-01,-3.270917832851409912e-01,-2.541974484920501709e-01,-8.061262965202331543e-02,1.586844096891582012e-03,-1.301989853382110596e-01,-3.425146266818046570e-02,5.538610219955444336e-01,-3.204266726970672607e-01,5.656380206346511841e-02,-5.431654863059520721e-03,4.775401577353477478e-02
-2.730042114853858948e-02,-1.012862548232078552e-01,8.420461416244506836e-01,2.312368527054786682e-02,4.347950592637062073e-02,-8.567214608192443848e-01,-5.134230256080627441e-01,-3.464569449424743652e-01,-1.053935848176479340e-02,-1.837886124849319458e-01,6.485895514488220215e-01,-3.551013767719268799e-01,9.854498505592346191e-02,-2.028204202651977539e-01,1.697215288877487183e-01,3.758620917797088623e-01,1.759640127420425415e-01,-1.200878620147705078e-01,8.676662296056747437e-02,3.158367052674293518e-02,0.000000000000000000e+00,0.000000000000000000e+00,-1.481249462813138962e-02,6.651531904935836792e-02,-4.049439430236816406e-01,-3.225365877151489258e-01,-2.519593238830566406e-01,-7.841197401285171509e-02,-7.272247690707445145e-03,-1.297527402639389038e-01,-4.410599544644355774e-02,5.497831106185913086e-01,-3.332643806934356689e-01,4.478892311453819275e-02,-1.959989545866847038e-03,5.167790129780769348e-02
-3.238463774323463440e-02,-1.035971492528915405e-01,8.426306843757629395e-01,2.375495433807373047e-02,4.086369276046752930e-02,-8.485409617424011230e-01,-5.270143151283264160e-01,-3.373036384582519531e-01,-8.921559900045394897e-03,-1.534990966320037842e-01,6.309443712234497070e-01,-3.590654134750366211e-01,1.067214012145996094e-01,-2.080828398466110229e-01,1.639097481966018677e-01,3.894233703613281250e-01,1.768885552883148193e-01,-1.132194623351097107e-01,9.453829377889633179e-02,1.359364110976457596e-02,0.000000000000000000e+00,0.000000000000000000e+00,-1.715424098074436188e-02,6.361203640699386597e-02,-4.044420421123504639e-01,-3.152212202548980713e-01,-2.504918277263641357e-01,-7.834442704916000366e-02,-1.500768586993217468e-02,-1.266980618238449097e-01,-5.929358303546905518e-02,5.407900810241699219e-01,-3.516860604286193848e-01,3.047653473913669586e-02,-8.369017159566283226e-04,6.067840382456779480e-02
-3.806575015187263489e-02,-1.086333394050598145e-01,8.432332873344421387e-01,2.445253357291221619e-02,3.866111114621162415e-02,-8.406404256820678711e-01,-5.396583080291748047e-01,-3.308313488960266113e-01,-9.536129422485828400e-03,-1.241216436028480530e-01,6.135588288307189941e-01,-3.572931289672851562e-01,1.126264855265617371e-01,-2.197807878255844116e-01,1.578754931688308716e-01,3.957767188549041748e-01,1.869498789310455322e-01,-1.022671833634376526e-01,1.077320054173469543e-01,-2.997597912326455116e-03,0.000000000000000000e+00,0.000000000000000000e+00,-2.006270363926887512e-02,6.049397587776184082e-02,-4.098349511623382568e-01,-3.084177076816558838e-01,-2.517070770263671875e-01,-7.603321224451065063e-02,-1.666836440563201904e-02,-1.236430555582046509e-01,-7.391400635242462158e-02,5.386732816696166992e-01,-3.699429035186767578e-01,2.343212068080902100e-02,4.523004870861768723e-03,6.550944596529006958e-02
-4.219067469239234924e-02,-1.146979331970214844e-01,8.443828225135803223e-01,2.307889424264431000e-02,3.488615900278091431e-02,-8.324247002601623535e-01,-5.525571703910827637e-01,-3.182831406593322754e-01,-1.292192842811346054e-02,-9.296674281358718872e-02,5.836670398712158203e-01,-3.442793786525726318e-01,1.171108782291412354e-01,-2.331094443798065186e-01,1.481993049383163452e-01,3.944838941097259521e-01,2.009209543466567993e-01,-9.022362530231475830e-02,1.219762861728668213e-01,-2.130173519253730774e-02,0.000000000000000000e+00,0.000000000000000000e+00,-2.282612025737762451e-02,5.576165020465850830e-02,-4.081865847110748291e-01,-3.010997176170349121e-01,-2.524045705795288086e-01,-7.460191100835800171e-02,-1.974933780729770660e-02,-1.150134876370429993e-01,-8.809845894575119019e-02,5.297688245773315430e-01,-3.818098902702331543e-01,2.044400759041309357e-02,8.598755113780498505e-03,7.363139837980270386e-02
-4.608896747231483459e-02,-1.218885481357574463e-01,8.455563187599182129e-01,2.126648277044296265e-02,3.042289055883884430e-02,-8.237961530685424805e-01,-5.656695365905761719e-01,-3.051432669162750244e-01,-1.771605014801025391e-02,-5.876554921269416809e-02,5.495489835739135742e-01,-3.275750279426574707e-01,1.185137853026390076e-01,-2.525382041931152344e-01,1.359883844852447510e-01,3.724825978279113770e-01,2.261018753051757812e-01,-8.143388479948043823e-02,1.350728869438171387e-01,-3.851950541138648987e-02,0.000000000000000000e+00,0.000000000000000000e+00,-2.416173368692398071e-02,5.412391573190689087e-02,-4.119506776332855225e-01,-2.969325482845306396e-01,-2.572219073772430420e-01,-7.626128941774368286e-02,-2.587424218654632568e-02,-1.070463508367538452e-01,-1.021223142743110657e-01,5.279479622840881348e-01,-3.951308131217956543e-01,2.081714197993278503e-02,1.174215506762266159e-02,7.964131981134414673e-02
-4.681678488850593567e-02,-1.318102627992630005e-01,8.462879061698913574e-01,1.867221109569072723e-02,2.707251347601413727e-02,-8.130207061767578125e-01,-5.813052058219909668e-01,-2.975372970104217529e-01,-1.807241700589656830e-02,-1.881598681211471558e-02,5.239143967628479004e-01,-3.133026063442230225e-01,1.198454573750495911e-01,-2.766365408897399902e-01,1.215763688087463379e-01,3.198394775390625000e-01,2.628212273120880127e-01,-7.799236476421356201e-02,1.432170718908309937e-01,-5.127664282917976379e-02,0.000000000000000000e+00,0.000000000000000000e+00,-2.408060804009437561e-02,5.320751667022705078e-02,-4.108674824237823486e-01,-2.930922806262969971e-01,-2.591124176979064941e-01,-7.760138809680938721e-02,-2.977794036269187927e-02,-9.615404158830642700e-02,-1.148473471403121948e-01,5.266415476799011230e-01,-4.063562452793121338e-01,2.539716847240924835e-02,1.417815126478672028e-02,8.404055982828140259e-02
-4.999985918402671814e-02,-1.391783803701400757e-01,8.476310372352600098e-01,1.635956205427646637e-02,2.319117635488510132e-02,-8.008106350898742676e-01,-5.982448458671569824e-01,-2.795372903347015381e-01,-2.095987834036350250e-02,2.343217469751834869e-02,4.834558069705963135e-01,-2.930937409400939941e-01,1.198730468750000000e-01,-3.002827763557434082e-01,9.383823722600936890e-02,2.299415767192840576e-01,3.099351823329925537e-01,-9.248719364404678345e-02,1.344329267740249634e-01,-5.971292033791542053e-02,0.000000000000000000e+00,0.000000000000000000e+00,-2.278431318700313568e-02,5.279124155640602112e-02,-4.134489297866821289e-01,-2.911603450775146484e-01,-2.687154412269592285e-01,-7.866361737251281738e-02,-3.649614006280899048e-02,-8.890429884195327759e-02,-1.248888075351715088e-01,5.237837433815002441e-01,-4.099921584129333496e-01,2.870878949761390686e-02,1.589396595954895020e-02,8.822408318519592285e-02
-5.016646161675453186e-02,-1.477301865816116333e-01,8.484604358673095703e-01,1.331110391765832901e-02,2.044726535677909851e-02,-7.889556288719177246e-01,-6.139655709266662598e-01,-2.678129374980926514e-01,-2.169294469058513641e-02,6.123349815607070923e-02,4.544399976730346680e-01,-2.746396064758300781e-01,1.196468770503997803e-01,-3.281609416007995605e-01,6.558725237846374512e-02,1.407714337110519409e-01,3.673342764377593994e-01,-1.192528083920478821e-01,1.204188466072082520e-01,-6.736464053392410278e-02,0.000000000000000000e+00,0.000000000000000000e+00,-2.074453048408031464e-02,5.505211278796195984e-02,-4.115046262741088867e-01,-2.871508300304412842e-01,-2.732189297676086426e-01,-7.843971997499465942e-02,-4.277129843831062317e-02,-7.643088698387145996e-02,-1.304484754800796509e-01,5.151629447937011719e-01,-4.127148091793060303e-01,2.633825130760669708e-02,1.799682341516017914e-02,8.917137235403060913e-02
-5.020851269364356995e-02,-1.539252698421478271e-01,8.491717576980590820e-01,1.026428677141666412e-02,1.726002804934978485e-02,-7.784940004348754883e-01,-6.273307204246520996e-01,-2.538809180259704590e-01,-2.476251684129238129e-02,9.253917634487152100e-02,4.233765006065368652e-01,-2.541626989841461182e-01,1.196973472833633423e-01,-3.495140075683593750e-01,3.988168388605117798e-02,7.673297077417373657e-02,4.237797856330871582e-01,-1.505423039197921753e-01,1.058835089206695557e-01,-7.690305262804031372e-02,0.000000000000000000e+00,0.000000000000000000e+00,-1.713854633271694183e-02,5.660270154476165771e-02,-4.085979163646697998e-01,-2.823964059352874756e-01,-2.744006812572479248e-01,-7.616833597421646118e-02,-5.019924789667129517e-02,-6.456350535154342651e-02,-1.363428533077239990e-01,5.121248364448547363e-01,-4.150328040122985840e-01,2.558723650872707367e-02,2.341909147799015045e-02,9.074360877275466919e-02
-4.967657104134559631e-02,-1.576060652732849121e-01,8.493589758872985840e-01,7.858080789446830750e-03,1.449279021471738815e-02,-7.695069313049316406e-01,-6.384255886077880859e-01,-2.455668449401855469e-01,-2.647781930863857269e-02,1.178253740072250366e-01,4.061080813407897949e-01,-2.425996810197830200e-01,1.196534186601638794e-01,-3.644768297672271729e-01,1.677801273763179779e-02,2.925018966197967529e-02,4.748084843158721924e-01,-1.760601848363876343e-01,9.480801224708557129e-02,-8.482559025287628174e-02,0.000000000000000000e+00,0.000000000000000000e+00,-1.195065584033727646e-02,5.903806537389755249e-02,-4.043105840682983398e-01,-2.766599655151367188e-01,-2.752046287059783936e-01,-7.287973165512084961e-02,-5.535245314240455627e-02,-4.956514388322830200e-02,-1.402735263109207153e-01,5.050236582756042480e-01,-4.168894588947296143e-01,2.164616435766220093e-02,2.642938122153282166e-02,8.911002427339553833e-02
-4.878878965973854065e-02,-1.615592241287231445e-01,8.499220013618469238e-01,4.913441371172666550e-03,1.103617716580629349e-02,-7.604417204856872559e-01,-6.492937803268432617e-01,-2.296859622001647949e-01,-3.125536441802978516e-02,1.420318633317947388e-01,3.727512955665588379e-01,-2.249046266078948975e-01,1.196036264300346375e-01,-3.735456168651580811e-01,-9.976902976632118225e-03,-8.791550993919372559e-03,5.163208842277526855e-01,-1.973925679922103882e-01,8.540637791156768799e-02,-9.475219249725341797e-02,0.000000000000000000e+00,0.000000000000000000e+00,-5.437252577394247055e-03,6.078959628939628601e-02,-3.968493938446044922e-01,-2.744168937206268311e-01,-2.718315422534942627e-01,-7.169399410486221313e-02,-6.087359786033630371e-02,-3.702493011951446533e-02,-1.487165242433547974e-01,4.992908239364624023e-01,-4.217000901699066162e-01,1.792901754379272461e-02,2.681498602032661438e-02,8.945221453905105591e-02
-4.827611148357391357e-02,-1.651025712490081787e-01,8.499057888984680176e-01,2.980006858706474304e-03,9.804571978747844696e-03,-7.514508366584777832e-01,-6.597095131874084473e-01,-2.239224463701248169e-01,-3.094820305705070496e-02,1.643866747617721558e-01,3.622969388961791992e-01,-2.196251302957534790e-01,1.205686554312705994e-01,-3.763620555400848389e-01,-3.412407264113426208e-02,-3.927835077047348022e-02,5.523930191993713379e-01,-2.140968292951583862e-01,7.715348899364471436e-02,-1.009113714098930359e-01,0.000000000000000000e+00,0.000000000000000000e+00,1.605413039214909077e-03,6.397625058889389038e-02,-3.874289393424987793e-01,-2.727668583393096924e-01,-2.687781751155853271e-01,-6.835728883743286133e-02,-5.899336189031600952e-02,-2.493578195571899414e-02,-1.529374420642852783e-01,4.940149486064910889e-01,-4.240435063838958740e-01,1.608606614172458649e-02,2.802743762731552124e-02,8.610890805721282959e-02
-4.641342163085937500e-02,-1.684547662734985352e-01,8.496923446655273438e-01,7.341153104789555073e-04,8.018764667212963104e-03,-7.421831488609313965e-01,-6.701487302780151367e-01,-2.188958376646041870e-01,-3.079848922789096832e-02,1.845243573188781738e-01,3.526394069194793701e-01,-2.154400646686553955e-01,1.245845258235931396e-01,-3.745439350605010986e-01,-5.478638410568237305e-02,-5.762970447540283203e-02,5.800908803939819336e-01,-2.224270403385162354e-01,7.103114575147628784e-02,-1.056530997157096863e-01,0.000000000000000000e+00,0.000000000000000000e+00,8.089149370789527893e-03,6.880257278680801392e-02,-3.794990479946136475e-01,-2.706653773784637451e-01,-2.674272060394287109e-01,-6.705864518880844116e-02,-5.785671994090080261e-02,-1.498968061059713364e-02,-1.576404869556427002e-01,4.884868562221527100e-01,-4.266178011894226074e-01,1.537899207323789597e-02,2.841540798544883728e-02,8.364024013280868530e-02
-4.580572247505187988e-02,-1.699056923389434814e-01,8.491871356964111328e-01,-6.250874721445143223e-04,7.229703944176435471e-03,-7.342602014541625977e-01,-6.788293123245239258e-01,-2.179491817951202393e-01,-2.922585792839527130e-02,2.007694989442825317e-01,3.544875979423522949e-01,-2.178340554237365723e-01,1.280132234096527100e-01,-3.687889873981475830e-01,-7.274597883224487305e-02,-7.157115638256072998e-02,5.980323553085327148e-01,-2.264152914285659790e-01,6.851527094841003418e-02,-1.071643382310867310e-01,0.000000000000000000e+00,0.000000000000000000e+00,1.503067743033170700e-02,7.227736711502075195e-02,-3.688741028308868408e-01,-2.677237689495086670e-01,-2.661843299865722656e-01,-6.591706722974777222e-02,-5.206017941236495972e-02,-5.660591647028923035e-03,-1.611183434724807739e-01,4.791925251483917236e-01,-4.312594830989837646e-01,1.627676375210285187e-02,2.834820747375488281e-02,8.132315427064895630e-02
-4.426559060811996460e-02,-1.718196421861648560e-01,8.482782244682312012e-01,-1.559932017698884010e-03,6.860058754682540894e-03,-7.268081903457641602e-01,-6.868044734001159668e-01,-2.239555269479751587e-01,-2.432500943541526794e-02,2.155306935310363770e-01,3.684744238853454590e-01,-2.279608696699142456e-01,1.330192089080810547e-01,-3.622625470161437988e-01,-8.716177195310592651e-02,-7.917011529207229614e-02,6.104613542556762695e-01,-2.265412807464599609e-01,6.663819402456283569e-02,-1.078745499253273010e-01,0.000000000000000000e+00,0.000000000000000000e+00,2.006144076585769653e-02,7.834200561046600342e-02,-3.604790270328521729e-01,-2.645512223243713379e-01,-2.680767476558685303e-01,-6.503846496343612671e-02,-4.414795339107513428e-02,9.695595945231616497e-04,-1.627265959978103638e-01,4.753695428371429443e-01,-4.361824393272399902e-01,2.513664960861206055e-02,2.860442176461219788e-02,7.682452350854873657e-02
-4.070352017879486084e-02,-1.735862642526626587e-01,8.475465774536132812e-01,-3.594156587496399879e-03,6.299416534602642059e-03,-7.192363739013671875e-01,-6.947275996208190918e-01,-2.252875417470932007e-01,-1.974410191178321838e-02,2.283421158790588379e-01,3.759479224681854248e-01,-2.321111857891082764e-01,1.370860487222671509e-01,-3.540672063827514648e-01,-9.615019708871841431e-02,-8.002085983753204346e-02,6.151464581489562988e-01,-2.243489027023315430e-01,6.656663864850997925e-02,-1.082435995340347290e-01,0.000000000000000000e+00,0.000000000000000000e+00,2.162360586225986481e-02,8.361528068780899048e-02,-3.522864878177642822e-01,-2.553090155124664307e-01,-2.679465413093566895e-01,-6.321403384208679199e-02,-3.694672137498855591e-02,5.510374903678894043e-03,-1.617663949728012085e-01,4.697667956352233887e-01,-4.379138052463531494e-01,2.749331109225749969e-02,2.887623012065887451e-02,7.551151514053344727e-02
-3.714670613408088684e-02,-1.752081066370010376e-01,8.469855785369873047e-01,-4.028863273561000824e-03,6.342767272144556046e-03,-7.121740579605102539e-01,-7.019627094268798828e-01,-2.297641932964324951e-01,-1.172926276922225952e-02,2.398385703563690186e-01,3.872471451759338379e-01,-2.391246557235717773e-01,1.410783827304840088e-01,-3.469052016735076904e-01,-1.000891476869583130e-01,-7.849103212356567383e-02,6.130533218383789062e-01,-2.245371490716934204e-01,6.782154738903045654e-02,-1.079998835921287537e-01,0.000000000000000000e+00,0.000000000000000000e+00,2.296215668320655823e-02,8.831835538148880005e-02,-3.470427095890045166e-01,-2.502832412719726562e-01,-2.734972834587097168e-01,-6.156891211867332458e-02,-3.072167932987213135e-02,1.124169863760471344e-02,-1.600330919027328491e-01,4.662951231002807617e-01,-4.384593665599822998e-01,3.601725772023200989e-02,3.008638694882392883e-02,7.607019692659378052e-02
-3.186790645122528076e-02,-1.753783673048019409e-01,8.465480804443359375e-01,-3.728791838511824608e-03,6.032765842974185944e-03,-7.061353325843811035e-01,-7.080413699150085449e-01,-2.357992678880691528e-01,-8.942880085669457912e-04,2.494553178548812866e-01,4.019343554973602295e-01,-2.441317439079284668e-01,1.418213695287704468e-01,-3.404006958007812500e-01,-9.631247073411941528e-02,-7.325223833322525024e-02,6.069214940071105957e-01,-2.298669368028640747e-01,6.910920888185501099e-02,-1.063308790326118469e-01,0.000000000000000000e+00,0.000000000000000000e+00,2.202864922583103180e-02,9.053145349025726318e-02,-3.408918678760528564e-01,-2.451312392950057983e-01,-2.812895774841308594e-01,-5.992627516388893127e-02,-2.373883128166198730e-02,1.796816475689411163e-02,-1.532113254070281982e-01,4.621405303478240967e-01,-4.322151839733123779e-01,4.409555345773696899e-02,2.918154746294021606e-02,7.952893525362014771e-02
-2.492137253284454346e-02,-1.774963289499282837e-01,8.464414477348327637e-01,-3.858837066218256950e-03,6.257005967199802399e-03,-7.000467777252197266e-01,-7.140591740608215332e-01,-2.391200661659240723e-01,1.045714318752288818e-02,2.553063333034515381e-01,4.093527197837829590e-01,-2.452232092618942261e-01,1.423006206750869751e-01,-3.348922431468963623e-01,-8.483428508043289185e-02,-5.914756283164024353e-02,5.964540839195251465e-01,-2.362005561590194702e-01,7.183168828487396240e-02,-1.065721958875656128e-01,0.000000000000000000e+00,0.000000000000000000e+00,1.747574284672737122e-02,9.138336777687072754e-02,-3.422153592109680176e-01,-2.429613918066024780e-01,-2.890811860561370850e-01,-5.875856801867485046e-02,-1.681901328265666962e-02,1.927994750440120697e-02,-1.470334529876708984e-01,4.637057483196258545e-01,-4.260021448135375977e-01,4.957668855786323547e-02,2.820727042853832245e-02,8.068616688251495361e-02
-1.653834246098995209e-02,-1.794103831052780151e-01,8.462742567062377930e-01,-3.490830073133111000e-03,6.107095163315534592e-03,-6.945118904113769531e-01,-7.194468379020690918e-01,-2.443476319313049316e-01,2.331397496163845062e-02,2.579044997692108154e-01,4.186597168445587158e-01,-2.460123151540756226e-01,1.443056762218475342e-01,-3.348619639873504639e-01,-6.844660639762878418e-02,-4.323413223028182983e-02,5.921269655227661133e-01,-2.519607543945312500e-01,7.126192003488540649e-02,-1.056158095598220825e-01,0.000000000000000000e+00,0.000000000000000000e+00,1.290753018110990524e-02,9.154890477657318115e-02,-3.455514013767242432e-01,-2.437013089656829834e-01,-2.995588481426239014e-01,-5.654242634773254395e-02,-7.310316897928714752e-03,2.137766219675540924e-02,-1.419116854667663574e-01,4.660859107971191406e-01,-4.221316874027252197e-01,5.491669476032257080e-02,2.673271484673023224e-02,7.987864315509796143e-02
-8.004029281437397003e-03,-1.811324059963226318e-01,8.463653326034545898e-01,-2.967966254800558090e-03,6.406068336218595505e-03,-6.905792355537414551e-01,-7.232222557067871094e-01,-2.465744018554687500e-01,3.655217587947845459e-02,2.602055966854095459e-01,4.224376678466796875e-01,-2.428503185510635376e-01,1.426665484905242920e-01,-3.334325253963470459e-01,-5.286386609077453613e-02,-3.491302579641342163e-02,5.843294858932495117e-01,-2.720523476600646973e-01,6.693954020738601685e-02,-1.030289307236671448e-01,0.000000000000000000e+00,0.000000000000000000e+00,3.531290451064705849e-03,9.352649003267288208e-02,-3.483145534992218018e-01,-2.502245604991912842e-01,-3.000501990318298340e-01,-5.857997387647628784e-02,1.864482328528538346e-04,2.080169506371021271e-02,-1.349217593669891357e-01,4.709484279155731201e-01,-4.165114164352416992e-01,5.734275281429290771e-02,2.230104617774486542e-02,8.100718259811401367e-02
3.114697756245732307e-03,-1.830969303846359253e-01,8.463278412818908691e-01,-2.230325480923056602e-03,7.100924849510192871e-03,-6.861574053764343262e-01,-7.274150252342224121e-01,-2.504798769950866699e-01,5.430793017148971558e-02,2.613073587417602539e-01,4.305523931980133057e-01,-2.378617972135543823e-01,1.416419744491577148e-01,-3.329266309738159180e-01,-3.310600668191909790e-02,-2.754386886954307556e-02,5.777351260185241699e-01,-2.983138263225555420e-01,6.085195392370223999e-02,-9.943982958793640137e-02,0.000000000000000000e+00,0.000000000000000000e+00,-6.511741317808628082e-03,9.673993289470672607e-02,-3.526664078235626221e-01,-2.596715688705444336e-01,-3.005049228668212891e-01,-6.032693758606910706e-02,8.741510100662708282e-03,1.787866465747356415e-02,-1.257607787847518921e-01,4.768688082695007324e-01,-4.137516617774963379e-01,5.589734017848968506e-02,1.711355149745941162e-02,8.204120397567749023e-02
1.359015610069036484e-02,-1.853445917367935181e-01,8.458703756332397461e-01,-1.037422916851937771e-03,7.958226837217807770e-03,-6.840077042579650879e-01,-7.294306755065917969e-01,-2.591269314289093018e-01,7.219752669334411621e-02,2.587472200393676758e-01,4.447631537914276123e-01,-2.344321012496948242e-01,1.408422440290451050e-01,-3.334426283836364746e-01,-1.458525843918323517e-02,-2.355759404599666595e-02,5.736136436462402344e-01,-3.212197124958038330e-01,5.212352424860000610e-02,-9.499351680278778076e-02,0.000000000000000000e+00,0.000000000000000000e+00,-1.915078237652778625e-02,9.834894537925720215e-02,-3.593178391456604004e-01,-2.737990021705627441e-01,-2.956297397613525391e-01,-6.346394121646881104e-02,1.635749079287052155e-02,1.386069320142269135e-02,-1.173392310738563538e-01,4.858928918838500977e-01,-4.124377965927124023e-01,5.672712251543998718e-02,1.181542221456766129e-02,8.292666077613830566e-02
2.222032286226749420e-02,-1.875211149454116821e-01,8.445177078247070312e-01,-1.624412252567708492e-04,9.999747388064861298e-03,-6.826637983322143555e-01,-7.306641340255737305e-01,-2.729146778583526611e-01,9.039523452520370483e-02,2.535444796085357666e-01,4.718246161937713623e-01,-2.351769804954528809e-01,1.409778892993927002e-01,-3.362010121345520020e-01,2.327154856175184250e-03,-2.015746012330055237e-02,5.781280994415283203e-01,-3.419380486011505127e-01,4.297030344605445862e-02,-8.980812877416610718e-02,0.000000000000000000e+00,0.000000000000000000e+00,-3.156724944710731506e-02,1.015951558947563171e-01,-3.638177812099456787e-01,-2.944045364856719971e-01,-2.923539280891418457e-01,-6.554246693849563599e-02,2.759290486574172974e-02,7.683076430112123489e-03,-1.089879199862480164e-01,4.934493899345397949e-01,-4.102198481559753418e-01,6.041405349969863892e-02,7.818889804184436798e-03,8.186487108469009399e-02
3.207253664731979370e-02,-1.914155334234237671e-01,8.431908488273620605e-01,1.210510730743408203e-03,1.188135519623756409e-02,-6.810690760612487793e-01,-7.321217656135559082e-01,-2.875165939331054688e-01,1.102027520537376404e-01,2.472810596227645874e-01,4.939676225185394287e-01,-2.306998372077941895e-01,1.395637243986129761e-01,-3.399103879928588867e-01,2.094743587076663971e-02,-1.855112239718437195e-02,5.786769986152648926e-01,-3.600318729877471924e-01,3.606243431568145752e-02,-8.274205029010772705e-02,0.000000000000000000e+00,0.000000000000000000e+00,-4.330330714583396912e-02,1.044502779841423035e-01,-3.725390434265136719e-01,-3.206465840339660645e-01,-2.861822247505187988e-01,-6.737823039293289185e-02,3.382402285933494568e-02,-1.939482026500627398e-04,-1.016927286982536316e-01,5.043880343437194824e-01,-4.162478744983673096e-01,6.482607126235961914e-02,4.508904181420803070e-03,8.044605702161788940e-02
4.140665009617805481e-02,-1.923604309558868408e-01,8.410973548889160156e-01,2.958087017759680748e-03,1.394555903971195221e-02,-6.788988113403320312e-01,-7.340934872627258301e-01,-3.032923936843872070e-01,1.308753192424774170e-01,2.385537028312683105e-01,5.211200714111328125e-01,-2.204941809177398682e-01,1.385504901409149170e-01,-3.449548482894897461e-01,3.954091668128967285e-02,-1.674733869731426239e-02,5.871995091438293457e-01,-3.793674111366271973e-01,2.998188696801662445e-02,-7.499960064888000488e-02,0.000000000000000000e+00,0.000000000000000000e+00,-5.326249077916145325e-02,1.080424189567565918e-01,-3.820562660694122314e-01,-3.412563800811767578e-01,-2.829693257808685303e-01,-6.886538863182067871e-02,4.114275053143501282e-02,-7.696588523685932159e-03,-9.474438428878784180e-02,5.139824151992797852e-01,-4.224848449230194092e-01,7.150329649448394775e-02,2.174126682803034782e-03,7.582890987396240234e-02
5.040344968438148499e-02,-1.943077892065048218e-01,8.392168283462524414e-01,5.113844294100999832e-03,1.631163991987705231e-02,-6.769105792045593262e-01,-7.358667254447937012e-01,-3.191533386707305908e-01,1.487026363611221313e-01,2.245800793170928955e-01,5.383456945419311523e-01,-1.964522898197174072e-01,1.323241889476776123e-01,-3.484666645526885986e-01,5.841467157006263733e-02,-1.647437922656536102e-02,5.904268026351928711e-01,-3.961066007614135742e-01,2.313583157956600189e-02,-6.345017999410629272e-02,0.000000000000000000e+00,0.000000000000000000e+00,-6.164297834038734436e-02,1.148062646389007568e-01,-3.921802043914794922e-01,-3.670628368854522705e-01,-2.761155664920806885e-01,-7.161080837249755859e-02,4.290208965539932251e-02,-1.622369326651096344e-02,-8.920156955718994141e-02,5.221071243286132812e-01,-4.347844123840332031e-01,7.522736489772796631e-02,-2.660811878740787506e-04,7.622116804122924805e-02
5.806287750601768494e-02,-1.941167712211608887e-01,8.371678590774536133e-01,6.334544159471988678e-03,1.787249743938446045e-02,-6.742692589759826660e-01,-7.382421493530273438e-01,-3.400960266590118408e-01,1.534224301576614380e-01,1.984986960887908936e-01,5.642565488815307617e-01,-1.895215064287185669e-01,1.234652772545814514e-01,-3.541212379932403564e-01,7.347225397825241089e-02,-1.444259285926818848e-02,6.022039651870727539e-01,-4.118988215923309326e-01,1.829202100634574890e-02,-5.095286667346954346e-02,0.000000000000000000e+00,0.000000000000000000e+00,-6.715839356184005737e-02,1.140888556838035583e-01,-4.006582200527191162e-01,-3.816269338130950928e-01,-2.732003629207611084e-01,-7.266940176486968994e-02,4.813423752784729004e-02,-2.499626204371452332e-02,-8.709703385829925537e-02,5.328220129013061523e-01,-4.478802978992462158e-01,7.789359986782073975e-02,-2.571290824562311172e-03,7.151879370212554932e-02
6.350652128458023071e-02,-1.951185762882232666e-01,8.358842730522155762e-01,7.250919006764888763e-03,1.943318732082843781e-02,-6.724386811256408691e-01,-7.398621439933776855e-01,-3.641779124736785889e-01,1.467116773128509521e-01,1.663807779550552368e-01,5.932659506797790527e-01,-1.998273283243179321e-01,1.118379235267639160e-01,-3.570612967014312744e-01,8.528485149145126343e-02,-1.247518509626388550e-02,6.071572899818420410e-01,-4.226504862308502197e-01,1.380350440740585327e-02,-3.746623545885086060e-02,0.000000000000000000e+00,0.000000000000000000e+00,-7.151643186807632446e-02,1.088726222515106201e-01,-4.107448756694793701e-01,-3.866331279277801514e-01,-2.733651995658874512e-01,-7.283066958189010620e-02,5.150130018591880798e-02,-3.366538137197494507e-02,-8.599316328763961792e-02,5.431056618690490723e-01,-4.564626514911651611e-01,8.168297260999679565e-02,-4.803879186511039734e-03,6.783222407102584839e-02
6.846192479133605957e-02,-1.960401684045791626e-01,8.352103233337402344e-01,8.413395844399929047e-03,2.063261903822422028e-02,-6.705414056777954102e-01,-7.415374517440795898e-01,-3.826335668563842773e-01,1.425808519124984741e-01,1.498015820980072021e-01,6.230322718620300293e-01,-2.101519107818603516e-01,1.094115972518920898e-01,-3.576526343822479248e-01,9.649194777011871338e-02,-9.943849407136440277e-03,6.061883568763732910e-01,-4.262782931327819824e-01,1.213724073022603989e-02,-2.752172201871871948e-02,0.000000000000000000e+00,0.000000000000000000e+00,-7.414454966783523560e-02,1.080107614398002625e-01,-4.198420047760009766e-01,-3.908752501010894775e-01,-2.730562686920166016e-01,-7.520145177841186523e-02,5.015365034341812134e-02,-4.148380085825920105e-02,-8.825480192899703979e-02,5.485209226608276367e-01,-4.718659222126007080e-01,8.118968456983566284e-02,-7.754296995699405670e-03,6.649446487426757812e-02
7.216602563858032227e-02,-1.964943259954452515e-01,8.352212905883789062e-01,8.943970315158367157e-03,2.085312642157077789e-02,-6.694799065589904785e-01,-7.424835562705993652e-01,-3.903920352458953857e-01,1.374590545892715454e-01,1.489935219287872314e-01,6.423516869544982910e-01,-2.202493548393249512e-01,1.143880859017372131e-01,-3.563900589942932129e-01,1.030350103974342346e-01,-8.644451387226581573e-03,6.020324826240539551e-01,-4.259233176708221436e-01,1.046165730804204941e-02,-1.959472522139549255e-02,0.000000000000000000e+00,0.000000000000000000e+00,-7.493765652179718018e-02,1.059853062033653259e-01,-4.292735755443572998e-01,-3.863990604877471924e-01,-2.770575582981109619e-01,-7.525086402893066406e-02,4.850005358457565308e-02,-4.973276332020759583e-02,-9.135111421346664429e-02,5.547315478324890137e-01,-4.806755781173706055e-01,7.863463461399078369e-02,-1.058833021670579910e-02,6.341587752103805542e-02
7.447716593742370605e-02,-1.977240890264511108e-01,8.355725407600402832e-01,8.971353061497211456e-03,2.123158425092697144e-02,-6.686713695526123047e-01,-7.432007193565368652e-01,-3.929736018180847168e-01,1.281143128871917725e-01,1.536501646041870117e-01,6.527217030525207520e-01,-2.284016609191894531e-01,1.182847842574119568e-01,-3.539878427982330322e-01,1.069234013557434082e-01,-8.040319196879863739e-03,5.956068634986877441e-01,-4.222546219825744629e-01,9.928873740136623383e-03,-1.576892100274562836e-02,0.000000000000000000e+00,0.000000000000000000e+00,-7.376910746097564697e-02,1.037348508834838867e-01,-4.384428560733795166e-01,-3.823507428169250488e-01,-2.839801013469696045e-01,-7.637640833854675293e-02,4.533693194389343262e-02,-5.666009709239006042e-02,-9.447434544563293457e-02,5.607621669769287109e-01,-4.875812530517578125e-01,7.870107889175415039e-02,-1.315848901867866516e-02,6.220619753003120422e-02
7.574377208948135376e-02,-1.987519413232803345e-01,8.361700177192687988e-01,8.716784417629241943e-03,2.172793075442314148e-02,-6.691679358482360840e-01,-7.427423596382141113e-01,-3.915675878524780273e-01,1.139875128865242004e-01,1.567333936691284180e-01,6.506702899932861328e-01,-2.315641492605209351e-01,1.169620901346206665e-01,-3.494590222835540771e-01,1.084899455308914185e-01,-8.834369480609893799e-03,5.870099663734436035e-01,-4.193614721298217773e-01,9.356278926134109497e-03,-1.281822193413972855e-02,0.000000000000000000e+00,0.000000000000000000e+00,-6.897704303264617920e-02,1.032795235514640808e-01,-4.434857070446014404e-01,-3.822568953037261963e-01,-2.902685105800628662e-01,-7.958135753870010376e-02,3.873376175761222839e-02,-6.107348203659057617e-02,-9.730957448482513428e-02,5.633402466773986816e-01,-4.930031597614288330e-01,7.802507281303405762e-02,-1.599596627056598663e-02,6.545975059270858765e-02
7.592535018920898438e-02,-1.988207101821899414e-01,8.368526697158813477e-01,8.248519152402877808e-03,2.119004540145397186e-02,-6.701434850692749023e-01,-7.418831586837768555e-01,-3.862127363681793213e-01,9.691847860813140869e-02,1.618949770927429199e-01,6.363055706024169922e-01,-2.353900372982025146e-01,1.149728894233703613e-01,-3.461189866065979004e-01,1.064964309334754944e-01,-1.049344148486852646e-02,5.807994604110717773e-01,-4.169555604457855225e-01,8.539752103388309479e-03,-1.268108841031789780e-02,0.000000000000000000e+00,0.000000000000000000e+00,-6.348679959774017334e-02,1.016166508197784424e-01,-4.489938616752624512e-01,-3.811268806457519531e-01,-2.998098134994506836e-01,-8.005189150571823120e-02,3.310389444231987000e-02,-6.495669484138488770e-02,-9.830955415964126587e-02,5.634517073631286621e-01,-4.912177026271820068e-01,7.766209542751312256e-02,-1.653049327433109283e-02,6.478525698184967041e-02
7.571274042129516602e-02,-1.999004334211349487e-01,8.372858762741088867e-01,7.324489764869213104e-03,2.207178249955177307e-02,-6.720662713050842285e-01,-7.401257157325744629e-01,-3.744075596332550049e-01,8.155597746372222900e-02,1.670724302530288696e-01,6.189039349555969238e-01,-2.348880320787429810e-01,1.123000979423522949e-01,-3.413558900356292725e-01,1.049375161528587341e-01,-1.326288934797048569e-02,5.748460292816162109e-01,-4.143997728824615479e-01,6.779328454285860062e-03,-1.334633678197860718e-02,0.000000000000000000e+00,0.000000000000000000e+00,-5.677262693643569946e-02,1.004909649491310120e-01,-4.534128606319427490e-01,-3.818202018737792969e-01,-3.108872473239898682e-01,-8.066338300704956055e-02,2.560585364699363708e-02,-6.884597986936569214e-02,-9.845307469367980957e-02,5.643017888069152832e-01,-4.872075617313385010e-01,8.244504034519195557e-02,-1.534475665539503098e-02,6.494750827550888062e-02
7.547148317098617554e-02,-2.009447365999221802e-01,8.380294442176818848e-01,6.141101010143756866e-03,2.153933420777320862e-02,-6.750920414924621582e-01,-7.373934388160705566e-01,-3.597577810287475586e-01,6.342509388923645020e-02,1.663173139095306396e-01,5.874764919281005859e-01,-2.335016429424285889e-01,1.087584346532821655e-01,-3.371472954750061035e-01,9.992580860853195190e-02,-1.893313601613044739e-02,5.675083994865417480e-01,-4.157003462314605713e-01,4.699631594121456146e-03,-1.637661084532737732e-02,0.000000000000000000e+00,0.000000000000000000e+00,-4.747081920504570007e-02,9.931170195341110229e-02,-4.549932777881622314e-01,-3.804999887943267822e-01,-3.177765011787414551e-01,-8.139321208000183105e-02,1.912584900856018066e-02,-7.131726294755935669e-02,-1.001908332109451294e-01,5.623781681060791016e-01,-4.840794801712036133e-01,8.412218838930130005e-02,-1.621146872639656067e-02,6.543494760990142822e-02
7.585227489471435547e-02,-2.026196122169494629e-01,8.383913040161132812e-01,3.762038191780447960e-03,2.144133113324642181e-02,-6.779900193214416504e-01,-7.347487211227416992e-01,-3.457588255405426025e-01,4.867037758231163025e-02,1.599549055099487305e-01,5.604815483093261719e-01,-2.286199480295181274e-01,1.084595099091529846e-01,-3.343163430690765381e-01,9.528788924217224121e-02,-2.288966253399848938e-02,5.654948949813842773e-01,-4.186739027500152588e-01,-1.010162595775909722e-04,-1.742394082248210907e-02,0.000000000000000000e+00,0.000000000000000000e+00,-3.628199920058250427e-02,9.849587827920913696e-02,-4.546605646610260010e-01,-3.776700198650360107e-01,-3.232864141464233398e-01,-7.986158132553100586e-02,1.553048752248287201e-02,-7.348141819238662720e-02,-1.019849330186843872e-01,5.625267028808593750e-01,-4.809364378452301025e-01,8.690466731786727905e-02,-1.607205159962177277e-02,6.524594128131866455e-02
7.672591507434844971e-02,-2.034129500389099121e-01,8.389212489128112793e-01,8.221061434596776962e-04,2.119317650794982910e-02,-6.805980801582336426e-01,-7.323499321937561035e-01,-3.280340731143951416e-01,3.661356866359710693e-02,1.530403643846511841e-01,5.319437980651855469e-01,-2.267193347215652466e-01,1.085594743490219116e-01,-3.296115398406982422e-01,9.055810421705245972e-02,-2.564027346670627594e-02,5.627978444099426270e-01,-4.229918420314788818e-01,-2.268606564030051231e-03,-1.863608881831169128e-02,0.000000000000000000e+00,0.000000000000000000e+00,-2.334067970514297485e-02,9.684551507234573364e-02,-4.522833228111267090e-01,-3.719901740550994873e-01,-3.300359249114990234e-01,-7.888974994421005249e-02,1.215530280023813248e-02,-7.486368715763092041e-02,-1.034042909741401672e-01,5.651223063468933105e-01,-4.759361147880554199e-01,9.378679096698760986e-02,-1.441656891256570816e-02,6.614132225513458252e-02
7.698520272970199585e-02,-2.050879150629043579e-01,8.392452001571655273e-01,-2.067946828901767731e-03,2.087276242673397064e-02,-6.831649541854858398e-01,-7.299628257751464844e-01,-3.158667981624603271e-01,2.607929706573486328e-02,1.436892151832580566e-01,5.103269219398498535e-01,-2.252875417470932007e-01,1.092549338936805725e-01,-3.277871608734130859e-01,8.507633209228515625e-02,-2.846308611333370209e-02,5.634941458702087402e-01,-4.270640909671783447e-01,-5.616690497845411301e-03,-1.881104335188865662e-02,0.000000000000000000e+00,0.000000000000000000e+00,-1.070733834058046341e-02,9.484156966209411621e-02,-4.452727437019348145e-01,-3.685978651046752930e-01,-3.314343094825744629e-01,-7.756501436233520508e-02,1.026962418109178543e-02,-7.562791556119918823e-02,-1.050389483571052551e-01,5.660044550895690918e-01,-4.698367416858673096e-01,9.535706043243408203e-02,-1.287292595952749252e-02,6.699699908494949341e-02
7.667353004217147827e-02,-2.052130252122879028e-01,8.397150039672851562e-01,-5.289515946060419083e-03,2.044010348618030548e-02,-6.863788962364196777e-01,-7.269375324249267578e-01,-3.014404475688934326e-01,1.485908217728137970e-02,1.343393623828887939e-01,4.865543842315673828e-01,-2.220697104930877686e-01,1.088545992970466614e-01,-3.239588141441345215e-01,7.740718871355056763e-02,-3.300489112734794617e-02,5.645903348922729492e-01,-4.316483438014984131e-01,-8.465016260743141174e-03,-1.904316991567611694e-02,0.000000000000000000e+00,0.000000000000000000e+00,7.744061294943094254e-04,9.107728302478790283e-02,-4.346684813499450684e-01,-3.624320030212402344e-01,-3.309447765350341797e-01,-7.686896622180938721e-02,8.369951508939266205e-03,-7.069877535104751587e-02,-1.077097356319427490e-01,5.645289421081542969e-01,-4.661429822444915771e-01,9.547218680381774902e-02,-1.271455921232700348e-02,7.039149850606918335e-02
7.590572535991668701e-02,-2.040817588567733765e-01,8.400937318801879883e-01,-8.242119103670120239e-03,1.876240037381649017e-02,-6.887283325195312500e-01,-7.247298359870910645e-01,-2.865004837512969971e-01,2.960674930363893509e-03,1.279872357845306396e-01,4.606159031391143799e-01,-2.164767533540725708e-01,1.107506155967712402e-01,-3.237059116363525391e-01,6.785311549901962280e-02,-3.715013712644577026e-02,5.712877511978149414e-01,-4.356578290462493896e-01,-1.103172078728675842e-02,-2.054109983146190643e-02,0.000000000000000000e+00,0.000000000000000000e+00,1.039862819015979767e-02,8.692628890275955200e-02,-4.232679605484008789e-01,-3.550893664360046387e-01,-3.302574157714843750e-01,-7.602132856845855713e-02,7.874554954469203949e-03,-6.384909898042678833e-02,-1.118359640240669250e-01,5.624321699142456055e-01,-4.653045833110809326e-01,9.503960609436035156e-02,-1.210913155227899551e-02,7.322961091995239258e-02
7.395007461309432983e-02,-2.032699286937713623e-01,8.405569195747375488e-01,-1.125397533178329468e-02,1.839904114603996277e-02,-6.916449666023254395e-01,-7.219155430793762207e-01,-2.704099118709564209e-01,-7.831788621842861176e-03,1.233852356672286987e-01,4.350467026233673096e-01,-2.122133076190948486e-01,1.110348850488662720e-01,-3.202299773693084717e-01,5.798114091157913208e-02,-4.270969331264495850e-02,5.748766660690307617e-01,-4.368471205234527588e-01,-1.188137289136648178e-02,-2.142636477947235107e-02,0.000000000000000000e+00,0.000000000000000000e+00,1.782036200165748596e-02,8.213756233453750610e-02,-4.138977527618408203e-01,-3.518348634243011475e-01,-3.278528153896331787e-01,-7.486350089311599731e-02,9.258350357413291931e-03,-5.899193510413169861e-02,-1.149977296590805054e-01,5.646177530288696289e-01,-4.594385623931884766e-01,9.462749212980270386e-02,-1.009909901767969131e-02,7.362852245569229126e-02
7.346303015947341919e-02,-2.017581760883331299e-01,8.410311937332153320e-01,-1.422143634408712387e-02,1.691238023340702057e-02,-6.943657398223876953e-01,-7.192829847335815430e-01,-2.534233331680297852e-01,-1.775820367038249969e-02,1.203595176339149475e-01,4.067037701606750488e-01,-2.037071883678436279e-01,1.093067601323127747e-01,-3.180883526802062988e-01,4.813248291611671448e-02,-4.906412959098815918e-02,5.799236297607421875e-01,-4.408787488937377930e-01,-1.304697338491678238e-02,-2.229782007634639740e-02,0.000000000000000000e+00,0.000000000000000000e+00,2.456816472113132477e-02,7.825823873281478882e-02,-4.045967161655426025e-01,-3.468442261219024658e-01,-3.276551663875579834e-01,-7.375378161668777466e-02,6.621841341257095337e-03,-5.190057680010795593e-02,-1.152669265866279602e-01,5.631630420684814453e-01,-4.585973024368286133e-01,9.593333303928375244e-02,-9.234271012246608734e-03,7.978464663028717041e-02
7.142713665962219238e-02,-1.999674290418624878e-01,8.411933779716491699e-01,-1.681872457265853882e-02,1.543829124420881271e-02,-6.964139938354492188e-01,-7.172769904136657715e-01,-2.385566681623458862e-01,-2.871406823396682739e-02,1.169609054923057556e-01,3.825501799583435059e-01,-1.994118094444274902e-01,1.110486388206481934e-01,-3.186514675617218018e-01,3.730138018727302551e-02,-5.375910550355911255e-02,5.894482731819152832e-01,-4.422112107276916504e-01,-1.246374193578958511e-02,-2.261384949088096619e-02,0.000000000000000000e+00,0.000000000000000000e+00,3.029516525566577911e-02,7.156961411237716675e-02,-3.950239121913909912e-01,-3.446951806545257568e-01,-3.254786729812622070e-01,-7.413562387228012085e-02,7.373375352472066879e-03,-4.595472291111946106e-02,-1.188938617706298828e-01,5.643486976623535156e-01,-4.573433697223663330e-01,9.858556836843490601e-02,-8.423525840044021606e-03,8.143658190965652466e-02
7.045442610979080200e-02,-1.986239850521087646e-01,8.412829041481018066e-01,-1.907968521118164062e-02,1.429381128400564194e-02,-6.983165144920349121e-01,-7.153919935226440430e-01,-2.263115644454956055e-01,-3.732454404234886169e-02,1.118819043040275574e-01,3.627347052097320557e-01,-1.933171153068542480e-01,1.127383187413215637e-01,-3.183901309967041016e-01,2.966573461890220642e-02,-5.653113126754760742e-02,5.963077545166015625e-01,-4.437260031700134277e-01,-1.279054023325443268e-02,-2.203960902988910675e-02,0.000000000000000000e+00,0.000000000000000000e+00,3.328388556838035583e-02,6.731392443180084229e-02,-3.877932727336883545e-01,-3.420322239398956299e-01,-3.245398700237274170e-01,-7.358404248952865601e-02,7.828525267541408539e-03,-4.175573959946632385e-02,-1.198780909180641174e-01,5.648262500762939453e-01,-4.564360976219177246e-01,1.013478115200996399e-01,-7.677074521780014038e-03,8.399634063243865967e-02
6.862814724445343018e-02,-1.968495100736618042e-01,8.411340713500976562e-01,-2.043518237769603729e-02,1.305557787418365479e-02,-6.998025774955749512e-01,-7.139245867729187012e-01,-2.179038971662521362e-01,-4.460356384515762329e-02,1.099054887890815735e-01,3.491850793361663818e-01,-1.919472068548202515e-01,1.141671985387802124e-01,-3.201165795326232910e-01,2.184834703803062439e-02,-5.975989252328872681e-02,6.053462028503417969e-01,-4.432970583438873291e-01,-1.202163193374872208e-02,-2.378600835800170898e-02,0.000000000000000000e+00,0.000000000000000000e+00,3.859256580471992493e-02,6.248255074024200439e-02,-3.813718259334564209e-01,-3.442199230194091797e-01,-3.241004049777984619e-01,-7.324312627315521240e-02,7.933929562568664551e-03,-3.843758255243301392e-02,-1.230891644954681396e-01,5.645293593406677246e-01,-4.561382234096527100e-01,1.060224026441574097e-01,-6.893850862979888916e-03,8.637468516826629639e-02
6.714790314435958862e-02,-1.959229111671447754e-01,8.409245610237121582e-01,-2.225800044834613800e-02,1.226561702787876129e-02,-7.015429735183715820e-01,-7.121738195419311523e-01,-2.102728635072708130e-01,-5.160137638449668884e-02,1.069036796689033508e-01,3.376491665840148926e-01,-1.899497956037521362e-01,1.150600686669349670e-01,-3.212195038795471191e-01,1.467639207839965820e-02,-6.240458786487579346e-02,6.137520670890808105e-01,-4.428670108318328857e-01,-1.229726895689964294e-02,-2.460187673568725586e-02,0.000000000000000000e+00,0.000000000000000000e+00,4.160976037383079529e-02,5.896408855915069580e-02,-3.778447508811950684e-01,-3.473881781101226807e-01,-3.207699060440063477e-01,-7.359780371189117432e-02,6.695617921650409698e-03,-3.776282444596290588e-02,-1.249800473451614380e-01,5.668600797653198242e-01,-4.527892470359802246e-01,1.094896346330642700e-01,-5.176317412406206131e-03,8.746987581253051758e-02
6.595327705144882202e-02,-1.953644007444381714e-01,8.406870961189270020e-01,-2.345973625779151917e-02,1.124604791402816772e-02,-7.027221918106079102e-01,-7.109885215759277344e-01,-2.051358371973037720e-01,-5.743716657161712646e-02,1.039528995752334595e-01,3.283685147762298584e-01,-1.888585984706878662e-01,1.177701130509376526e-01,-3.234331607818603516e-01,9.056135080754756927e-03,-6.355328112840652466e-02,6.208606362342834473e-01,-4.414216279983520508e-01,-1.290335319936275482e-02,-2.575640380382537842e-02,0.000000000000000000e+00,0.000000000000000000e+00,4.339972510933876038e-02,5.546597763895988464e-02,-3.734758794307708740e-01,-3.491359055042266846e-01,-3.190307021141052246e-01,-7.370121777057647705e-02,7.933374494314193726e-03,-3.683502599596977234e-02,-1.281958818435668945e-01,5.690442323684692383e-01,-4.545277655124664307e-01,1.143349185585975647e-01,-4.331749398261308670e-03,8.894746005535125732e-02
6.505999714136123657e-02,-1.951231360435485840e-01,8.404832482337951660e-01,-2.417814359068870544e-02,1.038337592035531998e-02,-7.033476233482360840e-01,-7.103588581085205078e-01,-2.018681615591049194e-01,-6.127873435616493225e-02,1.033889725804328918e-01,3.217203915119171143e-01,-1.883600205183029175e-01,1.201345473527908325e-01,-3.255495429039001465e-01,5.136185325682163239e-03,-6.392195820808410645e-02,6.258654594421386719e-01,-4.388811588287353516e-01,-1.275666989386081696e-02,-2.635877579450607300e-02,0.000000000000000000e+00,0.000000000000000000e+00,4.395095258951187134e-02,5.287863314151763916e-02,-3.734798133373260498e-01,-3.500410914421081543e-01,-3.197855353355407715e-01,-7.373156398534774780e-02,8.713765069842338562e-03,-3.718145936727523804e-02,-1.297467947006225586e-01,5.708853602409362793e-01,-4.538100659847259521e-01,1.187932342290878296e-01,-3.806366119533777237e-03,8.877440541982650757e-02
6.422889232635498047e-02,-1.947288662195205688e-01,8.405454158782958984e-01,-2.375201508402824402e-02,9.769044816493988037e-03,-7.038846611976623535e-01,-7.098498344421386719e-01,-1.996943950653076172e-01,-6.293389201164245605e-02,1.032345890998840332e-01,3.155300021171569824e-01,-1.887695938348770142e-01,1.208665445446968079e-01,-3.253647685050964355e-01,3.106336109340190887e-03,-6.561961770057678223e-02,6.243517994880676270e-01,-4.372406601905822754e-01,-1.040894724428653717e-02,-2.726373262703418732e-02,0.000000000000000000e+00,0.000000000000000000e+00,4.336331039667129517e-02,5.091067776083946228e-02,-3.729389607906341553e-01,-3.491427898406982422e-01,-3.188526332378387451e-01,-7.432699203491210938e-02,7.501550950109958649e-03,-3.816736862063407898e-02,-1.295023560523986816e-01,5.711582899093627930e-01,-4.512460231781005859e-01,1.214787811040878296e-01,-3.383141709491610527e-03,8.972257375717163086e-02
6.249830871820449829e-02,-1.944925040006637573e-01,8.405255079269409180e-01,-2.305351570248603821e-02,9.683333337306976318e-03,-7.043077945709228516e-01,-7.094542384147644043e-01,-1.995555609464645386e-01,-6.456495821475982666e-02,1.022292450070381165e-01,3.136018812656402588e-01,-1.912567913532257080e-01,1.225047782063484192e-01,-3.251157104969024658e-01,1.952193793840706348e-03,-6.514991819858551025e-02,6.228192448616027832e-01,-4.336598515510559082e-01,-8.947500959038734436e-03,-2.793389745056629181e-02,0.000000000000000000e+00,0.000000000000000000e+00,4.301284626126289368e-02,4.829247295856475830e-02,-3.749005496501922607e-01,-3.510341346263885498e-01,-3.194948136806488037e-01,-7.403649389743804932e-02,7.953286170959472656e-03,-4.003622755408287048e-02,-1.309172511100769043e-01,5.732479691505432129e-01,-4.471423029899597168e-01,1.256870925426483154e-01,-1.876730122603476048e-03,9.003785997629165649e-02
6.148350611329078674e-02,-1.946549564599990845e-01,8.403997421264648438e-01,-2.272550202906131744e-02,9.771585464477539062e-03,-7.049090266227722168e-01,-7.088662385940551758e-01,-2.009319812059402466e-01,-6.548980623483657837e-02,1.010093763470649719e-01,3.150564730167388916e-01,-1.937973499298095703e-01,1.234158724546432495e-01,-3.249249458312988281e-01,6.994897848926484585e-04,-6.654504686594009399e-02,6.220130920410156250e-01,-4.309304058551788330e-01,-7.617557421326637268e-03,-2.914840355515480042e-02,0.000000000000000000e+00,0.000000000000000000e+00,4.102454334497451782e-02,4.665145277976989746e-02,-3.796034157276153564e-01,-3.506065607070922852e-01,-3.221366405487060547e-01,-7.386771589517593384e-02,1.048958022147417068e-02,-4.145307838916778564e-02,-1.321842074394226074e-01,5.775080919265747070e-01,-4.466788172721862793e-01,1.293213367462158203e-01,-1.331227947957813740e-03,8.839260041713714600e-02
6.020919978618621826e-02,-1.953062862157821655e-01,8.403120040893554688e-01,-2.194047905504703522e-02,1.046348828822374344e-02,-7.054438591003417969e-01,-7.083488702774047852e-01,-2.039007246494293213e-01,-6.523340940475463867e-02,9.933406114578247070e-02,3.189546763896942139e-01,-1.979426443576812744e-01,1.246849894523620605e-01,-3.237866163253784180e-01,1.135961501859128475e-03,-6.701848655939102173e-02,6.184462308883666992e-01,-4.269892275333404541e-01,-6.756246089935302734e-03,-2.980387024581432343e-02,0.000000000000000000e+00,0.000000000000000000e+00,3.879866376519203186e-02,4.546337202191352844e-02,-3.829883337020874023e-01,-3.526250720024108887e-01,-3.245271742343902588e-01,-7.337945699691772461e-02,1.239918824285268784e-02,-4.344394803047180176e-02,-1.339704543352127075e-01,5.824734568595886230e-01,-4.466394484043121338e-01,1.325058043003082275e-01,-2.545605821069329977e-04,8.696902543306350708e-02
5.851478502154350281e-02,-1.958458423614501953e-01,8.400323987007141113e-01,-2.126762457191944122e-02,1.120676100254058838e-02,-7.055987715721130371e-01,-7.082036733627319336e-01,-2.087853997945785522e-01,-6.520998477935791016e-02,9.853694587945938110e-02,3.274160623550415039e-01,-2.041017413139343262e-01,1.269144117832183838e-01,-3.239231705665588379e-01,1.058811671100556850e-03,-6.676553934812545776e-02,6.176843047142028809e-01,-4.222630262374877930e-01,-4.599072039127349854e-03,-3.069025650620460510e-02,0.000000000000000000e+00,0.000000000000000000e+00,3.737121075391769409e-02,4.337816312909126282e-02,-3.874433636665344238e-01,-3.544071316719055176e-01,-3.284644484519958496e-01,-7.303895056247711182e-02,1.519553922116756439e-02,-4.519750550389289856e-02,-1.362263560295104980e-01,5.853259563446044922e-01,-4.462306499481201172e-01,1.355991363525390625e-01,8.679268648847937584e-04,8.368072658777236938e-02
5.725495517253875732e-02,-1.960438936948776245e-01,8.400729894638061523e-01,-2.027399837970733643e-02,1.185656525194644928e-02,-7.059018611907958984e-01,-7.079201340675354004e-01,-2.107271403074264526e-01,-6.453447788953781128e-02,9.780469536781311035e-02,3.298389911651611328e-01,-2.076480388641357422e-01,1.268837004899978638e-01,-3.216923475265502930e-01,2.036557300016283989e-03,-6.666358560323715210e-02,6.120532751083374023e-01,-4.194375574588775635e-01,-2.954798517748713493e-03,-3.096528723835945129e-02,0.000000000000000000e+00,0.000000000000000000e+00,3.535962477326393127e-02,4.169364646077156067e-02,-3.909484446048736572e-01,-3.541440963745117188e-01,-3.323913216590881348e-01,-7.248770445585250854e-02,1.727552525699138641e-02,-4.696427658200263977e-02,-1.365511566400527954e-01,5.888372063636779785e-01,-4.437144994735717773e-01,1.362565457820892334e-01,1.432703691534698009e-03,8.202578872442245483e-02
5.577675625681877136e-02,-1.959182471036911011e-01,8.399646878242492676e-01,-1.909528486430644989e-02,1.256963238120079041e-02,-7.060020565986633301e-01,-7.078406810760498047e-01,-2.148052304983139038e-01,-6.350094825029373169e-02,9.760554134845733643e-02,3.369739055633544922e-01,-2.143415212631225586e-01,1.277423352003097534e-01,-3.203119933605194092e-01,3.456113161519169807e-03,-6.543470919132232666e-02,6.083651781082153320e-01,-4.162962734699249268e-01,-1.145939226262271404e-03,-3.099257312715053558e-02,0.000000000000000000e+00,0.000000000000000000e+00,3.496595472097396851e-02,4.046043753623962402e-02,-3.939928412437438965e-01,-3.565190732479095459e-01,-3.342964053153991699e-01,-7.217043638229370117e-02,1.949946023523807526e-02,-4.786907508969306946e-02,-1.376384198665618896e-01,5.910506844520568848e-01,-4.419960081577301025e-01,1.365549266338348389e-01,1.728143426589667797e-03,8.053290843963623047e-02
5.486467853188514709e-02,-1.955368816852569580e-01,8.400248289108276367e-01,-1.842124387621879578e-02,1.265327632427215576e-02,-7.063230872154235840e-01,-7.075367569923400879e-01,-2.144701033830642700e-01,-6.391900777816772461e-02,9.645173698663711548e-02,3.355622589588165283e-01,-2.163934856653213501e-01,1.280315369367599487e-01,-3.188060522079467773e-01,3.595738206058740616e-03,-6.510023027658462524e-02,6.049278974533081055e-01,-4.147700369358062744e-01,2.403981197858229280e-04,-3.184975683689117432e-02,0.000000000000000000e+00,0.000000000000000000e+00,3.467741981148719788e-02,3.954105451703071594e-02,-3.973042666912078857e-01,-3.573610186576843262e-01,-3.365666270256042480e-01,-7.200746238231658936e-02,2.191138081252574921e-02,-4.818988591432571411e-02,-1.390098184347152710e-01,5.945484638214111328e-01,-4.418005943298339844e-01,1.388886868953704834e-01,2.176578389480710030e-03,8.136091381311416626e-02
5.465433374047279358e-02,-1.949568688869476318e-01,8.400501608848571777e-01,-1.799068599939346313e-02,1.204056199640035629e-02,-7.061250209808349609e-01,-7.077561616897583008e-01,-2.137878835201263428e-01,-6.445711851119995117e-02,9.689406305551528931e-02,3.330537080764770508e-01,-2.173197269439697266e-01,1.289713978767395020e-01,-3.188047409057617188e-01,3.385160816833376884e-03,-6.421580910682678223e-02,6.033326983451843262e-01,-4.147397577762603760e-01,1.247996115125715733e-03,-3.367655351758003235e-02,0.000000000000000000e+00,0.000000000000000000e+00,3.508171811699867249e-02,3.890564292669296265e-02,-3.990271389484405518e-01,-3.554401993751525879e-01,-3.405878841876983643e-01,-7.180181145668029785e-02,2.475943230092525482e-02,-4.883544892072677612e-02,-1.384150981903076172e-01,5.947764515876770020e-01,-4.417133033275604248e-01,1.409618705511093140e-01,2.191911684349179268e-03,7.887694239616394043e-02
5.419025942683219910e-02,-1.941096633672714233e-01,8.400840759277343750e-01,-1.749402284622192383e-02,1.177062280476093292e-02,-7.063370943069458008e-01,-7.075614929199218750e-01,-2.130077183246612549e-01,-6.470745056867599487e-02,9.736448526382446289e-02,3.314901888370513916e-01,-2.194871306419372559e-01,1.290547996759414673e-01,-3.175800442695617676e-01,3.026240738108754158e-03,-6.450685858726501465e-02,6.010770201683044434e-01,-4.154638051986694336e-01,2.704221988096833229e-03,-3.455173969268798828e-02,0.000000000000000000e+00,0.000000000000000000e+00,3.665341064333915710e-02,3.878078237175941467e-02,-3.995492458343505859e-01,-3.568150103092193604e-01,-3.444407880306243896e-01,-7.225959748029708862e-02,2.518493309617042542e-02,-4.775298759341239929e-02,-1.387692093849182129e-01,5.948107838630676270e-01,-4.420773088932037354e-01,1.426955759525299072e-01,2.333294367417693138e-03,7.935772091150283813e-02
5.348175391554832458e-02,-1.936645358800888062e-01,8.400051593780517578e-01,-1.705609448254108429e-02,1.161079760640859604e-02,-7.069008946418762207e-01,-7.070115804672241211e-01,-2.130780369043350220e-01,-6.513262540102005005e-02,9.803403168916702271e-02,3.308718204498291016e-01,-2.226985841989517212e-01,1.299331188201904297e-01,-3.171895146369934082e-01,2.022324129939079285e-03,-6.571421772241592407e-02,6.002637147903442383e-01,-4.151100516319274902e-01,3.998456057161092758e-03,-3.534831106662750244e-02,0.000000000000000000e+00,0.000000000000000000e+00,3.785916417837142944e-02,3.815263509750366211e-02,-3.996617197990417480e-01,-3.601596653461456299e-01,-3.470007181167602539e-01,-7.333932071924209595e-02,2.555457130074501038e-02,-4.676120355725288391e-02,-1.407964527606964111e-01,5.964589715003967285e-01,-4.436489939689636230e-01,1.463624238967895508e-01,2.490788232535123825e-03,7.948159426450729370e-02
5.317427217960357666e-02,-1.937126517295837402e-01,8.397715687751770020e-01,-1.766003109514713287e-02,1.178082358092069626e-02,-7.073634862899780273e-01,-7.065311074256896973e-01,-2.126199007034301758e-01,-6.624238193035125732e-02,9.784916788339614868e-02,3.316470086574554443e-01,-2.257356941699981689e-01,1.304901093244552612e-01,-3.171665966510772705e-01,6.121754413470625877e-04,-6.624342501163482666e-02,6.024298667907714844e-01,-4.154479205608367920e-01,3.826773958280682564e-03,-3.584418445825576782e-02,0.000000000000000000e+00,0.000000000000000000e+00,3.746060654520988464e-02,3.800455108284950256e-02,-4.019154310226440430e-01,-3.616436719894409180e-01,-3.487854599952697754e-01,-7.404308766126632690e-02,2.606466971337795258e-02,-4.715816676616668701e-02,-1.423051357269287109e-01,5.994499921798706055e-01,-4.445562362670898438e-01,1.500580608844757080e-01,3.095863619819283485e-03,7.800251245498657227e-02
5.273728445172309875e-02,-1.936355978250503540e-01,8.392587900161743164e-01,-1.855771616101264954e-02,1.201261579990386963e-02,-7.076320648193359375e-01,-7.062352299690246582e-01,-2.149273455142974854e-01,-6.739661842584609985e-02,9.853114932775497437e-02,3.390633463859558105e-01,-2.308822274208068848e-01,1.317709088325500488e-01,-3.187225162982940674e-01,-1.052171341143548489e-03,-6.563533842563629150e-02,6.087303757667541504e-01,-4.153999686241149902e-01,3.049630904570221901e-03,-3.662678599357604980e-02,0.000000000000000000e+00,0.000000000000000000e+00,3.840339556336402893e-02,3.723327070474624634e-02,-4.014161229133605957e-01,-3.634263575077056885e-01,-3.517568409442901611e-01,-7.481598109006881714e-02,2.783245034515857697e-02,-4.589572176337242126e-02,-1.441226303577423096e-01,5.986093282699584961e-01,-4.475323557853698730e-01,1.512051075696945190e-01,3.891224972903728485e-03,7.693572342395782471e-02
5.294210091233253479e-02,-1.933585852384567261e-01,8.391208052635192871e-01,-1.895613223314285278e-02,1.183903031051158905e-02,-7.076069712638854980e-01,-7.062526941299438477e-01,-2.142335772514343262e-01,-6.800784170627593994e-02,9.848620742559432983e-02,3.389217853546142578e-01,-2.323438525199890137e-01,1.321689933538436890e-01,-3.188338279724121094e-01,-1.886777696199715137e-03,-6.595065444707870483e-02,6.101067066192626953e-01,-4.164901077747344971e-01,3.061627503484487534e-03,-3.747117146849632263e-02,0.000000000000000000e+00,0.000000000000000000e+00,3.899032622575759888e-02,3.752511739730834961e-02,-4.003325104713439941e-01,-3.633618056774139404e-01,-3.519275188446044922e-01,-7.553585618734359741e-02,2.663158252835273743e-02,-4.607454314827919006e-02,-1.438108533620834351e-01,5.984445810317993164e-01,-4.487094581127166748e-01,1.520866602659225464e-01,4.027435090392827988e-03,7.706481218338012695e-02
5.313911288976669312e-02,-1.922273635864257812e-01,8.389298319816589355e-01,-1.899300888180732727e-02,1.142702903598546982e-02,-7.078709006309509277e-01,-7.059939503669738770e-01,-2.154393643140792847e-01,-6.826399266719818115e-02,9.871840476989746094e-02,3.427838087081909180e-01,-2.355441749095916748e-01,1.319092661142349243e-01,-3.189741671085357666e-01,-2.889469033107161522e-03,-6.715271621942520142e-02,6.121965646743774414e-01,-4.177787899971008301e-01,3.066377714276313782e-03,-3.799717128276824951e-02,0.000000000000000000e+00,0.000000000000000000e+00,4.093931615352630615e-02,3.721442446112632751e-02,-3.970905244350433350e-01,-3.620402514934539795e-01,-3.536633849143981934e-01,-7.459669560194015503e-02,2.586210705339908600e-02,-4.312133044004440308e-02,-1.432163566350936890e-01,5.956925153732299805e-01,-4.501788020133972168e-01,1.515217125415802002e-01,3.651315812021493912e-03,7.623130083084106445e-02
5.374588072299957275e-02,-1.914679855108261108e-01,8.387858271598815918e-01,-1.945138908922672272e-02,1.062820013612508774e-02,-7.080873250961303711e-01,-7.057768702507019043e-01,-2.147732079029083252e-01,-6.925620883703231812e-02,9.926628321409225464e-02,3.422483205795288086e-01,-2.365981787443161011e-01,1.323368102312088013e-01,-3.199556171894073486e-01,-5.064653232693672180e-03,-6.942290812730789185e-02,6.151531338691711426e-01,-4.191966056823730469e-01,3.174871671944856644e-03,-3.767469897866249084e-02,0.000000000000000000e+00,0.000000000000000000e+00,4.085388779640197754e-02,3.676798194646835327e-02,-3.945950269699096680e-01,-3.581987917423248291e-01,-3.538126349449157715e-01,-7.505766302347183228e-02,2.395989187061786652e-02,-4.054945707321166992e-02,-1.422962844371795654e-01,5.919860601425170898e-01,-4.516940116882324219e-01,1.510919332504272461e-01,3.587103215977549553e-03,7.476642727851867676e-02
5.341817811131477356e-02,-1.910257041454315186e-01,8.386793136596679688e-01,-1.962560601532459259e-02,1.060300227254629135e-02,-7.084681391716003418e-01,-7.053901553153991699e-01,-2.149438560009002686e-01,-6.975822895765304565e-02,1.000943630933761597e-01,3.438092172145843506e-01,-2.382728606462478638e-01,1.317008137702941895e-01,-3.193206489086151123e-01,-6.370164453983306885e-03,-7.074034959077835083e-02,6.155586242675781250e-01,-4.195230007171630859e-01,3.277531126514077187e-03,-3.710097819566726685e-02,0.000000000000000000e+00,0.000000000000000000e+00,4.040315374732017517e-02,3.561845049262046814e-02,-3.932143449783325195e-01,-3.564724028110504150e-01,-3.545676767826080322e-01,-7.515458762645721436e-02,2.177904732525348663e-02,-3.907246887683868408e-02,-1.423346251249313354e-01,5.899496078491210938e-01,-4.516383111476898193e-01,1.504501253366470337e-01,3.403294133022427559e-03,7.528828829526901245e-02
5.312374234199523926e-02,-1.904329806566238403e-01,8.384795784950256348e-01,-1.987070590257644653e-02,1.068446971476078033e-02,-7.088353633880615234e-01,-7.050130963325500488e-01,-2.157834470272064209e-01,-7.055754214525222778e-02,9.887903183698654175e-02,3.473720252513885498e-01,-2.405885905027389526e-01,1.323536485433578491e-01,-3.189605176448822021e-01,-7.157904095947742462e-03,-7.091501355171203613e-02,6.172213554382324219e-01,-4.191870093345642090e-01,2.904370659962296486e-03,-3.673395887017250061e-02,0.000000000000000000e+00,0.000000000000000000e+00,4.144153743982315063e-02,3.497217223048210144e-02,-3.912139534950256348e-01,-3.567623198032379150e-01,-3.546230792999267578e-01,-7.520124316215515137e-02,1.996664702892303467e-02,-3.692219406366348267e-02,-1.427529901266098022e-01,5.871241092681884766e-01,-4.522336125373840332e-01,1.485565453767776489e-01,3.699308726936578751e-03,7.619623839855194092e-02
5.280956253409385681e-02,-1.896933913230895996e-01,8.383638262748718262e-01,-1.974238082766532898e-02,1.061550062149763107e-02,-7.090100646018981934e-01,-7.048420310020446777e-01,-2.164423614740371704e-01,-7.098858803510665894e-02,9.798853844404220581e-02,3.496720492839813232e-01,-2.422909885644912720e-01,1.333100050687789917e-01,-3.183947205543518066e-01,-7.872274145483970642e-03,-7.181233167648315430e-02,6.173440217971801758e-01,-4.193238019943237305e-01,3.306422848254442215e-03,-3.642528131604194641e-02,0.000000000000000000e+00,0.000000000000000000e+00,4.184262081980705261e-02,3.381914645433425903e-02,-3.899174332618713379e-01,-3.547164499759674072e-01,-3.525526821613311768e-01,-7.448772341012954712e-02,1.860181614756584167e-02,-3.521210327744483948e-02,-1.420286595821380615e-01,5.831551551818847656e-01,-4.508561193943023682e-01,1.441774517297744751e-01,2.917248057201504707e-03,7.525978237390518188e-02
5.297428742051124573e-02,-1.886658519506454468e-01,8.382809758186340332e-01,-1.987036317586898804e-02,1.014064438641071320e-02,-7.091069221496582031e-01,-7.047479748725891113e-01,-2.152200937271118164e-01,-7.190408557653427124e-02,9.715453535318374634e-02,3.486283123493194580e-01,-2.432085573673248291e-01,1.340553611516952515e-01,-3.182277083396911621e-01,-8.900517597794532776e-03,-7.244752347469329834e-02,6.184778213500976562e-01,-4.200348854064941406e-01,3.168744966387748718e-03,-3.654319420456886292e-02,0.000000000000000000e+00,0.000000000000000000e+00,4.384724423289299011e-02,3.352165222167968750e-02,-3.870235383510589600e-01,-3.541311621665954590e-01,-3.506666719913482666e-01,-7.388404756784439087e-02,1.606502383947372437e-02,-3.286259248852729797e-02,-1.418585181236267090e-01,5.804223418235778809e-01,-4.517036080360412598e-01,1.438169926404953003e-01,2.552526770159602165e-03,7.754881680011749268e-02
5.284211412072181702e-02,-1.879244148731231689e-01,8.382064700126647949e-01,-1.989878527820110321e-02,9.749373421072959900e-03,-7.093151211738586426e-01,-7.045431733131408691e-01,-2.140806764364242554e-01,-7.299277931451797485e-02,9.619176387786865234e-02,3.470135033130645752e-01,-2.442043423652648926e-01,1.348057985305786133e-01,-3.181401789188385010e-01,-9.790643118321895599e-03,-7.249585539102554321e-02,6.190972924232482910e-01,-4.200262129306793213e-01,3.302385332062840462e-03,-3.672141954302787781e-02,0.000000000000000000e+00,0.000000000000000000e+00,4.641982167959213257e-02,3.341768682003021240e-02,-3.833149373531341553e-01,-3.566248714923858643e-01,-3.489543199539184570e-01,-7.334018498659133911e-02,1.376960147172212601e-02,-3.153995797038078308e-02,-1.418273448944091797e-01,5.777532458305358887e-01,-4.507554471492767334e-01,1.440382003784179688e-01,2.876519924029707909e-03,7.857534289360046387e-02
5.253503844141960144e-02,-1.878505498170852661e-01,8.379654288291931152e-01,-2.027719095349311829e-02,9.783874265849590302e-03,-7.097107768058776855e-01,-7.041333317756652832e-01,-2.144164443016052246e-01,-7.417252659797668457e-02,9.489560872316360474e-02,3.486697077751159668e-01,-2.461815327405929565e-01,1.358393877744674683e-01,-3.186343014240264893e-01,-1.102537941187620163e-02,-7.286557555198669434e-02,6.214947700500488281e-01,-4.191122353076934814e-01,3.082968527451157570e-03,-3.656863421201705933e-02,0.000000000000000000e+00,0.000000000000000000e+00,4.833525046706199646e-02,3.352599591016769409e-02,-3.804473876953125000e-01,-3.615184426307678223e-01,-3.471454977989196777e-01,-7.304479181766510010e-02,1.095253136008977890e-02,-3.098909743130207062e-02,-1.423581987619400024e-01,5.759465098381042480e-01,-4.499003887176513672e-01,1.435905992984771729e-01,4.150449298322200775e-03,7.955314218997955322e-02
5.196361243724822998e-02,-1.876674592494964600e-01,8.376249670982360840e-01,-2.049727179110050201e-02,9.744724258780479431e-03,-7.097257971763610840e-01,-7.041122913360595703e-01,-2.163737267255783081e-01,-7.509627193212509155e-02,9.517452865839004517e-02,3.533999025821685791e-01,-2.500735521316528320e-01,1.371724158525466919e-01,-3.200635612010955811e-01,-1.221816148608922958e-02,-7.233208417892456055e-02,6.250436305999755859e-01,-4.175005555152893066e-01,3.044236218556761742e-03,-3.632776439189910889e-02,0.000000000000000000e+00,0.000000000000000000e+00,5.078811198472976685e-02,3.332842513918876648e-02,-3.776540458202362061e-01,-3.660155832767486572e-01,-3.463477790355682373e-01,-7.303368300199508667e-02,9.589264169335365295e-03,-3.074824810028076172e-02,-1.431924104690551758e-01,5.743865966796875000e-01,-4.486563801765441895e-01,1.457156687974929810e-01,5.209831520915031433e-03,7.949421554803848267e-02
5.148900300264358521e-02,-1.874572336673736572e-01,8.374744653701782227e-01,-2.054812759160995483e-02,9.851308539509773254e-03,-7.100369930267333984e-01,-7.037955522537231445e-01,-2.171168178319931030e-01,-7.570767402648925781e-02,9.469913691282272339e-02,3.556847572326660156e-01,-2.525211274623870850e-01,1.372397989034652710e-01,-3.196870684623718262e-01,-1.294854003936052322e-02,-7.258225977420806885e-02,6.252335309982299805e-01,-4.170175194740295410e-01,3.212362760677933693e-03,-3.558670729398727417e-02,0.000000000000000000e+00,0.000000000000000000e+00,5.227842181921005249e-02,3.340659290552139282e-02,-3.753350675106048584e-01,-3.697640299797058105e-01,-3.432318270206451416e-01,-7.287123054265975952e-02,7.403015159070491791e-03,-3.048949129879474640e-02,-1.432722657918930054e-01,5.738354921340942383e-01,-4.464584589004516602e-01,1.463998109102249146e-01,6.284925155341625214e-03,8.033467829227447510e-02
5.074758455157279968e-02,-1.875190138816833496e-01,8.372260332107543945e-01,-2.064496278762817383e-02,9.955826215445995331e-03,-7.100857496261596680e-01,-7.037420868873596191e-01,-2.186549454927444458e-01,-7.635983824729919434e-02,9.564650803804397583e-02,3.591841161251068115e-01,-2.555849850177764893e-01,1.376737803220748901e-01,-3.205992281436920166e-01,-1.407029107213020325e-02,-7.243812084197998047e-02,6.272660493850708008e-01,-4.148022234439849854e-01,3.650276688858866692e-03,-3.597176820039749146e-02,0.000000000000000000e+00,0.000000000000000000e+00,5.460029095411300659e-02,3.356700390577316284e-02,-3.750495910644531250e-01,-3.754908740520477295e-01,-3.401951491832733154e-01,-7.330714911222457886e-02,4.772972781211137772e-03,-3.109922632575035095e-02,-1.445324420928955078e-01,5.742107033729553223e-01,-4.454211890697479248e-01,1.478869467973709106e-01,7.147392723709344864e-03,8.247280865907669067e-02
5.018483847379684448e-02,-1.874280124902725220e-01,8.370473980903625488e-01,-2.050536498427391052e-02,1.010666973888874054e-02,-7.099884152412414551e-01,-7.038421630859375000e-01,-2.205291241407394409e-01,-7.625076174736022949e-02,9.686633199453353882e-02,3.633262515068054199e-01,-2.583946287631988525e-01,1.382855325937271118e-01,-3.208228647708892822e-01,-1.428617909550666809e-02,-7.183414697647094727e-02,6.275902390480041504e-01,-4.132459461688995361e-01,4.291906021535396576e-03,-3.483453020453453064e-02,0.000000000000000000e+00,0.000000000000000000e+00,5.531131476163864136e-02,3.317408263683319092e-02,-3.742772340774536133e-01,-3.773485422134399414e-01,-3.375360965728759766e-01,-7.419331371784210205e-02,4.725311417132616043e-03,-3.091452457010746002e-02,-1.446480304002761841e-01,5.736776590347290039e-01,-4.436158239841461182e-01,1.487400382757186890e-01,7.131870370358228683e-03,8.289019763469696045e-02
4.947163909673690796e-02,-1.876052916049957275e-01,8.369153141975402832e-01,-2.030269242823123932e-02,1.020516455173492432e-02,-7.104719281196594238e-01,-7.033585906028747559e-01,-2.221543192863464355e-01,-7.680254429578781128e-02,9.637989848852157593e-02,3.657782971858978271e-01,-2.601702511310577393e-01,1.385335773229598999e-01,-3.210335373878479004e-01,-1.527745369821786880e-02,-7.295257598161697388e-02,6.275995969772338867e-01,-4.115108251571655273e-01,4.772658925503492355e-03,-3.474319353699684143e-02,0.000000000000000000e+00,0.000000000000000000e+00,5.425009503960609436e-02,3.270040825009346008e-02,-3.776668608188629150e-01,-3.782407045364379883e-01,-3.364351391792297363e-01,-7.455561310052871704e-02,5.799388512969017029e-03,-3.196376562118530273e-02,-1.449153870344161987e-01,5.743774771690368652e-01,-4.403648078441619873e-01,1.492075771093368530e-01,7.850995287299156189e-03,8.132292330265045166e-02
4.919959232211112976e-02,-1.875356137752532959e-01,8.369151353836059570e-01,-2.011509239673614502e-02,1.012678537517786026e-02,-7.110577225685119629e-01,-7.027728557586669922e-01,-2.223713845014572144e-01,-7.726756483316421509e-02,9.550208598375320435e-02,3.656284213066101074e-01,-2.607767283916473389e-01,1.380108147859573364e-01,-3.204349279403686523e-01,-1.562926359474658966e-02,-7.336707413196563721e-02,6.261569261550903320e-01,-4.109718501567840576e-01,5.050271283835172653e-03,-3.461898863315582275e-02,0.000000000000000000e+00,0.000000000000000000e+00,5.359720438718795776e-02,3.239015862345695496e-02,-3.780226707458496094e-01,-3.781628310680389404e-01,-3.330801427364349365e-01,-7.569465041160583496e-02,4.821636714041233063e-03,-3.115930967032909393e-02,-1.447130888700485229e-01,5.734118223190307617e-01,-4.394285380840301514e-01,1.479052752256393433e-01,7.311080116778612137e-03,8.196297287940979004e-02
4.903877153992652893e-02,-1.877482533454895020e-01,8.368427157402038574e-01,-1.997830905020236969e-02,9.913468733429908752e-03,-7.118257880210876465e-01,-7.020018696784973145e-01,-2.239613234996795654e-01,-7.785333693027496338e-02,9.456207603216171265e-02,3.672682642936706543e-01,-2.621557712554931641e-01,1.376359164714813232e-01,-3.207202255725860596e-01,-1.620562560856342316e-02,-7.396668195724487305e-02,6.256991624832153320e-01,-4.104621112346649170e-01,4.739271476864814758e-03,-3.473313525319099426e-02,0.000000000000000000e+00,0.000000000000000000e+00,5.182157456874847412e-02,3.246018290519714355e-02,-3.795138299465179443e-01,-3.772249221801757812e-01,-3.310349285602569580e-01,-7.649181783199310303e-02,3.458201885223388672e-03,-3.099350631237030029e-02,-1.446435600519180298e-01,5.735944509506225586e-01,-4.389902055263519287e-01,1.443741023540496826e-01,6.816792767494916916e-03,8.215944468975067139e-02
4.862137883901596069e-02,-1.883318573236465454e-01,8.367977142333984375e-01,-1.957449130713939667e-02,1.000902336090803146e-02,-7.128801345825195312e-01,-7.009412050247192383e-01,-2.261357903480529785e-01,-7.780880481004714966e-02,9.413562715053558350e-02,3.692574501037597656e-01,-2.638780474662780762e-01,1.366002857685089111e-01,-3.206332325935363770e-01,-1.667623408138751984e-02,-7.574687898159027100e-02,6.240522861480712891e-01,-4.085967540740966797e-01,5.680513102561235428e-03,-3.533802181482315063e-02,0.000000000000000000e+00,0.000000000000000000e+00,4.983534291386604309e-02,3.264460340142250061e-02,-3.823040425777435303e-01,-3.782269060611724854e-01,-3.302753269672393799e-01,-7.766129076480865479e-02,2.810618840157985687e-03,-3.129516914486885071e-02,-1.451824158430099487e-01,5.748101472854614258e-01,-4.384910166263580322e-01,1.432566344738006592e-01,6.349714472889900208e-03,8.127830177545547485e-02
4.884827509522438049e-02,-1.907794326543807983e-01,8.371548056602478027e-01,-1.891447789967060089e-02,1.160682272166013718e-02,-7.149043679237365723e-01,-6.988700032234191895e-01,-2.278271019458770752e-01,-7.548060268163681030e-02,8.991544693708419800e-02,3.686437904834747314e-01,-2.619766891002655029e-01,1.339339017868041992e-01,-3.154422342777252197e-01,-1.380945276468992233e-02,-7.915080338716506958e-02,6.121011376380920410e-01,-4.082582294940948486e-01,6.560066714882850647e-03,-2.982476353645324707e-02,0.000000000000000000e+00,0.000000000000000000e+00,4.140932112932205200e-02,3.686514496803283691e-02,-3.877407312393188477e-01,-3.807736635208129883e-01,-3.294753134250640869e-01,-8.011637628078460693e-02,4.422992002218961716e-03,-3.312481567263603210e-02,-1.413766741752624512e-01,5.773652791976928711e-01,-4.323513805866241455e-01,1.420109272003173828e-01,5.307097919285297394e-03,7.731013745069503784e-02
