HIERARCHY
ROOT Hips
{
	OFFSET -171.749893 91.474121 45.959751
	CHANNELS 6 Xposition Yposition Zposition Zrotation Yrotation Xrotation 
	JOINT LeftUpLeg
	{
		OFFSET 0.103457 1.857826 10.548511
		CHANNELS 3 Zrotation Yrotation Xrotation
		JOINT LeftLeg
		{
			OFFSET 43.500004 -0.000023 -0.000002
			CHANNELS 3 Zrotation Yrotation Xrotation
			JOINT LeftFoot
			{
				OFFSET 42.372200 0.000019 -0.000004
				CHANNELS 3 Zrotation Yrotation Xrotation
				JOINT LeftToe
				{
					OFFSET 17.299992 -0.000002 0.000010
					CHANNELS 3 Zrotation Yrotation Xrotation
					End Site
					{
						OFFSET 0.000000 0.000000 0.000000
					}
				}
			}
		}
	}
	JOINT RightUpLeg
	{
		OFFSET 0.103460 1.857830 -10.548507
		CHANNELS 3 Zrotation Yrotation Xrotation
		JOINT RightLeg
		{
			OFFSET 43.500042 -0.000023 0.000004
			CHANNELS 3 Zrotation Yrotation Xrotation
			JOINT RightFoot
			{
				OFFSET 42.372261 -0.000004 0.000010
				CHANNELS 3 Zrotation Yrotation Xrotation
				JOINT RightToe
				{
					OFFSET 17.299994 -0.000004 0.000023
					CHANNELS 3 Zrotation Yrotation Xrotation
					End Site
					{
						OFFSET 0.000000 0.000000 0.000000
					}
				}
			}
		}
	}
	JOINT Spine
	{
		OFFSET 6.901968 -2.603732 -0.000001
		CHANNELS 3 Zrotation Yrotation Xrotation
		JOINT Spine1
		{
			OFFSET 12.588099 -0.000002 -0.000003
			CHANNELS 3 Zrotation Yrotation Xrotation
			JOINT Spine2
			{
				OFFSET 12.343203 0.000006 0.000013
				CHANNELS 3 Zrotation Yrotation Xrotation
				JOINT Neck
				{
					OFFSET 25.832897 -0.000006 -0.000003
					CHANNELS 3 Zrotation Yrotation Xrotation
					JOINT Head
					{
						OFFSET 11.766602 0.000011 -0.000001
						CHANNELS 3 Zrotation Yrotation Xrotation
						End Site
						{
							OFFSET 0.000000 0.000000 0.000000
						}
					}
				}
				JOINT LeftShoulder
				{
					OFFSET 19.745899 -1.480368 6.000101
					CHANNELS 3 Zrotation Yrotation Xrotation
					JOINT LeftArm
					{
						OFFSET 11.284125 -0.000008 -0.000014
						CHANNELS 3 Zrotation Yrotation Xrotation
						JOINT LeftForeArm
						{
							OFFSET 33.000042 0.000005 0.000034
							CHANNELS 3 Zrotation Yrotation Xrotation
							JOINT LeftHand
							{
								OFFSET 25.200005 0.000015 -0.000001
								CHANNELS 3 Zrotation Yrotation Xrotation
								End Site
								{
									OFFSET 0.000000 0.000000 0.000000
								}
							}
						}
					}
				}
				JOINT RightShoulder
				{
					OFFSET 19.746099 -1.480375 -6.000082
					CHANNELS 3 Zrotation Yrotation Xrotation
					JOINT RightArm
					{
						OFFSET 11.284144 -0.000014 -0.000017
						CHANNELS 3 Zrotation Yrotation Xrotation
						JOINT RightForeArm
						{
							OFFSET 33.000092 0.000015 0.000010
							CHANNELS 3 Zrotation Yrotation Xrotation
							JOINT RightHand
							{
								OFFSET 25.199768 0.000141 0.000429
								CHANNELS 3 Zrotation Yrotation Xrotation
								End Site
								{
									OFFSET 0.000000 0.000000 0.000000
								}
							}
						}
					}
				}
			}
		}
	}
}
MOTION
Frames: 201
Frame Time: 0.033333
-173.388397 16.162781 46.505020 -166.498401 -81.752952 -13.784093 164.923974 -14.933112 155.727425 -42.009949 -4.542518 9.569978 89.234769 -10.161612 -21.031734 21.454558 0.003095 -0.000008 166.773248 9.110298 -170.178862 -35.455457 4.421707 2.010463 96.992135 -0.133753 13.791182 21.454558 -0.003109 -0.000012 4.885064 -0.344882 0.800644 -0.247531 -0.687520 1.602310 -0.565515 -0.677694 1.606430 2.911252 0.829235 -4.718678 -37.633478 -0.659214 -4.476336 -107.329989 -80.579840 -75.138447 46.401723 47.681899 -5.306878 -119.123212 5.004422 3.228395 -47.225646 -40.230921 41.873110 -121.220080 85.268567 60.782878 45.613373 -22.136990 -28.661045 -121.878510 0.909695 -3.799048 -70.990575 43.086428 -64.001946 
-173.589706 16.105061 46.345440 -168.479593 -81.804896 -11.340514 165.026605 -15.029302 155.617172 -41.772494 -4.230224 10.108361 88.173207 -10.752760 -20.957186 21.454551 0.003097 0.000000 167.377269 9.134088 -171.038018 -35.246071 4.965883 2.194906 98.099521 -0.405627 13.740764 21.454560 -0.003115 -0.000013 4.938769 -0.419864 0.831880 -0.141401 -0.838122 1.664628 -0.459385 -0.827935 1.669657 3.680239 0.888885 -5.209967 -38.520792 -0.212667 -5.269701 -110.122423 -81.065432 -72.286057 47.926006 45.320921 2.221814 -119.970210 4.380393 3.305668 -48.457098 -36.188050 44.418947 -121.940815 84.769881 60.091936 45.706858 -21.628620 -28.982740 -121.923398 0.840331 -3.794533 -71.727006 43.349411 -64.623739 
-173.831497 16.075220 46.199570 -169.969107 -81.905313 -9.312592 165.014201 -15.233711 155.552504 -41.690279 -3.902294 10.642487 87.503664 -11.256112 -20.844627 21.454550 0.003087 -0.000003 167.889738 9.051185 -171.604036 -35.076228 5.415561 2.600506 99.193342 -0.847045 13.372395 21.454553 -0.003112 -0.000013 4.988612 -0.462367 0.778962 -0.041908 -0.923923 1.558482 -0.359919 -0.914363 1.564032 4.133977 0.807044 -5.470850 -39.127258 0.380962 -5.935215 -110.408813 -81.600127 -71.954998 46.593781 43.136493 4.746385 -119.248505 4.089248 3.296098 -50.673064 -32.084260 49.665820 -119.705513 84.246702 62.376498 44.970929 -21.213707 -29.551766 -121.871612 0.914293 -3.797589 -72.815786 43.510276 -65.784646 
-174.063095 16.059910 46.078220 -170.837702 -81.969087 -7.975614 164.916639 -15.400203 155.396803 -41.772597 -3.527627 11.038217 87.315383 -11.561572 -20.724544 21.454550 0.003094 -0.000003 168.306448 8.973012 -172.094881 -34.795904 5.802818 2.975580 100.196403 -1.208959 13.578125 21.454558 -0.003101 -0.000017 5.004871 -0.491186 0.669454 -0.008842 -0.981887 1.339353 -0.326893 -0.973652 1.345257 4.501771 0.916234 -5.465032 -39.479600 0.856329 -6.206256 -106.652748 -82.552890 -75.658402 43.408041 39.768558 7.205316 -117.737804 3.668137 3.262756 -50.538817 -33.366707 49.665977 -119.474653 83.750188 62.643579 43.789265 -20.497109 -29.808322 -121.727099 0.969612 -3.795614 -73.997634 43.752908 -66.996260 
-174.237900 16.048670 46.029289 -170.998307 -82.107876 -7.472639 164.826986 -15.563194 155.127393 -41.724881 -3.090751 11.366267 87.244247 -11.849952 -20.866778 21.454557 0.003091 -0.000006 168.513703 8.895711 -172.729228 -34.508288 6.212742 2.968547 100.581994 -1.250300 13.690642 21.454560 -0.003111 -0.000019 4.996733 -0.480809 0.518630 -0.023739 -0.961171 1.037746 -0.341825 -0.954757 1.043530 4.706788 1.718054 -5.242743 -39.668161 0.737020 -5.744054 -101.363381 -83.549736 -80.891310 39.176268 35.374526 9.688550 -116.157298 3.529643 3.206500 -49.659082 -38.310097 47.397760 -116.955829 83.193692 65.219298 41.920091 -20.179700 -29.748271 -121.480993 0.964860 -3.785387 -74.227443 44.141081 -67.396038 
-174.360001 16.040791 46.046638 -170.728693 -82.226906 -7.569484 164.747947 -15.651199 154.714317 -41.569525 -2.640871 11.574708 86.989364 -12.028551 -20.703893 21.454550 0.003085 0.000007 168.571254 8.798803 -173.122401 -34.142917 6.224082 2.770609 100.080303 -1.062755 13.662670 21.454563 -0.003109 -0.000012 4.989426 -0.475912 0.347284 -0.036885 -0.951510 0.695091 -0.355003 -0.947176 0.700823 4.526164 3.430061 -4.923659 -39.599733 0.135203 -4.688752 -97.928411 -83.956098 -84.312982 33.624618 30.712775 10.641389 -114.147604 3.251015 3.141086 -61.684927 -45.038954 55.911481 -115.622207 82.455738 66.616734 39.587493 -20.269189 -29.201572 -121.052208 0.881799 -3.762319 -74.279960 44.457425 -67.722350 
-174.430603 16.038759 46.117271 -170.100793 -82.313997 -8.196317 164.706638 -15.659115 154.140226 -41.273167 -2.179665 11.697639 86.460435 -12.139311 -20.251468 21.454553 0.003090 0.000001 168.549698 8.723600 -173.138192 -33.627125 5.799320 2.286271 98.813986 -0.555976 13.956621 21.454553 -0.003115 -0.000017 4.982648 -0.467201 0.187133 -0.049085 -0.934245 0.374818 -0.367219 -0.931825 0.380453 4.016456 4.250343 -4.503014 -39.103711 0.516262 -4.272816 -95.846747 -83.514294 -86.444800 31.486595 26.817701 11.902708 -113.878098 3.483234 3.113674 -68.071229 -49.035410 60.958830 -113.760776 81.874475 68.535860 37.444391 -20.810531 -28.601144 -120.425019 0.914731 -3.739193 -74.626428 44.524501 -68.053075 
-174.446304 16.045879 46.226200 -169.061307 -82.385421 -9.369599 164.722033 -15.546894 152.973698 -40.667284 -1.350616 12.070308 85.764056 -12.460886 -19.782326 21.454557 0.003094 -0.000003 168.470605 8.687194 -172.681007 -32.982444 5.111902 1.539394 97.012749 0.225583 14.380273 21.454565 -0.003111 -0.000016 4.945084 -0.462713 0.031983 -0.122950 -0.925394 0.064803 -0.441093 -0.924858 0.070390 3.904372 4.646503 -4.056143 -38.692089 1.275983 -4.154911 -94.232500 -81.617557 -88.237868 30.672802 24.458834 14.244325 -114.744910 2.995910 3.183881 -67.565925 -49.654755 60.385177 -113.431547 81.695059 68.881262 35.758772 -21.554021 -27.818643 -119.651199 0.957883 -3.710634 -74.643196 44.534889 -67.971714 
-174.389008 16.043600 46.333130 -167.949393 -82.478639 -10.757127 164.824021 -15.309415 151.394421 -39.761673 -0.265484 12.501551 84.807891 -12.898427 -19.420875 21.454551 0.003094 -0.000002 168.315915 8.612399 -172.221103 -32.318290 4.476868 0.763600 94.917684 1.106991 15.024164 21.454563 -0.003110 -0.000024 4.897915 -0.402977 -0.092013 -0.216382 -0.806225 -0.182974 -0.534512 -0.807182 -0.178103 4.299831 4.237900 -3.678925 -38.797110 1.930345 -4.244161 -90.641473 -80.152495 -91.988312 29.840222 24.817808 15.797031 -114.532205 2.708020 3.194727 -69.280788 -49.763573 62.468111 -111.827914 81.905853 70.480606 34.738967 -22.678330 -26.994827 -118.920601 0.932751 -3.678933 -74.326125 44.277982 -67.432948 
-174.294205 16.043610 46.412189 -166.937173 -82.554181 -12.156745 164.954246 -15.000397 149.678132 -38.941009 0.858389 12.834702 84.132324 -13.186071 -18.973036 21.454545 0.003095 0.000009 168.152468 8.535397 -171.868597 -31.635305 3.951664 0.073359 93.050324 2.045711 16.555200 21.454555 -0.003106 -0.000010 4.869865 -0.354045 -0.145518 -0.272226 -0.708626 -0.289945 -0.590348 -0.710205 -0.285659 4.148734 3.840439 -3.624123 -38.374547 2.055447 -4.322469 -90.365418 -79.642198 -92.313613 29.858059 25.233340 16.009782 -114.371306 2.916924 3.173548 -71.051999 -49.721520 63.945925 -111.021378 81.779351 71.302790 33.685957 -23.648155 -26.032195 -118.385497 0.887385 -3.653744 -73.946510 43.994447 -66.912454 
-174.207306 16.047729 46.490921 -165.979293 -82.528875 -13.425602 165.109496 -14.577309 148.327106 -38.236806 1.561794 12.737118 83.913648 -13.075264 -18.555850 21.454551 0.003093 0.000003 167.953368 8.540796 -171.556293 -31.231310 3.521635 -0.480397 91.600487 2.806281 17.593958 21.454560 -0.003102 -0.000009 4.851859 -0.352587 -0.181862 -0.308020 -0.705864 -0.362528 -0.626139 -0.707890 -0.358258 3.791420 3.968859 -3.835097 -37.798260 1.858589 -4.376891 -90.987074 -79.522923 -91.698268 30.275541 25.259319 16.169751 -114.605001 2.955889 3.180735 -72.015158 -49.604686 64.710312 -112.414668 81.424256 69.926978 32.633469 -24.154542 -25.165531 -118.074218 0.894424 -3.641362 -73.745771 43.791618 -66.675535 
-174.136093 16.029209 46.576260 -165.620695 -82.449447 -14.068279 165.308295 -13.955312 147.434141 -37.471466 2.042099 12.222618 83.511432 -12.646974 -17.945617 21.454553 0.003094 -0.000003 167.753367 8.636093 -171.761212 -31.121330 3.409920 -0.696951 90.603142 3.152196 17.815302 21.454568 -0.003108 -0.000017 4.840784 -0.365030 -0.205930 -0.329979 -0.730833 -0.410547 -0.648097 -0.733183 -0.406128 3.611198 3.880230 -4.046274 -37.321028 1.966651 -4.664091 -91.840923 -79.356635 -90.852957 30.548424 24.890770 16.342961 -114.964706 2.909586 3.199079 -72.518659 -49.739415 65.230677 -113.438705 81.159573 68.915086 31.624008 -24.213767 -24.631798 -117.829178 0.895219 -3.631272 -73.858442 43.901348 -66.865640 
-174.090805 16.007469 46.666321 -165.451210 -82.438464 -14.446147 165.574017 -13.414988 147.128859 -36.465028 2.292140 11.700328 83.036372 -12.194412 -17.232219 21.454555 0.003093 0.000001 167.606367 8.674000 -172.159563 -31.135612 3.451147 -0.712158 90.098467 3.187529 17.471696 21.454551 -0.003108 -0.000017 4.837354 -0.368475 -0.225582 -0.336700 -0.737814 -0.449819 -0.654816 -0.740385 -0.445356 3.272737 3.644049 -4.191474 -36.597608 2.267630 -5.006490 -91.173204 -79.003200 -91.558624 30.517856 24.739712 16.776230 -115.157522 2.849564 3.211321 -73.096247 -49.866050 65.833195 -113.228322 81.075903 69.133549 30.921113 -24.166051 -24.526333 -117.567705 0.906704 -3.621224 -74.167972 44.133530 -67.150008 
-174.081802 16.001089 46.728729 -165.418139 -82.415398 -14.626013 165.834357 -12.739298 147.861329 -35.323747 2.422130 10.981472 82.826439 -11.655930 -16.968263 21.454567 0.003103 0.000004 167.559799 8.688295 -172.542217 -31.093477 3.495887 -0.665986 89.931994 3.151651 17.293740 21.454557 -0.003108 -0.000017 4.834612 -0.378828 -0.238276 -0.342060 -0.758567 -0.475152 -0.660178 -0.761296 -0.470563 3.386525 3.732087 -4.291883 -36.422940 2.229718 -5.073701 -90.357529 -78.948709 -92.385992 30.592745 24.282373 17.221933 -115.165595 2.885276 3.209210 -73.971768 -50.097515 66.556642 -113.241914 81.053390 69.121610 30.319517 -23.734537 -24.639889 -117.363701 0.954745 -3.616081 -74.357292 44.459593 -67.306262 
-174.116394 16.006491 46.782230 -165.347514 -82.372621 -14.750746 166.059807 -11.936107 149.586989 -34.197500 2.363281 9.890285 82.890889 -10.999171 -17.548361 21.454553 0.003100 0.000001 167.572708 8.603384 -172.603825 -30.935204 3.304817 -0.641306 89.839534 3.105762 17.015676 21.454557 -0.003114 -0.000018 4.834325 -0.380504 -0.258816 -0.342490 -0.762029 -0.516229 -0.660604 -0.764985 -0.511618 3.519284 3.369188 -4.293956 -36.423889 2.349854 -5.224436 -90.216499 -78.908110 -92.531906 30.482701 23.543278 17.752128 -115.122688 2.866506 3.208692 -75.011132 -50.392128 67.418912 -112.360102 81.010709 70.013947 29.646156 -23.156334 -24.722037 -117.222507 0.944760 -3.609504 -74.633381 44.837880 -67.535449 
-174.183502 16.022511 46.816341 -165.093103 -82.315097 -14.946151 166.240767 -11.178998 151.680593 -33.084545 2.224774 8.793963 82.910225 -10.384445 -18.295714 21.454551 0.003089 0.000004 167.613594 8.459703 -172.403428 -30.672225 2.957037 -0.644355 89.749389 3.068092 16.659292 21.454568 -0.003111 -0.000019 4.820983 -0.386723 -0.288606 -0.368945 -0.774596 -0.575694 -0.687058 -0.777938 -0.571007 3.744562 2.934384 -4.268887 -36.482127 2.486644 -5.374675 -89.925430 -78.562407 -92.857631 29.709380 22.792599 18.233091 -114.894205 2.809276 3.203016 -75.929861 -50.861789 68.229307 -110.911726 80.952952 71.478278 29.041906 -22.726333 -24.889646 -117.107487 0.931521 -3.603802 -74.904574 45.132398 -67.764670 
-174.270798 16.042021 46.844372 -165.000309 -82.242096 -14.878254 166.372015 -10.528504 154.051789 -32.111106 1.972179 7.775344 82.791236 -9.774441 -18.730752 21.454557 0.003091 -0.000004 167.748176 8.303222 -172.034311 -30.281418 2.550382 -0.664070 89.657885 3.033794 16.246546 21.454562 -0.003112 -0.000013 4.795682 -0.406263 -0.319959 -0.419228 -0.813977 -0.638150 -0.737342 -0.817665 -0.633223 4.313796 2.686316 -4.213539 -36.771607 2.543488 -5.427314 -89.270709 -78.363498 -93.536333 28.949832 22.314568 18.486450 -114.631803 2.768191 3.194788 -76.405918 -51.303422 68.673877 -109.762315 80.769179 72.651438 28.391561 -22.412323 -25.089716 -116.924601 0.945215 -3.597129 -75.321994 45.308408 -68.157898 
-174.385803 16.066931 46.847061 -165.134085 -82.131911 -14.498934 166.396932 -10.040496 156.036614 -31.470513 1.741031 6.968760 82.527345 -9.266526 -18.845298 21.454555 0.003095 -0.000008 167.980580 8.117906 -171.592466 -29.719137 2.075203 -0.620379 89.527722 2.963453 15.848339 21.454557 -0.003111 -0.000016 4.777223 -0.451763 -0.331021 -0.455811 -0.905129 -0.659933 -0.773930 -0.908980 -0.654457 4.791493 2.951398 -4.182907 -37.077661 2.235675 -5.192518 -88.369288 -78.087292 -94.470908 27.740658 22.103971 18.486540 -114.192587 2.654403 3.184077 -76.721521 -51.684123 69.109657 -108.683794 80.173867 73.786295 27.573943 -22.605582 -25.062324 -116.616492 0.930254 -3.583224 -75.743294 45.221337 -68.493342 
-174.510498 16.123039 46.816139 -165.462904 -82.018913 -13.878871 166.432695 -9.762814 157.576549 -30.942058 1.435884 6.549356 82.160352 -9.039457 -18.901536 21.454553 0.003089 0.000005 168.256014 7.915495 -170.839355 -29.002762 1.369430 -0.728439 89.235957 3.147703 16.168803 21.454557 -0.003110 -0.000007 4.745792 -0.499607 -0.345030 -0.518281 -1.001078 -0.687458 -0.836409 -1.005080 -0.681400 6.176812 3.107613 -4.049331 -38.189278 2.026110 -4.981073 -88.057497 -77.685520 -94.823359 26.128788 22.200159 18.184320 -113.590895 2.550902 3.165713 -77.142738 -51.931899 69.590960 -107.642743 79.621400 74.880559 26.758579 -23.243981 -24.752551 -116.166806 0.868766 -3.560125 -76.144376 45.159442 -68.874678 
-174.609406 16.226521 46.788040 -166.386509 -82.036050 -12.677335 166.480738 -9.705706 158.780574 -30.582944 1.233805 6.486826 81.748943 -9.046188 -18.821795 21.454555 0.003099 0.000010 168.528033 7.633191 -170.160626 -28.443935 0.698050 -0.863688 88.910861 3.334452 16.358038 21.454555 -0.003108 -0.000014 4.696012 -0.520469 -0.387935 -0.617336 -1.043330 -0.772710 -0.935461 -1.047841 -0.766396 8.638100 3.280786 -3.731538 -39.725668 1.879084 -4.655658 -88.220888 -77.478435 -94.678231 24.743072 22.477031 17.666472 -112.837601 2.512754 3.136320 -77.438608 -52.106144 69.885362 -108.187307 78.840307 74.395308 25.023083 -23.687332 -24.014243 -115.306202 0.842239 -3.522109 -76.706692 45.307821 -69.306073 
-174.693100 16.392429 46.810921 -168.086721 -82.188069 -10.639646 166.579680 -9.701098 161.425019 -30.268024 0.441178 5.703041 81.384388 -8.540562 -18.834445 21.454551 0.003090 -0.000002 168.793946 7.298997 -169.534297 -28.134640 0.106028 -0.942887 88.444632 3.456856 16.286562 21.454560 -0.003102 -0.000011 4.648149 -0.516040 -0.498275 -0.712095 -1.035553 -0.992993 -1.030198 -1.041396 -0.986724 11.135092 3.949949 -3.352371 -40.783784 1.356525 -3.952181 -88.777269 -77.183515 -94.145067 23.175727 22.962136 16.875290 -112.116408 2.454820 3.109529 -77.202578 -52.210396 69.847529 -109.094759 77.954513 73.551117 22.268010 -24.326851 -22.893329 -114.122100 0.885260 -3.474980 -76.711186 45.549473 -69.453557 
-174.755005 16.719271 46.808819 -169.457403 -82.341728 -9.232461 166.383873 -9.783788 163.734825 -30.415007 -0.270349 4.919694 81.156868 -8.023632 -18.900597 21.454557 0.003091 -0.000004 168.640007 6.930807 -169.437391 -28.224782 -0.455520 -0.966649 88.069006 3.538528 16.281011 21.454562 -0.003112 -0.000011 4.547861 -0.538705 -0.538225 -0.912103 -1.082122 -1.071799 -1.230206 -1.088440 -1.065246 13.073080 4.881377 -2.938918 -40.587566 0.770370 -3.112998 -90.480062 -76.563299 -92.484825 20.655278 23.304725 15.793496 -111.523984 2.371600 3.089898 -76.152757 -52.047974 69.298498 -110.183225 77.221190 72.510716 19.509590 -25.236676 -21.574568 -112.953796 0.895943 -3.425945 -75.841246 45.621374 -68.912183 
-174.806000 17.190821 46.805580 -171.490709 -82.484875 -7.494598 166.181658 -10.040503 164.449495 -30.746585 -0.469468 4.769332 80.709367 -7.986076 -18.873544 21.454551 0.003087 -0.000003 168.305464 6.522091 -170.001127 -28.510820 -1.003870 -0.914820 87.703044 3.584740 16.387743 21.454553 -0.003104 -0.000016 4.437984 -0.567042 -0.538590 -1.131607 -1.139841 -1.071193 -1.449717 -1.146141 -1.064290 13.863611 4.841893 -2.844155 -38.619867 0.606218 -2.942321 -91.985122 -76.160892 -91.001868 18.182180 23.759585 14.641315 -111.015497 2.297677 3.073167 -74.767813 -51.799233 68.636161 -112.356694 76.915436 70.336824 16.736296 -25.906397 -19.998729 -111.706105 0.867495 -3.370448 -74.142632 45.763719 -67.720506 
-174.807800 17.750620 46.800209 -175.085397 -82.674959 -4.168516 166.249455 -10.257002 164.688620 -30.792699 -0.357883 4.861862 80.297002 -8.138214 -18.901068 21.454553 0.003087 -0.000003 168.180950 6.296900 -170.872632 -28.773978 -1.109415 -0.857553 87.299954 3.578038 16.226195 21.454557 -0.003106 -0.000010 4.416883 -0.599606 -0.488903 -1.174044 -1.204604 -0.971250 -1.492170 -1.210311 -0.963960 13.680100 4.618011 -3.124800 -36.325668 -0.075691 -2.861539 -92.633512 -76.312618 -90.332585 15.885188 24.706927 13.268704 -110.343209 2.243448 3.047978 -73.473574 -51.446009 67.965286 -114.015897 76.728795 68.672033 14.093464 -26.409394 -18.615915 -110.361698 0.967435 -3.319346 -72.805650 45.856176 -67.062704 
-174.776993 18.342131 46.784950 -179.312109 -82.952156 -0.287888 166.309956 -10.622911 165.230267 -30.988814 -0.539482 4.776306 79.890721 -8.052353 -18.527491 21.454557 0.003097 0.000001 168.151690 5.903289 -171.809420 -28.895460 -1.143126 -0.664999 86.809635 3.412678 15.682949 21.454553 -0.003110 -0.000024 4.395536 -0.589426 -0.398568 -1.217762 -1.183404 -0.790462 -1.535903 -1.188018 -0.783301 14.394361 3.922343 -3.316125 -35.324321 -0.267597 -3.070542 -93.763464 -77.055086 -89.122644 14.159988 25.498139 12.130578 -109.570796 2.129421 3.022484 -72.366653 -50.829199 67.421672 -116.551482 76.761805 66.101218 11.869066 -26.109995 -17.643615 -109.027516 1.078068 -3.269082 -71.898963 46.182099 -66.923519 
-174.733704 18.950159 46.695759 175.714198 -83.078869 4.320576 166.264918 -10.902301 165.839220 -31.538340 -0.819165 4.538105 79.682981 -7.725325 -17.802808 21.454563 0.003095 -0.000008 168.265112 5.630296 -172.773747 -28.876148 -1.168677 -0.466732 86.529795 3.395342 16.097248 21.454563 -0.003106 -0.000010 4.403786 -0.584536 -0.349904 -1.201791 -1.173024 -0.693267 -1.519938 -1.177051 -0.686171 15.362521 3.367439 -3.380963 -35.006321 -0.532311 -3.090619 -94.676558 -77.720299 -88.139910 12.563600 25.685031 11.485750 -108.663009 1.942396 2.996069 -71.975188 -50.489663 67.586020 -118.903799 77.406336 63.670559 10.053169 -25.922631 -16.893838 -107.729903 1.191262 -3.220273 -71.169793 46.474680 -67.012700 
-174.658005 19.660280 46.567219 171.739301 -83.070434 8.017201 165.943271 -10.989099 166.322046 -32.231338 -1.018927 4.226794 79.589886 -7.352999 -17.181730 21.454545 0.003090 0.000001 168.119164 5.704190 -172.980579 -29.099311 -1.129226 -0.715128 86.542568 3.633669 16.425498 21.454550 -0.003097 -0.000017 4.435513 -0.575689 -0.341962 -1.138466 -1.155029 -0.677799 -1.456611 -1.158966 -0.670813 15.114657 2.958458 -3.427583 -33.533674 -1.019152 -2.912251 -94.668867 -78.145021 -88.109427 10.802331 25.761402 11.031860 -107.689093 1.773728 2.965377 -71.774503 -50.501186 67.835301 -120.916232 77.760508 61.606285 7.604982 -25.470090 -15.871550 -106.475307 1.267671 -3.170527 -70.531505 46.868259 -67.146743 
-174.591400 20.452190 46.430981 167.921594 -83.128532 11.643526 165.507054 -11.107108 166.721735 -32.929274 -1.157185 3.805262 79.461062 -6.995016 -16.885401 21.454553 0.003092 0.000007 167.843252 5.681800 -172.783036 -29.397363 -1.173089 -1.015026 86.278308 3.782656 15.894637 21.454558 -0.003107 -0.000022 4.479710 -0.520913 -0.352519 -1.050282 -1.045361 -0.699896 -1.368413 -1.049417 -0.693572 15.022518 2.628146 -3.413482 -32.266490 -1.144115 -2.867595 -94.954840 -78.625627 -87.777582 9.055830 25.651404 10.563359 -106.567596 1.580110 2.929815 -71.778014 -50.721289 68.247045 -123.118422 77.966186 59.360102 4.916888 -24.806079 -14.680228 -105.246699 1.349067 -3.122043 -69.795886 47.181571 -67.086419 
-174.502701 21.368710 46.216961 164.407216 -83.151864 14.965778 164.901599 -11.216280 167.108255 -33.694030 -1.197029 3.499981 79.340427 -6.846509 -17.064454 21.454548 0.003093 0.000002 167.353186 5.572307 -172.941414 -29.866672 -1.254124 -1.089884 86.224137 3.700944 15.158433 21.454563 -0.003113 -0.000027 4.541967 -0.453083 -0.358917 -0.926111 -0.909317 -0.713849 -1.244227 -0.913486 -0.708346 14.793380 2.612399 -3.366151 -30.911749 -1.516884 -2.632159 -95.475287 -79.015508 -87.217267 7.004208 25.401813 10.031091 -105.270297 1.308532 2.891788 -71.823810 -51.072074 68.738710 -124.446989 78.110412 58.003674 1.972072 -24.352039 -13.306100 -103.973292 1.430812 -3.071395 -69.136855 47.292004 -67.106902 
-174.444702 22.311670 45.966980 161.042883 -83.014276 18.319192 164.289026 -11.170902 167.571615 -34.351368 -1.168652 3.391262 79.130419 -6.758942 -16.889682 21.454553 0.003086 0.000001 167.006362 5.557282 -173.278047 -30.123829 -1.303118 -0.960237 86.204009 3.640371 15.291629 21.454555 -0.003102 -0.000009 4.608141 -0.409385 -0.393018 -0.793779 -0.821847 -0.782913 -1.111882 -0.826420 -0.777936 14.401850 2.637722 -3.311346 -29.264512 -1.716231 -2.479614 -95.673588 -79.521311 -86.972118 4.900128 25.205351 9.437362 -103.782901 0.963810 2.850277 -71.779701 -51.342682 69.143316 -125.476504 78.399719 56.941033 -0.883887 -23.949549 -11.977042 -102.601592 1.502678 -3.015511 -68.648797 47.459928 -67.292922 
-174.410706 23.272310 45.747169 158.148276 -82.745529 21.384018 163.783032 -11.016011 167.889397 -34.746187 -1.157909 3.390930 78.899839 -6.586375 -16.100704 21.454557 0.003087 -0.000003 166.855852 5.722496 -173.117906 -30.036884 -1.404122 -1.021600 86.085594 3.783017 15.699673 21.454558 -0.003111 -0.000016 4.653969 -0.390811 -0.461875 -0.701772 -0.784834 -0.921084 -1.019860 -0.790250 -0.916329 14.097661 2.823820 -3.311199 -27.583299 -1.987330 -2.346640 -96.147528 -80.093803 -86.443393 2.757411 24.918709 8.785839 -102.109204 0.554931 2.804783 -71.449946 -51.540208 69.287584 -127.647548 78.709399 54.720481 -3.636128 -23.259192 -10.742049 -101.189505 1.575665 -2.957723 -68.099110 47.774830 -67.477911 
-174.360703 24.294350 45.480030 155.489284 -82.524750 24.126298 163.337362 -10.879614 168.267980 -34.955761 -1.112942 3.333453 78.761841 -6.498370 -15.836999 21.454551 0.003096 0.000003 166.584257 5.843499 -172.885093 -30.020689 -1.509811 -1.211913 86.024860 3.986804 15.992002 21.454558 -0.003109 -0.000010 4.690176 -0.358141 -0.502601 -0.629357 -0.719467 -1.002986 -0.947432 -0.725364 -0.998624 13.862519 3.195690 -3.311372 -26.220992 -2.364097 -2.152186 -97.486539 -80.677300 -85.041640 0.507099 24.411540 8.090745 -100.322502 0.088569 2.758097 -71.060380 -51.892734 69.316571 -129.843289 79.003719 52.476326 -6.428405 -22.474379 -9.610397 -99.688797 1.692599 -2.898888 -67.646467 48.092356 -67.777033 
-174.316696 25.400280 45.225239 152.946404 -82.287285 26.587370 163.054429 -10.721307 168.913064 -34.830802 -1.234137 3.124437 78.605567 -6.396289 -15.931462 21.454551 0.003093 0.000004 166.243184 5.873795 -173.137372 -29.958583 -1.456623 -1.079701 85.858121 3.883816 15.830485 21.454557 -0.003101 -0.000014 4.740280 -0.319834 -0.515965 -0.529408 -0.642479 -1.030228 -0.847474 -0.648541 -1.026331 13.413599 3.506896 -3.249408 -24.875544 -2.651644 -1.937148 -99.184455 -81.144546 -83.288870 -1.893812 24.082315 7.219776 -98.390617 -0.450271 2.709859 -70.565389 -52.127464 69.198477 -132.184350 79.421003 50.078896 -9.180426 -21.952289 -8.230285 -97.883093 1.814103 -2.826599 -67.216117 48.225855 -67.873871 
-174.281998 26.544399 44.952499 150.388130 -82.012124 28.928669 162.796247 -10.625308 168.887192 -34.790853 -1.149086 3.046737 78.531568 -6.419473 -16.175508 21.454550 0.003087 -0.000003 165.875406 5.827812 -173.618163 -29.895284 -1.350550 -0.806048 85.642950 3.659856 15.538204 21.454562 -0.003106 -0.000027 4.795889 -0.290958 -0.499444 -0.418529 -0.584136 -0.997620 -0.736595 -0.590019 -0.994076 13.069142 3.688028 -3.193876 -23.483751 -2.746548 -1.836760 -101.674408 -81.618452 -80.742514 -4.341823 23.799478 6.204158 -96.291146 -1.062421 2.659190 -69.911508 -52.176519 68.912866 -135.328218 79.850840 46.868300 -11.833181 -21.543069 -6.686057 -95.882537 1.968391 -2.747764 -66.609624 48.212734 -67.699428 
-174.251297 27.733130 44.670471 147.951719 -81.708310 31.098589 162.523067 -10.505591 168.866701 -34.788103 -1.156944 2.782580 78.518133 -6.195388 -16.040143 21.454545 0.003090 0.000001 165.499390 5.730102 -174.380672 -29.803127 -1.106823 -0.285744 85.390841 3.249724 15.176472 21.454562 -0.003114 -0.000018 4.847281 -0.275347 -0.446292 -0.316142 -0.552294 -0.891631 -0.634216 -0.557530 -0.888280 12.765081 3.849298 -3.085931 -21.968660 -2.760466 -1.722928 -105.296621 -82.147771 -77.055626 -6.955073 23.378961 5.154348 -94.041221 -1.753714 2.607370 -69.129950 -52.211073 68.564547 -138.627486 80.169564 43.507841 -14.466901 -21.150982 -5.071476 -93.810258 2.161041 -2.668388 -65.700327 48.226204 -67.248827 
-174.213104 28.945810 44.360130 145.253412 -81.382722 33.618741 162.210395 -10.267503 169.403267 -34.817729 -1.240954 2.178502 78.446198 -5.730676 -15.889409 21.454548 0.003089 0.000005 165.207004 5.583210 -174.852542 -29.652624 -0.955708 0.262937 85.160445 2.847411 14.965532 21.454558 -0.003113 -0.000008 4.908301 -0.255400 -0.410549 -0.194415 -0.511851 -0.820487 -0.512492 -0.516657 -0.817382 12.693502 3.856426 -3.035171 -20.664590 -2.672898 -1.731791 -110.530035 -82.666743 -71.748911 -9.547819 22.753418 4.103877 -91.686629 -2.502645 2.555054 -68.186543 -52.288117 68.092061 -142.370977 80.514673 39.697090 -17.087810 -20.744902 -3.454348 -91.530894 2.408853 -2.583712 -64.769284 48.251325 -66.765004 
-174.169006 30.197611 43.987160 142.694564 -80.986680 36.055957 161.869022 -9.883195 169.896065 -34.814963 -1.054994 1.611333 78.241258 -5.355309 -15.878590 21.454548 0.003089 0.000006 164.919753 5.439598 -175.069182 -29.531979 -0.951975 0.733176 85.041736 2.561515 15.116747 21.454570 -0.003114 -0.000022 4.986915 -0.244996 -0.392353 -0.037341 -0.490488 -0.784456 -0.355420 -0.495053 -0.781481 12.514272 3.746028 -3.063625 -19.299579 -2.367299 -1.915816 -116.019287 -83.075584 -66.192470 -12.284709 22.020697 4.166151 -89.157130 -4.351091 2.572104 -67.256436 -52.547388 67.597822 -146.358864 80.870601 35.640576 -19.779669 -20.372921 -1.731973 -88.926481 2.715204 -2.488924 -63.973307 48.219776 -66.257766 
-174.154099 31.460430 43.576889 139.700291 -80.636906 38.851322 161.569655 -9.836113 169.934369 -34.893927 -1.029263 1.250806 78.067573 -5.051445 -15.616264 21.454545 0.003090 -0.000002 164.708468 5.120402 -175.164777 -29.309851 -1.010387 1.202204 84.800193 2.293887 15.265580 21.454557 -0.003108 -0.000015 5.065664 -0.216506 -0.350971 0.119805 -0.432969 -0.702017 -0.198278 -0.437058 -0.699390 12.686670 3.673654 -3.116645 -18.287598 -2.023960 -2.135785 -122.517789 -83.552413 -59.614649 -14.955300 21.125288 5.478175 -86.444472 -7.288135 2.657712 -66.256284 -53.173771 66.957820 -151.331461 81.291504 30.586793 -22.238191 -19.956324 -0.327123 -86.173649 3.289196 -2.406871 -63.263391 48.232105 -65.750591 
-174.132797 32.749649 43.146889 136.622812 -80.281313 41.816365 161.202040 -9.782108 170.050796 -35.063445 -1.093772 0.692060 77.933176 -4.560394 -15.215638 21.454551 0.003086 0.000004 164.500557 4.820910 -175.122376 -29.145244 -0.981343 1.658677 84.550666 1.979082 15.148446 21.454551 -0.003103 -0.000021 5.157463 -0.184457 -0.324931 0.303123 -0.368341 -0.650218 -0.014961 -0.372121 -0.647982 12.972651 3.776205 -3.156284 -17.545081 -1.950773 -2.217508 -128.711063 -83.949712 -53.350464 -17.744750 20.045244 7.104252 -83.448458 -10.257662 2.734199 -65.289218 -54.372001 66.246695 -156.396470 81.661318 25.445199 -24.784767 -19.366598 0.185397 -83.178713 4.648179 -2.369858 -62.577100 48.587903 -65.178849 
-174.082993 34.074291 42.708099 134.119930 -79.840841 44.266473 160.815383 -9.494295 170.195050 -35.131341 -1.025069 0.035833 77.708039 -4.018632 -14.830987 21.454545 0.003089 0.000005 164.172708 4.618696 -174.978054 -29.149280 -1.044026 2.085421 84.235166 1.682364 14.969843 21.454558 -0.003107 -0.000013 5.257440 -0.174012 -0.310130 0.502974 -0.346921 -0.620897 0.184889 -0.350537 -0.618791 13.300670 3.900978 -3.228203 -16.859560 -2.008431 -2.283840 -135.272675 -84.272035 -46.720884 -20.582049 18.787873 9.006771 -80.139935 -13.232482 2.798980 -64.269935 -56.115963 65.381665 -161.530900 81.983792 20.238522 -27.406788 -18.600762 0.394459 -79.899314 6.178137 -2.333648 -61.855313 49.276304 -64.495748 
-174.017197 35.418930 42.232010 131.498149 -79.343808 46.844125 160.464025 -9.204494 170.133715 -35.193161 -0.796143 -0.507697 77.358149 -3.626789 -14.629755 21.454545 0.003078 0.000006 163.839313 4.391802 -175.211195 -29.243113 -0.998266 2.692227 83.880406 1.259860 14.786962 21.454560 -0.003110 -0.000016 5.395200 -0.155644 -0.294920 0.778355 -0.309515 -0.590778 0.460270 -0.312944 -0.588898 13.741160 3.697532 -3.355042 -16.593849 -1.649334 -2.589390 -141.262942 -84.647962 -40.666550 -23.488204 17.633552 10.935429 -76.493194 -16.142864 2.846708 -62.882854 -58.267053 63.949627 -168.049988 82.361870 13.634508 -29.811259 -17.759180 0.679252 -76.446339 7.688436 -2.290422 -61.028423 50.073671 -63.610440 
-173.935196 36.810749 41.727600 129.076628 -78.815090 49.248867 160.026756 -8.944704 170.081682 -35.377655 -0.695137 -1.154909 77.008033 -3.001475 -13.873771 21.454562 0.003098 -0.000006 163.437766 4.198900 -175.199529 -29.397442 -1.079056 3.161167 83.408788 0.935886 14.531210 21.454562 -0.003112 -0.000020 5.563478 -0.137168 -0.280017 1.114777 -0.271869 -0.561258 0.796691 -0.275109 -0.559606 14.022508 3.412142 -3.434757 -16.180479 -1.349418 -2.823120 -146.399859 -85.059734 -35.474975 -26.540630 16.361370 12.981499 -72.404329 -18.858581 2.864447 -61.071160 -61.045444 61.883017 -174.934081 82.734505 6.669185 -32.202269 -16.718901 0.895293 -72.789203 9.142913 -2.237174 -60.138661 51.112208 -62.595146 
-173.852402 38.251080 41.207989 127.043882 -78.337297 51.359314 159.298713 -8.639601 170.230266 -35.791455 -0.700695 -1.944051 76.573613 -2.068671 -12.373447 21.454553 0.003099 -0.000002 162.893455 3.980201 -175.100355 -29.601767 -1.200228 3.675723 82.778969 0.538471 14.013681 21.454555 -0.003105 -0.000020 5.726462 -0.114267 -0.279178 1.440628 -0.225269 -0.559690 1.122543 -0.228509 -0.558318 14.521539 3.067264 -3.454802 -15.917348 -1.120689 -2.977028 -153.479378 -85.435715 -28.332864 -29.477747 14.903876 15.030396 -67.955260 -21.166461 2.841644 -58.421210 -64.172626 58.847400 175.819082 83.177115 -2.672976 -34.231720 -15.710282 1.015175 -69.083539 10.533564 -2.180702 -59.132226 52.387045 -61.417846 
-173.755005 39.718651 40.644619 125.044713 -77.916947 53.359647 158.529223 -8.379587 170.693121 -36.126739 -0.827755 -2.941064 75.788674 -1.461127 -12.448186 21.454551 0.003096 -0.000004 162.270145 3.677597 -175.045673 -29.781015 -1.305227 4.243354 82.004890 0.200442 13.874232 21.454558 -0.003111 -0.000019 5.891573 -0.088796 -0.256537 1.770691 -0.173871 -0.514353 1.452606 -0.176818 -0.513293 15.374303 2.642683 -3.476199 -15.777051 -0.657043 -3.228337 -163.280330 -85.761781 -18.458164 -32.202624 13.280987 16.968659 -63.325088 -22.927019 2.777372 -54.362070 -67.510129 54.386235 165.201116 83.425174 -13.390024 -36.134839 -14.518071 0.964815 -65.097693 11.810950 -2.109216 -58.021091 54.044193 -59.985467 
-173.637604 41.239559 40.098679 123.045503 -77.580185 55.155297 157.665792 -8.400900 170.729280 -36.530188 -0.819757 -3.447828 74.748818 -1.262656 -12.608614 21.454553 0.003088 -0.000001 161.650811 3.298800 -174.927196 -29.682800 -1.499253 4.534685 80.932018 0.145329 13.951990 21.454557 -0.003109 -0.000019 6.064878 -0.059072 -0.208575 2.117120 -0.114501 -0.418163 1.799030 -0.116873 -0.417463 16.223309 2.124524 -3.479955 -15.305180 0.015575 -3.531393 -170.997952 -85.922537 -10.688448 -35.054454 11.561748 18.757501 -58.481753 -24.110602 2.670507 -48.217615 -70.912486 47.803022 152.605496 83.134385 -26.115261 -37.697778 -12.820100 0.599535 -60.789667 12.778907 -2.009695 -56.753896 56.253035 -58.172257 
-173.512894 42.811508 39.590889 121.624974 -77.265702 56.203086 156.648326 -8.538192 169.887022 -37.146820 -0.437685 -3.540838 73.681718 -1.085771 -11.828306 21.454558 0.003088 0.000001 161.013186 3.102991 -175.002192 -29.378262 -1.465713 4.650331 79.742308 0.254378 14.136033 21.454555 -0.003102 -0.000028 6.253499 -0.057941 -0.131435 2.494279 -0.113180 -0.264059 2.176184 -0.114623 -0.263370 17.143491 1.511378 -3.582277 -15.002891 0.775153 -3.964279 -176.986567 -85.990681 -4.661504 -37.983700 9.708718 20.239983 -53.476433 -24.621591 2.519883 -38.979674 -74.053669 38.044587 142.132111 82.532024 -36.714394 -39.288467 -10.889613 0.149107 -56.201324 13.445102 -1.887069 -55.136460 58.766183 -55.775369 
-173.359695 44.381859 39.073219 120.391141 -77.012726 56.938701 155.440352 -8.715908 170.074975 -38.035903 -0.424961 -3.869029 72.691122 -0.680367 -10.949546 21.454548 0.003092 0.000000 160.212196 2.926595 -175.416361 -29.180440 -1.354105 4.716139 78.338411 0.306521 13.850188 21.454562 -0.003114 -0.000013 6.458169 -0.066959 -0.026399 2.903520 -0.133314 -0.054439 2.585421 -0.133502 -0.053630 18.117729 0.834222 -3.710465 -14.897071 1.450361 -4.389529 177.855708 -86.048294 0.527715 -40.856146 7.901517 20.919951 -48.632695 -24.422103 2.338408 -27.286445 -76.242779 25.842748 131.099593 81.892110 -47.874596 -40.553408 -9.315272 0.089998 -51.789247 13.929121 -1.767760 -52.995308 61.085865 -52.874076 
-173.179794 45.968769 38.561310 119.670979 -76.864770 56.976202 154.108561 -8.818214 171.066172 -38.912998 -0.829988 -4.676112 71.656013 -0.019339 -10.422690 21.454555 0.003100 -0.000005 159.204852 2.779801 -176.051746 -29.004446 -1.325504 4.575144 76.798599 0.557806 13.707479 21.454557 -0.003113 -0.000009 6.674685 -0.100478 0.136322 3.336286 -0.204820 0.269737 3.018188 -0.203063 0.270971 18.866939 0.129210 -3.824930 -14.754271 2.212119 -4.814999 169.774734 -86.118843 8.655305 -43.377152 6.065197 20.870898 -44.222944 -23.729061 2.151372 -14.819405 -77.386289 12.875514 123.219755 80.695236 -55.902271 -41.203943 -7.302308 0.213220 -47.670380 13.999211 -1.640069 -50.443413 63.142176 -49.611024 
-173.006302 47.489429 38.048382 118.820812 -76.801816 57.180650 152.917267 -9.061397 171.636329 -39.534778 -1.030435 -5.193484 70.567097 0.157187 -10.722926 21.454550 0.003093 -0.000005 158.251685 2.596208 -176.532222 -28.781645 -1.349651 4.222504 75.328162 0.992160 13.701802 21.454553 -0.003105 -0.000015 6.901355 -0.124303 0.295677 3.789211 -0.258122 0.587176 3.471128 -0.254453 0.588726 19.408662 -0.752807 -3.917470 -14.651381 3.206390 -5.293369 166.690138 -86.229397 11.753189 -46.140820 4.211586 20.205626 -40.135582 -22.519287 1.952943 -3.466354 -77.778936 0.977420 118.902255 79.131587 -60.380621 -41.416071 -4.821236 0.414829 -43.920025 13.657562 -1.505622 -47.541296 64.876122 -46.060484 
-172.865997 48.952419 37.548969 118.177668 -76.820784 57.229715 151.826923 -9.415806 171.588586 -39.880525 -1.040453 -5.350924 69.546140 0.189448 -10.676042 21.454541 0.003089 0.000003 157.351084 2.343305 -177.237426 -28.410233 -1.254316 4.116733 73.933219 1.289798 13.868184 21.454565 -0.003112 -0.000011 7.125819 -0.147197 0.443600 4.237606 -0.310427 0.881566 3.919546 -0.304972 0.883427 19.911089 -1.585743 -4.021070 -14.932329 4.073414 -5.745726 162.411913 -86.463986 16.044056 -48.516941 2.370812 19.070149 -36.645816 -20.910322 1.756666 5.555539 -77.781450 -8.495882 114.091890 78.012003 -65.314422 -41.742414 -3.092223 1.586802 -40.635442 13.315362 -1.392389 -45.068221 65.822021 -43.107083 
-172.715607 50.330742 37.049412 117.890308 -76.978493 56.996627 150.717700 -9.778205 170.979347 -40.056771 -0.806212 -5.283879 68.718724 0.140889 -10.434207 21.454558 0.003099 -0.000009 156.353125 2.201401 -177.748583 -28.020199 -1.135269 3.774706 72.570917 1.766554 14.048870 21.454562 -0.003108 -0.000015 7.321229 -0.166509 0.595744 4.627789 -0.356549 1.184412 4.309761 -0.349254 1.186546 20.120351 -2.075616 -4.176417 -14.977790 4.466050 -6.065166 152.848787 -86.622638 25.643069 -50.312082 0.461732 17.679905 -33.743723 -19.041205 1.567305 12.408921 -77.619854 -15.695042 109.544193 77.334318 -69.939785 -42.219196 -1.769870 3.199748 -37.648901 12.908990 -1.289426 -43.203989 66.517812 -40.909579 
-172.573105 51.583050 36.558529 117.984701 -77.155463 56.460024 149.758878 -9.996787 170.567869 -39.988674 -0.729667 -5.464007 68.106582 0.267173 -10.284075 21.454553 0.003094 -0.000001 155.299609 2.100688 -177.993514 -27.763225 -1.202182 3.301584 71.287825 2.222994 13.883787 21.454568 -0.003113 -0.000016 7.495259 -0.191956 0.708232 4.975161 -0.414025 1.407622 4.657162 -0.405368 1.410099 20.249793 -2.475849 -4.302005 -14.906181 4.689851 -6.284909 141.022301 -86.696131 37.509828 -51.631224 -1.236028 15.293792 -31.259447 -16.967583 1.380873 13.390419 -77.447296 -17.021279 104.028870 76.762625 -75.517249 -42.733748 -1.025790 5.840637 -34.966931 12.500120 -1.199350 -42.064867 66.370075 -39.442993 
-172.447205 52.688030 36.055580 117.957913 -77.379473 56.213775 148.985209 -10.162001 170.299688 -39.689785 -0.640469 -5.618009 67.808656 0.270439 -10.504093 21.454558 0.003093 0.000004 154.331854 1.973604 -178.354886 -27.571189 -1.161793 3.152158 70.300910 2.448391 13.850156 21.454558 -0.003108 -0.000015 7.652073 -0.193619 0.764962 5.288538 -0.421803 1.520338 4.970556 -0.412486 1.522861 20.329549 -2.997356 -4.468048 -14.766490 4.890680 -6.539668 126.164112 -86.758279 52.404186 -52.121187 -2.556905 13.309437 -29.865716 -15.645288 1.268467 14.854131 -77.059403 -18.386943 98.968396 76.099803 -80.638115 -43.056310 -0.276325 8.341227 -32.795290 12.130722 -1.127647 -40.876609 66.100768 -38.081655 
-172.343094 53.628490 35.528622 117.993922 -77.623836 55.989345 148.353157 -10.358502 170.139753 -39.296261 -0.553764 -5.540628 67.836899 0.086255 -10.853284 21.454553 0.003102 -0.000007 153.469310 1.805298 -178.808123 -27.387117 -1.064915 3.126425 69.719340 2.521404 13.794109 21.454558 -0.003116 -0.000012 7.779369 -0.178055 0.800188 5.543191 -0.394082 1.590976 5.225223 -0.384325 1.593332 20.432311 -3.738955 -4.589729 -14.699793 5.392203 -6.859850 115.045644 -86.690031 63.547657 -52.855801 -3.798616 11.225600 -28.026389 -14.210281 1.142370 15.426563 -76.778013 -19.278808 95.591653 75.415431 -84.071794 -43.204379 0.822106 10.418020 -30.949780 11.517551 -1.049963 -40.019994 65.838475 -37.046820 
-172.244202 54.370770 35.021519 118.203595 -77.854881 55.782712 147.805867 -10.375506 170.318348 -38.882877 -0.399496 -5.431982 68.106548 -0.046506 -11.062743 21.454550 0.003091 0.000005 152.816098 1.695296 -179.057302 -27.089784 -1.023498 3.115875 69.442130 2.503279 13.622612 21.454557 -0.003105 -0.000004 7.876074 -0.165307 0.805896 5.736737 -0.370214 1.602643 5.418772 -0.360379 1.604856 20.623700 -4.183192 -4.746745 -14.795149 5.810421 -7.185646 104.928706 -86.529713 73.687107 -53.271237 -4.817550 8.532306 -26.843683 -12.877061 1.036270 12.101212 -76.521915 -16.116467 93.039621 75.033419 -86.650608 -43.472505 1.984550 12.737312 -29.281875 10.430092 -0.947207 -40.314655 65.493304 -37.128399 
-172.152802 54.942558 34.531792 118.529914 -78.068099 55.518305 147.354706 -10.375499 170.611022 -38.519330 -0.371081 -5.252270 68.573720 -0.017064 -10.736198 21.454557 0.003088 0.000003 152.286403 1.526703 -179.347695 -26.781597 -0.998680 3.342778 69.268336 2.260113 13.344123 21.454551 -0.003108 -0.000008 7.948592 -0.156973 0.794773 5.881928 -0.353977 1.580579 5.563958 -0.344290 1.582691 20.894059 -4.428440 -4.845912 -14.916503 6.022247 -7.371673 98.849353 -86.347675 79.782982 -53.248148 -5.565665 6.705501 -26.503709 -12.424509 1.001472 9.617077 -76.064006 -13.561488 90.558220 75.034525 -89.120848 -44.047579 2.552022 15.034197 -28.096024 10.037520 -0.900134 -41.011215 64.716602 -37.595742 
-172.058594 55.359501 34.034630 119.321301 -78.199307 54.771782 146.917342 -10.306509 170.880965 -38.403333 -0.431793 -5.125776 69.305438 0.197932 -10.053898 21.454558 0.003097 -0.000008 151.768593 1.370800 -179.638387 -26.683331 -0.949513 3.903614 69.418061 1.800995 13.259420 21.454553 -0.003110 -0.000021 8.011007 -0.170999 0.768565 6.006658 -0.381513 1.527256 5.688677 -0.372150 1.529535 21.234109 -4.641171 -4.895868 -15.052912 6.413527 -7.564914 97.094219 -86.273164 81.542903 -53.088339 -6.308034 5.714342 -26.460546 -12.345063 0.995643 8.358504 -75.812593 -12.339883 90.204287 74.776009 -89.496597 -43.989140 3.413542 16.351171 -27.780669 9.914268 -0.886561 -41.019753 64.051144 -37.635005 
-171.942902 55.609852 33.568260 120.353834 -78.326321 53.786203 146.507394 -10.187101 171.014877 -38.391633 -0.453512 -5.060365 70.071778 0.408725 -9.491763 21.454553 0.003086 0.000004 151.297487 1.284511 -179.435927 -26.648033 -1.120450 4.229019 69.799185 1.637967 13.604728 21.454558 -0.003111 -0.000019 8.046323 -0.189301 0.744449 6.077148 -0.417267 1.477977 5.759158 -0.408222 1.480472 21.719672 -4.636929 -4.991515 -15.353572 6.641278 -7.752521 95.814857 -86.288594 82.818202 -52.793162 -6.866269 5.059828 -26.813882 -12.525301 1.013137 7.641370 -75.555846 -11.574194 89.485430 74.733826 -90.215618 -43.856727 4.234665 16.371291 -27.756024 9.848011 -0.881810 -39.972664 64.336844 -36.585960 
-171.825500 55.718349 33.137180 121.415628 -78.397478 52.795440 146.133673 -10.006494 171.124461 -38.548840 -0.490759 -5.025825 71.024528 0.810666 -8.438233 21.454551 0.003096 0.000006 151.005620 1.300100 -179.153239 -26.530784 -1.317567 4.401843 70.212897 1.636613 14.117798 21.454563 -0.003111 -0.000011 8.064292 -0.216570 0.721833 6.112850 -0.470814 1.431272 5.794850 -0.462034 1.434091 22.554316 -4.319366 -4.993690 -15.994435 6.549086 -7.738886 92.376567 -86.470577 86.231302 -52.706261 -7.347727 5.021123 -27.062236 -12.621591 1.023533 9.119891 -75.396518 -13.136703 87.922129 74.959728 -91.745177 -44.039540 4.507725 17.052168 -27.674994 9.845485 -0.879675 -39.878756 64.230969 -36.414173 
-171.723206 55.739368 32.749458 122.051683 -78.397191 52.043535 145.667158 -9.966714 170.748582 -39.189877 -0.296273 -4.889073 71.687111 1.242523 -6.932232 21.454558 0.003093 -0.000007 150.825549 1.306596 -179.218891 -26.446475 -1.304233 4.476739 70.676837 1.525820 14.132991 21.454553 -0.003108 -0.000022 8.091215 -0.248057 0.737909 6.166235 -0.534952 1.461615 5.848236 -0.525982 1.464822 22.922772 -4.017010 -4.848139 -15.900110 6.576638 -7.572831 88.745795 -86.727925 89.829357 -52.837111 -7.872048 5.017999 -27.069068 -12.480969 1.014593 10.556894 -75.373159 -14.781014 87.181252 75.157318 -92.458666 -44.062698 4.929222 17.213359 -27.795479 9.793466 -0.878994 -39.277580 64.436476 -35.788672 
-171.638107 55.691910 32.372681 121.716170 -78.372254 52.078266 145.214330 -10.144314 170.682398 -40.273722 -0.232906 -5.052649 72.696968 1.628144 -6.252719 21.454553 0.003092 -0.000002 150.618211 1.073588 -179.322655 -26.671882 -1.402965 4.508415 70.987734 1.413682 13.977361 21.454560 -0.003109 -0.000010 8.130461 -0.261075 0.791638 6.244287 -0.564367 1.568098 5.926305 -0.554769 1.571480 23.082728 -3.658129 -4.727363 -15.721519 6.303839 -7.327295 86.436201 -86.874255 92.119786 -52.812467 -8.378383 4.731531 -27.237500 -12.266119 1.003614 10.542949 -75.369512 -14.825267 86.759904 75.130831 -92.877083 -43.848462 5.315349 17.312720 -27.953398 9.777535 -0.880661 -38.579364 64.575047 -35.026002 
-171.576996 55.672939 32.044102 121.154606 -78.337584 52.280471 144.333672 -10.362012 170.822936 -42.250949 -0.047863 -5.237321 73.428994 1.887049 -5.943056 21.454551 0.003094 0.000004 150.322533 0.713902 -179.809047 -27.046852 -1.435482 4.844824 70.896346 1.183764 13.983137 21.454558 -0.003106 -0.000017 8.190276 -0.285912 0.855011 6.363228 -0.618268 1.693078 6.045266 -0.607893 1.696785 23.051211 -3.486487 -4.595113 -15.850332 6.290718 -7.189235 84.198153 -87.096400 94.332528 -52.872426 -8.729725 3.967473 -27.488984 -12.314111 1.001526 8.459520 -75.179318 -12.726171 86.284427 75.088224 -93.350436 -43.608719 5.594201 17.623488 -28.169575 9.820747 -0.887292 -37.967782 64.561052 -34.330996 
-171.533493 55.704231 31.762680 120.769001 -78.268996 52.302925 142.456832 -10.454100 171.502375 -45.858279 0.318145 -5.700779 73.381128 2.352114 -5.458236 21.454551 0.003092 0.000000 149.985982 0.433587 179.888618 -27.426889 -1.413264 5.166530 70.521150 0.962198 13.876028 21.454560 -0.003116 -0.000020 8.257653 -0.348053 0.922197 6.496649 -0.747169 1.823494 6.178701 -0.736022 1.827974 22.943210 -3.346333 -4.490346 -16.023357 6.472603 -7.154840 82.269328 -87.358099 96.233704 -53.161094 -9.366185 3.764189 -27.475874 -12.209159 1.004034 8.313314 -75.082357 -12.714854 85.920529 75.040918 -93.713768 -43.300527 5.773074 18.005781 -28.447671 9.878661 -0.896032 -37.447421 64.535760 -33.735261 
-171.537399 55.827900 31.573740 121.400192 -78.156113 51.368203 139.453557 -10.330306 173.055465 -51.054079 0.204849 -6.795820 72.150772 3.060774 -5.534990 21.454553 0.003095 0.000001 149.617944 0.400886 179.997273 -27.595750 -1.462121 5.124174 69.958718 0.915929 13.433129 21.454562 -0.003118 -0.000016 8.331044 -0.479623 0.975750 6.640989 -1.014300 1.922517 6.323034 -1.002541 1.928610 22.807856 -3.036644 -4.380068 -16.548259 6.542360 -7.098511 80.949968 -87.360770 97.549848 -53.070177 -10.130320 3.576481 -27.739966 -12.253023 1.011450 7.908018 -74.893803 -12.330270 85.636447 75.032305 -93.994891 -42.997376 5.903455 18.349342 -28.655782 10.014330 -0.908630 -36.704334 64.653635 -32.833515 
-171.614502 56.053558 31.429270 123.060843 -78.049815 49.369758 135.292510 -10.282197 175.052120 -58.331844 -0.585436 -7.991423 71.982469 3.972900 -5.371895 21.454551 0.003090 -0.000000 149.219471 0.467305 179.895612 -27.481410 -1.426219 5.042487 69.372066 0.869215 12.917219 21.454563 -0.003102 -0.000018 8.405097 -0.672730 1.016172 6.785653 -1.403710 1.991401 6.467663 -1.391543 1.999841 22.639075 -2.647167 -4.280278 -17.176102 6.496793 -7.017840 77.820518 -87.588727 100.652372 -53.097501 -10.944109 3.505983 -28.110601 -12.545970 1.036869 7.836964 -74.623628 -12.228026 85.617179 74.993100 -94.017281 -42.646817 6.164781 18.652097 -28.896201 10.130691 -0.920589 -35.686400 64.916351 -31.630732 
-171.671997 56.263531 31.253990 124.529102 -78.045116 47.413490 130.127207 -10.432607 176.358654 -67.739070 -1.046508 -8.721052 75.449978 4.665148 -5.252396 21.454555 0.003101 -0.000001 148.817091 0.416894 179.685256 -27.313491 -1.359589 4.903762 69.067863 0.907337 12.630471 21.454563 -0.003108 -0.000017 8.469034 -0.857045 1.082879 6.909649 -1.777068 2.113025 6.591627 -1.764141 2.123719 22.414541 -2.491431 -4.166977 -17.591581 6.637519 -6.979048 67.262419 -88.072373 111.146944 -53.480648 -11.609320 3.392423 -28.331394 -12.966397 1.067898 8.068157 -74.384763 -12.443458 85.367140 74.938015 -94.268953 -42.210818 6.485619 18.950213 -29.187639 10.185841 -0.929542 -34.436171 65.247178 -30.227900 
-171.714905 56.465988 31.101830 125.713320 -77.991635 45.899486 124.400722 -10.584309 177.730511 -77.945286 -1.630720 -7.308719 79.853838 3.686522 -5.895911 21.454557 0.003094 -0.000005 148.546274 0.513712 179.392446 -27.116093 -1.144312 4.771037 68.819873 0.962740 12.434203 21.454553 -0.003106 -0.000027 8.565270 -1.020365 1.119419 7.098873 -2.107330 2.174630 6.780797 -2.094009 2.187320 22.180252 -2.251263 -4.105483 -18.188087 6.441286 -6.881223 49.698413 -88.514307 128.642611 -54.003089 -12.207037 3.351356 -28.386358 -13.628910 1.111512 8.577588 -73.940916 -12.914652 84.853653 74.987691 -94.771156 -41.907022 6.891529 19.232170 -29.351628 10.233272 -0.935671 -32.966980 65.585505 -28.573931 
-171.772705 56.764679 31.035681 128.105894 -77.572057 43.383155 118.168925 -10.278398 177.621624 -88.158590 -1.206752 -5.110602 82.675499 2.128868 -6.512271 21.454551 0.003086 0.000004 148.397184 1.027406 178.799394 -26.792641 -0.892851 4.801127 68.505261 0.952337 12.380314 21.454557 -0.003108 -0.000017 8.699523 -1.256609 1.102676 7.364118 -2.580717 2.123816 7.045914 -2.567713 2.139369 22.091393 -2.029724 -4.024661 -18.865766 6.307000 -6.787779 22.823494 -88.265394 155.466867 -54.232624 -12.590690 2.613410 -28.508759 -13.995045 1.137244 8.796648 -73.446192 -13.046740 84.453684 75.058588 -95.159384 -41.716596 7.331756 19.394532 -29.388757 10.386983 -0.946385 -31.249481 65.850619 -26.636601 
-171.809296 56.977901 31.042959 130.232282 -76.992454 41.264380 111.648533 -9.815195 176.581140 -98.063860 -0.312391 -3.592866 85.860170 1.202315 -6.567046 21.454543 0.003095 0.000011 148.590560 1.802988 179.231609 -26.225908 -1.004945 4.196148 68.382420 1.462681 12.528336 21.454565 -0.003110 -0.000012 8.845200 -1.478538 1.061336 7.653483 -3.023908 2.023380 7.335125 -3.011501 2.041617 22.223091 -2.106009 -3.954833 -19.655743 6.508361 -6.846573 9.681079 -87.644905 168.578412 -54.306397 -12.932039 2.227645 -28.418103 -14.197962 1.148621 11.005811 -73.088051 -15.283156 83.417483 75.184810 -96.170225 -41.627544 7.597234 19.751422 -29.357065 10.465291 -0.950900 -29.955680 65.960496 -25.137951 
-171.845795 57.143372 31.167891 132.715029 -76.149772 38.883464 104.949572 -9.091503 175.053623 -106.864197 0.217112 -2.619976 88.494158 0.898208 -5.126822 21.454553 0.003095 -0.000006 149.082867 3.099117 179.410983 -25.322026 -1.004049 3.172136 68.361608 2.491422 13.297702 21.454560 -0.003108 -0.000017 8.987747 -1.741932 0.980217 7.937925 -3.546866 1.839610 7.619349 -3.535555 1.861017 22.679974 -2.272628 -3.877574 -20.709659 6.831161 -6.966410 2.169197 -87.076845 176.058890 -54.350821 -13.175951 1.998344 -28.361242 -14.326341 1.155824 13.146047 -72.827828 -17.470664 82.304490 75.320526 -97.255753 -41.638653 7.752996 19.975950 -29.323290 10.431539 -0.948073 -28.762292 66.121251 -23.773255 
-171.864700 57.256191 31.355631 135.160797 -74.973129 36.566101 98.365734 -8.443295 172.819332 -114.360808 0.695673 -1.297716 90.218063 0.136934 -4.505760 21.454551 0.003093 0.000000 149.729945 4.869093 179.102272 -24.421912 -0.627484 2.107297 68.518750 3.514238 14.039030 21.454563 -0.003113 -0.000018 9.132097 -2.044156 0.865224 8.228016 -4.144579 1.583992 7.909151 -4.134802 1.609034 23.262566 -2.303284 -3.793287 -21.461778 6.866107 -6.939731 -3.461679 -86.734270 -178.340829 -54.362903 -13.298190 1.744383 -28.490809 -14.394282 1.162532 14.037243 -72.646022 -18.338986 81.875684 75.225306 -97.686561 -41.568323 7.923823 20.040680 -29.206896 10.339730 -0.939930 -27.868239 66.218090 -22.683318 
-171.798904 57.210201 31.589880 135.970611 -73.543222 35.611175 92.082896 -8.149095 170.145736 -120.842917 1.150497 0.186881 90.874861 -0.768772 -3.731675 21.454550 0.003098 0.000015 150.917182 6.541406 178.779956 -23.346113 -0.426476 0.910208 68.647636 4.521876 14.452682 21.454555 -0.003104 -0.000011 9.335328 -2.333670 0.788905 8.636167 -4.719596 1.402593 8.317004 -4.710910 1.431130 23.870729 -2.557269 -3.685124 -22.072400 7.094869 -6.957056 -8.431676 -86.758825 -173.389625 -54.380013 -13.403979 1.724267 -28.702883 -14.588323 1.178844 14.104166 -72.404984 -18.359649 81.638191 74.900408 -97.948478 -41.359907 7.983987 20.164569 -29.124808 10.194581 -0.928953 -27.441578 66.190619 -22.121509 
-171.617493 56.900291 31.822559 135.608679 -71.907118 35.411068 86.413457 -8.406401 167.041893 -126.454204 1.610985 1.031930 91.116909 -1.347197 -3.515987 21.454555 0.003094 -0.000001 152.230027 8.024391 178.126703 -22.831852 -0.091668 0.157495 69.153698 5.101756 14.726607 21.454558 -0.003110 -0.000016 9.560232 -2.634089 0.785724 9.085648 -5.321661 1.363486 8.766156 -5.313200 1.395688 24.264821 -2.915517 -3.684396 -22.468218 7.283350 -7.059878 -16.019017 -86.800838 -165.838304 -54.596885 -13.283991 2.043175 -28.805708 -14.914210 1.201620 14.337706 -72.211014 -18.573255 81.335088 74.436583 -98.286654 -40.974192 7.848799 20.016160 -29.202057 10.035821 -0.920018 -26.819346 66.315290 -21.459532 
-171.391907 56.425499 32.038811 134.290494 -70.233216 35.941999 81.567458 -8.898298 163.536831 -130.853502 2.061813 0.807184 90.370363 -1.184177 -3.072319 21.454557 0.003095 -0.000008 153.731384 9.201096 178.001546 -22.623231 -0.031243 -0.622010 70.042053 5.601229 14.862195 21.454562 -0.003112 -0.000020 9.810553 -2.893956 0.826561 9.584585 -5.846306 1.412056 9.264789 -5.837515 1.447457 24.445747 -3.390094 -3.640307 -22.729490 7.465703 -7.104932 -25.862160 -86.794356 -156.040207 -54.861695 -13.140071 2.430458 -28.998763 -15.057019 1.214349 14.371244 -72.195885 -18.550809 81.372934 73.984814 -98.288335 -40.636634 7.711059 19.661861 -29.344562 9.970320 -0.918380 -26.331766 66.474147 -20.971435 
-171.145203 55.728958 32.229839 132.521106 -68.726846 36.874692 77.487007 -9.336493 160.209668 -133.555497 2.375034 -0.350318 87.765697 -0.280969 -1.990277 21.454548 0.003096 0.000003 155.116205 10.054704 178.415784 -23.090272 -0.261053 -1.466863 71.453887 6.041939 14.898412 21.454562 -0.003106 -0.000015 10.009853 -3.082987 0.893322 9.980151 -6.231426 1.519132 9.660130 -6.221996 1.556879 24.875933 -3.968269 -3.499347 -22.999532 7.509553 -6.977957 -33.891744 -87.013051 -148.031182 -54.818897 -12.891430 2.614512 -29.424178 -15.064372 1.222801 12.807469 -72.310093 -16.873224 81.777985 73.493689 -97.931881 -40.339883 7.472578 19.074459 -29.460512 10.000039 -0.922481 -26.163885 66.621706 -20.797342 
-170.897507 54.725689 32.471699 130.168816 -67.498586 38.317611 74.588999 -9.563604 157.813488 -134.340013 2.536615 -2.381956 83.520530 1.496460 -0.039154 21.454557 0.003093 0.000000 156.324671 10.286107 178.641398 -24.379247 -0.521620 -1.452626 72.887127 5.775362 14.707422 21.454565 -0.003113 -0.000016 10.148808 -3.167685 1.002680 10.252431 -6.411605 1.722818 9.932322 -6.400958 1.761658 25.240442 -4.591829 -3.281958 -22.920645 7.196525 -6.583759 -43.674528 -87.366411 -138.257509 -54.840692 -12.491502 3.193301 -29.530436 -15.054309 1.224175 11.958434 -72.498203 -16.124822 82.003763 72.864786 -97.764227 -39.891160 6.974203 18.496531 -29.602815 9.965630 -0.922895 -26.359821 66.778623 -21.007570 
-170.701004 53.629581 32.729141 127.727324 -66.418447 39.896484 72.858113 -9.265401 157.100607 -132.999998 2.504332 -4.482587 77.390742 3.355170 1.165198 21.454550 0.003092 -0.000009 157.393486 10.320910 179.086290 -26.077727 -0.892213 -1.421232 74.221603 5.531640 14.564671 21.454562 -0.003115 -0.000013 10.254431 -3.184068 1.103043 10.458420 -6.454664 1.916129 10.138321 -6.442839 1.955226 25.740288 -5.415463 -2.941418 -23.018666 6.768585 -6.006152 -59.791456 -87.621997 -122.159668 -54.941605 -11.916342 3.906583 -29.539786 -15.116211 1.225086 11.075332 -72.776431 -15.393576 82.441012 72.106123 -97.400369 -39.417483 6.497252 18.361521 -29.671308 9.676468 -0.905272 -27.764340 66.670959 -22.436931 
-170.544800 52.478661 33.088100 125.218391 -65.557570 41.500383 72.040300 -8.688103 157.529297 -130.882913 2.314734 -6.161992 61.152473 5.171510 1.722729 21.454563 0.003096 0.000003 158.417891 10.201593 179.670981 -27.768633 -1.260005 -1.551133 75.239574 5.329752 14.013307 21.454553 -0.003112 -0.000021 10.314319 -3.138058 1.234395 10.571292 -6.375600 2.179604 10.251302 -6.362206 2.218203 26.066167 -6.224243 -2.582255 -22.970083 6.447906 -5.443241 -72.266653 -87.574240 -109.700372 -54.951505 -10.942380 4.027873 -29.737049 -15.051085 1.227906 8.865060 -73.115604 -13.222083 82.574842 71.629109 -97.310593 -39.186769 5.769439 17.915002 -29.890141 9.556107 -0.901518 -28.906153 66.629575 -23.667606 
-170.397003 51.310150 33.422310 123.527618 -64.632174 42.325788 73.442299 -8.273607 157.315157 -131.360001 2.371764 -7.035077 59.900861 4.851026 -0.519139 21.454555 0.003092 0.000007 159.084395 10.305414 179.580495 -29.783453 -1.401819 -1.303187 76.328962 4.959216 13.827469 21.454555 -0.003106 -0.000018 10.318969 -3.124781 1.361535 10.573550 -6.360753 2.434879 10.253629 -6.345784 2.473379 26.216161 -7.095462 -2.282988 -22.809398 6.465215 -5.085891 -79.780298 -87.428464 -102.195415 -54.795145 -9.770712 4.395342 -30.092468 -15.052050 1.236913 7.333330 -73.503006 -11.635856 83.052942 71.268714 -96.872641 -39.037963 4.938432 17.458863 -30.156218 9.532876 -0.905062 -30.336739 66.379173 -25.199563 
-170.260803 50.148651 33.728100 121.756714 -63.711376 43.083389 75.437404 -8.056595 156.952310 -132.877300 2.528390 -6.972313 62.677893 5.253627 0.619253 21.454560 0.003090 -0.000000 159.767946 10.356900 179.203892 -31.718999 -1.502316 -1.122695 77.191677 4.739590 13.895360 21.454558 -0.003111 -0.000016 10.331861 -3.091750 1.524430 10.590561 -6.309891 2.762959 10.270779 -6.292970 2.801131 26.448041 -8.038496 -2.165500 -22.974519 6.475132 -4.936277 -86.207219 -87.254908 -95.776157 -54.613400 -8.533614 4.755801 -30.517213 -15.047154 1.242810 5.870896 -73.930330 -10.026755 83.728543 70.927915 -96.239073 -38.926665 4.168437 17.203582 -30.356666 9.518879 -0.907994 -32.330765 65.784523 -27.250781 
-170.197495 49.072891 34.040359 120.161797 -63.042482 43.856392 77.558191 -7.544606 157.691569 -133.419208 2.512804 -6.042423 63.933125 5.084571 1.942431 21.454555 0.003093 0.000002 160.329292 10.275091 179.020460 -33.441498 -1.849833 -1.202759 77.680021 4.828423 14.211021 21.454563 -0.003112 -0.000013 10.296234 -3.017004 1.669938 10.512058 -6.173134 3.062641 10.192462 -6.154384 3.099968 26.632938 -8.634535 -2.173061 -23.102551 6.195659 -4.804961 -90.790959 -87.129076 -91.195354 -54.607574 -7.300062 5.111797 -30.494404 -14.853898 1.229949 4.590501 -74.375262 -8.846312 84.352317 70.690832 -95.647613 -38.840571 3.316847 16.773691 -30.585638 9.543944 -0.914062 -34.055989 65.300884 -29.041565 
-170.214203 48.069309 34.309349 118.935915 -62.531038 44.669369 79.671104 -6.986598 158.245620 -133.911801 2.471009 -5.243972 65.823025 4.862635 3.016792 21.454550 0.003089 0.000006 160.837404 10.334902 178.934277 -35.047797 -2.094492 -1.445077 78.407498 4.930806 14.277948 21.454555 -0.003111 -0.000019 10.220821 -2.932348 1.753165 10.357762 -6.009736 3.240644 10.038320 -5.989940 3.276960 26.769647 -9.078081 -2.290285 -23.079580 5.997608 -4.823811 -91.483096 -87.123496 -90.502349 -54.409806 -6.091696 6.003408 -30.617272 -14.770808 1.227030 5.385636 -74.794799 -9.735495 84.923594 70.577403 -95.096621 -38.793968 2.456932 16.064672 -30.791258 9.555741 -0.918847 -35.195357 65.105657 -30.244375 
-170.251999 47.149769 34.477139 117.813305 -62.098605 45.527606 81.634257 -6.531499 158.363482 -134.497695 2.513941 -4.679260 68.322854 4.637983 3.797102 21.454558 0.003085 -0.000010 161.265465 10.397010 178.669402 -36.627467 -2.108271 -1.567614 79.266271 4.890099 14.227342 21.454563 -0.003114 -0.000018 10.148150 -2.846222 1.815013 10.210391 -5.841353 3.375623 9.891111 -5.820725 3.410906 26.955273 -9.456715 -2.423641 -23.057756 5.881720 -4.892086 -92.292733 -87.159511 -89.687624 -54.325177 -4.834224 5.930614 -30.660835 -14.668600 1.221325 2.850617 -74.976619 -7.209629 85.457893 70.531518 -94.575956 -38.844577 1.690294 15.469158 -30.830337 9.513945 -0.916870 -36.167979 64.966061 -31.255526 
-170.245895 46.686359 34.541031 117.591296 -61.717897 46.142077 82.052442 -5.808397 158.381459 -134.674624 2.586243 -4.325768 67.852206 4.121164 3.044712 21.454553 0.003089 0.000003 161.416167 10.531291 178.808820 -37.820062 -2.548779 -1.385099 79.787408 4.799352 14.599657 21.454560 -0.003109 -0.000021 10.109092 -2.781502 1.758038 10.136230 -5.706210 3.269203 9.816989 -5.686234 3.303668 26.699997 -9.796400 -2.561011 -22.935886 5.898684 -5.054249 -93.942722 -87.187078 -88.031269 -54.445309 -3.981613 5.975387 -30.573201 -14.649678 1.218378 1.772845 -75.096188 -6.082915 85.320626 70.703694 -94.695307 -39.050329 1.005742 15.407973 -30.819818 9.453298 -0.912692 -37.193331 64.732087 -32.339044 
-170.391693 46.413990 34.464920 117.617114 -61.428331 47.587909 81.525281 -4.636307 157.883689 -135.352001 2.654443 -4.412266 67.295771 3.981395 2.459485 21.454555 0.003091 -0.000004 161.778030 10.681796 178.681847 -38.825251 -2.709717 -0.764210 80.526489 4.471334 15.452197 21.454568 -0.003112 -0.000011 10.115290 -2.705500 1.517427 10.161890 -5.533684 2.794190 9.842595 -5.516587 2.827629 26.898914 -9.802265 -2.815194 -23.456379 5.862643 -5.332893 -92.058314 -87.477648 -89.893294 -54.515585 -3.307987 6.199905 -30.339478 -14.969413 1.234332 2.232617 -75.069694 -6.410400 85.583916 71.082796 -94.402217 -39.392068 0.234471 15.596230 -31.008710 9.963900 -0.949856 -37.891277 64.059081 -33.156853 
-170.651596 46.220940 34.393841 117.829820 -61.493095 49.186921 80.845787 -3.533198 157.648785 -135.781893 2.573097 -4.297019 67.055512 3.758272 2.062681 21.454548 0.003096 0.000006 162.108912 10.815797 178.642887 -39.464830 -2.493637 -0.116521 81.182221 4.073495 16.121813 21.454551 -0.003103 -0.000021 10.057707 -2.613812 1.282376 10.058980 -5.329098 2.334820 9.739686 -5.314771 2.367032 27.101673 -9.367863 -3.136025 -23.376806 5.838807 -5.663797 -88.070413 -87.978027 -93.841963 -54.801722 -2.587560 6.255768 -29.953853 -15.474202 1.259206 2.778429 -74.853887 -6.751738 86.500432 71.802097 -93.435410 -39.778940 -0.603373 15.724310 -31.260184 10.672080 -1.001115 -38.195251 63.316564 -33.629608 
-170.806396 46.080872 34.348961 117.464104 -61.620403 50.279720 80.838595 -3.088688 157.982385 -135.730189 2.505603 -3.993347 66.570849 3.488284 1.888284 21.454551 0.003104 -0.000001 162.412746 10.724400 179.036375 -39.679267 -2.544053 -0.159561 81.555273 4.122266 16.419549 21.454562 -0.003113 -0.000016 10.003422 -2.540616 1.267631 9.951688 -5.180761 2.314081 9.632467 -5.166554 2.345393 27.217320 -8.744435 -3.405727 -23.056890 5.808738 -5.935063 -86.987957 -88.324154 -94.893471 -55.449825 -2.132798 6.904281 -29.348350 -15.898877 1.274802 4.700975 -74.631080 -8.517358 87.367190 72.363409 -92.530581 -39.914485 -1.443194 15.596679 -31.422774 11.429002 -1.053671 -38.196204 62.811034 -33.692784 
-170.871796 46.046268 34.281971 116.902909 -61.835089 50.964187 80.815147 -2.883505 158.549045 -135.589992 2.484859 -3.656367 66.217414 3.431371 2.348000 21.454551 0.003087 -0.000004 162.548708 10.536201 179.515253 -39.658332 -2.630579 -0.529045 81.802724 4.368683 16.492059 21.454558 -0.003111 -0.000018 9.966738 -2.469181 1.282400 9.878331 -5.038701 2.351289 9.559193 -5.024276 2.381735 27.070791 -8.760828 -3.600489 -23.363430 6.233061 -6.361897 -81.752317 -87.921706 -100.173303 -56.307451 -1.329140 6.684304 -29.090582 -16.374011 1.300316 3.874453 -74.322007 -7.435364 87.318716 72.476592 -92.568133 -39.802606 -1.917525 15.277390 -31.544990 11.689069 -1.073045 -37.907584 62.942912 -33.373342 
-170.941406 46.049919 34.275631 116.254888 -62.235454 51.575291 80.769651 -2.745190 158.810859 -135.506199 2.559506 -3.948177 66.295209 3.612630 2.280846 21.454545 0.003092 0.000005 162.653333 10.292886 -179.785045 -39.341558 -2.611302 -1.005703 81.817675 4.701507 16.475618 21.454558 -0.003110 -0.000012 9.921328 -2.371736 1.268642 9.789091 -4.842220 2.333906 9.470054 -4.827903 2.363158 26.916503 -9.333438 -3.934762 -24.018478 6.940115 -7.078811 -84.407327 -86.927695 -97.610192 -57.223270 -1.107840 7.968556 -29.170959 -16.635542 1.318541 7.783299 -74.430142 -11.034610 86.783018 72.205693 -93.120470 -39.509981 -2.335151 15.110260 -31.667844 11.863111 -1.086837 -37.716257 63.034272 -33.107576 
-170.984604 46.102310 34.318550 116.075896 -62.762117 51.781112 80.457129 -2.613396 158.550957 -135.301690 2.638862 -4.840028 66.153087 4.243012 2.224831 21.454555 0.003088 -0.000006 162.511374 10.278705 -178.783548 -38.990121 -2.585543 -1.681108 81.765806 5.194119 16.484680 21.454551 -0.003104 -0.000016 9.845088 -2.335241 1.268466 9.636856 -4.767901 2.339830 9.317856 -4.753569 2.368628 26.502811 -9.343400 -4.403242 -24.448368 7.363103 -7.845446 -84.278804 -85.823690 -97.845062 -58.003155 -1.385228 11.343769 -29.731776 -17.222935 1.366800 17.397248 -74.394994 -20.425414 87.297946 71.988104 -92.633409 -39.016117 -2.722377 15.374382 -31.922907 12.134221 -1.109655 -38.087689 62.727761 -33.343457 
-170.994202 46.156269 34.447681 115.846415 -63.313490 52.079933 80.156908 -2.409392 158.159382 -135.002814 2.687109 -5.887763 65.869306 5.108407 2.458830 21.454551 0.003100 0.000005 162.420874 10.283609 -177.597705 -38.549813 -2.648964 -2.453124 81.487176 5.797010 16.511847 21.454560 -0.003112 -0.000020 9.788657 -2.318801 1.334108 9.521290 -4.739391 2.474791 9.202339 -4.724231 2.503411 26.300912 -9.224071 -5.144946 -25.258987 8.422433 -9.221310 -80.913952 -85.129463 -101.284998 -58.824997 -1.002851 11.775413 -30.523012 -17.733586 1.415016 17.078463 -74.402446 -19.727565 88.210076 72.017603 -91.731100 -38.159850 -3.094757 15.068400 -32.331196 12.527910 -1.143651 -37.870172 62.867957 -32.866317 
-171.019104 46.220341 34.651741 114.797476 -63.858294 53.201320 80.072486 -2.118607 158.341762 -134.797704 2.708838 -6.439534 65.745400 5.761700 3.087607 21.454545 0.003094 -0.000001 162.641134 9.878795 -176.826945 -37.976781 -2.693777 -2.970915 80.774500 6.333691 16.734016 21.454557 -0.003112 -0.000013 9.807901 -2.251266 1.439544 9.556387 -4.613653 2.690207 9.237561 -4.597189 2.718057 26.107309 -9.105396 -6.004971 -26.204446 9.748642 -10.881880 -80.604613 -84.239250 -101.682160 -60.470376 -0.639402 11.073840 -30.970079 -18.045725 1.444016 12.893494 -74.500186 -15.136292 88.601685 71.852586 -91.357400 -36.716928 -3.773562 15.332492 -32.965648 12.976051 -1.186103 -38.251727 62.553645 -32.968107 
-171.042099 46.328178 34.983280 113.268497 -64.537317 54.739062 80.132025 -1.757598 159.040026 -134.517488 2.708150 -6.731693 65.655412 6.162227 3.555878 21.454553 0.003093 0.000002 162.845698 9.237900 -176.945968 -37.362559 -2.317436 -3.136736 79.508627 6.819108 17.394972 21.454558 -0.003112 -0.000023 9.833109 -2.160128 1.573201 9.602975 -4.443280 2.963712 9.284313 -4.425167 2.990517 25.870832 -8.933262 -6.868107 -27.128760 11.198888 -12.632418 -80.575127 -83.202489 -101.813224 -62.319855 -0.738997 12.233753 -31.366838 -18.445232 1.477737 15.402485 -74.711519 -17.183429 89.065482 71.681995 -90.912482 -35.039181 -4.456027 15.129619 -33.615483 13.402620 -1.227778 -37.804001 62.716846 -32.270359 
-170.993103 46.469318 35.385201 111.827395 -65.164437 56.046596 80.322526 -1.447398 159.809255 -134.113005 2.689311 -6.881057 65.653233 6.471539 4.067551 21.454557 0.003100 0.000002 162.820454 8.857795 -176.094175 -37.082128 -2.379816 -3.892456 78.215563 7.823949 18.268282 21.454558 -0.003100 -0.000014 9.875183 -2.124397 1.743588 9.681177 -4.387147 3.305514 9.362654 -4.366983 3.331961 25.343171 -8.980432 -7.638002 -27.866714 12.724862 -14.334542 -80.742460 -82.127001 -101.750906 -64.313860 -0.842978 12.443590 -31.972983 -18.809643 1.513780 14.247892 -74.947898 -15.403723 89.499589 71.494117 -90.498750 -33.168768 -4.945562 14.456799 -34.077211 13.760340 -1.261120 -36.177600 63.433148 -30.367595 
-170.827103 46.631130 35.844631 110.535615 -65.643282 57.001381 80.723240 -1.225803 160.566027 -133.640601 2.645064 -6.831331 65.721856 6.622190 4.549588 21.454550 0.003103 0.000006 162.600453 8.935107 -174.865328 -37.235989 -2.220497 -4.917032 76.885691 9.171616 19.540514 21.454563 -0.003116 -0.000019 9.942536 -2.160589 1.976361 9.805930 -4.480777 3.765111 9.487536 -4.457842 3.792105 24.224106 -8.868573 -8.298075 -27.982855 13.809819 -15.665408 -80.263923 -81.232136 -102.319253 -66.390661 -0.840897 11.462531 -32.628927 -19.064719 1.544208 8.380269 -75.050549 -8.850257 89.113089 71.556019 -90.876814 -31.550751 -5.410864 13.502614 -33.890046 13.882482 -1.264878 -33.937431 64.704465 -27.655016 
-170.592896 46.792389 36.346008 109.111698 -65.980850 57.878852 81.293820 -1.159194 161.568480 -133.232894 2.579619 -6.382942 65.872530 6.396838 4.820669 21.454553 0.003093 0.000000 162.244191 9.401592 -173.772348 -38.021809 -1.390261 -5.750688 75.711834 10.949401 22.686304 21.454545 -0.003097 -0.000020 10.032593 -2.232625 2.247771 9.973101 -4.650585 4.297923 9.654854 -4.624445 4.325918 22.585260 -8.919432 -8.866251 -27.618992 14.597354 -16.702840 -80.613881 -80.371300 -102.052513 -68.728123 -0.877314 10.210024 -32.989862 -19.281954 1.566038 1.092750 -74.860294 -0.906071 87.675409 71.698292 -92.288375 -30.151771 -6.196162 13.127341 -33.451756 13.702870 -1.243633 -32.105314 65.690403 -25.506940 
-170.293396 46.950081 36.840839 107.771499 -66.281952 58.636682 81.817477 -1.109988 162.711102 -132.852083 2.490409 -5.692307 65.977148 5.974232 5.033844 21.454548 0.003084 -0.000005 161.449252 10.304907 -171.635578 -39.844168 -0.707132 -6.892167 74.753914 13.121480 26.242304 21.454563 -0.003109 -0.000021 10.067631 -2.297965 2.497364 10.030568 -4.803688 4.789913 9.712481 -4.774570 4.818810 21.342888 -9.401048 -9.241147 -27.585350 15.302084 -17.528748 -81.238161 -80.039066 -101.458205 -70.489724 -0.800100 9.285819 -33.285018 -19.522841 1.588044 -5.453548 -74.523873 6.343550 87.495195 71.331019 -92.499579 -28.469997 -6.480561 12.473270 -32.645920 13.161568 -1.191305 -30.166121 66.364857 -23.411554 
-169.990097 47.078098 37.370560 105.717299 -66.504541 60.078754 82.558477 -0.950396 163.975575 -132.463514 2.408636 -5.156562 66.041188 5.804193 5.600041 21.454551 0.003103 0.000007 160.267438 11.317009 -169.023590 -42.973143 -0.041950 -8.081896 73.557975 14.332872 26.346835 21.454565 -0.003111 -0.000011 10.119102 -2.291177 2.722228 10.124020 -4.811661 5.237712 9.806170 -4.779853 5.266626 19.732879 -10.071840 -9.404695 -27.319889 15.554878 -17.914582 -82.659844 -79.924517 -100.040770 -71.960954 -0.771155 8.501391 -33.487769 -19.540802 1.593722 -11.252865 -74.206925 12.729377 87.166690 70.985398 -92.854605 -27.197383 -6.719039 11.682580 -31.570278 12.631940 -1.134684 -27.919191 66.650851 -21.812366 
-169.731201 47.180408 37.878769 103.012189 -66.675214 61.874376 83.466216 -1.128793 165.116640 -132.176195 2.377352 -4.946621 66.245096 5.867652 6.193551 21.454553 0.003087 -0.000003 158.748636 11.969901 -166.892886 -47.099888 0.383659 -8.355875 72.774177 14.276223 24.980314 21.454557 -0.003112 -0.000014 10.141720 -2.246586 2.972255 10.160142 -4.745410 5.740202 9.842618 -4.710573 5.768684 18.121703 -10.802675 -9.514588 -27.027702 15.590945 -18.157894 -83.521589 -80.153096 -99.152401 -72.970435 -0.646250 7.780790 -33.481485 -19.341130 1.580730 -16.076775 -73.752321 18.103517 87.503445 70.688797 -92.550764 -26.280700 -6.630301 10.003370 -30.321518 12.187931 -1.081088 -24.033718 66.375587 -18.883214 
-169.509796 47.227261 38.302681 100.013094 -66.629677 63.999357 84.459920 -1.292689 165.997707 -132.001097 2.377363 -5.125817 66.474741 6.179813 6.718462 21.454555 0.003092 0.000005 157.019055 12.556398 -165.679585 -52.133888 1.080404 -7.729372 72.938060 13.598928 24.467242 21.454555 -0.003109 -0.000009 10.145183 -2.154724 3.146926 10.163540 -4.577495 6.096801 9.846322 -4.540514 6.124242 16.630951 -11.768324 -9.388005 -26.793603 15.782651 -18.259502 -84.182355 -80.700837 -98.435006 -73.375001 -0.387021 7.326768 -33.247182 -19.001559 1.553687 -19.255452 -73.246109 21.869854 88.325185 69.947298 -91.806690 -25.264291 -6.253174 8.127876 -29.199868 11.576172 -1.020142 -20.289540 65.297606 -16.378481 
-169.317596 47.216728 38.683250 96.803451 -66.249994 66.342276 85.723635 -1.483094 166.579339 -131.878016 2.411266 -5.662008 66.733619 6.679393 7.078244 21.454553 0.003090 0.000001 155.146135 13.081703 -164.732333 -57.815516 1.739391 -5.900198 73.539800 12.427582 25.437300 21.454553 -0.003108 -0.000022 10.178056 -2.028321 3.237678 10.231387 -4.334944 6.287358 9.914413 -4.296829 6.313322 14.802722 -12.291693 -8.918169 -26.384329 15.220848 -17.636827 -84.760646 -81.315601 -97.794437 -73.349313 -0.144733 7.338546 -32.759804 -18.518695 1.511984 -20.456509 -72.972976 23.617964 86.906207 69.920906 -93.208620 -25.841488 -6.751696 7.001774 -27.927964 11.169422 -0.970744 -17.590051 63.023125 -15.338481 
-169.156296 47.159500 39.077229 93.559918 -65.621978 68.630390 87.282844 -1.827901 167.077273 -131.786506 2.455068 -6.145267 67.131621 7.042700 7.218566 21.454553 0.003086 0.000002 153.079784 13.551106 -163.809629 -63.980807 2.034628 -3.182737 75.100314 10.572291 27.112890 21.454558 -0.003112 -0.000023 10.222137 -1.910678 3.281397 10.323440 -4.106505 6.382879 10.006630 -4.067828 6.407458 12.867821 -12.515902 -8.162826 -26.296102 14.798291 -16.836871 -84.952247 -82.208621 -97.516148 -72.644956 -0.000120 8.087677 -32.277155 -18.133720 1.476889 -19.215819 -73.018472 22.941436 87.391738 70.115095 -92.713480 -26.863747 -6.257300 5.886969 -26.714938 10.228300 -0.888828 -16.050096 59.980283 -15.082116 
-169.062897 47.093079 39.498379 90.110180 -64.943576 70.844553 88.980030 -2.525801 167.999103 -131.789101 2.487039 -6.285532 67.747943 7.025847 7.050226 21.454548 0.003096 0.000008 150.466868 14.076291 -162.805974 -70.351509 1.864331 -1.153787 75.541148 8.555533 25.738533 21.454560 -0.003108 -0.000015 10.239183 -1.778840 3.313782 10.362698 -3.847357 6.458144 10.046051 -3.808217 6.481155 11.127392 -12.306046 -7.436964 -26.448794 14.196085 -15.966371 -84.719105 -83.208431 -97.654507 -71.520632 0.471691 8.223477 -31.748403 -17.837492 1.446736 -19.076198 -72.601475 23.348549 87.473604 69.997903 -92.643777 -27.829018 -6.190674 4.972896 -26.088410 9.732954 -0.846278 -14.253436 56.390674 -14.584167 
-168.978699 47.017551 39.897739 87.392871 -64.189892 72.151298 90.727500 -3.534691 168.980191 -131.822801 2.492287 -6.045676 68.430805 6.696655 6.775211 21.454557 0.003094 -0.000001 147.245314 14.771297 -162.120045 -76.626588 1.166945 0.157485 75.484341 7.148050 24.150251 21.454558 -0.003108 -0.000022 10.231508 -1.714779 3.309374 10.350652 -3.718750 6.455068 10.034050 -3.679650 6.477304 9.103868 -12.042248 -6.489471 -26.294090 13.603280 -14.832521 -85.233138 -84.004066 -97.062159 -70.265872 0.966843 7.957880 -31.193836 -17.401362 1.407327 -19.462971 -72.048653 24.243480 87.774788 69.641305 -92.380617 -28.670125 -6.043218 4.068790 -26.078695 9.391598 -0.823854 -12.541048 52.900724 -14.187409 
-168.895798 46.912331 40.217781 85.440093 -63.317056 72.519356 92.523245 -4.766406 169.704601 -131.901608 2.485813 -5.675704 69.192357 6.291741 6.552471 21.454551 0.003090 -0.000000 143.448261 15.620694 -162.287426 -82.656750 0.542594 0.638915 76.585982 6.163424 22.783500 21.454562 -0.003108 -0.000008 10.232615 -1.707731 3.265177 10.354726 -3.700897 6.367341 10.038082 -3.662293 6.389478 6.811368 -12.166855 -5.272051 -26.129722 13.294842 -13.633834 -86.634140 -84.414014 -95.617300 -69.042489 1.446141 7.874719 -30.487519 -17.091830 1.373258 -18.917932 -71.650453 24.037007 87.477149 69.356309 -92.699614 -30.040811 -6.019950 3.505573 -26.281229 9.350054 -0.824429 -10.472724 49.398790 -13.407244 
-168.815201 46.815029 40.557991 83.654511 -62.377515 72.481892 94.488974 -6.295393 170.339372 -131.962998 2.491546 -5.234657 70.233879 5.608375 5.713995 21.454563 0.003089 0.000003 139.172918 16.449904 -162.848594 -88.283836 -0.056028 0.205095 79.384324 5.357997 20.759865 21.454550 -0.003102 -0.000018 10.249162 -1.695720 3.238132 10.389348 -3.675404 6.313764 10.072671 -3.637147 6.335749 4.616120 -12.535409 -4.093648 -26.002508 12.911420 -12.498689 -87.651599 -84.943012 -94.546211 -67.303461 2.080488 7.801826 -30.050650 -16.974171 1.357106 -17.968228 -71.160196 23.438561 87.229999 68.834312 -92.990731 -31.540338 -5.957068 3.886285 -26.419715 9.378231 -0.828536 -8.429899 45.267434 -12.510816 
-168.751007 46.674061 40.902790 81.554528 -61.340037 72.550071 96.679470 -8.007907 170.963569 -131.996097 2.510445 -4.820876 70.984517 5.298608 5.823235 21.454560 0.003087 -0.000001 134.585531 17.185902 -163.116133 -93.503049 -0.749303 0.065601 81.956806 4.452976 18.561350 21.454563 -0.003110 -0.000012 10.288901 -1.625200 3.266596 10.471282 -3.539412 6.375345 10.154690 -3.500793 6.396504 2.729572 -13.395114 -3.021167 -25.932318 12.735573 -11.667057 -89.341845 -85.713895 -92.778763 -65.379950 2.629625 7.608309 -29.463896 -16.548848 1.318566 -17.374183 -70.686611 23.091300 87.331734 68.087212 -92.960097 -32.857021 -5.639672 4.451348 -26.483492 9.425783 -0.832689 -6.447088 40.686006 -12.339569 
-168.704803 46.538380 41.192921 79.689388 -60.307066 72.183365 98.827373 -9.958606 171.271146 -132.063907 2.555332 -4.700356 71.798628 5.241966 6.087398 21.454550 0.003097 0.000001 129.405761 17.800899 -163.382824 -98.221570 -1.323573 1.372875 84.392936 2.796363 17.031054 21.454550 -0.003107 -0.000022 10.332091 -1.552974 3.359450 10.558211 -3.406114 6.565659 10.241802 -3.366358 6.586009 0.546407 -14.395781 -2.023938 -25.218573 12.592232 -10.940195 -90.247303 -86.576800 -91.791022 -63.500194 3.025148 7.443293 -28.648040 -15.810302 1.256048 -15.765335 -70.586351 21.535563 87.308778 67.691799 -93.019294 -34.444989 -5.213541 5.318031 -26.760589 9.553415 -0.845615 -4.557232 35.955987 -12.410469 
-168.697296 46.493320 41.538071 77.182825 -59.440555 72.293707 100.871123 -12.114297 171.629526 -132.083701 2.623834 -4.848691 72.643542 5.400794 6.460330 21.454562 0.003090 0.000001 123.851533 17.934204 -163.099030 -102.312989 -1.730820 3.805644 87.004637 0.140245 14.094641 21.454560 -0.003105 -0.000011 10.358149 -1.381464 3.478776 10.615601 -3.076384 6.818204 10.299470 -3.035113 6.836552 -1.681983 -15.122425 -1.041482 -24.163869 12.207745 -10.064145 -88.509628 -87.798154 -93.419031 -61.053333 3.612555 7.267912 -27.925285 -15.136302 1.199854 -13.158649 -70.495257 18.948550 86.952044 67.469025 -93.389791 -36.237774 -5.043620 7.112681 -27.528186 10.197122 -0.900608 -2.426741 29.967120 -11.860730 
-168.791504 46.473240 41.798370 74.785544 -58.433573 72.266407 102.964002 -14.328509 171.705751 -132.122401 2.711788 -5.225573 73.480077 5.710554 6.832778 21.454551 0.003096 0.000003 118.121483 18.049699 -162.753545 -105.611998 -2.183107 5.659680 89.809106 -1.883970 11.561903 21.454557 -0.003107 -0.000019 10.409521 -1.188698 3.516163 10.727714 -2.698432 6.908520 10.411761 -2.656621 6.924590 -3.259104 -16.184243 0.136832 -23.742084 12.249802 -9.298671 -89.755004 -89.198384 -92.042366 -57.808474 4.174754 7.143726 -27.414269 -14.445070 1.146628 -10.935543 -70.437166 16.672043 86.702701 67.000105 -93.677492 -38.237762 -5.072348 10.778190 -29.002329 11.384640 -1.004074 0.600265 21.673823 -10.283049 
-168.919601 46.601631 42.105228 71.888704 -57.406756 72.516180 105.103306 -16.813296 172.060907 -132.040302 2.815837 -5.657444 74.211508 5.898911 6.692853 21.454553 0.003090 0.000001 112.420775 17.563505 -162.586287 -107.758604 -2.412918 6.462164 92.548899 -2.982858 9.445493 21.454562 -0.003111 -0.000016 10.501874 -0.927959 3.506019 10.926960 -2.183075 6.909644 10.611154 -2.141266 6.922621 -5.028781 -17.241124 1.438816 -23.187456 12.213264 -8.421174 87.735815 -89.671949 90.571853 -54.348263 5.019816 6.687801 -26.917133 -13.728609 1.092186 -9.699731 -70.360811 15.292524 86.911610 66.992510 -93.473550 -41.414234 -4.756796 15.204749 -31.436263 12.860301 -1.146734 2.539998 13.606389 -11.617541 
-169.213898 46.826542 42.405231 68.500227 -56.194364 73.238206 107.355117 -19.590502 172.915255 -131.985510 2.929187 -5.824215 74.959776 5.748078 6.054127 21.454548 0.003088 -0.000006 107.050573 16.785996 -161.765039 -109.272795 -2.598776 7.540847 94.852428 -4.070039 7.914795 21.454557 -0.003108 -0.000026 10.658149 -0.590394 3.431673 11.259615 -1.512220 6.789899 10.943830 -1.471165 6.798854 -5.724485 -18.307769 2.722420 -23.758994 12.075178 -7.533539 87.777404 -88.403944 90.644342 -50.427126 6.215405 6.461031 -26.231543 -13.374252 1.058008 -8.262574 -70.261787 13.516190 87.063472 66.919209 -93.331502 -44.803708 -4.590567 18.899960 -35.279396 14.241716 -1.319552 4.541138 8.308108 -17.650734 
-169.689697 47.036652 42.593552 65.459338 -54.863587 73.934503 109.509338 -22.266294 173.763318 -132.017503 3.028594 -5.911025 75.656387 5.462674 5.093949 21.454550 0.003087 -0.000003 101.717151 16.211001 -160.762313 -110.490406 -2.687872 7.585036 96.840806 -4.259295 7.584770 21.454560 -0.003113 -0.000009 10.848529 -0.308319 3.265095 11.657890 -0.944400 6.482475 11.341984 -0.905171 6.488035 -5.200049 -18.092191 3.703374 -25.566914 10.887531 -6.079158 89.001251 -86.939504 89.555241 -45.938613 7.037329 6.960787 -25.718971 -13.150728 1.035344 -5.476835 -70.348783 10.390628 86.747610 67.398818 -93.596705 -48.066353 -4.868000 20.966609 -40.871449 15.548721 -1.544731 4.612014 2.306673 -22.681513 
-170.297195 47.263371 42.749081 62.506476 -53.512299 74.778981 111.540172 -24.895599 174.760567 -132.054194 3.097817 -5.804325 76.314714 4.975121 3.848249 21.454558 0.003090 -0.000002 96.420783 15.829001 -158.993471 -111.481303 -2.656397 6.032966 98.144860 -3.260669 8.009160 21.454555 -0.003104 -0.000025 11.077612 -0.086523 3.065252 12.129357 -0.494324 6.104380 11.813223 -0.457381 6.107246 -4.035254 -16.638558 4.467257 -27.806629 9.194450 -4.167442 85.392514 -85.656706 93.268446 -41.646365 7.898428 7.717774 -25.132909 -13.235921 1.031529 -2.344263 -70.309202 6.837113 86.408081 67.985995 -93.875431 -49.869421 -5.332876 21.815667 -48.730149 16.095489 -1.812373 3.921004 -2.050070 -23.645382 
-170.988495 47.495831 42.896240 59.831856 -52.302238 75.391082 113.411842 -27.574606 175.541941 -132.046094 3.172932 -5.973626 76.815320 4.596816 2.238508 21.454557 0.003084 -0.000007 91.086604 15.544495 -155.950677 -112.125806 -2.471669 3.191106 98.754222 -1.234432 9.920791 21.454560 -0.003112 -0.000014 11.313720 0.058820 2.900510 12.609646 -0.199236 5.789953 12.293312 -0.164189 5.791053 -3.002656 -14.802418 5.260557 -29.876132 7.791245 -2.218389 82.801195 -84.664505 95.935034 -37.760144 8.485566 8.133980 -24.484599 -13.270240 1.023753 -0.533742 -70.014070 4.528201 86.604620 68.412602 -93.643362 -49.667541 -5.445636 22.523524 -58.118121 15.352891 -2.085145 1.583684 -5.149439 -23.288481 
-171.733398 47.751591 43.028999 57.714832 -51.110787 75.915073 115.052392 -29.799306 175.732394 -132.018814 3.255336 -6.701188 77.295700 4.762556 1.142130 21.454555 0.003084 -0.000005 85.804053 15.566308 -151.307296 -112.331299 -2.250312 0.626663 99.030769 0.541337 10.782015 21.454558 -0.003117 -0.000017 11.592560 0.135873 2.732444 13.171356 -0.040636 5.462407 12.854848 -0.007568 5.462564 -2.208178 -13.557727 5.917494 -31.893592 6.898992 -0.817135 81.164695 -84.061126 97.614229 -34.534522 8.486076 8.912056 -23.925427 -13.150389 1.007733 2.087383 -69.724907 1.413455 87.054320 69.141097 -93.134875 -47.974057 -5.143141 24.525835 -68.505527 12.811160 -2.314109 -0.006919 -7.494158 -24.902018 
-172.600403 47.867249 43.158100 56.330783 -49.965897 76.068903 116.873061 -31.820489 174.836232 -131.967287 3.430620 -8.118166 77.890610 4.959778 -1.670469 21.454545 0.003093 0.000002 80.749707 15.709503 -145.969216 -111.852407 -1.970917 -1.647504 98.644420 2.230641 12.088245 21.454558 -0.003111 -0.000018 11.845367 0.129468 2.561358 13.676946 -0.045222 5.119885 13.360232 -0.014185 5.120066 -1.475901 -12.933264 6.566485 -33.725265 6.498192 0.190404 79.437989 -83.789967 99.353448 -31.961696 8.193997 9.961056 -23.240513 -12.825000 0.977005 4.745630 -69.403027 -1.832500 86.834592 69.707709 -93.298540 -44.983667 -5.213399 28.684322 -78.626652 8.687007 -2.453226 -1.238249 -8.527863 -30.111049 
-173.514999 47.845760 43.251999 55.545110 -49.013287 75.888634 118.780938 -33.571104 172.938464 -131.799688 3.673914 -9.835546 78.514056 4.861968 -6.580474 21.454541 0.003103 0.000002 75.992411 15.417299 -140.732728 -110.403902 -1.597062 -4.098316 98.213250 4.043545 13.086648 21.454560 -0.003109 -0.000018 12.031691 0.052301 2.390560 14.046696 -0.186447 4.769609 13.729806 -0.157530 4.770659 -0.472467 -12.336870 7.070186 -35.428027 5.865194 1.226343 76.398999 -83.546000 102.391270 -29.565778 7.852405 11.507348 -22.592184 -12.418440 0.941931 8.271498 -69.053896 -5.986782 86.321993 70.484588 -93.731103 -41.696720 -5.549226 33.737675 -87.025797 3.847043 -2.483551 -3.214434 -8.529954 -35.186085 
-174.528503 47.628929 43.442989 55.150000 -47.719509 76.317686 120.979862 -34.351313 171.018306 -131.753106 3.918499 -11.441398 79.781678 5.024722 -10.634179 21.454557 0.003090 0.000001 72.283605 15.336187 -136.656144 -108.295702 -1.080630 -6.261608 96.737076 5.726005 13.298412 21.454558 -0.003118 -0.000019 12.284645 0.002211 2.112092 14.551670 -0.261615 4.207496 14.234523 -0.236076 4.209014 0.629243 -11.569842 7.313696 -37.059155 5.036492 2.173522 74.320996 -83.099674 104.488794 -27.258117 7.384772 13.269861 -22.201733 -11.961839 0.907365 12.003749 -68.472243 -10.236300 85.629522 71.831897 -94.289662 -38.594363 -5.796919 35.330984 -93.004548 2.080299 -2.626673 -5.665874 -7.998760 -34.733759 
-175.573395 47.342209 43.695591 55.105806 -46.329853 77.410454 122.752570 -34.216594 169.898155 -131.827405 4.111864 -12.747285 80.829224 5.478419 -12.855541 21.454551 0.003096 0.000008 69.665204 14.925302 -134.714143 -105.785997 -0.587281 -7.929928 94.367492 7.118079 12.903431 21.454558 -0.003113 -0.000018 12.545211 -0.018042 1.729252 15.073690 -0.261563 3.441278 14.756221 -0.240648 3.442802 1.846518 -10.679305 7.402318 -38.715541 4.259799 2.982870 72.319969 -82.930921 106.486631 -25.752055 6.898156 14.796649 -21.817724 -11.591862 0.878536 14.737402 -67.952275 -13.563906 85.741584 72.522225 -94.117124 -34.318723 -6.407535 35.808226 -97.211945 1.303321 -2.760891 -7.933027 -6.912737 -28.861060 
-176.641998 47.074081 43.912811 54.985290 -45.054954 79.514672 123.393924 -33.381600 170.774223 -132.172507 4.132810 -13.178576 81.321305 5.654279 -13.563477 21.454546 0.003093 0.000004 68.255399 14.198099 -135.202761 -102.712310 0.045067 -8.800330 87.885137 8.830221 14.534993 21.454560 -0.003096 -0.000014 12.774517 0.102142 1.303488 15.536510 0.028053 2.608800 15.218785 0.043939 2.608596 3.069551 -9.958373 7.258729 -40.326461 3.691199 3.393836 71.870918 -82.545493 106.960318 -24.516754 6.491571 15.806991 -21.702749 -11.321280 0.859635 15.901792 -67.703294 -15.147042 86.438735 73.242318 -93.365401 -29.666804 -7.833419 36.155818 -100.317201 0.756026 -2.861640 -8.699852 -5.810593 -23.256830 
-177.614700 47.066540 43.918362 54.204689 -44.293005 82.094120 122.457519 -32.490110 173.463172 -132.678610 4.052903 -13.321347 80.891276 5.439448 -14.606272 21.454550 0.003088 0.000010 67.789197 12.792996 -136.187798 -100.164096 0.444604 -9.632149 82.301245 7.847266 4.732796 21.454555 -0.003114 -0.000018 12.906089 0.356399 1.082906 15.804930 0.561271 2.204320 15.487082 0.574705 2.200906 3.432990 -8.840240 7.070541 -41.065963 3.223307 3.725684 72.150990 -81.812279 106.738112 -23.524722 6.253202 16.922511 -21.879191 -11.370592 0.865104 17.136287 -67.550578 -16.596713 88.706604 74.649296 -90.997620 -25.102740 -10.042773 35.917585 -103.106200 0.498593 -2.967973 -10.252159 -2.950134 -23.204441 
-178.792999 46.360802 44.317619 54.744830 -43.389371 84.733223 122.861538 -31.356705 175.023871 -133.259709 3.943859 -12.550997 81.715325 5.069842 -14.339921 21.454555 0.003086 0.000002 67.635101 12.223298 -136.622963 -101.904995 -0.287258 -6.507094 91.156190 4.328319 -0.774725 21.454558 -0.003101 -0.000016 12.985989 0.499777 0.624721 15.964867 0.908364 1.312505 15.646821 0.916418 1.307004 2.544919 -7.386406 7.108442 -40.771482 3.003233 4.142236 70.617947 -81.605857 108.271039 -23.289704 6.371669 16.924562 -22.061224 -11.385319 0.868440 15.787492 -67.619740 -15.374052 94.697404 75.422077 -84.962663 -20.187729 -13.016630 35.678986 -105.625399 0.237209 -3.061364 -11.493819 -1.437402 -26.843385 
-179.837799 46.138062 44.345661 55.212630 -42.682815 86.500166 122.381308 -30.456391 177.055797 -133.810591 3.831040 -12.009230 81.477689 4.595066 -14.626585 21.454550 0.003090 -0.000000 66.520510 12.655907 -137.138970 -103.248288 -0.759997 -4.370160 92.045057 2.578141 -2.766884 21.454555 -0.003108 -0.000017 13.065460 0.553378 0.339012 16.122219 1.053970 0.751917 15.804090 1.058616 0.745552 1.472724 -6.098743 7.165241 -40.326950 2.835098 4.521571 69.377940 -81.501533 109.505438 -23.155316 6.139261 16.744038 -22.319492 -11.098312 0.853381 14.073785 -67.766644 -13.796273 98.898072 75.724395 -80.743293 -15.747860 -17.304549 35.536901 -107.265095 0.029972 -3.119141 -12.455496 -0.936201 -27.986225 
-180.804092 46.012989 44.335369 55.562424 -42.250392 87.033344 122.038842 -30.825696 178.456724 -134.176812 3.752105 -11.458152 80.692845 4.035065 -14.976739 21.454553 0.003094 -0.000001 65.390599 12.436591 -138.134497 -104.177911 -0.921410 -3.844924 91.387692 2.314138 -2.090143 21.454557 -0.003104 -0.000017 13.108708 0.529450 0.248204 16.207738 1.018781 0.568211 15.889614 1.022341 0.562062 0.182467 -5.428088 7.374897 -40.037206 3.023984 4.701802 67.995974 -81.731171 110.856272 -23.387073 5.787956 17.611578 -21.999790 -10.828871 0.831763 15.108061 -67.383785 -15.286363 103.944524 75.603432 -75.710427 -12.312840 -21.667310 34.657937 -107.794892 0.100285 -3.147252 -12.941760 1.446299 -26.900729 
-181.670593 46.009121 44.308521 54.797733 -42.124130 87.300514 121.514885 -32.499693 179.801124 -134.253297 3.732394 -11.135617 79.837767 3.597536 -15.404626 21.454548 0.003087 -0.000003 65.216798 11.590892 -137.562920 -104.324808 -0.895929 -3.514095 91.674601 2.166241 -1.546877 21.454558 -0.003113 -0.000016 13.086131 0.664430 0.286853 16.164155 1.282130 0.663833 15.846003 1.286263 0.656095 -0.981131 -5.512171 7.828145 -39.939579 3.542710 4.767592 68.051108 -82.050530 110.779480 -23.075514 5.736429 18.602891 -21.628083 -10.394441 0.798870 16.572211 -66.813156 -17.095834 110.012928 74.867302 -69.699321 -9.840695 -25.168305 33.247110 -107.268995 0.141730 -3.127077 -13.367211 4.059236 -26.016486 
-182.482193 45.896400 44.234760 55.010340 -41.876023 87.341406 121.633853 -33.162501 179.994555 -134.050099 3.801045 -11.211731 79.146046 3.251038 -16.603206 21.454558 0.003100 -0.000000 64.938693 11.123094 -137.141360 -104.685012 -0.907167 -2.787519 92.122340 1.568126 -2.264087 21.454558 -0.003106 -0.000018 13.042070 0.716947 0.018882 16.073397 1.424163 0.137327 15.755185 1.425109 0.128728 -1.611546 -5.679334 8.219721 -40.444887 3.904568 4.853328 69.247033 -82.534913 109.560981 -22.110772 4.913237 21.960240 -21.339275 -9.304603 0.724507 20.507329 -65.102706 -21.093187 115.888967 74.147605 -63.862993 -8.934224 -28.341928 31.491868 -105.503801 0.351937 -3.063974 -13.513480 6.123891 -25.623391 
-183.289398 45.649200 44.135208 56.304060 -41.274529 87.238161 122.415131 -32.809005 179.692483 -133.942387 3.867918 -11.395312 78.900822 3.229897 -17.029596 21.454557 0.003096 0.000008 64.329597 10.801803 -137.873693 -105.370209 -1.075315 -2.088227 92.685387 1.032996 -2.800185 21.454560 -0.003121 -0.000018 12.992236 0.680681 -0.357001 15.969040 1.404078 -0.616536 15.650858 1.400454 -0.624995 -1.839572 -5.663408 8.318763 -40.905224 4.139778 4.779815 67.291010 -82.522496 111.499389 -21.587592 4.299496 27.067589 -20.757109 -7.926587 0.627310 25.277468 -61.983161 -25.315539 119.847267 73.580214 -59.928742 -7.405459 -31.867388 29.320523 -103.256300 0.668861 -2.986496 -13.310866 5.528736 -27.448983 
-184.065506 45.336750 44.037449 57.712059 -40.226372 87.298280 123.505571 -32.354200 -179.996508 -134.087610 3.801729 -10.770456 79.020972 3.008145 -16.245897 21.454553 0.003087 -0.000000 64.004207 10.578595 -138.808896 -106.182995 -1.313012 -1.226895 93.400829 0.418791 -3.199124 21.454557 -0.003116 -0.000018 12.969885 0.738305 -0.591584 15.921057 1.550965 -1.075878 15.602894 1.544577 -1.085209 -1.902023 -6.103145 8.109517 -41.067714 4.607401 4.137679 67.471983 -82.323635 111.334303 -22.095877 3.544490 32.496442 -20.331702 -6.773697 0.546317 27.598622 -57.280698 -27.953043 125.292744 73.376627 -54.451019 -5.173406 -34.487254 26.765771 -101.147595 1.070887 -2.920655 -12.211069 2.471531 -31.507280 
-184.812103 44.985409 44.010281 59.202987 -38.728542 87.463332 125.014974 -31.730887 -179.651119 -134.223217 3.702006 -10.144474 78.967102 2.857435 -15.105937 21.454557 0.003097 -0.000002 64.025292 10.254899 -139.973266 -107.094498 -1.530740 -0.045797 94.398535 -0.380397 -3.436913 21.454558 -0.003115 -0.000019 12.994552 0.870123 -0.792643 15.966540 1.841299 -1.457592 15.648383 1.832600 -1.468670 -2.263733 -6.367015 7.803287 -40.682567 4.789158 3.620755 66.786969 -82.513207 111.998601 -23.112515 3.301228 36.150098 -20.496713 -6.661660 0.540828 26.335738 -51.810140 -26.851410 129.741902 73.426118 -49.946496 -2.745699 -36.748187 24.142955 -99.126556 1.535994 -2.862830 -9.931210 -1.587063 -36.151717 
-185.540802 44.640491 43.987690 60.711400 -36.862910 87.523854 126.813076 -31.136305 -179.426911 -134.253789 3.619644 -9.509622 78.503107 2.620163 -14.108390 21.454545 0.003083 0.000003 64.150291 9.389993 -141.606214 -107.930485 -1.789408 1.221730 95.246155 -1.172869 -3.125466 21.454562 -0.003108 -0.000016 13.007898 1.044943 -0.900522 15.989983 2.204289 -1.648001 15.671773 2.194444 -1.661272 -1.992268 -6.432440 7.597099 -40.383463 4.740261 3.452827 67.908056 -82.848398 110.865370 -24.013461 3.269838 36.755157 -21.393672 -7.692255 0.619710 21.940805 -43.426182 -22.411654 133.539282 73.538912 -46.089748 -0.379645 -38.316268 21.398679 -96.387896 2.077598 -2.778036 -7.319164 -5.272430 -38.901138 
-186.296799 44.306671 44.005852 62.072964 -34.591876 87.583051 129.143960 -30.726702 -179.386244 -134.135189 3.577287 -9.019969 78.066228 2.320965 -13.759859 21.454555 0.003088 0.000008 64.661408 8.245806 -143.266428 -108.765196 -2.057655 2.497814 95.876096 -1.954476 -2.579613 21.454553 -0.003105 -0.000017 13.025483 1.245324 -0.989006 16.021684 2.615589 -1.796151 15.703387 2.604821 -1.811903 -1.265785 -6.304766 7.447783 -40.389852 4.805458 3.344153 68.105080 -83.414416 110.631231 -25.072598 4.022723 35.273412 -22.054553 -9.748606 0.762532 17.555726 -32.081299 -17.877549 136.791340 73.764602 -42.772687 1.230947 -39.066087 18.711537 -92.588665 2.633681 -2.646718 -4.290074 -7.978755 -38.600698 
-187.074600 43.934689 44.084782 63.176217 -31.984055 87.728425 132.066024 -30.564195 -179.502125 -133.836601 3.573499 -8.737482 77.753965 1.710835 -15.161838 21.454543 0.003089 0.000006 65.607403 7.040000 -144.705002 -109.653196 -2.327209 3.757174 96.420831 -2.721929 -1.954060 21.454560 -0.003107 -0.000017 13.051246 1.474821 -1.033018 16.070453 3.078777 -1.851410 15.752044 3.067684 -1.869968 -0.138912 -4.809123 6.989443 -40.880711 3.791900 3.914174 69.381130 -84.168735 109.311454 -26.347118 5.402852 30.144630 -22.980906 -11.742310 0.903875 14.361072 -23.489874 -13.973930 139.093674 73.980518 -40.418245 2.663153 -39.304962 16.219514 -88.304791 3.305009 -2.502477 -1.306240 -10.240231 -37.704410 
-187.807007 43.650379 44.216160 64.014500 -29.374349 87.831335 135.011817 -30.664595 -179.586150 -133.412500 3.560966 -8.488813 77.482875 1.205313 -16.256987 21.454546 0.003089 0.000007 66.942295 5.845093 -145.675518 -110.363802 -2.587893 4.897361 96.874082 -3.428105 -1.448661 21.454560 -0.003121 -0.000020 13.059143 1.742683 -1.016611 16.085203 3.609685 -1.781440 15.766599 3.599017 -1.803212 0.027043 -3.349321 6.497430 -40.458004 2.966819 4.280222 69.591028 -84.906341 109.050985 -27.111133 8.100435 24.691060 -25.642052 -13.224808 1.038861 13.617550 -21.143621 -13.707548 141.363770 74.487810 -38.074247 3.306434 -38.995592 12.418196 -83.539825 5.729037 -2.461055 0.157694 -11.683488 -36.821372 
-188.405594 43.498840 44.398090 65.069334 -27.282849 87.365414 137.986528 -30.852019 179.459887 -132.701901 3.563074 -8.292975 77.545610 1.104074 -16.187142 21.454551 0.003090 -0.000002 68.129095 4.447590 -146.455539 -110.819806 -2.766761 5.824279 97.157740 -4.019449 -1.182136 21.454557 -0.003107 -0.000018 12.925324 1.952233 -0.944036 15.819106 4.015101 -1.612700 15.500308 4.005423 -1.636940 0.109367 -3.209954 5.976666 -40.297375 2.838582 3.846003 70.327145 -86.010366 108.239586 -26.644262 12.734083 22.281458 -30.529699 -16.906682 1.362251 13.358396 -20.610890 -18.555973 141.567692 75.556208 -37.788599 3.988548 -39.269575 8.741513 -78.810623 7.786721 -2.398526 0.733486 -11.765352 -36.897594 
-188.874207 43.465309 44.620541 66.343062 -25.276129 86.140372 142.035751 -31.411104 177.472002 -131.428194 3.579279 -7.625866 78.461832 0.959165 -15.477414 21.454551 0.003096 0.000006 69.603104 2.788501 -146.973090 -111.007103 -2.907562 6.412508 97.213666 -4.412504 -1.197581 21.454558 -0.003119 -0.000020 12.764723 2.027197 -0.696950 15.506442 4.129369 -1.116061 15.187525 4.122695 -1.141004 0.750788 -3.310451 5.413057 -40.677991 2.890998 3.206161 72.471060 -87.304701 106.008593 -25.040068 18.770902 19.796376 -37.761111 -21.979752 1.854461 10.703942 -15.792331 -19.316589 141.464406 76.632195 -37.814827 5.091015 -39.779042 5.002293 -74.483097 9.135776 -2.307645 0.732531 -10.521089 -36.571886 
-189.219193 43.603401 44.891560 67.598266 -23.375546 84.942555 146.767610 -31.612506 175.506546 -129.282804 3.545039 -6.354737 79.989889 0.358030 -15.200157 21.454545 0.003090 0.000002 71.424005 1.507098 -147.451094 -111.019404 -2.947950 6.646025 97.351151 -4.584090 -1.412566 21.454555 -0.003103 -0.000018 12.563728 2.088780 -0.451725 15.113260 4.218486 -0.626586 14.794255 4.214753 -0.652082 1.324722 -3.435368 4.889370 -40.283605 2.885038 2.658837 86.190779 -88.664701 92.205027 -22.367818 25.562569 15.605790 -46.967202 -24.198049 2.268736 7.383552 -11.973331 -12.610039 141.980536 77.532701 -37.226314 6.041620 -39.586581 0.310730 -70.271056 10.234610 -2.208531 0.215017 -8.896469 -34.863598 
-189.463303 43.976830 45.164101 69.027579 -21.783485 84.238622 151.390241 -30.759794 174.015052 -126.507207 3.474897 -4.778829 82.724512 -0.265405 -14.795634 21.454557 0.003099 0.000010 73.305497 0.942991 -148.244051 -110.891994 -2.914059 6.617314 97.628060 -4.594110 -1.843745 21.454558 -0.003110 -0.000018 12.271332 2.158842 -0.372412 14.531284 4.347139 -0.470489 14.212212 4.344367 -0.496769 2.199403 -3.315269 4.438535 -39.828991 2.691263 2.374318 138.047289 -89.448574 40.281590 -18.619651 32.834065 12.293799 -54.998285 -23.386214 2.489157 4.970105 -10.551847 -5.612200 144.906193 78.324081 -34.206701 6.232222 -38.995551 -4.246049 -66.464543 10.717232 -2.088224 0.195524 -7.407530 -32.376367 
-189.681000 44.611061 45.460430 70.367266 -20.549273 83.982715 155.471361 -29.437603 173.390171 -123.333805 3.308772 -2.942833 86.244505 -1.060889 -14.822868 21.454551 0.003089 0.000006 75.152298 0.652698 -149.181700 -110.525397 -2.873890 6.553457 98.031479 -4.570693 -2.233439 21.454558 -0.003106 -0.000016 11.903655 2.269096 -0.377304 13.795806 4.566796 -0.481134 13.476616 4.563958 -0.508762 2.796428 -3.200247 3.906493 -39.073064 2.641819 1.906150 -137.375335 -88.822970 -44.384926 -15.289493 39.285851 13.865446 -58.495687 -22.592674 2.564292 3.726182 -10.657828 -2.616717 149.230249 79.129087 -29.772907 6.215256 -38.779581 -8.352290 -63.495173 11.240285 -2.007878 0.980544 -7.863466 -30.017811 
-189.908005 45.499451 45.589512 71.084347 -19.866799 84.180756 158.610926 -28.597203 173.738033 -119.927808 3.049089 -0.777422 90.367351 -2.048035 -15.198243 21.454550 0.003092 0.000010 76.712887 0.352495 -149.839037 -109.623197 -2.849733 6.602336 98.233816 -4.604349 -2.386577 21.454558 -0.003112 -0.000017 11.499447 2.473465 -0.396955 12.987088 4.975670 -0.513624 12.667696 4.972608 -0.543730 2.695763 -3.190611 3.419589 -38.610291 2.822910 1.288799 -125.328657 -87.306449 -56.545261 -12.528211 44.038526 18.422342 -58.543505 -22.162639 2.536055 3.156426 -11.351131 -2.083487 155.148799 79.875114 -23.732192 6.249787 -39.308814 -11.481574 -61.458821 11.397552 -1.940961 2.045980 -7.885593 -28.804721 
-190.186600 46.737549 45.649940 71.687712 -19.804277 84.557633 160.589181 -28.077803 174.459970 -116.200192 2.813710 1.517377 94.145647 -3.138082 -15.635213 21.454553 0.003090 -0.000000 77.905903 -0.284893 -150.707783 -108.170211 -2.730899 6.843846 98.321789 -4.753950 -2.271807 21.454558 -0.003105 -0.000017 11.041575 2.626122 -0.448625 12.068734 5.284518 -0.620955 11.749191 5.280801 -0.652929 2.851443 -2.515683 2.946664 -40.079062 2.546257 1.056889 -126.954297 -86.442348 -54.967105 -9.134608 48.255211 23.198533 -56.633005 -22.486858 2.486880 2.908464 -9.603925 1.792475 160.760414 79.904798 -18.042455 7.045183 -40.595516 -13.375518 -60.532333 11.491582 -1.912612 2.606785 -7.566084 -29.127174 
-190.504196 48.333321 45.670391 72.060442 -20.095752 85.404187 161.474360 -27.654401 175.859626 -112.193493 2.531470 3.527223 97.186024 -4.101411 -16.030918 21.454558 0.003094 -0.000003 79.076105 -0.965606 -151.738007 -106.197605 -2.596202 7.221331 98.333393 -4.974293 -1.826007 21.454558 -0.003113 -0.000019 10.609689 2.810026 -0.596795 11.197393 5.664430 -0.919394 10.877654 5.658906 -0.953679 1.632908 -1.457583 2.561913 -41.193315 2.034429 1.136877 -130.532442 -85.653277 -51.418006 -6.661781 52.015575 27.109174 -52.299599 -22.956519 2.363071 2.449620 -8.490952 7.874682 167.361560 79.499399 -11.361335 7.456966 -42.259685 -14.380683 -59.838707 11.629100 -1.896174 2.888038 -6.653300 -29.025326 
-190.801193 50.186878 45.759609 72.694851 -20.278183 86.566746 161.939878 -26.770600 177.534238 -107.902714 2.244452 5.111479 99.195807 -4.884270 -16.193240 21.454551 0.003088 0.000001 80.612877 -1.362111 -153.277614 -104.011295 -2.411441 7.511864 98.307527 -5.126503 -1.247983 21.454558 -0.003121 -0.000019 10.222358 2.917363 -0.784980 10.411952 5.893317 -1.305468 10.092107 5.885474 -1.341150 0.133557 0.393796 2.021387 -41.980289 1.132057 1.537518 -134.841226 -85.073196 -47.114300 -5.793407 55.252283 29.787985 -46.257764 -22.759169 2.149093 3.092512 -8.741852 10.684532 172.804811 78.809011 -5.852914 8.548393 -44.838191 -14.711968 -59.205173 11.876806 -1.889611 2.577111 -5.657669 -28.737594 
-191.100800 52.252529 46.043640 73.533502 -20.452143 87.599813 162.506839 -25.937300 178.557770 -103.287493 1.976799 6.305466 100.214400 -5.485009 -15.629319 21.454555 0.003086 0.000002 82.495899 -1.845981 -154.987347 -101.618906 -2.205232 7.829208 98.355510 -5.293740 -0.640760 21.454558 -0.003102 -0.000018 9.829817 2.967316 -0.882831 9.620113 5.997523 -1.517596 9.300235 5.988379 -1.553896 -1.139981 2.118664 1.348147 -42.656738 0.384639 1.737443 -138.773898 -84.814578 -43.167106 -6.810592 58.217165 31.295606 -39.373158 -21.606443 1.872335 4.879337 -9.641998 7.950085 179.496579 78.116812 0.942508 9.778661 -47.578329 -15.140477 -58.418929 11.835090 -1.858051 2.318982 -4.551078 -27.984815 
-191.408295 54.524578 46.588001 74.651160 -20.419091 88.321538 163.705359 -24.678797 178.427996 -98.243262 1.663564 6.018646 100.586092 -5.117170 -14.326151 21.454551 0.003091 -0.000005 85.015433 -2.391687 -156.758470 -99.011631 -2.001666 8.060551 98.531107 -5.414924 -0.197899 21.454557 -0.003111 -0.000016 9.469145 2.930165 -0.966797 8.893039 5.925714 -1.707593 8.573239 5.915425 -1.743447 -2.055239 3.815061 0.802675 -43.160877 -0.236119 2.030001 -141.988595 -84.418577 -39.944835 -7.576743 60.454844 32.239432 -34.160491 -19.225490 1.588609 7.226476 -9.501322 0.243281 -175.849914 77.128989 5.672477 11.149818 -50.159461 -15.635090 -57.433019 11.968934 -1.831463 2.257218 -4.513221 -26.174931 
-191.654099 56.915409 47.354988 75.746682 -20.306854 88.664912 165.572460 -23.227785 176.956090 -92.750356 1.419297 4.117629 100.550111 -3.701475 -12.841562 21.454548 0.003090 0.000001 87.993054 -3.005714 -158.398070 -96.161475 -1.750384 8.104549 98.730234 -5.425499 0.088964 21.454558 -0.003106 -0.000017 9.117232 2.921138 -1.015690 8.185316 5.906535 -1.824554 7.865544 5.895554 -1.860301 -3.103439 5.175719 0.544616 -43.092657 -0.625881 2.420652 -144.042447 -83.830832 -37.896912 -6.763499 62.549254 33.471403 -31.217796 -17.051277 1.385391 9.508924 -8.082844 -6.018708 -172.989075 76.538717 8.588632 12.893655 -52.464749 -16.805745 -56.465229 12.253397 -1.816111 2.563555 -4.821493 -25.277941 
-191.804993 59.446499 48.291809 77.144412 -20.381990 88.855113 167.542846 -21.250800 175.278541 -86.698644 0.978381 1.678396 99.710640 -2.025159 -11.582667 21.454551 0.003084 0.000002 91.060130 -3.374686 -160.491059 -93.115785 -1.256229 8.000002 98.911173 -5.351236 0.292558 21.454558 -0.003102 -0.000015 8.704188 2.894339 -1.094460 7.353769 5.852039 -2.005502 7.034078 5.839959 -2.040894 -4.067770 6.141610 0.448074 -43.040874 -0.921350 2.830616 -144.568453 -82.931146 -37.399920 -4.639157 63.806234 37.025117 -30.179399 -15.752265 1.281410 9.556828 -5.927457 -7.697625 -170.951125 76.052613 10.669179 14.895693 -54.155846 -18.542224 -55.641832 12.590698 -1.809778 3.043105 -5.267364 -24.950215 
-191.893005 62.102810 49.391060 78.804236 -20.445505 89.061794 169.563667 -18.719303 174.106904 -80.203442 0.887418 -0.352490 97.806034 -0.751395 -10.683930 21.454558 0.003091 0.000002 94.382682 -3.377296 -162.808159 -89.875208 -0.726565 7.833698 99.075685 -5.240996 0.455894 21.454560 -0.003101 -0.000015 8.272793 2.824821 -1.206930 6.484422 5.712406 -2.256785 6.164866 5.698828 -2.291331 -5.080084 7.116704 0.370662 -42.832868 -1.261476 3.308313 -144.792470 -82.319264 -37.196391 -0.842558 64.844061 42.365925 -30.776928 -15.695392 1.289567 9.363229 -4.714573 -5.042469 -169.236406 75.467587 12.422100 16.688109 -55.364342 -19.992647 -54.599033 12.982015 -1.799725 3.571588 -5.788518 -24.103242 
-191.912003 64.857193 50.658840 80.445531 -20.266209 89.077872 172.170969 -16.104510 173.682148 -73.130999 0.531036 -1.895374 94.907459 0.122854 -10.032885 21.454551 0.003097 -0.000008 98.215347 -3.294697 -165.021441 -86.296237 -0.223208 7.601521 99.125893 -5.092144 0.567315 21.454558 -0.003122 -0.000019 7.904587 2.755335 -1.271089 5.744479 5.569926 -2.407199 5.425046 5.555432 -2.440859 -6.323953 8.195612 0.198653 -42.333847 -1.597647 3.738487 -143.486879 -82.057968 -38.527086 2.874484 65.816741 47.795898 -31.940304 -16.023603 1.334360 8.832919 -3.798345 -1.621840 -166.868748 74.997888 14.847308 17.668094 -56.343122 -20.746396 -52.964210 13.130050 -1.753719 3.967136 -5.748279 -23.302136 
-191.868103 67.667000 52.072590 81.878669 -19.932761 89.016483 174.989665 -13.897705 173.810146 -65.930593 -0.125913 -2.891141 90.438630 0.535520 -9.458105 21.454551 0.003090 0.000001 102.443870 -3.099107 -166.886438 -82.341885 0.213558 7.302176 99.037381 -4.903876 0.604887 21.454558 -0.003107 -0.000016 7.569488 2.743136 -1.284103 5.072721 5.539426 -2.450264 4.753304 5.524657 -2.483737 -7.566820 9.316184 -0.075310 -41.686455 -2.134065 4.216342 -142.083958 -81.851286 -39.954776 5.373752 66.489016 52.237963 -33.008156 -16.039422 1.358016 8.397732 -3.969667 -0.426575 -165.288802 74.413197 16.469137 17.956651 -56.484623 -21.259715 -50.978906 13.145089 -1.688676 4.215969 -5.033240 -21.793090 
-191.761597 70.455116 53.513458 83.308227 -19.572308 88.906380 177.482069 -11.883103 173.942488 -59.284533 -0.367621 -3.307467 84.500102 0.365827 -9.446365 21.454551 0.003090 -0.000002 106.729629 -2.722195 -168.594614 -78.123157 0.560544 7.002645 98.710782 -4.715905 0.601705 21.454560 -0.003101 -0.000015 7.244058 2.728165 -1.283297 4.421040 5.502799 -2.465104 4.101674 5.487974 -2.498368 -8.985711 10.161304 -0.326332 -40.835953 -2.450881 4.514097 -141.579043 -81.808393 -40.467536 6.968413 66.893855 55.482928 -34.091919 -16.148809 1.388854 8.265815 -3.753773 -0.131115 -164.989039 73.793924 16.779886 17.668987 -56.003375 -21.058238 -49.000972 13.012351 -1.616214 4.370543 -4.765498 -20.935454 
-191.647003 73.277786 54.879089 84.854787 -19.309889 89.051194 178.795501 -10.184804 174.198552 -54.340784 -0.323018 -3.133237 77.159117 -0.554599 -10.184538 21.454546 0.003091 0.000005 110.933829 -1.901510 -170.190965 -73.553576 0.853924 6.765795 98.069980 -4.572932 0.557303 21.454557 -0.003104 -0.000017 6.906882 2.671674 -1.316849 3.745027 5.383953 -2.550351 3.425740 5.368580 -2.582874 -10.764175 10.889452 -0.707812 -39.532466 -2.965533 4.786810 -142.664156 -82.160352 -39.355092 6.740802 67.061024 56.599104 -35.115632 -15.890025 1.395370 8.590791 -3.637731 0.209659 -164.953126 73.307608 16.819527 16.809992 -55.333193 -20.947041 -46.850651 12.835263 -1.537825 4.648732 -4.042115 -19.610993 
-191.563705 76.037003 56.098782 86.325238 -19.032990 89.624048 178.906178 -9.129400 174.811657 -51.529478 -0.722249 -2.728134 69.913646 -1.801889 -11.065896 21.454555 0.003090 -0.000007 115.077527 -0.737497 -171.323411 -68.720746 0.913961 6.664330 97.154243 -4.509081 0.582409 21.454557 -0.003113 -0.000018 6.609014 2.587547 -1.395067 3.146410 5.211345 -2.723188 2.827284 5.194967 -2.754660 -12.457271 11.787097 -1.164384 -38.425691 -3.649893 5.156727 -143.800358 -82.796660 -38.181222 4.294984 66.973099 56.205231 -36.032342 -16.138777 1.432865 8.346939 -2.895282 0.943987 -165.522203 72.843203 16.236884 15.016442 -54.702295 -20.468783 -44.355945 12.809658 -1.462274 4.827855 -3.171358 -17.886886 
-191.461899 78.603607 57.084839 87.792765 -18.452559 90.551615 178.266517 -8.305297 175.259936 -50.861519 -0.904683 -2.553500 64.850898 -3.547916 -13.821181 21.454550 0.003088 0.000001 119.288462 0.780302 -172.314444 -63.855903 1.049563 6.728427 96.034618 -4.547636 0.704209 21.454558 -0.003119 -0.000019 6.419392 2.447722 -1.467646 2.766456 4.929038 -2.880163 2.447519 4.911698 -2.909919 -14.026838 12.517172 -1.888308 -37.238734 -4.217288 5.114499 -146.724157 -83.647537 -35.196675 -0.589688 66.457734 53.661952 -36.872776 -16.796487 1.495613 8.677352 -1.214275 1.781972 -166.648201 72.398400 15.080317 12.547464 -54.037755 -19.526427 -41.748555 12.575553 -1.373773 4.683980 -2.513374 -15.802626 
-191.407394 80.883492 57.812450 88.895575 -17.705251 91.795304 176.655138 -8.010807 174.665586 -52.824007 -0.755391 -2.593384 64.473352 -3.339475 -13.222668 21.454550 0.003083 0.000002 123.432979 2.220399 -172.853059 -58.998860 1.174170 6.950551 94.784687 -4.685090 0.878736 21.454562 -0.003110 -0.000016 6.309319 2.343226 -1.518857 2.546330 4.718453 -2.989476 2.227537 4.700464 -3.017948 -15.496335 12.679129 -2.578414 -35.849395 -4.291165 4.593970 -152.269833 -84.660536 -29.570939 -5.938716 65.579119 49.962755 -38.162651 -17.851994 1.596102 8.969922 -0.332571 3.125789 -167.314008 71.982892 14.395824 8.937404 -53.248691 -18.352148 -38.938215 12.114719 -1.269672 5.461819 -1.611695 -13.346334 
-191.314301 82.803032 58.315399 89.403508 -16.703595 93.218886 174.694970 -8.521797 174.130974 -56.344915 -0.961758 -1.959085 67.462550 -2.645355 -11.110099 21.454557 0.003096 -0.000003 127.530396 3.217302 -172.905488 -54.331313 1.162493 7.314959 93.344999 -4.888451 1.225796 21.454558 -0.003097 -0.000016 6.275860 2.323566 -1.515507 2.479941 4.678233 -2.984526 2.161162 4.660266 -3.012746 -16.522429 12.889413 -3.256112 -34.618711 -4.641644 4.224705 -154.086609 -85.395676 -27.722269 -11.835040 64.525965 44.926102 -39.882506 -19.019251 1.716796 9.332676 0.462535 4.477908 -167.914982 71.657919 13.777098 4.828499 -52.367617 -16.893771 -36.294123 11.548778 -1.167983 6.175319 -0.831026 -11.062374 
-191.200195 84.538528 58.791759 89.716891 -15.708093 94.735899 172.200872 -8.983908 173.314944 -60.451812 -0.782339 -2.282838 69.862440 -1.828375 -10.111539 21.454553 0.003088 -0.000001 131.598006 4.186400 -172.511112 -49.691634 1.201929 7.572377 91.842371 -5.023450 1.487370 21.454560 -0.003096 -0.000017 6.216906 2.328854 -1.485967 2.363002 4.686708 -2.927714 2.044203 4.669072 -2.955974 -17.240236 12.610254 -3.878393 -32.888741 -4.804658 3.546796 -156.862179 -85.973818 -24.915798 -16.791407 63.319822 40.161164 -42.006801 -20.178930 1.851034 9.106177 -1.626928 5.916004 -169.118284 71.582302 12.537301 0.837613 -51.457129 -15.514449 -33.824644 11.166855 -1.087021 6.714024 -0.595362 -9.503547 
-191.108002 86.049583 59.246391 89.888664 -14.502226 96.440953 169.578666 -9.488996 172.335194 -64.561960 -0.363281 -3.632063 71.106559 -0.885993 -10.484493 21.454557 0.003096 0.000003 135.801386 5.113802 -171.452583 -45.218608 1.131251 7.696979 90.374871 -5.069045 1.694692 21.454558 -0.003110 -0.000017 6.209784 2.346005 -1.464359 2.349231 4.720418 -2.884432 2.030398 4.703062 -2.912920 -18.191113 11.864738 -4.548011 -30.564099 -4.847802 2.565276 -159.698429 -86.602291 -22.052738 -20.398684 62.405116 35.269963 -45.320341 -21.496940 2.035635 8.278639 -4.384654 8.196189 -169.769734 71.534108 11.866008 -3.317474 -50.568323 -13.348772 -32.144130 10.803972 -1.027672 7.279222 -0.435054 -8.919625 
-191.017700 87.305550 59.698380 90.192634 -13.256768 98.107171 166.770817 -9.804701 171.392136 -68.438311 -0.086204 -4.881328 72.879000 0.274763 -10.125357 21.454550 0.003093 0.000001 139.791870 5.996092 -170.380367 -41.222326 1.066154 7.855573 89.074218 -5.133386 1.905095 21.454558 -0.003098 -0.000016 6.192145 2.290086 -1.408873 2.317458 4.607092 -2.775015 1.998661 4.590398 -2.802820 -18.215044 10.753493 -5.057192 -28.956201 -4.431033 1.314949 -156.984002 -87.201654 -24.770951 -23.801886 61.685706 30.137510 -48.977261 -22.249304 2.202176 7.121174 -7.766799 8.761908 -171.139897 71.390790 10.453176 -6.455852 -49.357781 -11.452797 -31.514547 10.488339 -0.994232 7.545021 -0.318502 -9.139470 
-190.977005 88.296516 60.124908 90.157616 -12.039826 99.733712 163.725945 -10.549299 170.714882 -71.979955 -0.133196 -5.416601 75.077672 1.422932 -8.152014 21.454550 0.003087 -0.000001 143.492548 6.254001 -169.163118 -37.547408 0.797158 8.132314 87.858219 -5.262478 2.162557 21.454558 -0.003104 -0.000018 6.148598 2.254293 -1.303426 2.235287 4.532556 -2.566232 1.916458 4.517124 -2.593594 -17.664385 9.785257 -5.589226 -27.674081 -3.869030 0.009038 -157.831041 -87.369758 -23.917277 -26.036193 60.829275 25.114898 -53.181581 -22.627348 2.371476 5.467977 -9.912076 10.370452 -172.696306 71.151494 8.847398 -8.786986 -48.112296 -10.109261 -31.689131 10.508511 -0.999073 7.248554 0.559947 -9.511437 
-190.866302 89.063606 60.515121 90.129762 -10.814440 101.289704 160.819932 -11.195401 170.625120 -74.391381 -0.433160 -5.619566 77.322352 2.042128 -6.972474 21.454553 0.003096 -0.000002 146.852400 6.241898 -168.718527 -34.374956 0.600209 8.835124 86.789595 -5.645708 2.614760 21.454560 -0.003102 -0.000017 6.131100 2.168496 -1.179134 2.206782 4.358393 -2.319522 1.887967 4.344456 -2.345828 -17.091261 8.454332 -6.074039 -26.604307 -2.869161 -1.555469 -146.783989 -87.592224 -35.001731 -28.694957 60.518768 19.503742 -57.537411 -22.486677 2.520649 4.068792 -11.121378 10.487320 -173.721367 71.354296 7.792295 -10.797144 -47.629785 -9.262535 -32.696809 11.064172 -1.056155 7.238532 2.522140 -9.095934 
-190.729095 89.634163 60.918591 90.038108 -9.529905 102.797503 158.319810 -11.779209 170.809781 -75.452717 -0.682004 -5.381215 79.499126 2.125558 -6.488947 21.454560 0.003093 0.000000 149.966284 5.898198 -169.333654 -31.674244 0.582273 10.148258 85.883181 -6.409839 3.267039 21.454558 -0.003101 -0.000016 6.129791 2.059646 -1.018551 2.212014 4.137760 -1.999928 1.893224 4.125756 -2.024908 -16.013414 7.592875 -6.693219 -26.107365 -2.210100 -2.911987 -146.390816 -87.323654 -35.405829 -30.619847 59.721139 14.213881 -61.687782 -21.504868 2.611506 3.305889 -11.337488 11.337803 -175.005484 71.621685 6.472006 -11.911800 -47.539903 -7.920320 -34.629896 11.694835 -1.139283 6.999206 4.940622 -8.830770 
-190.509201 89.966873 61.242901 89.624089 -8.327910 104.350203 155.964187 -12.486101 171.566825 -74.973436 -0.814575 -4.169856 82.535494 1.459438 -6.410560 21.454558 0.003102 -0.000002 152.549543 5.136313 -170.489540 -29.570696 0.454176 11.886407 85.108972 -7.406717 4.174224 21.454558 -0.003108 -0.000017 6.117674 1.998644 -0.866446 2.194089 4.012834 -1.696936 1.875288 4.002649 -1.721164 -14.506034 6.326098 -7.245883 -26.173688 -0.910882 -4.643004 -146.840652 -87.150154 -34.959900 -32.150807 59.410030 9.279317 -65.445336 -20.423184 2.685428 2.468411 -11.155015 12.533121 -176.446230 72.106915 4.994685 -12.440735 -47.799371 -6.430778 -37.254843 12.238182 -1.236011 5.956388 7.136122 -8.321187 
-190.162292 90.137367 61.583599 89.429893 -7.184289 105.681400 154.250315 -12.748210 172.402362 -72.362781 -0.757171 -2.402834 85.137898 0.336053 -6.571431 21.454557 0.003097 -0.000003 154.721024 4.747095 -170.765425 -28.291945 0.056880 12.951560 84.721291 -7.958627 4.962122 21.454558 -0.003100 -0.000017 6.139918 1.886698 -0.725954 2.244762 3.786666 -1.416943 1.926024 3.778170 -1.439810 -13.379589 4.995486 -7.792512 -26.057165 0.370264 -6.325783 -145.270938 -86.674862 -36.553526 -33.338123 59.307120 5.588620 -68.410594 -19.343215 2.730770 1.555561 -11.197237 13.790927 -177.507669 72.793704 3.913040 -12.812798 -48.321683 -5.607520 -40.267821 12.965267 -1.359743 4.819274 9.500255 -7.014864 
-189.649200 90.189568 61.889240 89.319121 -6.269272 106.600402 153.229242 -12.357107 173.307130 -67.530203 -0.313426 -1.027305 87.654119 -0.616370 -7.312479 21.454558 0.003100 -0.000002 156.346418 4.623789 -170.719854 -27.603861 -0.304902 13.535335 84.581996 -8.208221 5.625884 21.454560 -0.003112 -0.000017 6.148199 1.749313 -0.564832 2.267775 3.509015 -1.096705 1.949101 3.502455 -1.117913 -12.364459 4.325957 -8.374428 -26.119740 1.024707 -7.504191 -145.881407 -86.115209 -35.959771 -33.828568 59.379267 3.198140 -70.466372 -18.429864 2.751857 0.708779 -11.603917 14.916742 -178.030575 73.302499 3.383916 -13.065100 -48.681931 -4.756344 -43.770998 13.612358 -1.498387 4.205197 10.696489 -6.251648 
-188.940903 90.139442 62.211391 89.116176 -5.547831 106.842703 153.266604 -11.781911 174.185274 -60.446464 0.002824 -0.763348 89.795643 -0.623220 -7.062503 21.454548 0.003081 0.000003 157.513246 4.537203 -171.103984 -27.301581 -0.327730 13.918618 84.603217 -8.352780 6.178413 21.454560 -0.003106 -0.000018 6.125822 1.637004 -0.352932 2.230044 3.280255 -0.675407 1.911387 3.276267 -0.695225 -11.361155 3.644574 -8.800945 -26.223567 1.720750 -8.539009 -147.987072 -85.610322 -33.858255 -32.965413 59.854457 3.087366 -71.326894 -17.977012 2.755971 -0.313411 -12.662051 15.072073 -178.916368 73.740703 2.481872 -12.694887 -48.894415 -3.933238 -47.594046 13.798640 -1.624418 3.079913 10.867830 -6.919809 
-188.125504 90.098961 62.572868 88.962340 -4.955454 106.562405 154.569298 -10.941102 176.118859 -51.175742 -0.348449 -1.395551 90.775413 -0.023167 -6.489262 21.454553 0.003092 -0.000001 158.503009 4.523495 -171.476229 -27.049965 -0.337294 13.954682 84.620860 -8.283758 6.644129 21.454555 -0.003106 -0.000017 6.098006 1.521535 -0.152898 2.180241 3.045534 -0.278000 1.861669 3.043942 -0.296417 -10.375776 3.466895 -9.073578 -26.516152 1.961784 -9.043340 -149.211110 -85.090401 -32.641901 -31.230470 60.611768 4.453384 -71.206348 -18.001676 2.752644 -0.382904 -13.150637 15.000479 -179.518682 73.978899 1.868282 -12.400410 -48.974656 -3.446177 -51.350114 13.938866 -1.753855 2.089504 10.412601 -7.510740 
-187.157501 90.082420 62.950081 88.928414 -4.236983 105.614990 157.105812 -10.154301 178.738688 -40.926815 -1.139635 -2.277971 90.205953 0.693836 -5.746139 21.454551 0.003093 -0.000000 159.602246 4.575002 -171.654702 -26.713973 -0.475757 13.474671 84.496359 -7.879536 7.009142 21.454560 -0.003109 -0.000017 6.133372 1.428859 0.020682 2.255435 2.856984 0.068473 1.936911 2.857492 0.051198 -9.338298 3.561244 -9.042154 -26.979437 1.969424 -9.052229 -149.897230 -84.509733 -31.967703 -28.763962 61.708164 7.300672 -69.617304 -18.663613 2.732864 -0.142284 -13.222821 14.163638 -179.660381 74.379599 1.730729 -12.481151 -49.103886 -2.904340 -54.763904 13.687055 -1.852818 1.151617 9.845234 -8.993132 
-186.114899 90.066307 63.296101 88.977810 -3.390316 104.188594 160.357843 -9.306110 -177.875024 -31.288823 -1.685380 -3.390604 85.332763 1.166884 -6.163347 21.454553 0.003102 0.000001 160.698614 4.629197 -172.225173 -26.435682 -0.584989 12.929776 84.258505 -7.442834 7.320963 21.454562 -0.003114 -0.000019 6.212835 1.356226 0.143761 2.417220 2.709168 0.315198 2.098742 2.711165 0.298827 -7.885521 3.743391 -8.707458 -27.757267 2.111523 -8.821104 -148.549129 -83.995050 -33.343317 -26.454540 62.711737 11.853286 -66.169070 -20.235188 2.701621 0.878730 -13.225176 12.213855 179.521632 74.717516 0.899011 -12.385413 -49.302324 -2.141141 -57.928487 13.040454 -1.921758 0.324446 8.835226 -11.064549 
-185.043900 90.168854 63.469070 89.612546 -2.714058 102.582502 162.922551 -7.872296 -175.720345 -27.488248 -1.608029 -5.641338 81.875219 2.145100 -7.979561 21.454551 0.003099 -0.000001 161.569040 5.371709 -173.230072 -26.174762 -0.517518 12.397636 83.883896 -7.053103 7.456712 21.454558 -0.003096 -0.000015 6.294355 1.182870 0.149153 2.579718 2.362143 0.324106 2.261348 2.364200 0.309833 -6.180295 4.557131 -8.211016 -28.666523 1.509494 -7.905477 -151.708323 -83.585068 -30.165869 -23.499061 63.587019 17.038959 -61.300914 -21.699226 2.609993 2.771383 -12.224793 11.096877 179.552436 75.072897 0.937815 -12.940281 -49.736789 -1.964463 -60.061221 12.888589 -1.989882 -0.197421 8.066490 -11.770690 
-183.880600 89.951874 63.507660 89.583532 -2.077774 100.991204 164.118558 -7.416102 -176.251925 -27.887550 -1.500002 -6.493585 83.859280 2.862956 -7.890739 21.454553 0.003100 0.000002 161.670113 5.648504 -174.148664 -26.865581 -0.476236 11.899173 83.856309 -6.684719 7.605099 21.454558 -0.003109 -0.000017 6.362032 1.145569 0.131382 2.714637 2.287751 0.289076 2.396262 2.289599 0.275258 -5.216030 5.491357 -7.759404 -29.144339 0.787970 -6.896133 -154.356347 -83.083746 -27.502592 -21.016026 63.823255 22.961904 -55.450293 -22.761098 2.462316 5.137077 -10.164487 9.584290 -179.875955 75.223202 1.526135 -13.345160 -50.207833 -1.677075 -61.389686 12.530436 -2.015407 -0.999018 7.097145 -12.406829 
-182.789597 90.052330 63.474949 90.304369 -1.787892 99.817798 165.357650 -6.367101 -179.692892 -27.114634 -0.513554 -5.513390 83.650686 2.277418 -7.263549 21.454555 0.003074 -0.000000 161.980614 6.612901 -174.309774 -26.645049 -0.942609 11.195320 83.387867 -6.158506 7.674215 21.454558 -0.003097 -0.000017 6.423487 0.892099 0.002846 2.834656 1.783808 0.027117 2.516386 1.784086 0.016346 -5.206295 5.962134 -7.446264 -28.923252 0.517249 -6.307821 -154.396481 -82.827471 -27.467761 -20.077254 63.743847 28.847287 -48.368910 -23.053640 2.236637 8.186386 -6.821066 7.376627 -179.422977 75.009684 1.985786 -13.137276 -51.092796 -1.858849 -62.006418 12.381181 -2.028639 -1.135097 6.766305 -12.448410 
-181.628693 90.206863 63.404320 90.729535 -1.748101 98.772643 166.058441 -5.689697 178.438446 -26.573187 -0.623754 -5.132487 83.488380 2.172122 -6.487896 21.454557 0.003096 0.000001 162.325647 7.482815 -173.314233 -25.700257 -1.664519 9.977970 82.605585 -5.243167 7.750809 21.454555 -0.003104 -0.000018 6.421226 0.684717 -0.112217 2.828570 1.371860 -0.208015 2.510379 1.370726 -0.216294 -5.420909 6.214279 -7.235598 -28.598634 0.328745 -5.910196 -157.797437 -82.608720 -24.031973 -18.928385 63.316584 33.554257 -41.568415 -21.290338 1.911818 9.779735 -3.387136 5.757021 -179.177473 74.800298 2.233534 -12.429027 -52.436370 -2.369762 -60.871513 12.326245 -1.982005 -1.614842 7.074969 -12.304214 
-180.512802 90.359009 63.278149 90.856276 -2.038647 97.796131 166.372220 -5.022904 176.511978 -25.918836 -0.276057 -4.769166 83.484910 2.040331 -5.886719 21.454551 0.003081 -0.000003 162.432485 8.119504 -172.623223 -24.401145 -2.139743 8.985863 81.597763 -4.403238 8.134970 21.454560 -0.003108 -0.000016 6.321320 0.535869 -0.197366 2.628098 1.075928 -0.382804 2.309946 1.073736 -0.389297 -5.574284 6.596490 -7.101269 -28.297959 -0.046165 -5.471125 -159.986868 -82.861307 -21.813148 -17.323245 63.401750 37.699287 -36.126868 -18.500725 1.587873 10.926990 -0.459484 3.156480 -179.267536 75.039211 2.145617 -10.928685 -54.212577 -4.313165 -58.961116 12.867351 -1.947748 -0.762196 6.684255 -12.059003 
-179.382904 90.510460 63.128029 91.033820 -2.186910 96.852246 166.910262 -4.036001 175.751054 -24.980039 0.006921 -5.150068 83.390415 2.373931 -5.483561 21.454553 0.003085 -0.000001 162.770525 8.831307 -172.748243 -22.901430 -2.201413 8.419024 80.427287 -3.786252 8.776499 21.454560 -0.003105 -0.000017 6.272335 0.412811 -0.283192 2.529862 0.831518 -0.557524 2.211732 0.828263 -0.562527 -5.636121 6.605411 -6.864943 -28.196180 -0.421459 -5.039238 -161.132823 -82.824820 -20.654516 -15.620166 63.447792 41.340908 -31.953862 -15.555117 1.304525 11.590303 2.244905 -0.179393 -179.009573 75.283076 2.414131 -9.463854 -55.487460 -6.528726 -56.299330 13.154182 -1.870948 -0.033860 6.357979 -12.576736 
-178.313599 90.630524 62.955299 91.227982 -2.231587 95.807132 167.481074 -2.906104 176.072441 -24.074595 0.188284 -6.209407 83.247869 3.124634 -5.335988 21.454553 0.003106 0.000003 163.115572 9.385602 -173.174938 -21.425846 -2.342947 8.014964 79.217975 -3.267911 9.398386 21.454557 -0.003101 -0.000016 6.266339 0.290985 -0.315399 2.518274 0.588528 -0.624551 2.200173 0.584896 -0.628105 -5.857332 6.143128 -6.554394 -27.947230 -0.529263 -4.780310 -160.283052 -82.490517 -21.518378 -14.233875 63.359410 44.284990 -28.957997 -12.977997 1.080034 12.250130 4.601054 -2.969682 -179.215025 75.246008 2.203179 -7.831443 -56.039059 -9.041162 -53.062179 13.464336 -1.779431 0.947197 5.041597 -13.352359 
-177.322998 90.696587 62.768810 91.417704 -2.259280 94.570990 167.960786 -1.931000 176.490708 -23.350216 0.206752 -7.357323 83.182026 3.933709 -5.227767 21.454553 0.003093 -0.000001 163.213162 9.798297 -174.228796 -20.277805 -2.365065 7.865458 78.193747 -3.014218 9.691304 21.454558 -0.003108 -0.000018 6.268091 0.165217 -0.260036 2.522586 0.335860 -0.516475 2.204496 0.332889 -0.518508 -5.731780 5.429507 -6.231202 -28.052176 -0.331296 -4.749328 -159.393393 -81.981709 -22.426091 -12.374234 63.080629 46.398179 -27.216525 -10.828355 0.910246 12.384682 5.040175 -3.353875 -179.724926 75.079133 1.677971 -6.375614 -56.374155 -11.140297 -48.964940 13.635405 -1.656465 1.767295 3.520616 -13.745658 
-176.419601 90.710251 62.539059 91.521612 -2.354735 93.347786 168.091434 -1.257295 176.432105 -23.055220 0.151938 -8.147506 83.278591 4.526311 -5.004128 21.454551 0.003082 -0.000001 162.966224 10.082002 -175.280126 -19.570534 -2.327604 7.742008 77.408419 -2.986777 9.242423 21.454560 -0.003105 -0.000019 6.266318 0.047261 -0.188702 2.519644 0.098478 -0.376360 2.201539 0.096350 -0.376964 -5.751877 5.043515 -5.999021 -27.945350 -0.370474 -4.597452 -157.739339 -81.754304 -24.105454 -10.279693 62.964529 48.634867 -26.317952 -9.771278 0.826560 12.855099 5.019083 -3.321438 179.043560 74.981400 0.414891 -4.962707 -56.877294 -12.796908 -44.338617 13.531773 -1.509391 3.094467 2.651086 -12.354738 
-175.667297 90.668610 62.314751 91.592509 -2.376660 92.294475 168.062159 -0.789701 175.897725 -23.124102 0.184997 -8.526748 83.475492 4.842020 -4.742582 21.454553 0.003083 0.000000 162.486293 10.371712 -175.667261 -19.539477 -2.238069 7.399715 77.195365 -3.067111 7.982650 21.454560 -0.003107 -0.000017 6.283517 -0.060172 -0.147001 2.554338 -0.117215 -0.295271 2.236235 -0.118847 -0.294564 -5.887457 4.772035 -5.781148 -27.573632 -0.640906 -4.312539 -156.318168 -81.580770 -25.548570 -8.115291 62.731756 51.301640 -26.068872 -9.679770 0.816572 12.955538 4.503069 -3.277209 177.930417 75.069585 -0.723024 -3.896808 -57.674473 -13.586802 -39.349451 12.970108 -1.336177 4.552430 2.561631 -10.292429 
-175.032593 90.613693 62.101452 91.543338 -2.291371 91.548639 167.952644 -0.477200 175.692860 -23.441032 0.186525 -8.891355 83.667024 5.150879 -4.458434 21.454553 0.003082 -0.000002 161.824407 10.590809 -175.775451 -20.507430 -1.812850 7.773337 77.901258 -3.891213 6.044302 21.454557 -0.003120 -0.000019 6.316594 -0.103011 -0.137875 2.620580 -0.202988 -0.277977 2.302491 -0.204534 -0.276755 -5.856056 4.171052 -5.535019 -27.266568 -0.821207 -4.144498 -156.221330 -81.277106 -25.652652 -6.361482 62.096952 52.963237 -26.385927 -9.605826 0.816874 12.944889 3.371387 -3.293184 177.418494 75.319112 -1.241059 -3.126394 -58.530234 -14.111751 -34.415185 12.099591 -1.160852 5.908959 3.301341 -7.006837 
-174.537399 90.564827 61.875580 91.404365 -2.123541 91.129948 167.806396 -0.267203 175.590899 -23.867654 0.306074 -9.123952 83.827383 5.343772 -4.286041 21.454553 0.003088 0.000000 160.914954 10.584003 -174.766810 -23.365205 -1.492544 8.898566 80.100060 -4.853230 5.778300 21.454558 -0.003104 -0.000017 6.360980 -0.132235 -0.167736 2.709500 -0.260660 -0.338431 2.391410 -0.262555 -0.336848 -5.635276 3.859733 -5.381039 -27.065099 -1.077364 -3.963921 -155.382897 -81.176634 -26.504776 -5.722785 61.409083 53.920430 -26.798823 -9.627637 0.825079 12.687613 2.376573 -4.089852 177.348594 75.326133 -1.312364 -2.253137 -59.042033 -14.663704 -30.176513 10.813711 -0.989102 7.290441 3.996443 -4.285250 
-174.255402 90.416832 61.652149 91.374209 -1.873457 90.978577 167.522930 -0.128400 175.416538 -24.694428 0.419883 -9.144843 84.190510 5.353634 -4.317571 21.454551 0.003107 0.000002 159.992018 10.638005 -173.193257 -28.160689 -1.014567 9.616222 83.837218 -5.232806 7.115516 21.454558 -0.003091 -0.000015 6.398501 -0.189643 -0.209584 2.784862 -0.374340 -0.423568 2.466759 -0.376747 -0.421302 -4.966172 3.615865 -5.305841 -27.037809 -1.305605 -3.877107 -155.033027 -81.189625 -26.859306 -6.034085 60.709324 54.286036 -26.939330 -9.851372 0.842011 12.390372 1.511213 -4.902493 177.347241 75.326618 -1.313897 -0.607891 -59.362793 -15.951280 -27.053092 9.684865 -0.859098 8.278239 3.279919 -2.774739 
-174.122604 90.263428 61.433472 91.325367 -1.599579 90.917734 167.266770 -0.142696 175.413970 -25.501386 0.394346 -9.176525 84.527764 5.372553 -4.353212 21.454555 0.003110 0.000001 159.195085 10.522295 -170.918217 -33.691752 -1.100712 8.411539 87.423812 -4.544854 7.225692 21.454558 -0.003109 -0.000018 6.419912 -0.230761 -0.236104 2.827917 -0.455850 -0.477655 2.509833 -0.458590 -0.474904 -4.232095 3.177402 -5.191596 -26.763097 -1.310818 -3.907688 -154.742908 -81.147230 -27.154433 -7.149424 59.901428 53.672409 -27.245611 -10.122139 0.864818 12.605831 0.980649 -5.400914 177.447017 75.486991 -1.207890 1.571993 -59.667945 -17.781889 -25.242593 8.960166 -0.782406 8.864883 1.576741 -3.131545 
-174.088806 90.103088 61.238621 91.343637 -1.415277 91.025036 166.949836 -0.191099 175.356323 -26.248480 0.303231 -9.061253 84.838989 5.315655 -4.276287 21.454553 0.003091 0.000000 158.735645 10.171199 -169.110662 -38.879718 -1.234673 7.170583 89.883500 -3.768508 7.495997 21.454560 -0.003111 -0.000018 6.400855 -0.287777 -0.278303 2.790316 -0.568954 -0.563333 2.472210 -0.572210 -0.559884 -3.518437 2.731397 -5.020482 -26.253350 -1.102723 -3.974328 -154.338356 -81.059408 -27.566688 -8.642880 58.899125 52.369065 -27.693161 -10.470169 0.895129 12.724616 0.793299 -5.193362 177.833988 75.654003 -0.808213 3.988853 -60.068133 -19.344506 -24.022424 8.504749 -0.734227 9.044246 -0.542809 -4.354780 
-174.099503 89.971687 61.052441 91.410976 -1.227862 91.362536 166.650988 -0.183203 175.591487 -26.921448 0.128865 -8.973146 85.104075 5.296606 -4.127410 21.454550 0.003077 -0.000002 158.946056 9.687296 -167.644493 -42.672686 -1.308323 5.848230 90.596572 -2.795540 8.138628 21.454560 -0.003122 -0.000020 6.368924 -0.366295 -0.354648 2.727339 -0.724364 -0.717671 2.409248 -0.728559 -0.713275 -2.508618 2.434534 -4.893495 -25.862916 -0.862477 -4.064339 -153.347268 -80.991871 -28.573280 -10.478221 57.852973 50.655097 -28.245361 -10.973038 0.937480 12.593711 0.530369 -4.842733 178.366265 75.707121 -0.262523 6.357327 -60.461333 -20.767380 -23.722292 8.421299 -0.724410 9.522546 -2.383964 -5.107532 
-174.138702 89.896538 60.886799 91.523565 -1.014517 91.840506 166.495109 -0.143301 175.850829 -27.353472 -0.073894 -8.811368 85.248520 5.241617 -3.915690 21.454553 0.003096 -0.000001 160.078611 9.048594 -166.763918 -44.113706 -1.246121 4.289045 88.714390 -1.226963 10.324849 21.454558 -0.003113 -0.000018 6.332081 -0.462534 -0.429559 2.654897 -0.915390 -0.869395 2.336791 -0.920480 -0.863857 -1.134139 2.209966 -4.874269 -25.718589 -0.736355 -4.200075 -153.305467 -80.891160 -28.617985 -12.460744 56.748695 48.864007 -28.743973 -11.567920 0.985006 12.351688 -0.168064 -5.271519 179.391435 75.714006 0.786087 8.233990 -60.827937 -21.853993 -23.743720 8.447346 -0.726433 9.578000 -3.638345 -5.134529 
-174.212906 89.923431 60.830650 91.576485 -0.819000 92.374900 166.587112 -0.178102 175.944457 -27.376288 -0.204207 -8.515655 85.230761 5.092847 -3.710621 21.454548 0.003088 -0.000002 161.762239 7.994700 -166.723114 -42.549278 -0.684390 4.010586 86.796200 -1.663048 6.112029 21.454560 -0.003103 -0.000019 6.281024 -0.550436 -0.456977 2.553721 -1.090943 -0.925751 2.235615 -1.096389 -0.919149 0.168535 1.812433 -4.971729 -25.395441 -0.575404 -4.503290 -154.392082 -80.801998 -27.517919 -14.577512 55.562974 46.743376 -29.343521 -12.038392 1.026478 12.415762 -1.133477 -5.932412 -178.868229 75.680818 2.565908 9.388412 -61.024947 -23.194149 -24.048550 8.444358 -0.730638 9.901730 -3.465530 -4.796834 
-174.390701 89.934792 60.823330 91.751741 -0.577893 92.656454 166.837698 -0.214095 175.974005 -27.302187 -0.394689 -8.325100 85.177144 4.994759 -3.602951 21.454551 0.003088 0.000000 164.525446 6.960603 -166.362330 -37.960849 -1.119154 5.365381 89.597943 -2.511268 7.471603 21.454557 -0.003100 -0.000017 6.239546 -0.666374 -0.438994 2.471557 -1.323503 -0.891826 2.153415 -1.328726 -0.883811 1.262563 1.108143 -5.054413 -24.665179 -0.091289 -4.982594 -154.248798 -80.536789 -27.669325 -16.876311 54.460974 44.457920 -29.849665 -12.473412 1.064126 12.573288 -2.295235 -6.529892 -178.593369 75.580210 2.845295 10.612647 -61.036449 -24.712405 -24.854401 8.535749 -0.748653 9.449959 -2.567505 -4.508423 
-174.572601 89.934357 60.827251 91.972739 -0.263706 92.566262 167.196201 -0.142404 175.892507 -27.243225 -0.388710 -8.331267 85.099786 4.985871 -3.699625 21.454553 0.003100 0.000001 167.052726 5.842893 -167.244709 -33.704644 -1.231180 6.612640 91.709312 -3.593567 6.732512 21.454560 -0.003107 -0.000016 6.222138 -0.783744 -0.342767 2.436426 -1.560331 -0.701639 2.118236 -1.564403 -0.692184 2.231725 0.716617 -5.151406 -23.826032 0.086559 -5.255110 -154.211328 -80.290479 -27.713035 -19.089571 53.797118 42.115175 -30.157802 -13.125741 1.112150 12.719475 -3.615397 -7.610558 -178.446697 75.567205 2.995187 11.184527 -61.039031 -26.120491 -25.921828 9.001684 -0.795831 9.118363 -1.912726 -4.946029 
-174.802902 90.018623 60.834759 91.834141 0.087520 92.170473 167.627377 -0.467404 175.781557 -27.150654 -0.357876 -8.452451 84.992798 5.032631 -3.909211 21.454551 0.003104 0.000001 168.768415 4.424004 -168.779917 -30.716498 -1.574680 7.790524 92.168936 -4.495013 6.116355 21.454555 -0.003108 -0.000018 6.225143 -0.817612 -0.203618 2.440695 -1.630887 -0.424053 2.122461 -1.633277 -0.414190 3.259160 0.526613 -5.233359 -23.444119 0.330555 -5.496815 -154.256708 -80.084398 -27.671816 -20.926322 53.595774 39.591366 -30.558256 -13.901951 1.169968 13.025573 -5.135521 -8.723338 -178.295477 75.540799 3.149393 10.944716 -60.940403 -26.441986 -27.303594 9.368434 -0.842681 8.641407 -1.127886 -5.870421 
-175.095505 90.158791 60.777481 91.298039 0.393548 91.479073 167.958860 -1.274515 175.734443 -27.140406 -0.424972 -8.711852 84.891929 5.158796 -4.197705 21.454553 0.003099 0.000002 169.699315 2.730101 -171.300625 -28.907929 -1.697077 9.219441 91.521762 -5.468851 5.891486 21.454558 -0.003117 -0.000018 6.263105 -0.738964 -0.070391 2.514582 -1.476308 -0.156483 2.196388 -1.477103 -0.147541 3.794723 0.412582 -5.161207 -23.116548 0.674338 -5.593988 -154.322414 -79.976912 -27.607411 -22.261287 53.969539 37.034003 -31.200967 -14.551394 1.224569 13.657870 -7.101107 -10.059177 -178.349012 75.377503 3.091975 9.562994 -60.506440 -25.673856 -28.813238 9.800393 -0.897523 8.255612 -0.476363 -6.328459 
-175.375397 90.209312 60.664459 90.988754 0.398495 90.853346 167.899355 -1.837004 175.450074 -27.260212 -0.386232 -8.843463 84.813949 5.192050 -4.470107 21.454551 0.003101 0.000004 169.714232 2.042600 -172.687031 -28.487645 -1.325216 9.738465 91.165923 -5.857976 5.597068 21.454558 -0.003111 -0.000017 6.255301 -0.657031 -0.040396 2.498451 -1.313100 -0.094625 2.180263 -1.313525 -0.086693 4.243159 0.474548 -5.005259 -23.014083 0.634820 -5.408039 -154.504534 -79.825404 -27.425728 -23.032028 54.738717 34.940854 -31.753765 -15.088959 1.270412 13.414563 -8.823951 -11.529154 -179.372379 75.424017 2.045285 8.076695 -60.058536 -24.692725 -30.663516 10.534353 -0.980344 7.995521 -0.105565 -6.985842 
-175.647705 90.208214 60.549141 90.959801 0.407289 90.451177 167.868373 -2.116508 174.889821 -27.291634 -0.244247 -8.734786 84.686566 5.073222 -4.651428 21.454553 0.003103 0.000001 169.596111 2.149191 -171.340268 -28.522001 -1.417298 8.671334 91.232783 -5.194889 5.139216 21.454560 -0.003108 -0.000017 6.260607 -0.620557 -0.098184 2.509656 -1.238950 -0.209509 2.191480 -1.240062 -0.202015 4.723115 0.665133 -4.898817 -22.782552 0.530239 -5.222211 -154.943524 -79.947678 -26.977144 -23.465508 55.711876 34.129339 -32.564757 -15.594000 1.319853 13.760270 -10.077126 -13.721900 179.718519 75.835502 1.123251 6.794164 -59.926891 -23.903512 -32.952166 11.412240 -1.084238 7.159460 0.340419 -7.497954 
-175.914200 90.199387 60.393742 91.163354 0.356717 90.260759 167.824073 -2.166796 174.129567 -27.127549 -0.058545 -8.422912 84.449415 4.835127 -4.718282 21.454551 0.003087 -0.000000 169.339350 2.568405 -169.251937 -28.753696 -1.758686 7.301117 91.443256 -4.312636 4.746875 21.454560 -0.003102 -0.000016 6.270900 -0.663328 -0.165961 2.531120 -1.323014 -0.346057 2.212938 -1.324935 -0.338064 5.086522 1.436950 -4.973240 -22.389498 0.145896 -5.003709 -156.338003 -80.188484 -25.555774 -24.078497 56.167559 34.183925 -33.270094 -15.816251 1.349316 13.769002 -10.279234 -14.557966 -179.730718 75.456132 1.679302 5.703591 -59.257635 -22.481624 -35.991146 12.192881 -1.202953 6.631233 0.529618 -8.460738 
-176.248703 90.175827 60.227470 91.209677 0.373978 90.215106 167.716757 -2.489298 173.360747 -27.187998 0.032074 -7.969715 84.344551 4.518500 -4.725253 21.454550 0.003097 -0.000000 169.201763 2.509699 -168.432561 -28.858642 -1.935835 6.854522 91.578767 -4.039325 4.521975 21.454560 -0.003105 -0.000016 6.313288 -0.660622 -0.240221 2.616744 -1.315791 -0.495035 2.298574 -1.318648 -0.487066 5.539446 2.061548 -5.124271 -21.953845 0.007611 -5.003559 -158.039431 -80.353351 -23.824864 -24.989287 56.335574 34.433641 -33.725640 -15.810892 1.358941 12.829727 -9.097097 -13.539611 -178.823437 75.102704 2.601484 4.497924 -58.795525 -20.758716 -38.723156 12.787564 -1.308268 5.800136 1.502768 -8.399733 
-176.574600 90.108757 60.032169 91.239552 0.316251 90.151216 167.365125 -2.862894 172.751016 -27.566251 0.020593 -7.595156 84.364249 4.258607 -4.743750 21.454550 0.003088 -0.000000 168.873408 2.280903 -168.862494 -29.136033 -1.824433 7.119891 91.802462 -4.252905 4.345494 21.454558 -0.003106 -0.000018 6.355088 -0.624636 -0.297659 2.700801 -1.242354 -0.609546 2.382622 -1.245868 -0.602040 6.158262 2.241916 -5.426964 -21.527243 0.349906 -5.445391 -159.158502 -80.414542 -22.687529 -26.296367 56.584091 34.418628 -33.770371 -15.873585 1.363968 11.588918 -7.077751 -10.971324 -178.330898 75.019526 3.104467 3.249866 -58.671803 -18.875539 -40.627632 13.104654 -1.378374 4.639544 3.395031 -7.269077 
-176.855499 89.964149 59.839241 91.345659 0.298525 90.125521 166.869281 -3.140208 172.576177 -28.314129 -0.156364 -7.437358 84.561881 4.150971 -4.788690 21.454550 0.003083 -0.000000 168.349751 2.124795 -169.520255 -29.891131 -1.746110 7.532581 92.208414 -4.561062 4.228922 21.454558 -0.003103 -0.000015 6.428106 -0.591590 -0.341167 2.847094 -1.174823 -0.696546 2.528958 -1.178876 -0.689442 6.686341 2.570590 -5.831825 -20.698644 0.708536 -5.966939 -160.210311 -80.504291 -21.618334 -27.609708 56.801837 34.316004 -33.852245 -15.977971 1.372509 10.822839 -4.381396 -7.618897 -177.607403 74.933008 3.844185 1.732404 -58.512305 -17.086724 -41.893396 13.348763 -1.428522 3.921186 4.752372 -5.657432 
-177.113007 89.751457 59.635689 91.503225 0.287206 90.160744 166.218896 -3.492108 171.942158 -29.390649 -0.329567 -6.963739 84.908199 3.864945 -4.668076 21.454551 0.003095 -0.000001 167.638442 2.062996 -170.265906 -31.047284 -1.616830 8.014521 92.751503 -4.914987 4.131603 21.454557 -0.003107 -0.000017 6.522432 -0.553787 -0.366587 3.035718 -1.098012 -0.747341 2.717601 -1.102360 -0.740706 7.320004 3.065594 -6.315955 -19.863117 1.011750 -6.525252 -161.787388 -80.630738 -20.015818 -28.834426 56.959000 34.436086 -34.040092 -16.141433 1.387219 10.649744 -1.879111 -4.958441 -177.394465 74.922408 4.062015 0.396206 -58.267121 -15.600330 -42.766830 13.506452 -1.463032 3.702439 5.479729 -4.832135 
-177.346497 89.492218 59.405399 91.727596 0.260880 90.253819 165.462685 -3.899402 170.894707 -30.641622 -0.506315 -6.206876 85.309097 3.416396 -4.396304 21.454551 0.003105 0.000000 166.793315 2.226397 -170.601542 -32.455447 -1.453582 8.250943 93.407263 -5.111165 3.962550 21.454557 -0.003100 -0.000015 6.642892 -0.498637 -0.385309 3.276435 -0.986407 -0.784393 2.958331 -0.990997 -0.778421 7.982913 3.290008 -6.873452 -19.065947 1.548789 -7.293498 -163.175883 -80.726655 -18.605411 -30.164762 57.101864 34.588361 -34.083173 -16.463066 1.408915 10.349353 0.152145 -3.650276 -177.634096 74.966900 3.817379 -0.852873 -57.865950 -14.311051 -43.187539 13.661271 -1.485029 3.781445 5.457715 -5.556814 
-177.579895 89.177620 59.143631 91.908924 0.181443 90.420182 164.490093 -4.466899 169.930353 -32.199902 -0.839360 -5.400765 85.813329 2.950233 -4.070591 21.454553 0.003097 0.000001 165.808497 2.419497 -170.714704 -34.030509 -1.285214 8.393340 94.135443 -5.246521 3.757984 21.454558 -0.003094 -0.000014 6.784155 -0.400148 -0.404139 3.558337 -0.787905 -0.820215 3.240253 -0.792701 -0.815444 8.532932 3.531675 -7.479871 -18.132122 2.057083 -8.084372 -163.803700 -80.767561 -17.967890 -31.423761 57.238133 34.432763 -34.272134 -16.695714 1.428159 10.323458 1.108207 -2.684357 -177.181828 74.953109 4.280524 -2.442602 -57.174151 -13.171654 -43.142589 13.778874 -1.491494 3.648717 4.803288 -6.462787 
-177.819794 88.793854 58.819649 92.033527 0.010633 90.662244 163.238571 -5.229198 168.888817 -34.085400 -1.238990 -4.451623 86.397460 2.386237 -3.746389 21.454551 0.003095 -0.000001 164.606097 2.593409 -170.584712 -35.800816 -1.205555 8.455613 94.934432 -5.323292 3.558184 21.454558 -0.003110 -0.000016 6.948812 -0.261272 -0.420224 3.886678 -0.508497 -0.848899 3.568605 -0.513473 -0.845812 8.795579 3.856189 -8.182869 -16.985777 2.463515 -8.897588 -164.231011 -80.894630 -17.533353 -32.441623 57.516613 33.749071 -34.756247 -16.909445 1.452934 10.612057 0.786845 -2.275792 -177.034432 74.898427 4.430601 -3.919508 -56.317526 -12.222330 -42.689434 13.890931 -1.486123 3.670733 4.271007 -7.217442 
