{
  "robot_root_name": "base_link",
  "human_root_name": "Hips",
  "ground_height": 0.0,
  "human_height_assumption": 1.8,
  "use_ik_match_table1": true,
  "use_ik_match_table2": true,
  "human_scale_table": {
    "Hips": 1.04722170148577,
    "Spine2": 1.04722170148577,
    "LeftUpLeg": 1.3773330279759,
    "RightUpLeg": 1.3773330279759,
    "LeftLeg": 0.8968527112688337,
    "RightLeg": 0.8968527112688337,
    "LeftFootMod": 0.9886227607727051,
    "RightFootMod": 0.9886227607727051,
    "LeftArm": 0.9428414685385568,
    "RightArm": 0.9428414685385568,
    "LeftForeArm": 0.870901496069772,
    "RightForeArm": 0.870901496069772

  },
  "ik_match_table1": {
    "base_link": [
      "Hips",
      100,
      10,
      [
        0.0,
        0.0,
        0.0
      ],
      [
        0.5,
        0.5,
        0.5,
        0.5
      ]
    ],
    "left_leg_pelvic_roll_link": [
      "LeftUpLeg",
      0,
      10,
      [
        0.0,
        0.0,
        0.0
      ],
      [
        -0.5,
        0.5,
        0.5,
        -0.5
      ]
    ],
    "left_leg_knee_pitch_link": [
      "LeftLeg",
      0,
      10,
      [
        0.0,
        0.0,
        0.0
      ],
      [
        -0.5,
        0.5,
        0.5,
        -0.5
      ]
    ],
    "left_leg_ankle_roll_link": [
      "LeftFootMod",
      50,
      10,
      [
        0.0,
        0.0,
        0.0
      ],
      [
        -0.70710678,
        0.70710678,
        0.0,
        0.0
      ]
    ],
    "right_leg_pelvic_roll_link": [
      "RightUpLeg",
      0,
      10,
      [
        0.0,
        0.0,
        0.0
      ],
      [
        -0.5,
        0.5,
        0.5,
        -0.5
      ]
    ],
    "right_leg_knee_pitch_link": [
      "RightLeg",
      0,
      10,
      [
        0.0,
        0.0,
        0.0
      ],
      [
        -0.5,
        0.5,
        0.5,
        -0.5
      ]
    ],
    "right_leg_ankle_roll_link": [
      "RightFootMod",
      50,
      10,
      [
        0.0,
        0.0,
        0.0
      ],
      [
        -0.70710678,
        0.70710678,
        0.0,
        0.0
      ]
    ],
    "torso_link": [
      "Spine2",
      0,
      100,
      [
        0.020043348607003682,
        -5.914743705770275e-17,
        -0.24504953174311828
      ],
      [
        0.49999999999999994,
        0.5000000000000001,
        0.49999999999999994,
        0.5000000000000001
      ]
    ],
    "left_shoulder_roll_link": [
      "LeftArm",
      0,
      100,
      [
        0.04299766312751965,
        -0.24754103781370906,
        -0.061878622081826394
      ],
      [
        -0.4999237154211561,
        -0.4999804833903946,
        0.5000488075410059,
        0.5000469828576436
      ]
    ],
    "left_elbow_pitch_link": [
      "LeftForeArm",
      0,
      10,
      [
        0.0,
        0.0,
        0.0
      ],
      [
        0.70710678,
        0.70710678,
        0.0,
        0.0
      ]
    ],

    "right_shoulder_roll_link": [
      "RightArm",
      0,
      100,
      [
        0.04299759147582471,
        0.24754327855686997,
        -0.06186879161913966
      ],
      [
        -0.4999804833903944,
        -0.49992371542115605,
        0.5000469828576437,
        0.5000488075410059
      ]
    ],
    "right_elbow_pitch_link": [
      "RightForeArm",
      0,
      10,
      [
        0.0,
        0.0,
        0.0
      ],
      [
        0.70710678,
        0.70710678,
        0.0,
        0.0
      ]
    ]

  },
  "ik_match_table2": {
    "base_link": [
      "Hips",
      100,
      5,
      [
        0.0,
        0.0,
        0.0
      ],
      [
        0.5,
        0.5,
        0.5,
        0.5
      ]
    ],
    "left_leg_pelvic_yaw_link": [
      "LeftUpLeg",
      10,
      5,
      [
        0.0,
        0.0,
        0.0
      ],
      [
        -0.5,
        0.5,
        0.5,
        -0.5
      ]
    ],
    "left_leg_knee_pitch_link": [
      "LeftLeg",
      10,
      5,
      [
        0.0,
        0.0,
        0.0
      ],
      [
        -0.5,
        0.5,
        0.5,
        -0.5
      ]
    ],
    "left_leg_ankle_roll_link": [
      "LeftFootMod",
      50,
      10,
      [
        0.0,
        0.0,
        0.0
      ],
      [
        -0.70710678,
        0.70710678,
        0.0,
        0.0
      ]
    ],
    "right_leg_pelvic_yaw_link": [
      "RightUpLeg",
      10,
      5,
      [
        0.0,
        0.0,
        0.0
      ],
      [
        -0.5,
        0.5,
        0.5,
        -0.5
      ]
    ],
    "right_leg_knee_pitch_link": [
      "RightLeg",
      10,
      5,
      [
        0.0,
        0.0,
        0.0
      ],
      [
        -0.5,
        0.5,
        0.5,
        -0.5
      ]
    ],
    "right_leg_ankle_roll_link": [
      "RightFootMod",
      50,
      10,
      [
        0.0,
        0.0,
        0.0
      ],
      [
        -0.70710678,
        0.70710678,
        0.0,
        0.0
      ]
    ],
    "torso_link": [
      "Spine2",
      0,
      10,
      [
        0.020043348607003682,
        -5.914743705770275e-17,
        -0.24504953174311828
      ],
      [
        0.49999999999999994,
        0.5000000000000001,
        0.49999999999999994,
        0.5000000000000001
      ]
    ],
    "left_shoulder_roll_link": [
      "LeftArm",
      5,
      100,
      [
        0.04299766312751965,
        -0.24754103781370906,
        -0.061878622081826394
      ],
      [
        -0.4999237154211561,
        -0.4999804833903946,
        0.5000488075410059,
        0.5000469828576436
      ]
    ],
    "left_elbow_pitch_link": [
      "LeftForeArm",
      10,
      5,
      [
        0.0,
        0.0,
        0.0
      ],
      [
        0.70710678,
        0.70710678,
        0.0,
        0.0
      ]
    ],

    "right_shoulder_roll_link": [
      "RightArm",
      5,
      100,
      [
        0.04299759147582471,
        0.24754327855686997,
        -0.06186879161913966
      ],
      [
        -0.4999804833903944,
        -0.49992371542115605,
        0.5000469828576437,
        0.5000488075410059
      ]
    ],
    "right_elbow_pitch_link": [
      "RightForeArm",
      10,
      5,
      [
        0.0,
        0.0,
        0.0
      ],
      [
        0.70710678,
        0.70710678,
        0.0,
        0.0
      ]
    ]
  
  }
}