{
  "robot_root_name": "base_link",
  "human_root_name": "pelvis",
  "ground_height": 0.0,
  "human_height_assumption": 1.8,
  "use_ik_match_table1": true,
  "use_ik_match_table2": true,
  "human_scale_table": {
    "pelvis": 1.1797801701419326,
    "spine3": 1.1797801701419326,
    "left_hip": 1.3823554602014014,
    "right_hip": 1.3823554602014014,
    "left_knee": 1.0328423617834068,
    "right_knee": 1.0328423617834068,
    "left_foot": 1.0047600211867367,
    "right_foot": 1.0047600211867367,
    "left_shoulder": 0.9584917864167547,
    "right_shoulder": 0.9584917864167547,
    "left_elbow": 0.9350313766893135,
    "right_elbow": 0.9350313766893135,
    "left_wrist": 0.8186710742582758,
    "right_wrist": 0.8186710742582758
  },
  "ik_match_table1": {
    "base_link": [
      "pelvis",
      100,
      10,
      [
        0.0,
        0.0,
        0.0
      ],
      [
        -0.4999999890721525,
        0.5000000109278475,
        0.5000000109278473,
        0.4999999890721523
      ]
    ],
    "left_leg_pelvic_roll_link": [
      "left_hip",
      0,
      10,
      [
        0.027126262889297002,
        0.07092583355319096,
        0.12302547308402723
      ],
      [
        -0.4999999890721525,
        0.5000000109278475,
        0.5000000109278473,
        0.4999999890721523
      ]
    ],
    "left_leg_knee_pitch_link": [
      "left_knee",
      0,
      10,
      [
        0.0058981083223468315,
        0.024986118957664293,
        0.09957293499434883
      ],
      [
        -0.4999999890721525,
        0.5000000109278475,
        0.5000000109278473,
        0.4999999890721523
      ]
    ],
    "left_leg_ankle_roll_link": [
      "left_foot",
      100,
      10,
      [
        -0.08199313282279876,
        0.029371973726629835,
        0.08049329884282486
      ],
      [
        -0.4999999890721525,
        0.5000000109278475,
        0.5000000109278473,
        0.4999999890721523
      ]
    ],
    "right_leg_pelvic_roll_link": [
      "right_hip",
      0,
      10,
      [
        0.018309835988503633,
        -0.0687255139743702,
        0.13657079470740996
      ],
      [
        -0.4999999890721525,
        0.5000000109278475,
        0.5000000109278473,
        0.4999999890721523
      ]
    ],
    "right_leg_knee_pitch_link": [
      "right_knee",
      0,
      10,
      [
        0.006737767851010527,
        -0.03906076823068855,
        0.0934561009148851
      ],
      [
        -0.4999999890721525,
        0.5000000109278475,
        0.5000000109278473,
        0.4999999890721523
      ]
    ],
    "right_leg_ankle_roll_link": [
      "right_foot",
      100,
      10,
      [
        -0.08846417271185206,
        -0.02492618161377312,
        0.08618114432447042
      ],
      [
        -0.4999999890721525,
        0.5000000109278475,
        0.5000000109278473,
        0.4999999890721523
      ]
    ],
    "waist_yaw_link": [
      "spine3",
      0,
      10,
      [
        0.0117643632678295,
        0.00012933838344777752,
        -0.19309385414602787
      ],
      [
        -0.4999999890721525,
        0.5000000109278475,
        0.5000000109278473,
        0.4999999890721523
      ]
    ],
    "left_shoulder_yaw_link": [
      "left_shoulder",
      0,
      10,
      [
        0.027372700094529624,
        0.018524781487392037,
        -0.1715198496638823
      ],
      [
        0.7071067811865476,
        0.0,
        -0.7071067811865469,
        3.090862032983921e-08
      ]
    ],
    "left_elbow_pitch_link": [
      "left_elbow",
      0,
      10,
      [
        0.06593099812698,
        0.0940673163582425,
        -0.016813026920293468
      ],
      [
        0.7071067811865476,
        0.0,
        -0.7071067811865469,
        3.090862032983921e-08
      ]
    ],
    "left_wrist_yaw_link": [
      "left_wrist",
      0,
      10,
      [
        0.05821567152909778,
        0.11548198944553781,
        0.010245643584858199
      ],
      [
        0.7071067811865476,
        0.0,
        -0.7071067811865469,
        3.090862032983921e-08
      ]
    ],
    "right_shoulder_yaw_link": [
      "right_shoulder",
      0,
      10,
      [
        0.02822246357171564,
        -0.019434160130368517,
        -0.17743898379486242
      ],
      [
        3.090862032983921e-08,
        0.7071067811865469,
        0.0,
        0.7071067811865476
      ]
    ],
    "right_elbow_pitch_link": [
      "right_elbow",
      0,
      10,
      [
        0.055495381189370356,
        -0.0688782315502466,
        -0.007286545070129328
      ],
      [
        3.090862032983921e-08,
        0.7071067811865469,
        0.0,
        0.7071067811865476
      ]
    ],
    "right_wrist_yaw_link": [
      "right_wrist",
      0,
      10,
      [
        0.05751497866959098,
        -0.11274375010686465,
        0.015377023821720189
      ],
      [
        3.090862032983921e-08,
        0.7071067811865469,
        0.0,
        0.7071067811865476
      ]
    ]
  },
  "ik_match_table2": {
    "base_link": [
      "pelvis",
      100,
      5,
      [
        0.0,
        0.0,
        0.0
      ],
      [
        -0.4999999890721525,
        0.5000000109278475,
        0.5000000109278473,
        0.4999999890721523
      ]
    ],
    "left_leg_pelvic_roll_link": [
      "left_hip",
      10,
      5,
      [
        0.027126262889297002,
        0.07092583355319096,
        0.12302547308402723
      ],
      [
        -0.4999999890721525,
        0.5000000109278475,
        0.5000000109278473,
        0.4999999890721523
      ]
    ],
    "left_leg_knee_pitch_link": [
      "left_knee",
      10,
      5,
      [
        0.0058981083223468315,
        0.024986118957664293,
        0.09957293499434883
      ],
      [
        -0.4999999890721525,
        0.5000000109278475,
        0.5000000109278473,
        0.4999999890721523
      ]
    ],
    "left_leg_ankle_roll_link": [
      "left_foot",
      100,
      50,
      [
        -0.08199313282279876,
        0.029371973726629835,
        0.08049329884282486
      ],
      [
        -0.4999999890721525,
        0.5000000109278475,
        0.5000000109278473,
        0.4999999890721523
      ]
    ],
    "right_leg_pelvic_roll_link": [
      "right_hip",
      10,
      5,
      [
        0.018309835988503633,
        -0.0687255139743702,
        0.13657079470740996
      ],
      [
        -0.4999999890721525,
        0.5000000109278475,
        0.5000000109278473,
        0.4999999890721523
      ]
    ],
    "right_leg_knee_pitch_link": [
      "right_knee",
      10,
      5,
      [
        0.006737767851010527,
        -0.03906076823068855,
        0.0934561009148851
      ],
      [
        -0.4999999890721525,
        0.5000000109278475,
        0.5000000109278473,
        0.4999999890721523
      ]
    ],
    "right_leg_ankle_roll_link": [
      "right_foot",
      100,
      50,
      [
        -0.08846417271185206,
        -0.02492618161377312,
        0.08618114432447042
      ],
      [
        -0.4999999890721525,
        0.5000000109278475,
        0.5000000109278473,
        0.4999999890721523
      ]
    ],
    "waist_yaw_link": [
      "spine3",
      0,
      10,
      [
        0.0117643632678295,
        0.00012933838344777752,
        -0.19309385414602787
      ],
      [
        -0.4999999890721525,
        0.5000000109278475,
        0.5000000109278473,
        0.4999999890721523
      ]
    ],
    "left_shoulder_yaw_link": [
      "left_shoulder",
      10,
      5,
      [
        0.027372700094529624,
        0.018524781487392037,
        -0.1715198496638823
      ],
      [
        0.7071067811865476,
        0.0,
        -0.7071067811865469,
        3.090862032983921e-08
      ]
    ],