{
  "robot_root_name": "base_link",
  "human_root_name": "pelvis",
  "ground_height": 0.0,
  "human_height_assumption": 1.8,
  "use_ik_match_table1": true,
  "use_ik_match_table2": true,
  "human_scale_table": {
    "pelvis": 1.218345284461975,
    "spine3": 1.218345284461975,
    "left_hip": 1.5574262142181396,
    "right_hip": 1.5574262142181396,
    "left_knee": 1.0847030878067017,
    "right_knee": 1.0847030878067017,
    "left_foot": 1.0623724460601807,
    "right_foot": 1.0623724460601807,
    "left_shoulder": 0.8847841620445251,
    "right_shoulder": 0.8847841620445251,
    "left_elbow": 0.964091956615448,
    "right_elbow": 0.964091956615448,
    "left_wrist": 0.8358017802238464,
    "right_wrist": 0.8358017802238464
  },
  "ik_match_table1": {
    "base_link": [
      "pelvis",
      100,
      10,
      [
        0.0,
        0.0,
        0.0
      ],
      [
        -0.4999999890721525,
        0.5000000109278475,
        0.5000000109278473,
        0.4999999890721523
      ]
    ],
    "left_leg_pelvic_roll_link": [
      "left_hip",
      0,
      10,
      [
        0.033716326575117264,
        0.06486120194549666,
        0.16228962132819902
      ],
      [
        -0.4999999890721525,
        0.5000000109278475,
        0.5000000109278473,
        0.4999999890721523
      ]
    ],
    "left_leg_knee_pitch_link": [
      "left_knee",
      0,
      10,
      [
        0.017139090133987622,
        0.022085547958736268,
        0.14307572724574413
      ],
      [
        -0.4999999890721525,
        0.5000000109278475,
        0.5000000109278473,
        0.4999999890721523
      ]
    ],
    "left_leg_ankle_roll_link": [
      "left_foot",
      100,
      10,
      [
        0.02441273180119197,
        0.02568526400458943,
        0.13221313506124943
      ],
      [
        -0.4999999890721525,
        0.5000000109278475,
        0.5000000109278473,
        0.4999999890721523
      ]
    ],
    "right_leg_pelvic_roll_link": [
      "right_hip",
      0,
      10,
      [
        0.023783327900872536,
        -0.06238222440368509,
        0.17755041385120762
      ],
      [
        -0.4999999890721525,
        0.5000000109278475,
        0.5000000109278473,
        0.4999999890721523
      ]
    ],
    "right_leg_knee_pitch_link": [
      "right_knee",
      0,
      10,
      [
        0.018020910420474913,
        -0.036866920905210196,
        0.13665169671824628
      ],
      [
        -0.4999999890721525,
        0.5000000109278475,
        0.5000000109278473,
        0.4999999890721523
      ]
    ],
    "right_leg_ankle_roll_link": [
      "right_foot",
      100,
      10,
      [
        0.01757064578153232,
        -0.021184566771893794,
        0.13822711870517423
      ],
      [
        -0.4999999890721525,
        0.5000000109278475,
        0.5000000109278473,
        0.4999999890721523
      ]
    ],
    "waist_fixed_link": [
      "spine3",
      0,
      10,
      [
        0.012148921462724635,
        0.00013356415523019065,
        -0.20444764198946075
      ],
      [
        -0.4999999890721525,
        0.5000000109278475,
        0.5000000109278473,
        0.4999999890721523
      ]
    ],
    "left_shoulder_roll_link": [
      "left_shoulder",
      0,
      10,
      [
        0.025267750811783774,
        0.10727649115520495,
        -0.052476067469403545
      ],
      [
        0.7071067811865476,
        0.0,
        -0.7071067811865469,
        3.090862032983921e-08
      ]
    ],
    "left_elbow_pitch_link": [
      "left_elbow",
      0,
      10,
      [
        0.06798012145149455,
        0.14164952512748755,
        -0.014074589123017678
      ],
      [
        0.7071067811865476,
        0.0,
        -0.7071067811865469,
        3.090862032983921e-08
      ]
    ],
    "left_wrist_link": [
      "left_wrist",
      0,
      10,
      [
        0.05943383640291699,
        0.16683771519626636,
        0.012456135044018223
      ],
      [
        0.7071067811865476,
        0.0,
        -0.7071067811865469,
        3.090862032983921e-08
      ]
    ],
    "right_shoulder_roll_link": [
      "right_shoulder",
      0,
      10,
      [
        0.026052167830066243,
        -0.10811593895775755,
        -0.05794002568075515
      ],
      [
        3.090862032983921e-08,
        0.7071067811865469,
        0.0,
        0.7071067811865476
      ]
    ],
    "right_elbow_pitch_link": [
      "right_elbow",
      0,
      10,
      [
        0.05722016745423097,
        -0.11567756818544872,
        -0.004252029277087595
      ],
      [
        3.090862032983921e-08,
        0.7071067811865469,
        0.0,
        0.7071067811865476
      ]
    ],
    "right_wrist_link": [
      "right_wrist",
      0,
      10,
      [
        0.058718481521889736,
        -0.16404217810510457,
        0.017632111173162674
      ],
      [
        3.090862032983921e-08,
        0.7071067811865469,
        0.0,
        0.7071067811865476
      ]
    ]
  },
  "ik_match_table2": {
    "base_link": [
      "pelvis",
      100,
      5,
      [
        0.0,
        0.0,
        0.0
      ],
      [
        -0.4999999890721525,
        0.5000000109278475,
        0.5000000109278473,
        0.4999999890721523
      ]
    ],
    "left_leg_pelvic_roll_link": [
      "left_hip",
      10,
      5,
      [
        0.033716326575117264,
        0.06486120194549666,
        0.16228962132819902
      ],
      [
        -0.4999999890721525,
        0.5000000109278475,
        0.5000000109278473,
        0.4999999890721523
      ]
    ],
    "left_leg_knee_pitch_link": [
      "left_knee",
      10,
      5,
      [
        0.017139090133987622,
        0.022085547958736268,
        0.14307572724574413
      ],
      [
        -0.4999999890721525,
        0.5000000109278475,
        0.5000000109278473,
        0.4999999890721523
      ]
    ],
    "left_leg_ankle_roll_link": [
      "left_foot",
      100,
      50,
      [
        0.02441273180119197,
        0.02568526400458943,
        0.13221313506124943
      ],
      [
        -0.4999999890721525,
        0.5000000109278475,
        0.5000000109278473,
        0.4999999890721523
      ]
    ],
    "right_leg_pelvic_roll_link": [
      "right_hip",
      10,
      5,
      [
        0.023783327900872536,
        -0.06238222440368509,
        0.17755041385120762
      ],
      [
        -0.4999999890721525,
        0.5000000109278475,
        0.5000000109278473,
        0.4999999890721523
      ]
    ],
    "right_leg_knee_pitch_link": [
      "right_knee",
      10,
      5,
      [
        0.018020910420474913,
        -0.036866920905210196,
        0.13665169671824628
      ],
      [
        -0.4999999890721525,
        0.5000000109278475,
        0.5000000109278473,
        0.4999999890721523
      ]
    ],
    "right_leg_ankle_roll_link": [
      "right_foot",
      100,
      50,
      [
        0.01757064578153232,
        -0.021184566771893794,
        0.13822711870517423
      ],
      [
        -0.4999999890721525,
        0.5000000109278475,
        0.5000000109278473,
        0.4999999890721523
      ]
    ],
    "waist_fixed_link": [
      "spine3",
      0,
      10,
      [
        0.012148921462724635,
        0.00013356415523019065,
        -0.20444764198946075
      ],
      [
        -0.4999999890721525,
        0.5000000109278475,
        0.5000000109278473,
        0.4999999890721523
      ]
    ],
    "left_shoulder_roll_link": [
      "left_shoulder",
      10,
      5,
      [
        0.025267750811783774,
        0.10727649115520495,
        -0.052476067469403545
      ],
      [
        0.7071067811865476,
        0.0,
        -0.7071067811865469,
        3.090862032983921e-08
      ]
    ],