{
  "robot_root_name": "pelvis",
  "human_root_name": "pelvis",
  "ground_height": 0.0,
  "human_height_assumption": 1.8,
  "use_ik_match_table1": true,
  "use_ik_match_table2": true,
  "human_scale_table": {
    "pelvis": 1.2107786213059024,
    "spine3": 1.2107786213059024,
    "left_hip": 0.9759035886052144,
    "right_hip": 0.9759035886052144,
    "left_knee": 0.9759035886052144,
    "right_knee": 0.9759035886052144,
    "left_foot": 0.9759035886052144,
    "right_foot": 0.9759035886052144,
    "left_shoulder": 0.8930502813982677,
    "right_shoulder": 0.8930502813982677,
    "left_elbow": 0.8674698924443809,
    "right_elbow": 0.8674698924443809,
    "left_wrist": 0.7954062395785229,
    "right_wrist": 0.7954062395785229
  },
  "ik_match_table1": {
    "pelvis": [
      "pelvis",
      100,
      10,
      [
        0.0,
        0.0,
        0.0
      ],
      [
        0.5,
        -0.5,
        -0.5,
        -0.5
      ]
    ],
    "left_hip_roll_link": [
      "left_hip",
      0,
      10,
      [
        0.0,
        0.0,
        0.0
      ],
      [
        0.4267755048530407,
        -0.5637931078484661,
        -0.5637931078484661,
        -0.4267755048530407
      ]
    ],
    "left_knee_link": [
      "left_knee",
      0,
      10,
      [
        0.0,
        0.0,
        0.0
      ],
      [
        0.5,
        -0.5,
        -0.5,
        -0.5
      ]
    ],
    "left_toe_link": [
      "left_foot",
      100,
      10,
      [
        0.0,
        0.02,
        0.0
      ],
      [
        0.5,
        -0.5,
        -0.5,
        -0.5
      ]
    ],
    "right_hip_roll_link": [
      "right_hip",
      0,
      10,
      [
        0.0,
        0.0,
        0.0
      ],
      [
        0.4267755048530407,
        -0.5637931078484661,
        -0.5637931078484661,
        -0.4267755048530407
      ]
    ],
    "right_knee_link": [
      "right_knee",
      0,
      10,
      [
        0.0,
        0.0,
        0.0
      ],
      [
        0.5,
        -0.5,
        -0.5,
        -0.5
      ]
    ],
    "right_toe_link": [
      "right_foot",
      100,
      10,
      [
        0.0,
        -0.02,
        0.0
      ],
      [
        0.5,
        -0.5,
        -0.5,
        -0.5
      ]
    ],
    "torso_link": [
      "spine3",
      0,
      10,
      [
        0.0,
        0.0,
        0.0
      ],
      [
        0.5,
        -0.5,
        -0.5,
        -0.5
      ]
    ],
    "left_shoulder_yaw_link": [
      "left_shoulder",
      0,
      10,
      [
        0.02550381533621325,
        0.04604084714128499,
        -0.18257912637000193
      ],
      [
        0.7071067811865476,
        0.0,
        -0.7071067811865469,
        3.090862032983921e-08
      ]
    ],
    "left_elbow_link": [
      "left_elbow",
      0,
      10,
      [
        0.0,
        0.0,
        0.0
      ],
      [
        1.0,
        0.0,
        0.0,
        0.0
      ]
    ],
    "left_wrist_yaw_link": [
      "left_wrist",
      0,
      10,
      [
        0.05656130994667307,
        0.12417948617757878,
        -0.00497907197905585
      ],
      [
        0.7071067811865476,
        0.0,
        -0.7071067811865469,
        3.090862032983921e-08
      ]
    ],
    "right_shoulder_yaw_link": [
      "right_shoulder",
      0,
      10,
      [
        0.026295560787950464,
        -0.04688813750361952,
        -0.1880941286644582
      ],
      [
        3.090862032983921e-08,
        0.7071067811865469,
        0.0,
        0.7071067811865476
      ]
    ],
    "right_elbow_link": [
      "right_elbow",
      0,
      10,
      [
        0.0,
        0.0,
        0.0
      ],
      [
        0.0,
        0.0,
        0.0,
        -1.0
      ]
    ],
    "right_wrist_yaw_link": [
      "right_wrist",
      0,
      10,
      [
        0.05588052923998354,
        -0.12151906159330668,
        9.173970678026461e-05
      ],
      [
        3.090862032983921e-08,
        0.7071067811865469,
        0.0,
        0.7071067811865476
      ]
    ]
  },
  "ik_match_table2": {
    "pelvis": [
      "pelvis",
      100,
      5,
      [
        0.0,
        0.0,
        0.0
      ],
      [
        0.5,
        -0.5,
        -0.5,
        -0.5
      ]
    ],
    "left_hip_roll_link": [
      "left_hip",
      10,
      5,
      [
        0.0,
        0.0,
        0.0
      ],
      [
        0.4267755048530407,
        -0.5637931078484661,
        -0.5637931078484661,
        -0.4267755048530407
      ]
    ],
    "left_knee_link": [
      "left_knee",
      10,
      5,
      [
        0.0,
        0.0,
        0.0
      ],
      [
        0.5,
        -0.5,
        -0.5,
        -0.5
      ]
    ],
    "left_toe_link": [
      "left_foot",
      100,
      50,
      [
        0.0,
        0.0,
        0.0
      ],
      [
        -0.5,
        0.5,
        0.5,
        0.5
      ]
    ],
    "right_hip_roll_link": [
      "right_hip",
      10,
      5,
      [
        0.0,
        0.0,
        0.0
      ],
      [
        0.4267755048530407,
        -0.5637931078484661,
        -0.5637931078484661,
        -0.4267755048530407
      ]
    ],
    "right_knee_link": [
      "right_knee",
      10,
      5,
      [
        0.0,
        0.0,
        0.0
      ],
      [
        0.5,
        -0.5,
        -0.5,
        -0.5
      ]
    ],
    "right_toe_link": [
      "right_foot",
      100,
      50,
      [
        0.0,
        0.0,
        0.0
      ],
      [
        -0.5,
        0.5,
        0.5,
        0.5
      ]
    ],
    "torso_link": [
      "spine3",
      0,
      10,
      [
        0.0,
        0.0,
        0.0
      ],
      [
        0.5,
        -0.5,
        -0.5,
        -0.5
      ]
    ],
    "left_shoulder_yaw_link": [
      "left_shoulder",
      10,
      5,
      [
        0.02550381533621325,
        0.04604084714128499,
        -0.18257912637000193
      ],
      [
        0.7071067811865476,
        0.0,
        -0.7071067811865469,
        3.090862032983921e-08
      ]
    ],
    "left_elbow_link": [
      "left_elbow",
      10,
      5,
      [
        0.0,
        0.0,
        0.0
      ],
      [
        1.0,
        0.0,
        0.0,
        0.0
      ]
    ],
    "left_wrist_yaw_link": [
      "left_wrist",
      10,
      5,
      [
        0.05656130994667307,
        0.12417948617757878,
        -0.00497907197905585
      ],
      [
        0.7071067811865476,
        0.0,
        -0.7071067811865469,
        3.090862032983921e-08
      ]
    ],
    "right_shoulder_yaw_link": [
      "right_shoulder",
      10,
      5,
      [
        0.026295560787950464,
        -0.04688813750361952,
        -0.1880941286644582
      ],
      [
        3.090862032983921e-08,
        0.7071067811865469,
        0.0,
        0.7071067811865476
      ]
    ],
    "right_elbow_link": [
      "right_elbow",
      10,
      5,
      [
        0.0,
        0.0,
        0.0
      ],
      [
        0.0,
        0.0,
        0.0,
        -1.0
      ]
    ],
    "right_wrist_yaw_link": [
      "right_wrist",
      10,
      5,
      [
        0.05588052923998354,
        -0.12151906159330668,
        9.173970678026461e-05
      ],
      [
        3.090862032983921e-08,
        0.7071067811865469,
        0.0,
        0.7071067811865476
      ]
    ]
  }
}